"0__32_4",76,16,"SQ_LDS_BANK_CONFLICT",1920.000000
"0__32_4",76,16,"SQ_LDS_UNALIGNED_STALL",0.00000000e+00
"0__32_4_512_4",68,16,"SQ_LDS_BANK_CONFLICT",128.000000
"0__32_4_512_4",68,16,"SQ_LDS_UNALIGNED_STALL",0.00000000e+00
"0__32_4_512_8",68,16,"SQ_LDS_BANK_CONFLICT",384.000000
"0__32_4_512_8",68,16,"SQ_LDS_UNALIGNED_STALL",0.00000000e+00
"0__32_4_512_16",68,16,"SQ_LDS_BANK_CONFLICT",896.000000
"0__32_4_512_16",68,16,"SQ_LDS_UNALIGNED_STALL",0.00000000e+00
"0__32_8",76,16,"SQ_LDS_BANK_CONFLICT",4096.000000
"0__32_8",76,16,"SQ_LDS_UNALIGNED_STALL",0.00000000e+00
"0__32_8_256_4",68,16,"SQ_LDS_BANK_CONFLICT",128.000000
"0__32_8_256_4",68,16,"SQ_LDS_UNALIGNED_STALL",0.00000000e+00
"0__32_8_256_8",68,16,"SQ_LDS_BANK_CONFLICT",512.000000
"0__32_8_256_8",68,16,"SQ_LDS_UNALIGNED_STALL",0.00000000e+00
"0__32_8_256_16",68,16,"SQ_LDS_BANK_CONFLICT",1024.000000
"0__32_8_256_16",68,16,"SQ_LDS_UNALIGNED_STALL",0.00000000e+00
"0__32_16",76,16,"SQ_LDS_BANK_CONFLICT",4352.000000
"0__32_16",76,16,"SQ_LDS_UNALIGNED_STALL",0.00000000e+00
"0__32_16_128_4",68,16,"SQ_LDS_BANK_CONFLICT",384.000000
"0__32_16_128_4",68,16,"SQ_LDS_UNALIGNED_STALL",0.00000000e+00
"0__32_16_128_8",68,16,"SQ_LDS_BANK_CONFLICT",1024.000000
"0__32_16_128_8",68,16,"SQ_LDS_UNALIGNED_STALL",0.00000000e+00
"0__32_16_128_16",68,16,"SQ_LDS_BANK_CONFLICT",2304.000000
"0__32_16_128_16",68,16,"SQ_LDS_UNALIGNED_STALL",0.00000000e+00
"0__256_4",76,16,"SQ_LDS_BANK_CONFLICT",512.000000
"0__256_4",76,16,"SQ_LDS_UNALIGNED_STALL",0.00000000e+00
"0__256_4_4096_4",76,16,"SQ_LDS_BANK_CONFLICT",512.000000
"0__256_4_4096_4",76,16,"SQ_LDS_UNALIGNED_STALL",0.00000000e+00
"0__256_4_4096_8",76,16,"SQ_LDS_BANK_CONFLICT",512.000000
"0__256_4_4096_8",76,16,"SQ_LDS_UNALIGNED_STALL",0.00000000e+00
"0__256_4_4096_16",76,16,"SQ_LDS_BANK_CONFLICT",512.000000
"0__256_4_4096_16",76,16,"SQ_LDS_UNALIGNED_STALL",0.00000000e+00
"0__256_8",76,16,"SQ_LDS_BANK_CONFLICT",768.000000
"0__256_8",76,16,"SQ_LDS_UNALIGNED_STALL",0.00000000e+00
"0__256_8_2048_4",76,16,"SQ_LDS_BANK_CONFLICT",512.000000
"0__256_8_2048_4",76,16,"SQ_LDS_UNALIGNED_STALL",0.00000000e+00
"0__256_8_2048_8",76,16,"SQ_LDS_BANK_CONFLICT",768.000000
"0__256_8_2048_8",76,16,"SQ_LDS_UNALIGNED_STALL",0.00000000e+00
"0__256_8_2048_16",76,16,"SQ_LDS_BANK_CONFLICT",768.000000
"0__256_8_2048_16",76,16,"SQ_LDS_UNALIGNED_STALL",0.00000000e+00
"0__256_16",76,16,"SQ_LDS_BANK_CONFLICT",1280.000000
"0__256_16",76,16,"SQ_LDS_UNALIGNED_STALL",0.00000000e+00
"0__256_16_1024_4",76,16,"SQ_LDS_BANK_CONFLICT",512.000000
"0__256_16_1024_4",76,16,"SQ_LDS_UNALIGNED_STALL",0.00000000e+00
"0__256_16_1024_8",76,16,"SQ_LDS_BANK_CONFLICT",768.000000
"0__256_16_1024_8",76,16,"SQ_LDS_UNALIGNED_STALL",0.00000000e+00
"0__256_16_1024_16",76,16,"SQ_LDS_BANK_CONFLICT",1280.000000
"0__256_16_1024_16",76,16,"SQ_LDS_UNALIGNED_STALL",0.00000000e+00
"0__64_4",76,16,"SQ_LDS_BANK_CONFLICT",896.000000
"0__64_4",76,16,"SQ_LDS_UNALIGNED_STALL",0.00000000e+00
"0__64_4_1024_4",76,16,"SQ_LDS_BANK_CONFLICT",128.000000
"0__64_4_1024_4",76,16,"SQ_LDS_UNALIGNED_STALL",0.00000000e+00
"0__64_4_1024_8",76,16,"SQ_LDS_BANK_CONFLICT",384.000000
"0__64_4_1024_8",76,16,"SQ_LDS_UNALIGNED_STALL",0.00000000e+00
"0__64_4_1024_16",76,16,"SQ_LDS_BANK_CONFLICT",896.000000
"0__64_4_1024_16",76,16,"SQ_LDS_UNALIGNED_STALL",0.00000000e+00
"0__64_8",76,16,"SQ_LDS_BANK_CONFLICT",2048.000000
"0__64_8",76,16,"SQ_LDS_UNALIGNED_STALL",0.00000000e+00
"0__64_8_512_4",68,16,"SQ_LDS_BANK_CONFLICT",256.000000
"0__64_8_512_4",68,16,"SQ_LDS_UNALIGNED_STALL",0.00000000e+00
"0__64_8_512_8",68,16,"SQ_LDS_BANK_CONFLICT",512.000000
"0__64_8_512_8",68,16,"SQ_LDS_UNALIGNED_STALL",0.00000000e+00
"0__64_8_512_16",68,16,"SQ_LDS_BANK_CONFLICT",1024.000000
"0__64_8_512_16",68,16,"SQ_LDS_UNALIGNED_STALL",0.00000000e+00
"0__64_16",76,16,"SQ_LDS_BANK_CONFLICT",4352.000000
"0__64_16",76,16,"SQ_LDS_UNALIGNED_STALL",0.00000000e+00
"0__64_16_256_4",68,16,"SQ_LDS_BANK_CONFLICT",256.000000
"0__64_16_256_4",68,16,"SQ_LDS_UNALIGNED_STALL",0.00000000e+00
"0__64_16_256_8",68,16,"SQ_LDS_BANK_CONFLICT",512.000000
"0__64_16_256_8",68,16,"SQ_LDS_UNALIGNED_STALL",0.00000000e+00
"0__64_16_256_16",68,16,"SQ_LDS_BANK_CONFLICT",1280.000000
"0__64_16_256_16",68,16,"SQ_LDS_UNALIGNED_STALL",0.00000000e+00
"0__128_4",76,16,"SQ_LDS_BANK_CONFLICT",512.000000
"0__128_4",76,16,"SQ_LDS_UNALIGNED_STALL",0.00000000e+00
"0__128_4_2048_4",76,16,"SQ_LDS_BANK_CONFLICT",256.000000
"0__128_4_2048_4",76,16,"SQ_LDS_UNALIGNED_STALL",0.00000000e+00
"0__128_4_2048_8",76,16,"SQ_LDS_BANK_CONFLICT",512.000000
"0__128_4_2048_8",76,16,"SQ_LDS_UNALIGNED_STALL",0.00000000e+00
"0__128_4_2048_16",76,16,"SQ_LDS_BANK_CONFLICT",512.000000
"0__128_4_2048_16",76,16,"SQ_LDS_UNALIGNED_STALL",0.00000000e+00
"0__128_8",76,16,"SQ_LDS_BANK_CONFLICT",1024.000000
"0__128_8",76,16,"SQ_LDS_UNALIGNED_STALL",0.00000000e+00
"0__128_8_1024_4",76,16,"SQ_LDS_BANK_CONFLICT",256.000000
"0__128_8_1024_4",76,16,"SQ_LDS_UNALIGNED_STALL",0.00000000e+00
"0__128_8_1024_8",76,16,"SQ_LDS_BANK_CONFLICT",512.000000
"0__128_8_1024_8",76,16,"SQ_LDS_UNALIGNED_STALL",0.00000000e+00
"0__128_8_1024_16",76,16,"SQ_LDS_BANK_CONFLICT",1024.000000
"0__128_8_1024_16",76,16,"SQ_LDS_UNALIGNED_STALL",0.00000000e+00
"0__128_16",76,16,"SQ_LDS_BANK_CONFLICT",2304.000000
"0__128_16",76,16,"SQ_LDS_UNALIGNED_STALL",0.00000000e+00
"0__128_16_512_4",68,16,"SQ_LDS_BANK_CONFLICT",512.000000
"0__128_16_512_4",68,16,"SQ_LDS_UNALIGNED_STALL",0.00000000e+00
"0__128_16_512_8",68,16,"SQ_LDS_BANK_CONFLICT",768.000000
"0__128_16_512_8",68,16,"SQ_LDS_UNALIGNED_STALL",0.00000000e+00
"0__128_16_512_16",68,16,"SQ_LDS_BANK_CONFLICT",1280.000000
"0__128_16_512_16",68,16,"SQ_LDS_UNALIGNED_STALL",0.00000000e+00
"1__32_4",76,16,"SQ_LDS_BANK_CONFLICT",1920.000000
"1__32_4",76,16,"SQ_LDS_UNALIGNED_STALL",0.00000000e+00
"1__32_4_512_4",76,16,"SQ_LDS_BANK_CONFLICT",128.000000
"1__32_4_512_4",76,16,"SQ_LDS_UNALIGNED_STALL",0.00000000e+00
"1__32_4_512_8",76,16,"SQ_LDS_BANK_CONFLICT",384.000000
"1__32_4_512_8",76,16,"SQ_LDS_UNALIGNED_STALL",0.00000000e+00
"1__32_4_512_16",76,16,"SQ_LDS_BANK_CONFLICT",896.000000
"1__32_4_512_16",76,16,"SQ_LDS_UNALIGNED_STALL",0.00000000e+00
"1__32_8",76,16,"SQ_LDS_BANK_CONFLICT",4096.000000
"1__32_8",76,16,"SQ_LDS_UNALIGNED_STALL",0.00000000e+00
"1__32_8_256_4",68,16,"SQ_LDS_BANK_CONFLICT",128.000000
"1__32_8_256_4",68,16,"SQ_LDS_UNALIGNED_STALL",0.00000000e+00
"1__32_8_256_8",68,16,"SQ_LDS_BANK_CONFLICT",512.000000
"1__32_8_256_8",68,16,"SQ_LDS_UNALIGNED_STALL",0.00000000e+00
"1__32_8_256_16",68,16,"SQ_LDS_BANK_CONFLICT",1024.000000
"1__32_8_256_16",68,16,"SQ_LDS_UNALIGNED_STALL",0.00000000e+00
"1__32_16",76,16,"SQ_LDS_BANK_CONFLICT",4352.000000
"1__32_16",76,16,"SQ_LDS_UNALIGNED_STALL",0.00000000e+00
"1__32_16_128_4",68,16,"SQ_LDS_BANK_CONFLICT",384.000000
"1__32_16_128_4",68,16,"SQ_LDS_UNALIGNED_STALL",0.00000000e+00
"1__32_16_128_8",68,16,"SQ_LDS_BANK_CONFLICT",1024.000000
"1__32_16_128_8",68,16,"SQ_LDS_UNALIGNED_STALL",0.00000000e+00
"1__32_16_128_16",68,16,"SQ_LDS_BANK_CONFLICT",2304.000000
"1__32_16_128_16",68,16,"SQ_LDS_UNALIGNED_STALL",0.00000000e+00
"1__256_4",72,16,"SQ_LDS_BANK_CONFLICT",512.000000
"1__256_4",72,16,"SQ_LDS_UNALIGNED_STALL",0.00000000e+00
"1__256_4_4096_4",72,16,"SQ_LDS_BANK_CONFLICT",512.000000
"1__256_4_4096_4",72,16,"SQ_LDS_UNALIGNED_STALL",0.00000000e+00
"1__256_4_4096_8",72,16,"SQ_LDS_BANK_CONFLICT",512.000000
"1__256_4_4096_8",72,16,"SQ_LDS_UNALIGNED_STALL",0.00000000e+00
"1__256_4_4096_16",72,16,"SQ_LDS_BANK_CONFLICT",512.000000
"1__256_4_4096_16",72,16,"SQ_LDS_UNALIGNED_STALL",0.00000000e+00
"1__256_8",72,16,"SQ_LDS_BANK_CONFLICT",768.000000
"1__256_8",72,16,"SQ_LDS_UNALIGNED_STALL",0.00000000e+00
"1__256_8_2048_4",72,16,"SQ_LDS_BANK_CONFLICT",512.000000
"1__256_8_2048_4",72,16,"SQ_LDS_UNALIGNED_STALL",0.00000000e+00
"1__256_8_2048_8",72,16,"SQ_LDS_BANK_CONFLICT",768.000000
"1__256_8_2048_8",72,16,"SQ_LDS_UNALIGNED_STALL",0.00000000e+00
"1__256_8_2048_16",72,16,"SQ_LDS_BANK_CONFLICT",768.000000
"1__256_8_2048_16",72,16,"SQ_LDS_UNALIGNED_STALL",0.00000000e+00
"1__256_16",72,16,"SQ_LDS_BANK_CONFLICT",1280.000000
"1__256_16",72,16,"SQ_LDS_UNALIGNED_STALL",0.00000000e+00
"1__256_16_1024_4",72,16,"SQ_LDS_BANK_CONFLICT",512.000000
"1__256_16_1024_4",72,16,"SQ_LDS_UNALIGNED_STALL",0.00000000e+00
"1__256_16_1024_8",72,16,"SQ_LDS_BANK_CONFLICT",768.000000
"1__256_16_1024_8",72,16,"SQ_LDS_UNALIGNED_STALL",0.00000000e+00
"1__256_16_1024_16",72,16,"SQ_LDS_BANK_CONFLICT",1280.000000
"1__256_16_1024_16",72,16,"SQ_LDS_UNALIGNED_STALL",0.00000000e+00
"1__64_4",72,16,"SQ_LDS_BANK_CONFLICT",896.000000
"1__64_4",72,16,"SQ_LDS_UNALIGNED_STALL",0.00000000e+00
"1__64_4_1024_4",72,16,"SQ_LDS_BANK_CONFLICT",128.000000
"1__64_4_1024_4",72,16,"SQ_LDS_UNALIGNED_STALL",0.00000000e+00
"1__64_4_1024_8",72,16,"SQ_LDS_BANK_CONFLICT",384.000000
"1__64_4_1024_8",72,16,"SQ_LDS_UNALIGNED_STALL",0.00000000e+00
"1__64_4_1024_16",72,16,"SQ_LDS_BANK_CONFLICT",896.000000
"1__64_4_1024_16",72,16,"SQ_LDS_UNALIGNED_STALL",0.00000000e+00
"1__64_8",72,16,"SQ_LDS_BANK_CONFLICT",2048.000000
"1__64_8",72,16,"SQ_LDS_UNALIGNED_STALL",0.00000000e+00
"1__64_8_512_4",72,16,"SQ_LDS_BANK_CONFLICT",256.000000
"1__64_8_512_4",72,16,"SQ_LDS_UNALIGNED_STALL",0.00000000e+00
"1__64_8_512_8",72,16,"SQ_LDS_BANK_CONFLICT",512.000000
"1__64_8_512_8",72,16,"SQ_LDS_UNALIGNED_STALL",0.00000000e+00
"1__64_8_512_16",72,16,"SQ_LDS_BANK_CONFLICT",1024.000000
"1__64_8_512_16",72,16,"SQ_LDS_UNALIGNED_STALL",0.00000000e+00
"1__64_16",72,16,"SQ_LDS_BANK_CONFLICT",4352.000000
"1__64_16",72,16,"SQ_LDS_UNALIGNED_STALL",0.00000000e+00
"1__64_16_256_4",68,16,"SQ_LDS_BANK_CONFLICT",256.000000
"1__64_16_256_4",68,16,"SQ_LDS_UNALIGNED_STALL",0.00000000e+00
"1__64_16_256_8",68,16,"SQ_LDS_BANK_CONFLICT",512.000000
"1__64_16_256_8",68,16,"SQ_LDS_UNALIGNED_STALL",0.00000000e+00
"1__64_16_256_16",68,16,"SQ_LDS_BANK_CONFLICT",1280.000000
"1__64_16_256_16",68,16,"SQ_LDS_UNALIGNED_STALL",0.00000000e+00
"1__128_4",72,16,"SQ_LDS_BANK_CONFLICT",512.000000
"1__128_4",72,16,"SQ_LDS_UNALIGNED_STALL",0.00000000e+00
"1__128_4_2048_4",72,16,"SQ_LDS_BANK_CONFLICT",256.000000
"1__128_4_2048_4",72,16,"SQ_LDS_UNALIGNED_STALL",0.00000000e+00
"1__128_4_2048_8",72,16,"SQ_LDS_BANK_CONFLICT",512.000000
"1__128_4_2048_8",72,16,"SQ_LDS_UNALIGNED_STALL",0.00000000e+00
"1__128_4_2048_16",72,16,"SQ_LDS_BANK_CONFLICT",512.000000
"1__128_4_2048_16",72,16,"SQ_LDS_UNALIGNED_STALL",0.00000000e+00
"1__128_8",72,16,"SQ_LDS_BANK_CONFLICT",1024.000000
"1__128_8",72,16,"SQ_LDS_UNALIGNED_STALL",0.00000000e+00
"1__128_8_1024_4",72,16,"SQ_LDS_BANK_CONFLICT",256.000000
"1__128_8_1024_4",72,16,"SQ_LDS_UNALIGNED_STALL",0.00000000e+00
"1__128_8_1024_8",72,16,"SQ_LDS_BANK_CONFLICT",512.000000
"1__128_8_1024_8",72,16,"SQ_LDS_UNALIGNED_STALL",0.00000000e+00
"1__128_8_1024_16",72,16,"SQ_LDS_BANK_CONFLICT",1024.000000
"1__128_8_1024_16",72,16,"SQ_LDS_UNALIGNED_STALL",0.00000000e+00
"1__128_16",72,16,"SQ_LDS_BANK_CONFLICT",2304.000000
"1__128_16",72,16,"SQ_LDS_UNALIGNED_STALL",0.00000000e+00
"1__128_16_512_4",72,16,"SQ_LDS_BANK_CONFLICT",512.000000
"1__128_16_512_4",72,16,"SQ_LDS_UNALIGNED_STALL",0.00000000e+00
"1__128_16_512_8",72,16,"SQ_LDS_BANK_CONFLICT",768.000000
"1__128_16_512_8",72,16,"SQ_LDS_UNALIGNED_STALL",0.00000000e+00
"1__128_16_512_16",72,16,"SQ_LDS_BANK_CONFLICT",1280.000000
"1__128_16_512_16",72,16,"SQ_LDS_UNALIGNED_STALL",0.00000000e+00
"2__32_4",80,16,"SQ_LDS_BANK_CONFLICT",896.000000
"2__32_4",80,16,"SQ_LDS_UNALIGNED_STALL",0.00000000e+00
"2__32_4_512_4",80,16,"SQ_LDS_BANK_CONFLICT",0.00000000e+00
"2__32_4_512_4",80,16,"SQ_LDS_UNALIGNED_STALL",0.00000000e+00
"2__32_4_512_8",80,16,"SQ_LDS_BANK_CONFLICT",128.000000
"2__32_4_512_8",80,16,"SQ_LDS_UNALIGNED_STALL",0.00000000e+00
"2__32_4_512_16",80,16,"SQ_LDS_BANK_CONFLICT",384.000000
"2__32_4_512_16",80,16,"SQ_LDS_UNALIGNED_STALL",0.00000000e+00
"2__32_8",84,16,"SQ_LDS_BANK_CONFLICT",2048.000000
"2__32_8",84,16,"SQ_LDS_UNALIGNED_STALL",0.00000000e+00
"2__32_8_256_4",80,16,"SQ_LDS_BANK_CONFLICT",0.00000000e+00
"2__32_8_256_4",80,16,"SQ_LDS_UNALIGNED_STALL",0.00000000e+00
"2__32_8_256_8",80,16,"SQ_LDS_BANK_CONFLICT",256.000000
"2__32_8_256_8",80,16,"SQ_LDS_UNALIGNED_STALL",0.00000000e+00
"2__32_8_256_16",80,16,"SQ_LDS_BANK_CONFLICT",512.000000
"2__32_8_256_16",80,16,"SQ_LDS_UNALIGNED_STALL",0.00000000e+00
"2__32_16",80,16,"SQ_LDS_BANK_CONFLICT",2304.000000
"2__32_16",80,16,"SQ_LDS_UNALIGNED_STALL",0.00000000e+00
"2__32_16_128_4",80,16,"SQ_LDS_BANK_CONFLICT",128.000000
"2__32_16_128_4",80,16,"SQ_LDS_UNALIGNED_STALL",0.00000000e+00
"2__32_16_128_8",80,16,"SQ_LDS_BANK_CONFLICT",512.000000
"2__32_16_128_8",80,16,"SQ_LDS_UNALIGNED_STALL",0.00000000e+00
"2__32_16_128_16",80,16,"SQ_LDS_BANK_CONFLICT",1280.000000
"2__32_16_128_16",80,16,"SQ_LDS_UNALIGNED_STALL",0.00000000e+00
"2__256_4",76,16,"SQ_LDS_BANK_CONFLICT",384.000000
"2__256_4",76,16,"SQ_LDS_UNALIGNED_STALL",0.00000000e+00
"2__256_4_4096_4",76,16,"SQ_LDS_BANK_CONFLICT",384.000000
"2__256_4_4096_4",76,16,"SQ_LDS_UNALIGNED_STALL",0.00000000e+00
"2__256_4_4096_8",76,16,"SQ_LDS_BANK_CONFLICT",384.000000
"2__256_4_4096_8",76,16,"SQ_LDS_UNALIGNED_STALL",0.00000000e+00
"2__256_4_4096_16",76,16,"SQ_LDS_BANK_CONFLICT",384.000000
"2__256_4_4096_16",76,16,"SQ_LDS_UNALIGNED_STALL",0.00000000e+00
"2__256_8",76,16,"SQ_LDS_BANK_CONFLICT",512.000000
"2__256_8",76,16,"SQ_LDS_UNALIGNED_STALL",0.00000000e+00
"2__256_8_2048_4",76,16,"SQ_LDS_BANK_CONFLICT",384.000000
"2__256_8_2048_4",76,16,"SQ_LDS_UNALIGNED_STALL",0.00000000e+00
"2__256_8_2048_8",76,16,"SQ_LDS_BANK_CONFLICT",512.000000
"2__256_8_2048_8",76,16,"SQ_LDS_UNALIGNED_STALL",0.00000000e+00
"2__256_8_2048_16",76,16,"SQ_LDS_BANK_CONFLICT",512.000000
"2__256_8_2048_16",76,16,"SQ_LDS_UNALIGNED_STALL",0.00000000e+00
"2__256_16",76,16,"SQ_LDS_BANK_CONFLICT",768.000000
"2__256_16",76,16,"SQ_LDS_UNALIGNED_STALL",0.00000000e+00
"2__256_16_1024_4",76,16,"SQ_LDS_BANK_CONFLICT",384.000000
"2__256_16_1024_4",76,16,"SQ_LDS_UNALIGNED_STALL",0.00000000e+00
"2__256_16_1024_8",76,16,"SQ_LDS_BANK_CONFLICT",512.000000
"2__256_16_1024_8",76,16,"SQ_LDS_UNALIGNED_STALL",0.00000000e+00
"2__256_16_1024_16",76,16,"SQ_LDS_BANK_CONFLICT",768.000000
"2__256_16_1024_16",76,16,"SQ_LDS_UNALIGNED_STALL",0.00000000e+00
"2__64_4",80,16,"SQ_LDS_BANK_CONFLICT",384.000000
"2__64_4",80,16,"SQ_LDS_UNALIGNED_STALL",0.00000000e+00
"2__64_4_1024_4",80,16,"SQ_LDS_BANK_CONFLICT",0.00000000e+00
"2__64_4_1024_4",80,16,"SQ_LDS_UNALIGNED_STALL",0.00000000e+00
"2__64_4_1024_8",80,16,"SQ_LDS_BANK_CONFLICT",128.000000
"2__64_4_1024_8",80,16,"SQ_LDS_UNALIGNED_STALL",0.00000000e+00
"2__64_4_1024_16",80,16,"SQ_LDS_BANK_CONFLICT",384.000000
"2__64_4_1024_16",80,16,"SQ_LDS_UNALIGNED_STALL",0.00000000e+00
"2__64_8",80,16,"SQ_LDS_BANK_CONFLICT",1024.000000
"2__64_8",80,16,"SQ_LDS_UNALIGNED_STALL",0.00000000e+00
"2__64_8_512_4",80,16,"SQ_LDS_BANK_CONFLICT",128.000000
"2__64_8_512_4",80,16,"SQ_LDS_UNALIGNED_STALL",0.00000000e+00
"2__64_8_512_8",80,16,"SQ_LDS_BANK_CONFLICT",256.000000
"2__64_8_512_8",80,16,"SQ_LDS_UNALIGNED_STALL",0.00000000e+00
"2__64_8_512_16",80,16,"SQ_LDS_BANK_CONFLICT",512.000000
"2__64_8_512_16",80,16,"SQ_LDS_UNALIGNED_STALL",0.00000000e+00
"2__64_16",80,16,"SQ_LDS_BANK_CONFLICT",2304.000000
"2__64_16",80,16,"SQ_LDS_UNALIGNED_STALL",0.00000000e+00
"2__64_16_256_4",80,16,"SQ_LDS_BANK_CONFLICT",128.000000
"2__64_16_256_4",80,16,"SQ_LDS_UNALIGNED_STALL",0.00000000e+00
"2__64_16_256_8",80,16,"SQ_LDS_BANK_CONFLICT",256.000000
"2__64_16_256_8",80,16,"SQ_LDS_UNALIGNED_STALL",0.00000000e+00
"2__64_16_256_16",80,16,"SQ_LDS_BANK_CONFLICT",768.000000
"2__64_16_256_16",80,16,"SQ_LDS_UNALIGNED_STALL",0.00000000e+00
"2__128_4",80,16,"SQ_LDS_BANK_CONFLICT",256.000000
"2__128_4",80,16,"SQ_LDS_UNALIGNED_STALL",0.00000000e+00
"2__128_4_2048_4",80,16,"SQ_LDS_BANK_CONFLICT",128.000000
"2__128_4_2048_4",80,16,"SQ_LDS_UNALIGNED_STALL",0.00000000e+00
"2__128_4_2048_8",80,16,"SQ_LDS_BANK_CONFLICT",256.000000
"2__128_4_2048_8",80,16,"SQ_LDS_UNALIGNED_STALL",0.00000000e+00
"2__128_4_2048_16",80,16,"SQ_LDS_BANK_CONFLICT",256.000000
"2__128_4_2048_16",80,16,"SQ_LDS_UNALIGNED_STALL",0.00000000e+00
"2__128_8",80,16,"SQ_LDS_BANK_CONFLICT",512.000000
"2__128_8",80,16,"SQ_LDS_UNALIGNED_STALL",0.00000000e+00
"2__128_8_1024_4",80,16,"SQ_LDS_BANK_CONFLICT",128.000000
"2__128_8_1024_4",80,16,"SQ_LDS_UNALIGNED_STALL",0.00000000e+00
"2__128_8_1024_8",80,16,"SQ_LDS_BANK_CONFLICT",256.000000
"2__128_8_1024_8",80,16,"SQ_LDS_UNALIGNED_STALL",0.00000000e+00
"2__128_8_1024_16",80,16,"SQ_LDS_BANK_CONFLICT",512.000000
"2__128_8_1024_16",80,16,"SQ_LDS_UNALIGNED_STALL",0.00000000e+00
"2__128_16",80,16,"SQ_LDS_BANK_CONFLICT",1280.000000
"2__128_16",80,16,"SQ_LDS_UNALIGNED_STALL",0.00000000e+00
"2__128_16_512_4",80,16,"SQ_LDS_BANK_CONFLICT",384.000000
"2__128_16_512_4",80,16,"SQ_LDS_UNALIGNED_STALL",0.00000000e+00
"2__128_16_512_8",80,16,"SQ_LDS_BANK_CONFLICT",512.000000
"2__128_16_512_8",80,16,"SQ_LDS_UNALIGNED_STALL",0.00000000e+00
"2__128_16_512_16",80,16,"SQ_LDS_BANK_CONFLICT",768.000000
"2__128_16_512_16",80,16,"SQ_LDS_UNALIGNED_STALL",0.00000000e+00
"3__32_4",76,16,"SQ_LDS_BANK_CONFLICT",896.000000
"3__32_4",76,16,"SQ_LDS_UNALIGNED_STALL",0.00000000e+00
"3__32_4_512_4",76,16,"SQ_LDS_BANK_CONFLICT",0.00000000e+00
"3__32_4_512_4",76,16,"SQ_LDS_UNALIGNED_STALL",0.00000000e+00
"3__32_4_512_8",76,16,"SQ_LDS_BANK_CONFLICT",128.000000
"3__32_4_512_8",76,16,"SQ_LDS_UNALIGNED_STALL",0.00000000e+00
"3__32_4_512_16",76,16,"SQ_LDS_BANK_CONFLICT",384.000000
"3__32_4_512_16",76,16,"SQ_LDS_UNALIGNED_STALL",0.00000000e+00
"3__32_8",76,16,"SQ_LDS_BANK_CONFLICT",2048.000000
"3__32_8",76,16,"SQ_LDS_UNALIGNED_STALL",0.00000000e+00
"3__32_8_256_4",68,16,"SQ_LDS_BANK_CONFLICT",0.00000000e+00
"3__32_8_256_4",68,16,"SQ_LDS_UNALIGNED_STALL",0.00000000e+00
"3__32_8_256_8",68,16,"SQ_LDS_BANK_CONFLICT",256.000000
"3__32_8_256_8",68,16,"SQ_LDS_UNALIGNED_STALL",0.00000000e+00
"3__32_8_256_16",68,16,"SQ_LDS_BANK_CONFLICT",512.000000
"3__32_8_256_16",68,16,"SQ_LDS_UNALIGNED_STALL",0.00000000e+00
"3__32_16",76,16,"SQ_LDS_BANK_CONFLICT",2304.000000
"3__32_16",76,16,"SQ_LDS_UNALIGNED_STALL",0.00000000e+00
"3__32_16_128_4",68,16,"SQ_LDS_BANK_CONFLICT",128.000000
"3__32_16_128_4",68,16,"SQ_LDS_UNALIGNED_STALL",0.00000000e+00
"3__32_16_128_8",68,16,"SQ_LDS_BANK_CONFLICT",512.000000
"3__32_16_128_8",68,16,"SQ_LDS_UNALIGNED_STALL",0.00000000e+00
"3__32_16_128_16",68,16,"SQ_LDS_BANK_CONFLICT",1280.000000
"3__32_16_128_16",68,16,"SQ_LDS_UNALIGNED_STALL",0.00000000e+00
"3__256_4",76,16,"SQ_LDS_BANK_CONFLICT",384.000000
"3__256_4",76,16,"SQ_LDS_UNALIGNED_STALL",0.00000000e+00
"3__256_4_4096_4",76,16,"SQ_LDS_BANK_CONFLICT",384.000000
"3__256_4_4096_4",76,16,"SQ_LDS_UNALIGNED_STALL",0.00000000e+00
"3__256_4_4096_8",76,16,"SQ_LDS_BANK_CONFLICT",384.000000
"3__256_4_4096_8",76,16,"SQ_LDS_UNALIGNED_STALL",0.00000000e+00
"3__256_4_4096_16",76,16,"SQ_LDS_BANK_CONFLICT",384.000000
"3__256_4_4096_16",76,16,"SQ_LDS_UNALIGNED_STALL",0.00000000e+00
"3__256_8",76,16,"SQ_LDS_BANK_CONFLICT",512.000000
"3__256_8",76,16,"SQ_LDS_UNALIGNED_STALL",0.00000000e+00
"3__256_8_2048_4",76,16,"SQ_LDS_BANK_CONFLICT",384.000000
"3__256_8_2048_4",76,16,"SQ_LDS_UNALIGNED_STALL",0.00000000e+00
"3__256_8_2048_8",76,16,"SQ_LDS_BANK_CONFLICT",512.000000
"3__256_8_2048_8",76,16,"SQ_LDS_UNALIGNED_STALL",0.00000000e+00
"3__256_8_2048_16",76,16,"SQ_LDS_BANK_CONFLICT",512.000000
"3__256_8_2048_16",76,16,"SQ_LDS_UNALIGNED_STALL",0.00000000e+00
"3__256_16",76,16,"SQ_LDS_BANK_CONFLICT",768.000000
"3__256_16",76,16,"SQ_LDS_UNALIGNED_STALL",0.00000000e+00
"3__256_16_1024_4",76,16,"SQ_LDS_BANK_CONFLICT",384.000000
"3__256_16_1024_4",76,16,"SQ_LDS_UNALIGNED_STALL",0.00000000e+00
"3__256_16_1024_8",76,16,"SQ_LDS_BANK_CONFLICT",512.000000
"3__256_16_1024_8",76,16,"SQ_LDS_UNALIGNED_STALL",0.00000000e+00
"3__256_16_1024_16",76,16,"SQ_LDS_BANK_CONFLICT",768.000000
"3__256_16_1024_16",76,16,"SQ_LDS_UNALIGNED_STALL",0.00000000e+00
"3__64_4",72,16,"SQ_LDS_BANK_CONFLICT",384.000000
"3__64_4",72,16,"SQ_LDS_UNALIGNED_STALL",0.00000000e+00
"3__64_4_1024_4",72,16,"SQ_LDS_BANK_CONFLICT",0.00000000e+00
"3__64_4_1024_4",72,16,"SQ_LDS_UNALIGNED_STALL",0.00000000e+00
"3__64_4_1024_8",72,16,"SQ_LDS_BANK_CONFLICT",128.000000
"3__64_4_1024_8",72,16,"SQ_LDS_UNALIGNED_STALL",0.00000000e+00
"3__64_4_1024_16",72,16,"SQ_LDS_BANK_CONFLICT",384.000000
"3__64_4_1024_16",72,16,"SQ_LDS_UNALIGNED_STALL",0.00000000e+00
"3__64_8",72,16,"SQ_LDS_BANK_CONFLICT",1024.000000
"3__64_8",72,16,"SQ_LDS_UNALIGNED_STALL",0.00000000e+00
"3__64_8_512_4",72,16,"SQ_LDS_BANK_CONFLICT",128.000000
"3__64_8_512_4",72,16,"SQ_LDS_UNALIGNED_STALL",0.00000000e+00
"3__64_8_512_8",72,16,"SQ_LDS_BANK_CONFLICT",256.000000
"3__64_8_512_8",72,16,"SQ_LDS_UNALIGNED_STALL",0.00000000e+00
"3__64_8_512_16",72,16,"SQ_LDS_BANK_CONFLICT",512.000000
"3__64_8_512_16",72,16,"SQ_LDS_UNALIGNED_STALL",0.00000000e+00
"3__64_16",72,16,"SQ_LDS_BANK_CONFLICT",2304.000000
"3__64_16",72,16,"SQ_LDS_UNALIGNED_STALL",0.00000000e+00
"3__64_16_256_4",68,16,"SQ_LDS_BANK_CONFLICT",128.000000
"3__64_16_256_4",68,16,"SQ_LDS_UNALIGNED_STALL",0.00000000e+00
"3__64_16_256_8",68,16,"SQ_LDS_BANK_CONFLICT",256.000000
"3__64_16_256_8",68,16,"SQ_LDS_UNALIGNED_STALL",0.00000000e+00
"3__64_16_256_16",68,16,"SQ_LDS_BANK_CONFLICT",768.000000
"3__64_16_256_16",68,16,"SQ_LDS_UNALIGNED_STALL",0.00000000e+00
"3__128_4",72,16,"SQ_LDS_BANK_CONFLICT",256.000000
"3__128_4",72,16,"SQ_LDS_UNALIGNED_STALL",0.00000000e+00
"3__128_4_2048_4",72,16,"SQ_LDS_BANK_CONFLICT",128.000000
"3__128_4_2048_4",72,16,"SQ_LDS_UNALIGNED_STALL",0.00000000e+00
"3__128_4_2048_8",72,16,"SQ_LDS_BANK_CONFLICT",256.000000
"3__128_4_2048_8",72,16,"SQ_LDS_UNALIGNED_STALL",0.00000000e+00
"3__128_4_2048_16",72,16,"SQ_LDS_BANK_CONFLICT",256.000000
"3__128_4_2048_16",72,16,"SQ_LDS_UNALIGNED_STALL",0.00000000e+00
"3__128_8",72,16,"SQ_LDS_BANK_CONFLICT",512.000000
"3__128_8",72,16,"SQ_LDS_UNALIGNED_STALL",0.00000000e+00
"3__128_8_1024_4",72,16,"SQ_LDS_BANK_CONFLICT",128.000000
"3__128_8_1024_4",72,16,"SQ_LDS_UNALIGNED_STALL",0.00000000e+00
"3__128_8_1024_8",72,16,"SQ_LDS_BANK_CONFLICT",256.000000
"3__128_8_1024_8",72,16,"SQ_LDS_UNALIGNED_STALL",0.00000000e+00
"3__128_8_1024_16",72,16,"SQ_LDS_BANK_CONFLICT",512.000000
"3__128_8_1024_16",72,16,"SQ_LDS_UNALIGNED_STALL",0.00000000e+00
"3__128_16",72,16,"SQ_LDS_BANK_CONFLICT",1280.000000
"3__128_16",72,16,"SQ_LDS_UNALIGNED_STALL",0.00000000e+00
"3__128_16_512_4",72,16,"SQ_LDS_BANK_CONFLICT",384.000000
"3__128_16_512_4",72,16,"SQ_LDS_UNALIGNED_STALL",0.00000000e+00
"3__128_16_512_8",72,16,"SQ_LDS_BANK_CONFLICT",512.000000
"3__128_16_512_8",72,16,"SQ_LDS_UNALIGNED_STALL",0.00000000e+00
"3__128_16_512_16",72,16,"SQ_LDS_BANK_CONFLICT",768.000000
"3__128_16_512_16",72,16,"SQ_LDS_UNALIGNED_STALL",0.00000000e+00
"4__32_8",76,16,"SQ_LDS_BANK_CONFLICT",1024.000000
"4__32_8",76,16,"SQ_LDS_UNALIGNED_STALL",0.00000000e+00
"4__32_8_256_8",68,16,"SQ_LDS_BANK_CONFLICT",128.000000
"4__32_8_256_8",68,16,"SQ_LDS_UNALIGNED_STALL",0.00000000e+00
"4__32_8_256_16",68,16,"SQ_LDS_BANK_CONFLICT",256.000000
"4__32_8_256_16",68,16,"SQ_LDS_UNALIGNED_STALL",0.00000000e+00
"4__32_16",76,16,"SQ_LDS_BANK_CONFLICT",1280.000000
"4__32_16",76,16,"SQ_LDS_UNALIGNED_STALL",0.00000000e+00
"4__32_16_128_8",72,16,"SQ_LDS_BANK_CONFLICT",256.000000
"4__32_16_128_8",72,16,"SQ_LDS_UNALIGNED_STALL",0.00000000e+00
"4__32_16_128_16",72,16,"SQ_LDS_BANK_CONFLICT",768.000000
"4__32_16_128_16",72,16,"SQ_LDS_UNALIGNED_STALL",0.00000000e+00
"4__256_8",72,16,"SQ_LDS_BANK_CONFLICT",384.000000
"4__256_8",72,16,"SQ_LDS_UNALIGNED_STALL",0.00000000e+00
"4__256_8_2048_8",72,16,"SQ_LDS_BANK_CONFLICT",384.000000
"4__256_8_2048_8",72,16,"SQ_LDS_UNALIGNED_STALL",0.00000000e+00
"4__256_8_2048_16",72,16,"SQ_LDS_BANK_CONFLICT",384.000000
"4__256_8_2048_16",72,16,"SQ_LDS_UNALIGNED_STALL",0.00000000e+00
"4__256_16",72,16,"SQ_LDS_BANK_CONFLICT",512.000000
"4__256_16",72,16,"SQ_LDS_UNALIGNED_STALL",0.00000000e+00
"4__256_16_1024_8",72,16,"SQ_LDS_BANK_CONFLICT",384.000000
"4__256_16_1024_8",72,16,"SQ_LDS_UNALIGNED_STALL",0.00000000e+00
"4__256_16_1024_16",72,16,"SQ_LDS_BANK_CONFLICT",512.000000
"4__256_16_1024_16",72,16,"SQ_LDS_UNALIGNED_STALL",0.00000000e+00
"4__64_8",72,16,"SQ_LDS_BANK_CONFLICT",512.000000
"4__64_8",72,16,"SQ_LDS_UNALIGNED_STALL",0.00000000e+00
"4__64_8_512_8",68,16,"SQ_LDS_BANK_CONFLICT",128.000000
"4__64_8_512_8",68,16,"SQ_LDS_UNALIGNED_STALL",0.00000000e+00
"4__64_8_512_16",68,16,"SQ_LDS_BANK_CONFLICT",256.000000
"4__64_8_512_16",68,16,"SQ_LDS_UNALIGNED_STALL",0.00000000e+00
"4__64_16",72,16,"SQ_LDS_BANK_CONFLICT",1280.000000
"4__64_16",72,16,"SQ_LDS_UNALIGNED_STALL",0.00000000e+00
"4__64_16_256_8",68,16,"SQ_LDS_BANK_CONFLICT",128.000000
"4__64_16_256_8",68,16,"SQ_LDS_UNALIGNED_STALL",0.00000000e+00
"4__64_16_256_16",68,16,"SQ_LDS_BANK_CONFLICT",512.000000
"4__64_16_256_16",68,16,"SQ_LDS_UNALIGNED_STALL",0.00000000e+00
"4__128_8",72,16,"SQ_LDS_BANK_CONFLICT",256.000000
"4__128_8",72,16,"SQ_LDS_UNALIGNED_STALL",0.00000000e+00
"4__128_8_1024_8",72,16,"SQ_LDS_BANK_CONFLICT",128.000000
"4__128_8_1024_8",72,16,"SQ_LDS_UNALIGNED_STALL",0.00000000e+00
"4__128_8_1024_16",72,16,"SQ_LDS_BANK_CONFLICT",256.000000
"4__128_8_1024_16",72,16,"SQ_LDS_UNALIGNED_STALL",0.00000000e+00
"4__128_16",72,16,"SQ_LDS_BANK_CONFLICT",768.000000
"4__128_16",72,16,"SQ_LDS_UNALIGNED_STALL",0.00000000e+00
"4__128_16_512_8",68,16,"SQ_LDS_BANK_CONFLICT",384.000000
"4__128_16_512_8",68,16,"SQ_LDS_UNALIGNED_STALL",0.00000000e+00
"4__128_16_512_16",68,16,"SQ_LDS_BANK_CONFLICT",512.000000
"4__128_16_512_16",68,16,"SQ_LDS_UNALIGNED_STALL",0.00000000e+00
"5__32_8",76,16,"SQ_LDS_BANK_CONFLICT",1024.000000
"5__32_8",76,16,"SQ_LDS_UNALIGNED_STALL",0.00000000e+00
"5__32_8_256_8",68,16,"SQ_LDS_BANK_CONFLICT",128.000000
"5__32_8_256_8",68,16,"SQ_LDS_UNALIGNED_STALL",0.00000000e+00
"5__32_8_256_16",68,16,"SQ_LDS_BANK_CONFLICT",256.000000
"5__32_8_256_16",68,16,"SQ_LDS_UNALIGNED_STALL",0.00000000e+00
"5__32_16",76,16,"SQ_LDS_BANK_CONFLICT",1280.000000
"5__32_16",76,16,"SQ_LDS_UNALIGNED_STALL",0.00000000e+00
"5__32_16_128_8",68,16,"SQ_LDS_BANK_CONFLICT",256.000000
"5__32_16_128_8",68,16,"SQ_LDS_UNALIGNED_STALL",0.00000000e+00
"5__32_16_128_16",68,16,"SQ_LDS_BANK_CONFLICT",768.000000
"5__32_16_128_16",68,16,"SQ_LDS_UNALIGNED_STALL",0.00000000e+00
"5__256_8",72,16,"SQ_LDS_BANK_CONFLICT",384.000000
"5__256_8",72,16,"SQ_LDS_UNALIGNED_STALL",0.00000000e+00
"5__256_8_2048_8",72,16,"SQ_LDS_BANK_CONFLICT",384.000000
"5__256_8_2048_8",72,16,"SQ_LDS_UNALIGNED_STALL",0.00000000e+00
"5__256_8_2048_16",72,16,"SQ_LDS_BANK_CONFLICT",384.000000
"5__256_8_2048_16",72,16,"SQ_LDS_UNALIGNED_STALL",0.00000000e+00
"5__256_16",72,16,"SQ_LDS_BANK_CONFLICT",512.000000
"5__256_16",72,16,"SQ_LDS_UNALIGNED_STALL",0.00000000e+00
"5__256_16_1024_8",72,16,"SQ_LDS_BANK_CONFLICT",384.000000
"5__256_16_1024_8",72,16,"SQ_LDS_UNALIGNED_STALL",0.00000000e+00
"5__256_16_1024_16",72,16,"SQ_LDS_BANK_CONFLICT",512.000000
"5__256_16_1024_16",72,16,"SQ_LDS_UNALIGNED_STALL",0.00000000e+00
"5__64_8",72,16,"SQ_LDS_BANK_CONFLICT",512.000000
"5__64_8",72,16,"SQ_LDS_UNALIGNED_STALL",0.00000000e+00
"5__64_8_512_8",72,16,"SQ_LDS_BANK_CONFLICT",128.000000
"5__64_8_512_8",72,16,"SQ_LDS_UNALIGNED_STALL",0.00000000e+00
"5__64_8_512_16",72,16,"SQ_LDS_BANK_CONFLICT",256.000000
"5__64_8_512_16",72,16,"SQ_LDS_UNALIGNED_STALL",0.00000000e+00
"5__64_16",72,16,"SQ_LDS_BANK_CONFLICT",1280.000000
"5__64_16",72,16,"SQ_LDS_UNALIGNED_STALL",0.00000000e+00
"5__64_16_256_8",68,16,"SQ_LDS_BANK_CONFLICT",128.000000
"5__64_16_256_8",68,16,"SQ_LDS_UNALIGNED_STALL",0.00000000e+00
"5__64_16_256_16",68,16,"SQ_LDS_BANK_CONFLICT",512.000000
"5__64_16_256_16",68,16,"SQ_LDS_UNALIGNED_STALL",0.00000000e+00
"5__128_8",72,16,"SQ_LDS_BANK_CONFLICT",256.000000
"5__128_8",72,16,"SQ_LDS_UNALIGNED_STALL",0.00000000e+00
"5__128_8_1024_8",72,16,"SQ_LDS_BANK_CONFLICT",128.000000
"5__128_8_1024_8",72,16,"SQ_LDS_UNALIGNED_STALL",0.00000000e+00
"5__128_8_1024_16",72,16,"SQ_LDS_BANK_CONFLICT",256.000000
"5__128_8_1024_16",72,16,"SQ_LDS_UNALIGNED_STALL",0.00000000e+00
"5__128_16",72,16,"SQ_LDS_BANK_CONFLICT",768.000000
"5__128_16",72,16,"SQ_LDS_UNALIGNED_STALL",0.00000000e+00
"5__128_16_512_8",72,16,"SQ_LDS_BANK_CONFLICT",384.000000
"5__128_16_512_8",72,16,"SQ_LDS_UNALIGNED_STALL",0.00000000e+00
"5__128_16_512_16",72,16,"SQ_LDS_BANK_CONFLICT",512.000000
"5__128_16_512_16",72,16,"SQ_LDS_UNALIGNED_STALL",0.00000000e+00
"6__32_4",76,16,"SQ_LDS_BANK_CONFLICT",448.000000
"6__32_4",76,16,"SQ_LDS_UNALIGNED_STALL",0.00000000e+00
"6__32_4_512_4",68,16,"SQ_LDS_BANK_CONFLICT",0.00000000e+00
"6__32_4_512_4",68,16,"SQ_LDS_UNALIGNED_STALL",0.00000000e+00
"6__32_4_512_8",68,16,"SQ_LDS_BANK_CONFLICT",64.000000
"6__32_4_512_8",68,16,"SQ_LDS_UNALIGNED_STALL",0.00000000e+00
"6__32_4_512_16",68,16,"SQ_LDS_BANK_CONFLICT",192.000000
"6__32_4_512_16",68,16,"SQ_LDS_UNALIGNED_STALL",0.00000000e+00
"6__32_8",76,16,"SQ_LDS_BANK_CONFLICT",1024.000000
"6__32_8",76,16,"SQ_LDS_UNALIGNED_STALL",0.00000000e+00
"6__32_8_256_4",68,16,"SQ_LDS_BANK_CONFLICT",0.00000000e+00
"6__32_8_256_4",68,16,"SQ_LDS_UNALIGNED_STALL",0.00000000e+00
"6__32_8_256_8",68,16,"SQ_LDS_BANK_CONFLICT",128.000000
"6__32_8_256_8",68,16,"SQ_LDS_UNALIGNED_STALL",0.00000000e+00
"6__32_8_256_16",68,16,"SQ_LDS_BANK_CONFLICT",256.000000
"6__32_8_256_16",68,16,"SQ_LDS_UNALIGNED_STALL",0.00000000e+00
"6__32_16",76,16,"SQ_LDS_BANK_CONFLICT",1152.000000
"6__32_16",76,16,"SQ_LDS_UNALIGNED_STALL",0.00000000e+00
"6__32_16_128_4",68,16,"SQ_LDS_BANK_CONFLICT",64.000000
"6__32_16_128_4",68,16,"SQ_LDS_UNALIGNED_STALL",0.00000000e+00
"6__32_16_128_8",68,16,"SQ_LDS_BANK_CONFLICT",256.000000
"6__32_16_128_8",68,16,"SQ_LDS_UNALIGNED_STALL",0.00000000e+00
"6__32_16_128_16",68,16,"SQ_LDS_BANK_CONFLICT",640.000000
"6__32_16_128_16",68,16,"SQ_LDS_UNALIGNED_STALL",0.00000000e+00
"6__256_4",76,16,"SQ_LDS_BANK_CONFLICT",192.000000
"6__256_4",76,16,"SQ_LDS_UNALIGNED_STALL",0.00000000e+00
"6__256_4_4096_4",76,16,"SQ_LDS_BANK_CONFLICT",192.000000
"6__256_4_4096_4",76,16,"SQ_LDS_UNALIGNED_STALL",0.00000000e+00
"6__256_4_4096_8",76,16,"SQ_LDS_BANK_CONFLICT",192.000000
"6__256_4_4096_8",76,16,"SQ_LDS_UNALIGNED_STALL",0.00000000e+00
"6__256_4_4096_16",76,16,"SQ_LDS_BANK_CONFLICT",192.000000
"6__256_4_4096_16",76,16,"SQ_LDS_UNALIGNED_STALL",0.00000000e+00
"6__256_8",76,16,"SQ_LDS_BANK_CONFLICT",256.000000
"6__256_8",76,16,"SQ_LDS_UNALIGNED_STALL",0.00000000e+00
"6__256_8_2048_4",72,16,"SQ_LDS_BANK_CONFLICT",192.000000
"6__256_8_2048_4",72,16,"SQ_LDS_UNALIGNED_STALL",0.00000000e+00
"6__256_8_2048_8",72,16,"SQ_LDS_BANK_CONFLICT",256.000000
"6__256_8_2048_8",72,16,"SQ_LDS_UNALIGNED_STALL",0.00000000e+00
"6__256_8_2048_16",72,16,"SQ_LDS_BANK_CONFLICT",256.000000
"6__256_8_2048_16",72,16,"SQ_LDS_UNALIGNED_STALL",0.00000000e+00
"6__256_16",76,16,"SQ_LDS_BANK_CONFLICT",384.000000
"6__256_16",76,16,"SQ_LDS_UNALIGNED_STALL",0.00000000e+00
"6__256_16_1024_4",72,16,"SQ_LDS_BANK_CONFLICT",192.000000
"6__256_16_1024_4",72,16,"SQ_LDS_UNALIGNED_STALL",0.00000000e+00
"6__256_16_1024_8",72,16,"SQ_LDS_BANK_CONFLICT",256.000000
"6__256_16_1024_8",72,16,"SQ_LDS_UNALIGNED_STALL",0.00000000e+00
"6__256_16_1024_16",72,16,"SQ_LDS_BANK_CONFLICT",384.000000
"6__256_16_1024_16",72,16,"SQ_LDS_UNALIGNED_STALL",0.00000000e+00
"6__64_4",72,16,"SQ_LDS_BANK_CONFLICT",192.000000
"6__64_4",72,16,"SQ_LDS_UNALIGNED_STALL",0.00000000e+00
"6__64_4_1024_4",72,16,"SQ_LDS_BANK_CONFLICT",0.00000000e+00
"6__64_4_1024_4",72,16,"SQ_LDS_UNALIGNED_STALL",0.00000000e+00
"6__64_4_1024_8",72,16,"SQ_LDS_BANK_CONFLICT",64.000000
"6__64_4_1024_8",72,16,"SQ_LDS_UNALIGNED_STALL",0.00000000e+00
"6__64_4_1024_16",72,16,"SQ_LDS_BANK_CONFLICT",192.000000
"6__64_4_1024_16",72,16,"SQ_LDS_UNALIGNED_STALL",0.00000000e+00
"6__64_8",72,16,"SQ_LDS_BANK_CONFLICT",512.000000
"6__64_8",72,16,"SQ_LDS_UNALIGNED_STALL",0.00000000e+00
"6__64_8_512_4",68,16,"SQ_LDS_BANK_CONFLICT",64.000000
"6__64_8_512_4",68,16,"SQ_LDS_UNALIGNED_STALL",0.00000000e+00
"6__64_8_512_8",68,16,"SQ_LDS_BANK_CONFLICT",128.000000
"6__64_8_512_8",68,16,"SQ_LDS_UNALIGNED_STALL",0.00000000e+00
"6__64_8_512_16",68,16,"SQ_LDS_BANK_CONFLICT",256.000000
"6__64_8_512_16",68,16,"SQ_LDS_UNALIGNED_STALL",0.00000000e+00
"6__64_16",72,16,"SQ_LDS_BANK_CONFLICT",1152.000000
"6__64_16",72,16,"SQ_LDS_UNALIGNED_STALL",0.00000000e+00
"6__64_16_256_4",68,16,"SQ_LDS_BANK_CONFLICT",64.000000
"6__64_16_256_4",68,16,"SQ_LDS_UNALIGNED_STALL",0.00000000e+00
"6__64_16_256_8",68,16,"SQ_LDS_BANK_CONFLICT",128.000000
"6__64_16_256_8",68,16,"SQ_LDS_UNALIGNED_STALL",0.00000000e+00
"6__64_16_256_16",68,16,"SQ_LDS_BANK_CONFLICT",384.000000
"6__64_16_256_16",68,16,"SQ_LDS_UNALIGNED_STALL",0.00000000e+00
"6__128_4",72,16,"SQ_LDS_BANK_CONFLICT",128.000000
"6__128_4",72,16,"SQ_LDS_UNALIGNED_STALL",0.00000000e+00
"6__128_4_2048_4",72,16,"SQ_LDS_BANK_CONFLICT",64.000000
"6__128_4_2048_4",72,16,"SQ_LDS_UNALIGNED_STALL",0.00000000e+00
"6__128_4_2048_8",72,16,"SQ_LDS_BANK_CONFLICT",128.000000
"6__128_4_2048_8",72,16,"SQ_LDS_UNALIGNED_STALL",0.00000000e+00
"6__128_4_2048_16",72,16,"SQ_LDS_BANK_CONFLICT",128.000000
"6__128_4_2048_16",72,16,"SQ_LDS_UNALIGNED_STALL",0.00000000e+00
"6__128_8",72,16,"SQ_LDS_BANK_CONFLICT",256.000000
"6__128_8",72,16,"SQ_LDS_UNALIGNED_STALL",0.00000000e+00
"6__128_8_1024_4",72,16,"SQ_LDS_BANK_CONFLICT",64.000000
"6__128_8_1024_4",72,16,"SQ_LDS_UNALIGNED_STALL",0.00000000e+00
"6__128_8_1024_8",72,16,"SQ_LDS_BANK_CONFLICT",128.000000
"6__128_8_1024_8",72,16,"SQ_LDS_UNALIGNED_STALL",0.00000000e+00
"6__128_8_1024_16",72,16,"SQ_LDS_BANK_CONFLICT",256.000000
"6__128_8_1024_16",72,16,"SQ_LDS_UNALIGNED_STALL",0.00000000e+00
"6__128_16",72,16,"SQ_LDS_BANK_CONFLICT",640.000000
"6__128_16",72,16,"SQ_LDS_UNALIGNED_STALL",0.00000000e+00
"6__128_16_512_4",68,16,"SQ_LDS_BANK_CONFLICT",192.000000
"6__128_16_512_4",68,16,"SQ_LDS_UNALIGNED_STALL",0.00000000e+00
"6__128_16_512_8",68,16,"SQ_LDS_BANK_CONFLICT",256.000000
"6__128_16_512_8",68,16,"SQ_LDS_UNALIGNED_STALL",0.00000000e+00
"6__128_16_512_16",68,16,"SQ_LDS_BANK_CONFLICT",384.000000
"6__128_16_512_16",68,16,"SQ_LDS_UNALIGNED_STALL",0.00000000e+00
"7__32_4",76,16,"SQ_LDS_BANK_CONFLICT",448.000000
"7__32_4",76,16,"SQ_LDS_UNALIGNED_STALL",0.00000000e+00
"7__32_4_512_4",76,16,"SQ_LDS_BANK_CONFLICT",0.00000000e+00
"7__32_4_512_4",76,16,"SQ_LDS_UNALIGNED_STALL",0.00000000e+00
"7__32_4_512_8",76,16,"SQ_LDS_BANK_CONFLICT",64.000000
"7__32_4_512_8",76,16,"SQ_LDS_UNALIGNED_STALL",0.00000000e+00
"7__32_4_512_16",76,16,"SQ_LDS_BANK_CONFLICT",192.000000
"7__32_4_512_16",76,16,"SQ_LDS_UNALIGNED_STALL",0.00000000e+00
"7__32_8",76,16,"SQ_LDS_BANK_CONFLICT",1024.000000
"7__32_8",76,16,"SQ_LDS_UNALIGNED_STALL",0.00000000e+00
"7__32_8_256_4",68,16,"SQ_LDS_BANK_CONFLICT",0.00000000e+00
"7__32_8_256_4",68,16,"SQ_LDS_UNALIGNED_STALL",0.00000000e+00
"7__32_8_256_8",68,16,"SQ_LDS_BANK_CONFLICT",128.000000
"7__32_8_256_8",68,16,"SQ_LDS_UNALIGNED_STALL",0.00000000e+00
"7__32_8_256_16",68,16,"SQ_LDS_BANK_CONFLICT",256.000000
"7__32_8_256_16",68,16,"SQ_LDS_UNALIGNED_STALL",0.00000000e+00
"7__32_16",76,16,"SQ_LDS_BANK_CONFLICT",1152.000000
"7__32_16",76,16,"SQ_LDS_UNALIGNED_STALL",0.00000000e+00
"7__32_16_128_4",68,16,"SQ_LDS_BANK_CONFLICT",64.000000
"7__32_16_128_4",68,16,"SQ_LDS_UNALIGNED_STALL",0.00000000e+00
"7__32_16_128_8",68,16,"SQ_LDS_BANK_CONFLICT",256.000000
"7__32_16_128_8",68,16,"SQ_LDS_UNALIGNED_STALL",0.00000000e+00
"7__32_16_128_16",68,16,"SQ_LDS_BANK_CONFLICT",640.000000
"7__32_16_128_16",68,16,"SQ_LDS_UNALIGNED_STALL",0.00000000e+00
"7__256_4",72,16,"SQ_LDS_BANK_CONFLICT",192.000000
"7__256_4",72,16,"SQ_LDS_UNALIGNED_STALL",0.00000000e+00
"7__256_4_4096_4",72,16,"SQ_LDS_BANK_CONFLICT",192.000000
"7__256_4_4096_4",72,16,"SQ_LDS_UNALIGNED_STALL",0.00000000e+00
"7__256_4_4096_8",72,16,"SQ_LDS_BANK_CONFLICT",192.000000
"7__256_4_4096_8",72,16,"SQ_LDS_UNALIGNED_STALL",0.00000000e+00
"7__256_4_4096_16",72,16,"SQ_LDS_BANK_CONFLICT",192.000000
"7__256_4_4096_16",72,16,"SQ_LDS_UNALIGNED_STALL",0.00000000e+00
"7__256_8",72,16,"SQ_LDS_BANK_CONFLICT",256.000000
"7__256_8",72,16,"SQ_LDS_UNALIGNED_STALL",0.00000000e+00
"7__256_8_2048_4",72,16,"SQ_LDS_BANK_CONFLICT",192.000000
"7__256_8_2048_4",72,16,"SQ_LDS_UNALIGNED_STALL",0.00000000e+00
"7__256_8_2048_8",72,16,"SQ_LDS_BANK_CONFLICT",256.000000
"7__256_8_2048_8",72,16,"SQ_LDS_UNALIGNED_STALL",0.00000000e+00
"7__256_8_2048_16",72,16,"SQ_LDS_BANK_CONFLICT",256.000000
"7__256_8_2048_16",72,16,"SQ_LDS_UNALIGNED_STALL",0.00000000e+00
"7__256_16",72,16,"SQ_LDS_BANK_CONFLICT",384.000000
"7__256_16",72,16,"SQ_LDS_UNALIGNED_STALL",0.00000000e+00
"7__256_16_1024_4",72,16,"SQ_LDS_BANK_CONFLICT",192.000000
"7__256_16_1024_4",72,16,"SQ_LDS_UNALIGNED_STALL",0.00000000e+00
"7__256_16_1024_8",72,16,"SQ_LDS_BANK_CONFLICT",256.000000
"7__256_16_1024_8",72,16,"SQ_LDS_UNALIGNED_STALL",0.00000000e+00
"7__256_16_1024_16",72,16,"SQ_LDS_BANK_CONFLICT",384.000000
"7__256_16_1024_16",72,16,"SQ_LDS_UNALIGNED_STALL",0.00000000e+00
"7__64_4",72,16,"SQ_LDS_BANK_CONFLICT",192.000000
"7__64_4",72,16,"SQ_LDS_UNALIGNED_STALL",0.00000000e+00
"7__64_4_1024_4",72,16,"SQ_LDS_BANK_CONFLICT",0.00000000e+00
"7__64_4_1024_4",72,16,"SQ_LDS_UNALIGNED_STALL",0.00000000e+00
"7__64_4_1024_8",72,16,"SQ_LDS_BANK_CONFLICT",64.000000
"7__64_4_1024_8",72,16,"SQ_LDS_UNALIGNED_STALL",0.00000000e+00
"7__64_4_1024_16",72,16,"SQ_LDS_BANK_CONFLICT",192.000000
"7__64_4_1024_16",72,16,"SQ_LDS_UNALIGNED_STALL",0.00000000e+00
"7__64_8",72,16,"SQ_LDS_BANK_CONFLICT",512.000000
"7__64_8",72,16,"SQ_LDS_UNALIGNED_STALL",0.00000000e+00
"7__64_8_512_4",72,16,"SQ_LDS_BANK_CONFLICT",64.000000
"7__64_8_512_4",72,16,"SQ_LDS_UNALIGNED_STALL",0.00000000e+00
"7__64_8_512_8",72,16,"SQ_LDS_BANK_CONFLICT",128.000000
"7__64_8_512_8",72,16,"SQ_LDS_UNALIGNED_STALL",0.00000000e+00
"7__64_8_512_16",72,16,"SQ_LDS_BANK_CONFLICT",256.000000
"7__64_8_512_16",72,16,"SQ_LDS_UNALIGNED_STALL",0.00000000e+00
"7__64_16",72,16,"SQ_LDS_BANK_CONFLICT",1152.000000
"7__64_16",72,16,"SQ_LDS_UNALIGNED_STALL",0.00000000e+00
"7__64_16_256_4",68,16,"SQ_LDS_BANK_CONFLICT",64.000000
"7__64_16_256_4",68,16,"SQ_LDS_UNALIGNED_STALL",0.00000000e+00
"7__64_16_256_8",68,16,"SQ_LDS_BANK_CONFLICT",128.000000
"7__64_16_256_8",68,16,"SQ_LDS_UNALIGNED_STALL",0.00000000e+00
"7__64_16_256_16",68,16,"SQ_LDS_BANK_CONFLICT",384.000000
"7__64_16_256_16",68,16,"SQ_LDS_UNALIGNED_STALL",0.00000000e+00
"7__128_4",72,16,"SQ_LDS_BANK_CONFLICT",128.000000
"7__128_4",72,16,"SQ_LDS_UNALIGNED_STALL",0.00000000e+00
"7__128_4_2048_4",72,16,"SQ_LDS_BANK_CONFLICT",64.000000
"7__128_4_2048_4",72,16,"SQ_LDS_UNALIGNED_STALL",0.00000000e+00
"7__128_4_2048_8",72,16,"SQ_LDS_BANK_CONFLICT",128.000000
"7__128_4_2048_8",72,16,"SQ_LDS_UNALIGNED_STALL",0.00000000e+00
"7__128_4_2048_16",72,16,"SQ_LDS_BANK_CONFLICT",128.000000
"7__128_4_2048_16",72,16,"SQ_LDS_UNALIGNED_STALL",0.00000000e+00
"7__128_8",72,16,"SQ_LDS_BANK_CONFLICT",256.000000
"7__128_8",72,16,"SQ_LDS_UNALIGNED_STALL",0.00000000e+00
"7__128_8_1024_4",72,16,"SQ_LDS_BANK_CONFLICT",64.000000
"7__128_8_1024_4",72,16,"SQ_LDS_UNALIGNED_STALL",0.00000000e+00
"7__128_8_1024_8",72,16,"SQ_LDS_BANK_CONFLICT",128.000000
"7__128_8_1024_8",72,16,"SQ_LDS_UNALIGNED_STALL",0.00000000e+00
"7__128_8_1024_16",72,16,"SQ_LDS_BANK_CONFLICT",256.000000
"7__128_8_1024_16",72,16,"SQ_LDS_UNALIGNED_STALL",0.00000000e+00
"7__128_16",72,16,"SQ_LDS_BANK_CONFLICT",640.000000
"7__128_16",72,16,"SQ_LDS_UNALIGNED_STALL",0.00000000e+00
"7__128_16_512_4",72,16,"SQ_LDS_BANK_CONFLICT",192.000000
"7__128_16_512_4",72,16,"SQ_LDS_UNALIGNED_STALL",0.00000000e+00
"7__128_16_512_8",72,16,"SQ_LDS_BANK_CONFLICT",256.000000
"7__128_16_512_8",72,16,"SQ_LDS_UNALIGNED_STALL",0.00000000e+00
"7__128_16_512_16",72,16,"SQ_LDS_BANK_CONFLICT",384.000000
"7__128_16_512_16",72,16,"SQ_LDS_UNALIGNED_STALL",0.00000000e+00
"8__32_4",76,16,"SQ_LDS_BANK_CONFLICT",448.000000
"8__32_4",76,16,"SQ_LDS_UNALIGNED_STALL",0.00000000e+00
"8__32_4_512_4",72,16,"SQ_LDS_BANK_CONFLICT",0.00000000e+00
"8__32_4_512_4",72,16,"SQ_LDS_UNALIGNED_STALL",0.00000000e+00
"8__32_4_512_8",72,16,"SQ_LDS_BANK_CONFLICT",64.000000
"8__32_4_512_8",72,16,"SQ_LDS_UNALIGNED_STALL",0.00000000e+00
"8__32_4_512_16",72,16,"SQ_LDS_BANK_CONFLICT",192.000000
"8__32_4_512_16",72,16,"SQ_LDS_UNALIGNED_STALL",0.00000000e+00
"8__32_8",76,16,"SQ_LDS_BANK_CONFLICT",1024.000000
"8__32_8",76,16,"SQ_LDS_UNALIGNED_STALL",0.00000000e+00
"8__32_8_256_4",72,16,"SQ_LDS_BANK_CONFLICT",0.00000000e+00
"8__32_8_256_4",72,16,"SQ_LDS_UNALIGNED_STALL",0.00000000e+00
"8__32_8_256_8",72,16,"SQ_LDS_BANK_CONFLICT",128.000000
"8__32_8_256_8",72,16,"SQ_LDS_UNALIGNED_STALL",0.00000000e+00
"8__32_8_256_16",72,16,"SQ_LDS_BANK_CONFLICT",256.000000
"8__32_8_256_16",72,16,"SQ_LDS_UNALIGNED_STALL",0.00000000e+00
"8__32_16",76,16,"SQ_LDS_BANK_CONFLICT",1152.000000
"8__32_16",76,16,"SQ_LDS_UNALIGNED_STALL",0.00000000e+00
"8__32_16_128_4",68,16,"SQ_LDS_BANK_CONFLICT",64.000000
"8__32_16_128_4",68,16,"SQ_LDS_UNALIGNED_STALL",0.00000000e+00
"8__32_16_128_8",68,16,"SQ_LDS_BANK_CONFLICT",256.000000
"8__32_16_128_8",68,16,"SQ_LDS_UNALIGNED_STALL",0.00000000e+00
"8__32_16_128_16",68,16,"SQ_LDS_BANK_CONFLICT",640.000000
"8__32_16_128_16",68,16,"SQ_LDS_UNALIGNED_STALL",0.00000000e+00
"8__256_4",76,16,"SQ_LDS_BANK_CONFLICT",192.000000
"8__256_4",76,16,"SQ_LDS_UNALIGNED_STALL",0.00000000e+00
"8__256_4_4096_4",76,16,"SQ_LDS_BANK_CONFLICT",192.000000
"8__256_4_4096_4",76,16,"SQ_LDS_UNALIGNED_STALL",0.00000000e+00
"8__256_4_4096_8",76,16,"SQ_LDS_BANK_CONFLICT",192.000000
"8__256_4_4096_8",76,16,"SQ_LDS_UNALIGNED_STALL",0.00000000e+00
"8__256_4_4096_16",76,16,"SQ_LDS_BANK_CONFLICT",192.000000
"8__256_4_4096_16",76,16,"SQ_LDS_UNALIGNED_STALL",0.00000000e+00
"8__256_8",76,16,"SQ_LDS_BANK_CONFLICT",256.000000
"8__256_8",76,16,"SQ_LDS_UNALIGNED_STALL",0.00000000e+00
"8__256_8_2048_4",76,16,"SQ_LDS_BANK_CONFLICT",192.000000
"8__256_8_2048_4",76,16,"SQ_LDS_UNALIGNED_STALL",0.00000000e+00
"8__256_8_2048_8",76,16,"SQ_LDS_BANK_CONFLICT",256.000000
"8__256_8_2048_8",76,16,"SQ_LDS_UNALIGNED_STALL",0.00000000e+00
"8__256_8_2048_16",76,16,"SQ_LDS_BANK_CONFLICT",256.000000
"8__256_8_2048_16",76,16,"SQ_LDS_UNALIGNED_STALL",0.00000000e+00
"8__256_16",76,16,"SQ_LDS_BANK_CONFLICT",384.000000
"8__256_16",76,16,"SQ_LDS_UNALIGNED_STALL",0.00000000e+00
"8__256_16_1024_4",76,16,"SQ_LDS_BANK_CONFLICT",192.000000
"8__256_16_1024_4",76,16,"SQ_LDS_UNALIGNED_STALL",0.00000000e+00
"8__256_16_1024_8",76,16,"SQ_LDS_BANK_CONFLICT",256.000000
"8__256_16_1024_8",76,16,"SQ_LDS_UNALIGNED_STALL",0.00000000e+00
"8__256_16_1024_16",76,16,"SQ_LDS_BANK_CONFLICT",384.000000
"8__256_16_1024_16",76,16,"SQ_LDS_UNALIGNED_STALL",0.00000000e+00
"8__64_4",72,16,"SQ_LDS_BANK_CONFLICT",192.000000
"8__64_4",72,16,"SQ_LDS_UNALIGNED_STALL",0.00000000e+00
"8__64_4_1024_4",72,16,"SQ_LDS_BANK_CONFLICT",0.00000000e+00
"8__64_4_1024_4",72,16,"SQ_LDS_UNALIGNED_STALL",0.00000000e+00
"8__64_4_1024_8",72,16,"SQ_LDS_BANK_CONFLICT",64.000000
"8__64_4_1024_8",72,16,"SQ_LDS_UNALIGNED_STALL",0.00000000e+00
"8__64_4_1024_16",72,16,"SQ_LDS_BANK_CONFLICT",192.000000
"8__64_4_1024_16",72,16,"SQ_LDS_UNALIGNED_STALL",0.00000000e+00
"8__64_8",72,16,"SQ_LDS_BANK_CONFLICT",512.000000
"8__64_8",72,16,"SQ_LDS_UNALIGNED_STALL",0.00000000e+00
"8__64_8_512_4",72,16,"SQ_LDS_BANK_CONFLICT",64.000000
"8__64_8_512_4",72,16,"SQ_LDS_UNALIGNED_STALL",0.00000000e+00
"8__64_8_512_8",72,16,"SQ_LDS_BANK_CONFLICT",128.000000
"8__64_8_512_8",72,16,"SQ_LDS_UNALIGNED_STALL",0.00000000e+00
"8__64_8_512_16",72,16,"SQ_LDS_BANK_CONFLICT",256.000000
"8__64_8_512_16",72,16,"SQ_LDS_UNALIGNED_STALL",0.00000000e+00
"8__64_16",72,16,"SQ_LDS_BANK_CONFLICT",1152.000000
"8__64_16",72,16,"SQ_LDS_UNALIGNED_STALL",0.00000000e+00
"8__64_16_256_4",72,16,"SQ_LDS_BANK_CONFLICT",64.000000
"8__64_16_256_4",72,16,"SQ_LDS_UNALIGNED_STALL",0.00000000e+00
"8__64_16_256_8",72,16,"SQ_LDS_BANK_CONFLICT",128.000000
"8__64_16_256_8",72,16,"SQ_LDS_UNALIGNED_STALL",0.00000000e+00
"8__64_16_256_16",72,16,"SQ_LDS_BANK_CONFLICT",384.000000
"8__64_16_256_16",72,16,"SQ_LDS_UNALIGNED_STALL",0.00000000e+00
"8__128_4",72,16,"SQ_LDS_BANK_CONFLICT",128.000000
"8__128_4",72,16,"SQ_LDS_UNALIGNED_STALL",0.00000000e+00
"8__128_4_2048_4",72,16,"SQ_LDS_BANK_CONFLICT",64.000000
"8__128_4_2048_4",72,16,"SQ_LDS_UNALIGNED_STALL",0.00000000e+00
"8__128_4_2048_8",72,16,"SQ_LDS_BANK_CONFLICT",128.000000
"8__128_4_2048_8",72,16,"SQ_LDS_UNALIGNED_STALL",0.00000000e+00
"8__128_4_2048_16",72,16,"SQ_LDS_BANK_CONFLICT",128.000000
"8__128_4_2048_16",72,16,"SQ_LDS_UNALIGNED_STALL",0.00000000e+00
"8__128_8",72,16,"SQ_LDS_BANK_CONFLICT",256.000000
"8__128_8",72,16,"SQ_LDS_UNALIGNED_STALL",0.00000000e+00
"8__128_8_1024_4",72,16,"SQ_LDS_BANK_CONFLICT",64.000000
"8__128_8_1024_4",72,16,"SQ_LDS_UNALIGNED_STALL",0.00000000e+00
"8__128_8_1024_8",72,16,"SQ_LDS_BANK_CONFLICT",128.000000
"8__128_8_1024_8",72,16,"SQ_LDS_UNALIGNED_STALL",0.00000000e+00
"8__128_8_1024_16",72,16,"SQ_LDS_BANK_CONFLICT",256.000000
"8__128_8_1024_16",72,16,"SQ_LDS_UNALIGNED_STALL",0.00000000e+00
"8__128_16",72,16,"SQ_LDS_BANK_CONFLICT",640.000000
"8__128_16",72,16,"SQ_LDS_UNALIGNED_STALL",0.00000000e+00
"8__128_16_512_4",72,16,"SQ_LDS_BANK_CONFLICT",192.000000
"8__128_16_512_4",72,16,"SQ_LDS_UNALIGNED_STALL",0.00000000e+00
"8__128_16_512_8",72,16,"SQ_LDS_BANK_CONFLICT",256.000000
"8__128_16_512_8",72,16,"SQ_LDS_UNALIGNED_STALL",0.00000000e+00
"8__128_16_512_16",72,16,"SQ_LDS_BANK_CONFLICT",384.000000
"8__128_16_512_16",72,16,"SQ_LDS_UNALIGNED_STALL",0.00000000e+00
"9__32_4",76,16,"SQ_LDS_BANK_CONFLICT",448.000000
"9__32_4",76,16,"SQ_LDS_UNALIGNED_STALL",0.00000000e+00
"9__32_4_512_4",76,16,"SQ_LDS_BANK_CONFLICT",0.00000000e+00
"9__32_4_512_4",76,16,"SQ_LDS_UNALIGNED_STALL",0.00000000e+00
"9__32_4_512_8",76,16,"SQ_LDS_BANK_CONFLICT",64.000000
"9__32_4_512_8",76,16,"SQ_LDS_UNALIGNED_STALL",0.00000000e+00
"9__32_4_512_16",76,16,"SQ_LDS_BANK_CONFLICT",192.000000
"9__32_4_512_16",76,16,"SQ_LDS_UNALIGNED_STALL",0.00000000e+00
"9__32_8",76,16,"SQ_LDS_BANK_CONFLICT",1024.000000
"9__32_8",76,16,"SQ_LDS_UNALIGNED_STALL",0.00000000e+00
"9__32_8_256_4",68,16,"SQ_LDS_BANK_CONFLICT",0.00000000e+00
"9__32_8_256_4",68,16,"SQ_LDS_UNALIGNED_STALL",0.00000000e+00
"9__32_8_256_8",68,16,"SQ_LDS_BANK_CONFLICT",128.000000
"9__32_8_256_8",68,16,"SQ_LDS_UNALIGNED_STALL",0.00000000e+00
"9__32_8_256_16",68,16,"SQ_LDS_BANK_CONFLICT",256.000000
"9__32_8_256_16",68,16,"SQ_LDS_UNALIGNED_STALL",0.00000000e+00
"9__32_16",72,16,"SQ_LDS_BANK_CONFLICT",1152.000000
"9__32_16",72,16,"SQ_LDS_UNALIGNED_STALL",0.00000000e+00
"9__32_16_128_4",68,16,"SQ_LDS_BANK_CONFLICT",64.000000
"9__32_16_128_4",68,16,"SQ_LDS_UNALIGNED_STALL",0.00000000e+00
"9__32_16_128_8",68,16,"SQ_LDS_BANK_CONFLICT",256.000000
"9__32_16_128_8",68,16,"SQ_LDS_UNALIGNED_STALL",0.00000000e+00
"9__32_16_128_16",68,16,"SQ_LDS_BANK_CONFLICT",640.000000
"9__32_16_128_16",68,16,"SQ_LDS_UNALIGNED_STALL",0.00000000e+00
"9__256_4",72,16,"SQ_LDS_BANK_CONFLICT",192.000000
"9__256_4",72,16,"SQ_LDS_UNALIGNED_STALL",0.00000000e+00
"9__256_4_4096_4",72,16,"SQ_LDS_BANK_CONFLICT",192.000000
"9__256_4_4096_4",72,16,"SQ_LDS_UNALIGNED_STALL",0.00000000e+00
"9__256_4_4096_8",72,16,"SQ_LDS_BANK_CONFLICT",192.000000
"9__256_4_4096_8",72,16,"SQ_LDS_UNALIGNED_STALL",0.00000000e+00
"9__256_4_4096_16",72,16,"SQ_LDS_BANK_CONFLICT",192.000000
"9__256_4_4096_16",72,16,"SQ_LDS_UNALIGNED_STALL",0.00000000e+00
"9__256_8",72,16,"SQ_LDS_BANK_CONFLICT",256.000000
"9__256_8",72,16,"SQ_LDS_UNALIGNED_STALL",0.00000000e+00
"9__256_8_2048_4",72,16,"SQ_LDS_BANK_CONFLICT",192.000000
"9__256_8_2048_4",72,16,"SQ_LDS_UNALIGNED_STALL",0.00000000e+00
"9__256_8_2048_8",72,16,"SQ_LDS_BANK_CONFLICT",256.000000
"9__256_8_2048_8",72,16,"SQ_LDS_UNALIGNED_STALL",0.00000000e+00
"9__256_8_2048_16",72,16,"SQ_LDS_BANK_CONFLICT",256.000000
"9__256_8_2048_16",72,16,"SQ_LDS_UNALIGNED_STALL",0.00000000e+00
"9__256_16",72,16,"SQ_LDS_BANK_CONFLICT",384.000000
"9__256_16",72,16,"SQ_LDS_UNALIGNED_STALL",0.00000000e+00
"9__256_16_1024_4",72,16,"SQ_LDS_BANK_CONFLICT",192.000000
"9__256_16_1024_4",72,16,"SQ_LDS_UNALIGNED_STALL",0.00000000e+00
"9__256_16_1024_8",72,16,"SQ_LDS_BANK_CONFLICT",256.000000
"9__256_16_1024_8",72,16,"SQ_LDS_UNALIGNED_STALL",0.00000000e+00
"9__256_16_1024_16",72,16,"SQ_LDS_BANK_CONFLICT",384.000000
"9__256_16_1024_16",72,16,"SQ_LDS_UNALIGNED_STALL",0.00000000e+00
"9__64_4",72,16,"SQ_LDS_BANK_CONFLICT",192.000000
"9__64_4",72,16,"SQ_LDS_UNALIGNED_STALL",0.00000000e+00
"9__64_4_1024_4",72,16,"SQ_LDS_BANK_CONFLICT",0.00000000e+00
"9__64_4_1024_4",72,16,"SQ_LDS_UNALIGNED_STALL",0.00000000e+00
"9__64_4_1024_8",72,16,"SQ_LDS_BANK_CONFLICT",64.000000
"9__64_4_1024_8",72,16,"SQ_LDS_UNALIGNED_STALL",0.00000000e+00
"9__64_4_1024_16",72,16,"SQ_LDS_BANK_CONFLICT",192.000000
"9__64_4_1024_16",72,16,"SQ_LDS_UNALIGNED_STALL",0.00000000e+00
"9__64_8",72,16,"SQ_LDS_BANK_CONFLICT",512.000000
"9__64_8",72,16,"SQ_LDS_UNALIGNED_STALL",0.00000000e+00
"9__64_8_512_4",72,16,"SQ_LDS_BANK_CONFLICT",64.000000
"9__64_8_512_4",72,16,"SQ_LDS_UNALIGNED_STALL",0.00000000e+00
"9__64_8_512_8",72,16,"SQ_LDS_BANK_CONFLICT",128.000000
"9__64_8_512_8",72,16,"SQ_LDS_UNALIGNED_STALL",0.00000000e+00
"9__64_8_512_16",72,16,"SQ_LDS_BANK_CONFLICT",256.000000
"9__64_8_512_16",72,16,"SQ_LDS_UNALIGNED_STALL",0.00000000e+00
"9__64_16",72,16,"SQ_LDS_BANK_CONFLICT",1152.000000
"9__64_16",72,16,"SQ_LDS_UNALIGNED_STALL",0.00000000e+00
"9__64_16_256_4",68,16,"SQ_LDS_BANK_CONFLICT",64.000000
"9__64_16_256_4",68,16,"SQ_LDS_UNALIGNED_STALL",0.00000000e+00
"9__64_16_256_8",68,16,"SQ_LDS_BANK_CONFLICT",128.000000
"9__64_16_256_8",68,16,"SQ_LDS_UNALIGNED_STALL",0.00000000e+00
"9__64_16_256_16",68,16,"SQ_LDS_BANK_CONFLICT",384.000000
"9__64_16_256_16",68,16,"SQ_LDS_UNALIGNED_STALL",0.00000000e+00
"9__128_4",72,16,"SQ_LDS_BANK_CONFLICT",128.000000
"9__128_4",72,16,"SQ_LDS_UNALIGNED_STALL",0.00000000e+00
"9__128_4_2048_4",72,16,"SQ_LDS_BANK_CONFLICT",64.000000
"9__128_4_2048_4",72,16,"SQ_LDS_UNALIGNED_STALL",0.00000000e+00
"9__128_4_2048_8",72,16,"SQ_LDS_BANK_CONFLICT",128.000000
"9__128_4_2048_8",72,16,"SQ_LDS_UNALIGNED_STALL",0.00000000e+00
"9__128_4_2048_16",72,16,"SQ_LDS_BANK_CONFLICT",128.000000
"9__128_4_2048_16",72,16,"SQ_LDS_UNALIGNED_STALL",0.00000000e+00
"9__128_8",72,16,"SQ_LDS_BANK_CONFLICT",256.000000
"9__128_8",72,16,"SQ_LDS_UNALIGNED_STALL",0.00000000e+00
"9__128_8_1024_4",72,16,"SQ_LDS_BANK_CONFLICT",64.000000
"9__128_8_1024_4",72,16,"SQ_LDS_UNALIGNED_STALL",0.00000000e+00
"9__128_8_1024_8",72,16,"SQ_LDS_BANK_CONFLICT",128.000000
"9__128_8_1024_8",72,16,"SQ_LDS_UNALIGNED_STALL",0.00000000e+00
"9__128_8_1024_16",72,16,"SQ_LDS_BANK_CONFLICT",256.000000
"9__128_8_1024_16",72,16,"SQ_LDS_UNALIGNED_STALL",0.00000000e+00
"9__128_16",72,16,"SQ_LDS_BANK_CONFLICT",640.000000
"9__128_16",72,16,"SQ_LDS_UNALIGNED_STALL",0.00000000e+00
"9__128_16_512_4",72,16,"SQ_LDS_BANK_CONFLICT",192.000000
"9__128_16_512_4",72,16,"SQ_LDS_UNALIGNED_STALL",0.00000000e+00
"9__128_16_512_8",72,16,"SQ_LDS_BANK_CONFLICT",256.000000
"9__128_16_512_8",72,16,"SQ_LDS_UNALIGNED_STALL",0.00000000e+00
"9__128_16_512_16",72,16,"SQ_LDS_BANK_CONFLICT",384.000000
"9__128_16_512_16",72,16,"SQ_LDS_UNALIGNED_STALL",0.00000000e+00
"10__32_8",76,16,"SQ_LDS_BANK_CONFLICT",512.000000
"10__32_8",76,16,"SQ_LDS_UNALIGNED_STALL",0.00000000e+00
"10__32_8_256_8",68,16,"SQ_LDS_BANK_CONFLICT",64.000000
"10__32_8_256_8",68,16,"SQ_LDS_UNALIGNED_STALL",0.00000000e+00
"10__32_8_256_16",68,16,"SQ_LDS_BANK_CONFLICT",128.000000
"10__32_8_256_16",68,16,"SQ_LDS_UNALIGNED_STALL",0.00000000e+00
"10__32_16",76,16,"SQ_LDS_BANK_CONFLICT",640.000000
"10__32_16",76,16,"SQ_LDS_UNALIGNED_STALL",0.00000000e+00
"10__32_16_128_8",68,16,"SQ_LDS_BANK_CONFLICT",128.000000
"10__32_16_128_8",68,16,"SQ_LDS_UNALIGNED_STALL",0.00000000e+00
"10__32_16_128_16",68,16,"SQ_LDS_BANK_CONFLICT",384.000000
"10__32_16_128_16",68,16,"SQ_LDS_UNALIGNED_STALL",0.00000000e+00
"10__256_8",72,16,"SQ_LDS_BANK_CONFLICT",192.000000
"10__256_8",72,16,"SQ_LDS_UNALIGNED_STALL",0.00000000e+00
"10__256_8_2048_8",72,16,"SQ_LDS_BANK_CONFLICT",192.000000
"10__256_8_2048_8",72,16,"SQ_LDS_UNALIGNED_STALL",0.00000000e+00
"10__256_8_2048_16",72,16,"SQ_LDS_BANK_CONFLICT",192.000000
"10__256_8_2048_16",72,16,"SQ_LDS_UNALIGNED_STALL",0.00000000e+00
"10__256_16",72,16,"SQ_LDS_BANK_CONFLICT",256.000000
"10__256_16",72,16,"SQ_LDS_UNALIGNED_STALL",0.00000000e+00
"10__256_16_1024_8",72,16,"SQ_LDS_BANK_CONFLICT",192.000000
"10__256_16_1024_8",72,16,"SQ_LDS_UNALIGNED_STALL",0.00000000e+00
"10__256_16_1024_16",72,16,"SQ_LDS_BANK_CONFLICT",256.000000
"10__256_16_1024_16",72,16,"SQ_LDS_UNALIGNED_STALL",0.00000000e+00
"10__64_8",72,16,"SQ_LDS_BANK_CONFLICT",256.000000
"10__64_8",72,16,"SQ_LDS_UNALIGNED_STALL",0.00000000e+00
"10__64_8_512_8",68,16,"SQ_LDS_BANK_CONFLICT",64.000000
"10__64_8_512_8",68,16,"SQ_LDS_UNALIGNED_STALL",0.00000000e+00
"10__64_8_512_16",68,16,"SQ_LDS_BANK_CONFLICT",128.000000
"10__64_8_512_16",68,16,"SQ_LDS_UNALIGNED_STALL",0.00000000e+00
"10__64_16",72,16,"SQ_LDS_BANK_CONFLICT",640.000000
"10__64_16",72,16,"SQ_LDS_UNALIGNED_STALL",0.00000000e+00
"10__64_16_256_8",68,16,"SQ_LDS_BANK_CONFLICT",64.000000
"10__64_16_256_8",68,16,"SQ_LDS_UNALIGNED_STALL",0.00000000e+00
"10__64_16_256_16",68,16,"SQ_LDS_BANK_CONFLICT",256.000000
"10__64_16_256_16",68,16,"SQ_LDS_UNALIGNED_STALL",0.00000000e+00
"10__128_8",72,16,"SQ_LDS_BANK_CONFLICT",128.000000
"10__128_8",72,16,"SQ_LDS_UNALIGNED_STALL",0.00000000e+00
"10__128_8_1024_8",72,16,"SQ_LDS_BANK_CONFLICT",64.000000
"10__128_8_1024_8",72,16,"SQ_LDS_UNALIGNED_STALL",0.00000000e+00
"10__128_8_1024_16",72,16,"SQ_LDS_BANK_CONFLICT",128.000000
"10__128_8_1024_16",72,16,"SQ_LDS_UNALIGNED_STALL",0.00000000e+00
"10__128_16",72,16,"SQ_LDS_BANK_CONFLICT",384.000000
"10__128_16",72,16,"SQ_LDS_UNALIGNED_STALL",0.00000000e+00
"10__128_16_512_8",68,16,"SQ_LDS_BANK_CONFLICT",192.000000
"10__128_16_512_8",68,16,"SQ_LDS_UNALIGNED_STALL",0.00000000e+00
"10__128_16_512_16",68,16,"SQ_LDS_BANK_CONFLICT",256.000000
"10__128_16_512_16",68,16,"SQ_LDS_UNALIGNED_STALL",0.00000000e+00
"11__32_8",76,16,"SQ_LDS_BANK_CONFLICT",512.000000
"11__32_8",76,16,"SQ_LDS_UNALIGNED_STALL",0.00000000e+00
"11__32_8_256_8",68,16,"SQ_LDS_BANK_CONFLICT",64.000000
"11__32_8_256_8",68,16,"SQ_LDS_UNALIGNED_STALL",0.00000000e+00
"11__32_8_256_16",68,16,"SQ_LDS_BANK_CONFLICT",128.000000
"11__32_8_256_16",68,16,"SQ_LDS_UNALIGNED_STALL",0.00000000e+00
"11__32_16",76,16,"SQ_LDS_BANK_CONFLICT",640.000000
"11__32_16",76,16,"SQ_LDS_UNALIGNED_STALL",0.00000000e+00
"11__32_16_128_8",68,16,"SQ_LDS_BANK_CONFLICT",128.000000
"11__32_16_128_8",68,16,"SQ_LDS_UNALIGNED_STALL",0.00000000e+00
"11__32_16_128_16",68,16,"SQ_LDS_BANK_CONFLICT",384.000000
"11__32_16_128_16",68,16,"SQ_LDS_UNALIGNED_STALL",0.00000000e+00
"11__256_8",72,16,"SQ_LDS_BANK_CONFLICT",192.000000
"11__256_8",72,16,"SQ_LDS_UNALIGNED_STALL",0.00000000e+00
"11__256_8_2048_8",72,16,"SQ_LDS_BANK_CONFLICT",192.000000
"11__256_8_2048_8",72,16,"SQ_LDS_UNALIGNED_STALL",0.00000000e+00
"11__256_8_2048_16",72,16,"SQ_LDS_BANK_CONFLICT",192.000000
"11__256_8_2048_16",72,16,"SQ_LDS_UNALIGNED_STALL",0.00000000e+00
"11__256_16",72,16,"SQ_LDS_BANK_CONFLICT",256.000000
"11__256_16",72,16,"SQ_LDS_UNALIGNED_STALL",0.00000000e+00
"11__256_16_1024_8",72,16,"SQ_LDS_BANK_CONFLICT",192.000000
"11__256_16_1024_8",72,16,"SQ_LDS_UNALIGNED_STALL",0.00000000e+00
"11__256_16_1024_16",72,16,"SQ_LDS_BANK_CONFLICT",256.000000
"11__256_16_1024_16",72,16,"SQ_LDS_UNALIGNED_STALL",0.00000000e+00
"11__64_8",72,16,"SQ_LDS_BANK_CONFLICT",256.000000
"11__64_8",72,16,"SQ_LDS_UNALIGNED_STALL",0.00000000e+00
"11__64_8_512_8",72,16,"SQ_LDS_BANK_CONFLICT",64.000000
"11__64_8_512_8",72,16,"SQ_LDS_UNALIGNED_STALL",0.00000000e+00
"11__64_8_512_16",72,16,"SQ_LDS_BANK_CONFLICT",128.000000
"11__64_8_512_16",72,16,"SQ_LDS_UNALIGNED_STALL",0.00000000e+00
"11__64_16",72,16,"SQ_LDS_BANK_CONFLICT",640.000000
"11__64_16",72,16,"SQ_LDS_UNALIGNED_STALL",0.00000000e+00
"11__64_16_256_8",68,16,"SQ_LDS_BANK_CONFLICT",64.000000
"11__64_16_256_8",68,16,"SQ_LDS_UNALIGNED_STALL",0.00000000e+00
"11__64_16_256_16",68,16,"SQ_LDS_BANK_CONFLICT",256.000000
"11__64_16_256_16",68,16,"SQ_LDS_UNALIGNED_STALL",0.00000000e+00
"11__128_8",72,16,"SQ_LDS_BANK_CONFLICT",128.000000
"11__128_8",72,16,"SQ_LDS_UNALIGNED_STALL",0.00000000e+00
"11__128_8_1024_8",72,16,"SQ_LDS_BANK_CONFLICT",64.000000
"11__128_8_1024_8",72,16,"SQ_LDS_UNALIGNED_STALL",0.00000000e+00
"11__128_8_1024_16",72,16,"SQ_LDS_BANK_CONFLICT",128.000000
"11__128_8_1024_16",72,16,"SQ_LDS_UNALIGNED_STALL",0.00000000e+00
"11__128_16",72,16,"SQ_LDS_BANK_CONFLICT",384.000000
"11__128_16",72,16,"SQ_LDS_UNALIGNED_STALL",0.00000000e+00
"11__128_16_512_8",72,16,"SQ_LDS_BANK_CONFLICT",192.000000
"11__128_16_512_8",72,16,"SQ_LDS_UNALIGNED_STALL",0.00000000e+00
"11__128_16_512_16",72,16,"SQ_LDS_BANK_CONFLICT",256.000000
"11__128_16_512_16",72,16,"SQ_LDS_UNALIGNED_STALL",0.00000000e+00
"12__64_4",80,16,"SQ_LDS_BANK_CONFLICT",896.000000
"12__64_4",80,16,"SQ_LDS_UNALIGNED_STALL",0.00000000e+00
"12__64_4_1024_4",72,16,"SQ_LDS_BANK_CONFLICT",0.00000000e+00
"12__64_4_1024_4",72,16,"SQ_LDS_UNALIGNED_STALL",0.00000000e+00
"12__64_4_1024_8",72,16,"SQ_LDS_BANK_CONFLICT",128.000000
"12__64_4_1024_8",72,16,"SQ_LDS_UNALIGNED_STALL",0.00000000e+00
"12__64_4_1024_16",72,16,"SQ_LDS_BANK_CONFLICT",384.000000
"12__64_4_1024_16",72,16,"SQ_LDS_UNALIGNED_STALL",0.00000000e+00
"12__64_8",80,16,"SQ_LDS_BANK_CONFLICT",2048.000000
"12__64_8",80,16,"SQ_LDS_UNALIGNED_STALL",0.00000000e+00
"12__64_8_512_4",72,16,"SQ_LDS_BANK_CONFLICT",0.00000000e+00
"12__64_8_512_4",72,16,"SQ_LDS_UNALIGNED_STALL",0.00000000e+00
"12__64_8_512_8",72,16,"SQ_LDS_BANK_CONFLICT",256.000000
"12__64_8_512_8",72,16,"SQ_LDS_UNALIGNED_STALL",0.00000000e+00
"12__64_8_512_16",72,16,"SQ_LDS_BANK_CONFLICT",512.000000
"12__64_8_512_16",72,16,"SQ_LDS_UNALIGNED_STALL",0.00000000e+00
"12__64_16",80,16,"SQ_LDS_BANK_CONFLICT",2304.000000
"12__64_16",80,16,"SQ_LDS_UNALIGNED_STALL",0.00000000e+00
"12__64_16_256_4",68,16,"SQ_LDS_BANK_CONFLICT",128.000000
"12__64_16_256_4",68,16,"SQ_LDS_UNALIGNED_STALL",0.00000000e+00
"12__64_16_256_8",68,16,"SQ_LDS_BANK_CONFLICT",512.000000
"12__64_16_256_8",68,16,"SQ_LDS_UNALIGNED_STALL",0.00000000e+00
"12__64_16_256_16",68,16,"SQ_LDS_BANK_CONFLICT",1280.000000
"12__64_16_256_16",68,16,"SQ_LDS_UNALIGNED_STALL",0.00000000e+00
"12__512_4",76,16,"SQ_LDS_BANK_CONFLICT",896.000000
"12__512_4",76,16,"SQ_LDS_UNALIGNED_STALL",0.00000000e+00
"12__512_4_8192_4",76,16,"SQ_LDS_BANK_CONFLICT",896.000000
"12__512_4_8192_4",76,16,"SQ_LDS_UNALIGNED_STALL",0.00000000e+00
"12__512_4_8192_8",76,16,"SQ_LDS_BANK_CONFLICT",896.000000
"12__512_4_8192_8",76,16,"SQ_LDS_UNALIGNED_STALL",0.00000000e+00
"12__512_4_8192_16",76,16,"SQ_LDS_BANK_CONFLICT",896.000000
"12__512_4_8192_16",76,16,"SQ_LDS_UNALIGNED_STALL",0.00000000e+00
"12__512_8",76,16,"SQ_LDS_BANK_CONFLICT",1024.000000
"12__512_8",76,16,"SQ_LDS_UNALIGNED_STALL",0.00000000e+00
"12__512_8_4096_4",76,16,"SQ_LDS_BANK_CONFLICT",896.000000
"12__512_8_4096_4",76,16,"SQ_LDS_UNALIGNED_STALL",0.00000000e+00
"12__512_8_4096_8",76,16,"SQ_LDS_BANK_CONFLICT",1024.000000
"12__512_8_4096_8",76,16,"SQ_LDS_UNALIGNED_STALL",0.00000000e+00
"12__512_8_4096_16",76,16,"SQ_LDS_BANK_CONFLICT",1024.000000
"12__512_8_4096_16",76,16,"SQ_LDS_UNALIGNED_STALL",0.00000000e+00
"12__512_16",76,16,"SQ_LDS_BANK_CONFLICT",1280.000000
"12__512_16",76,16,"SQ_LDS_UNALIGNED_STALL",0.00000000e+00
"12__512_16_2048_4",76,16,"SQ_LDS_BANK_CONFLICT",896.000000
"12__512_16_2048_4",76,16,"SQ_LDS_UNALIGNED_STALL",0.00000000e+00
"12__512_16_2048_8",76,16,"SQ_LDS_BANK_CONFLICT",1024.000000
"12__512_16_2048_8",76,16,"SQ_LDS_UNALIGNED_STALL",0.00000000e+00
"12__512_16_2048_16",76,16,"SQ_LDS_BANK_CONFLICT",1280.000000
"12__512_16_2048_16",76,16,"SQ_LDS_UNALIGNED_STALL",0.00000000e+00
"12__128_4",76,16,"SQ_LDS_BANK_CONFLICT",512.000000
"12__128_4",76,16,"SQ_LDS_UNALIGNED_STALL",0.00000000e+00
"12__128_4_2048_4",76,16,"SQ_LDS_BANK_CONFLICT",128.000000
"12__128_4_2048_4",76,16,"SQ_LDS_UNALIGNED_STALL",0.00000000e+00
"12__128_4_2048_8",76,16,"SQ_LDS_BANK_CONFLICT",256.000000
"12__128_4_2048_8",76,16,"SQ_LDS_UNALIGNED_STALL",0.00000000e+00
"12__128_4_2048_16",76,16,"SQ_LDS_BANK_CONFLICT",512.000000
"12__128_4_2048_16",76,16,"SQ_LDS_UNALIGNED_STALL",0.00000000e+00
"12__128_8",76,16,"SQ_LDS_BANK_CONFLICT",1024.000000
"12__128_8",76,16,"SQ_LDS_UNALIGNED_STALL",0.00000000e+00
"12__128_8_1024_4",72,16,"SQ_LDS_BANK_CONFLICT",128.000000
"12__128_8_1024_4",72,16,"SQ_LDS_UNALIGNED_STALL",0.00000000e+00
"12__128_8_1024_8",72,16,"SQ_LDS_BANK_CONFLICT",256.000000
"12__128_8_1024_8",72,16,"SQ_LDS_UNALIGNED_STALL",0.00000000e+00
"12__128_8_1024_16",72,16,"SQ_LDS_BANK_CONFLICT",512.000000
"12__128_8_1024_16",72,16,"SQ_LDS_UNALIGNED_STALL",0.00000000e+00
"12__128_16",76,16,"SQ_LDS_BANK_CONFLICT",2304.000000
"12__128_16",76,16,"SQ_LDS_UNALIGNED_STALL",0.00000000e+00
"12__128_16_512_4",72,16,"SQ_LDS_BANK_CONFLICT",128.000000
"12__128_16_512_4",72,16,"SQ_LDS_UNALIGNED_STALL",0.00000000e+00
"12__128_16_512_8",72,16,"SQ_LDS_BANK_CONFLICT",256.000000
"12__128_16_512_8",72,16,"SQ_LDS_UNALIGNED_STALL",0.00000000e+00
"12__128_16_512_16",72,16,"SQ_LDS_BANK_CONFLICT",768.000000
"12__128_16_512_16",72,16,"SQ_LDS_UNALIGNED_STALL",0.00000000e+00
"12__256_4",76,16,"SQ_LDS_BANK_CONFLICT",512.000000
"12__256_4",76,16,"SQ_LDS_UNALIGNED_STALL",0.00000000e+00
"12__256_4_4096_4",76,16,"SQ_LDS_BANK_CONFLICT",384.000000
"12__256_4_4096_4",76,16,"SQ_LDS_UNALIGNED_STALL",0.00000000e+00
"12__256_4_4096_8",76,16,"SQ_LDS_BANK_CONFLICT",512.000000
"12__256_4_4096_8",76,16,"SQ_LDS_UNALIGNED_STALL",0.00000000e+00
"12__256_4_4096_16",76,16,"SQ_LDS_BANK_CONFLICT",512.000000
"12__256_4_4096_16",76,16,"SQ_LDS_UNALIGNED_STALL",0.00000000e+00
"12__256_8",76,16,"SQ_LDS_BANK_CONFLICT",768.000000
"12__256_8",76,16,"SQ_LDS_UNALIGNED_STALL",0.00000000e+00
"12__256_8_2048_4",76,16,"SQ_LDS_BANK_CONFLICT",384.000000
"12__256_8_2048_4",76,16,"SQ_LDS_UNALIGNED_STALL",0.00000000e+00
"12__256_8_2048_8",76,16,"SQ_LDS_BANK_CONFLICT",512.000000
"12__256_8_2048_8",76,16,"SQ_LDS_UNALIGNED_STALL",0.00000000e+00
"12__256_8_2048_16",76,16,"SQ_LDS_BANK_CONFLICT",768.000000
"12__256_8_2048_16",76,16,"SQ_LDS_UNALIGNED_STALL",0.00000000e+00
"12__256_16",76,16,"SQ_LDS_BANK_CONFLICT",1280.000000
"12__256_16",76,16,"SQ_LDS_UNALIGNED_STALL",0.00000000e+00
"12__256_16_1024_4",72,16,"SQ_LDS_BANK_CONFLICT",384.000000
"12__256_16_1024_4",72,16,"SQ_LDS_UNALIGNED_STALL",0.00000000e+00
"12__256_16_1024_8",72,16,"SQ_LDS_BANK_CONFLICT",512.000000
"12__256_16_1024_8",72,16,"SQ_LDS_UNALIGNED_STALL",0.00000000e+00
"12__256_16_1024_16",72,16,"SQ_LDS_BANK_CONFLICT",768.000000
"12__256_16_1024_16",72,16,"SQ_LDS_UNALIGNED_STALL",0.00000000e+00
"13__64_4",76,16,"SQ_LDS_BANK_CONFLICT",896.000000
"13__64_4",76,16,"SQ_LDS_UNALIGNED_STALL",0.00000000e+00
"13__64_4_1024_4",76,16,"SQ_LDS_BANK_CONFLICT",0.00000000e+00
"13__64_4_1024_4",76,16,"SQ_LDS_UNALIGNED_STALL",0.00000000e+00
"13__64_4_1024_8",76,16,"SQ_LDS_BANK_CONFLICT",128.000000
"13__64_4_1024_8",76,16,"SQ_LDS_UNALIGNED_STALL",0.00000000e+00
"13__64_4_1024_16",76,16,"SQ_LDS_BANK_CONFLICT",384.000000
"13__64_4_1024_16",76,16,"SQ_LDS_UNALIGNED_STALL",0.00000000e+00
"13__64_8",76,16,"SQ_LDS_BANK_CONFLICT",2048.000000
"13__64_8",76,16,"SQ_LDS_UNALIGNED_STALL",0.00000000e+00
"13__64_8_512_4",68,16,"SQ_LDS_BANK_CONFLICT",0.00000000e+00
"13__64_8_512_4",68,16,"SQ_LDS_UNALIGNED_STALL",0.00000000e+00
"13__64_8_512_8",68,16,"SQ_LDS_BANK_CONFLICT",256.000000
"13__64_8_512_8",68,16,"SQ_LDS_UNALIGNED_STALL",0.00000000e+00
"13__64_8_512_16",68,16,"SQ_LDS_BANK_CONFLICT",512.000000
"13__64_8_512_16",68,16,"SQ_LDS_UNALIGNED_STALL",0.00000000e+00
"13__64_16",76,16,"SQ_LDS_BANK_CONFLICT",2304.000000
"13__64_16",76,16,"SQ_LDS_UNALIGNED_STALL",0.00000000e+00
"13__64_16_256_4",68,16,"SQ_LDS_BANK_CONFLICT",128.000000
"13__64_16_256_4",68,16,"SQ_LDS_UNALIGNED_STALL",0.00000000e+00
"13__64_16_256_8",68,16,"SQ_LDS_BANK_CONFLICT",512.000000
"13__64_16_256_8",68,16,"SQ_LDS_UNALIGNED_STALL",0.00000000e+00
"13__64_16_256_16",68,16,"SQ_LDS_BANK_CONFLICT",1280.000000
"13__64_16_256_16",68,16,"SQ_LDS_UNALIGNED_STALL",0.00000000e+00
"13__512_4",76,16,"SQ_LDS_BANK_CONFLICT",896.000000
"13__512_4",76,16,"SQ_LDS_UNALIGNED_STALL",0.00000000e+00
"13__512_4_8192_4",76,16,"SQ_LDS_BANK_CONFLICT",896.000000
"13__512_4_8192_4",76,16,"SQ_LDS_UNALIGNED_STALL",0.00000000e+00
"13__512_4_8192_8",76,16,"SQ_LDS_BANK_CONFLICT",896.000000
"13__512_4_8192_8",76,16,"SQ_LDS_UNALIGNED_STALL",0.00000000e+00
"13__512_4_8192_16",76,16,"SQ_LDS_BANK_CONFLICT",896.000000
"13__512_4_8192_16",76,16,"SQ_LDS_UNALIGNED_STALL",0.00000000e+00
"13__512_8",76,16,"SQ_LDS_BANK_CONFLICT",1024.000000
"13__512_8",76,16,"SQ_LDS_UNALIGNED_STALL",0.00000000e+00
"13__512_8_4096_4",76,16,"SQ_LDS_BANK_CONFLICT",896.000000
"13__512_8_4096_4",76,16,"SQ_LDS_UNALIGNED_STALL",0.00000000e+00
"13__512_8_4096_8",76,16,"SQ_LDS_BANK_CONFLICT",1024.000000
"13__512_8_4096_8",76,16,"SQ_LDS_UNALIGNED_STALL",0.00000000e+00
"13__512_8_4096_16",76,16,"SQ_LDS_BANK_CONFLICT",1024.000000
"13__512_8_4096_16",76,16,"SQ_LDS_UNALIGNED_STALL",0.00000000e+00
"13__512_16",76,16,"SQ_LDS_BANK_CONFLICT",1280.000000
"13__512_16",76,16,"SQ_LDS_UNALIGNED_STALL",0.00000000e+00
"13__512_16_2048_4",76,16,"SQ_LDS_BANK_CONFLICT",896.000000
"13__512_16_2048_4",76,16,"SQ_LDS_UNALIGNED_STALL",0.00000000e+00
"13__512_16_2048_8",76,16,"SQ_LDS_BANK_CONFLICT",1024.000000
"13__512_16_2048_8",76,16,"SQ_LDS_UNALIGNED_STALL",0.00000000e+00
"13__512_16_2048_16",76,16,"SQ_LDS_BANK_CONFLICT",1280.000000
"13__512_16_2048_16",76,16,"SQ_LDS_UNALIGNED_STALL",0.00000000e+00
"13__128_4",76,16,"SQ_LDS_BANK_CONFLICT",512.000000
"13__128_4",76,16,"SQ_LDS_UNALIGNED_STALL",0.00000000e+00
"13__128_4_2048_4",76,16,"SQ_LDS_BANK_CONFLICT",128.000000
"13__128_4_2048_4",76,16,"SQ_LDS_UNALIGNED_STALL",0.00000000e+00
"13__128_4_2048_8",76,16,"SQ_LDS_BANK_CONFLICT",256.000000
"13__128_4_2048_8",76,16,"SQ_LDS_UNALIGNED_STALL",0.00000000e+00
"13__128_4_2048_16",76,16,"SQ_LDS_BANK_CONFLICT",512.000000
"13__128_4_2048_16",76,16,"SQ_LDS_UNALIGNED_STALL",0.00000000e+00
"13__128_8",76,16,"SQ_LDS_BANK_CONFLICT",1024.000000
"13__128_8",76,16,"SQ_LDS_UNALIGNED_STALL",0.00000000e+00
"13__128_8_1024_4",76,16,"SQ_LDS_BANK_CONFLICT",128.000000
"13__128_8_1024_4",76,16,"SQ_LDS_UNALIGNED_STALL",0.00000000e+00
"13__128_8_1024_8",76,16,"SQ_LDS_BANK_CONFLICT",256.000000
"13__128_8_1024_8",76,16,"SQ_LDS_UNALIGNED_STALL",0.00000000e+00
"13__128_8_1024_16",76,16,"SQ_LDS_BANK_CONFLICT",512.000000
"13__128_8_1024_16",76,16,"SQ_LDS_UNALIGNED_STALL",0.00000000e+00
"13__128_16",76,16,"SQ_LDS_BANK_CONFLICT",2304.000000
"13__128_16",76,16,"SQ_LDS_UNALIGNED_STALL",0.00000000e+00
"13__128_16_512_4",68,16,"SQ_LDS_BANK_CONFLICT",128.000000
"13__128_16_512_4",68,16,"SQ_LDS_UNALIGNED_STALL",0.00000000e+00
"13__128_16_512_8",68,16,"SQ_LDS_BANK_CONFLICT",256.000000
"13__128_16_512_8",68,16,"SQ_LDS_UNALIGNED_STALL",0.00000000e+00
"13__128_16_512_16",68,16,"SQ_LDS_BANK_CONFLICT",768.000000
"13__128_16_512_16",68,16,"SQ_LDS_UNALIGNED_STALL",0.00000000e+00
"13__256_4",76,16,"SQ_LDS_BANK_CONFLICT",512.000000
"13__256_4",76,16,"SQ_LDS_UNALIGNED_STALL",0.00000000e+00
"13__256_4_4096_4",76,16,"SQ_LDS_BANK_CONFLICT",384.000000
"13__256_4_4096_4",76,16,"SQ_LDS_UNALIGNED_STALL",0.00000000e+00
"13__256_4_4096_8",76,16,"SQ_LDS_BANK_CONFLICT",512.000000
"13__256_4_4096_8",76,16,"SQ_LDS_UNALIGNED_STALL",0.00000000e+00
"13__256_4_4096_16",76,16,"SQ_LDS_BANK_CONFLICT",512.000000
"13__256_4_4096_16",76,16,"SQ_LDS_UNALIGNED_STALL",0.00000000e+00
"13__256_8",76,16,"SQ_LDS_BANK_CONFLICT",768.000000
"13__256_8",76,16,"SQ_LDS_UNALIGNED_STALL",0.00000000e+00
"13__256_8_2048_4",76,16,"SQ_LDS_BANK_CONFLICT",384.000000
"13__256_8_2048_4",76,16,"SQ_LDS_UNALIGNED_STALL",0.00000000e+00
"13__256_8_2048_8",76,16,"SQ_LDS_BANK_CONFLICT",512.000000
"13__256_8_2048_8",76,16,"SQ_LDS_UNALIGNED_STALL",0.00000000e+00
"13__256_8_2048_16",76,16,"SQ_LDS_BANK_CONFLICT",768.000000
"13__256_8_2048_16",76,16,"SQ_LDS_UNALIGNED_STALL",0.00000000e+00
"13__256_16",76,16,"SQ_LDS_BANK_CONFLICT",1280.000000
"13__256_16",76,16,"SQ_LDS_UNALIGNED_STALL",0.00000000e+00
"13__256_16_1024_4",76,16,"SQ_LDS_BANK_CONFLICT",384.000000
"13__256_16_1024_4",76,16,"SQ_LDS_UNALIGNED_STALL",0.00000000e+00
"13__256_16_1024_8",76,16,"SQ_LDS_BANK_CONFLICT",512.000000
"13__256_16_1024_8",76,16,"SQ_LDS_UNALIGNED_STALL",0.00000000e+00
"13__256_16_1024_16",76,16,"SQ_LDS_BANK_CONFLICT",768.000000
"13__256_16_1024_16",76,16,"SQ_LDS_UNALIGNED_STALL",0.00000000e+00
"14__64_4",80,16,"SQ_LDS_BANK_CONFLICT",896.000000
"14__64_4",80,16,"SQ_LDS_UNALIGNED_STALL",0.00000000e+00
"14__64_4_1024_4",68,16,"SQ_LDS_BANK_CONFLICT",0.00000000e+00
"14__64_4_1024_4",68,16,"SQ_LDS_UNALIGNED_STALL",0.00000000e+00
"14__64_4_1024_8",68,16,"SQ_LDS_BANK_CONFLICT",128.000000
"14__64_4_1024_8",68,16,"SQ_LDS_UNALIGNED_STALL",0.00000000e+00
"14__64_4_1024_16",68,16,"SQ_LDS_BANK_CONFLICT",384.000000
"14__64_4_1024_16",68,16,"SQ_LDS_UNALIGNED_STALL",0.00000000e+00
"14__64_8",80,16,"SQ_LDS_BANK_CONFLICT",2048.000000
"14__64_8",80,16,"SQ_LDS_UNALIGNED_STALL",0.00000000e+00
"14__64_8_512_4",68,16,"SQ_LDS_BANK_CONFLICT",0.00000000e+00
"14__64_8_512_4",68,16,"SQ_LDS_UNALIGNED_STALL",0.00000000e+00
"14__64_8_512_8",68,16,"SQ_LDS_BANK_CONFLICT",256.000000
"14__64_8_512_8",68,16,"SQ_LDS_UNALIGNED_STALL",0.00000000e+00
"14__64_8_512_16",68,16,"SQ_LDS_BANK_CONFLICT",512.000000
"14__64_8_512_16",68,16,"SQ_LDS_UNALIGNED_STALL",0.00000000e+00
"14__64_16",80,16,"SQ_LDS_BANK_CONFLICT",2304.000000
"14__64_16",80,16,"SQ_LDS_UNALIGNED_STALL",0.00000000e+00
"14__64_16_256_4",68,16,"SQ_LDS_BANK_CONFLICT",128.000000
"14__64_16_256_4",68,16,"SQ_LDS_UNALIGNED_STALL",0.00000000e+00
"14__64_16_256_8",68,16,"SQ_LDS_BANK_CONFLICT",512.000000
"14__64_16_256_8",68,16,"SQ_LDS_UNALIGNED_STALL",0.00000000e+00
"14__64_16_256_16",68,16,"SQ_LDS_BANK_CONFLICT",1280.000000
"14__64_16_256_16",68,16,"SQ_LDS_UNALIGNED_STALL",0.00000000e+00
"14__512_4",76,16,"SQ_LDS_BANK_CONFLICT",896.000000
"14__512_4",76,16,"SQ_LDS_UNALIGNED_STALL",0.00000000e+00
"14__512_4_8192_4",76,16,"SQ_LDS_BANK_CONFLICT",896.000000
"14__512_4_8192_4",76,16,"SQ_LDS_UNALIGNED_STALL",0.00000000e+00
"14__512_4_8192_8",76,16,"SQ_LDS_BANK_CONFLICT",896.000000
"14__512_4_8192_8",76,16,"SQ_LDS_UNALIGNED_STALL",0.00000000e+00
"14__512_4_8192_16",76,16,"SQ_LDS_BANK_CONFLICT",896.000000
"14__512_4_8192_16",76,16,"SQ_LDS_UNALIGNED_STALL",0.00000000e+00
"14__512_8",76,16,"SQ_LDS_BANK_CONFLICT",1024.000000
"14__512_8",76,16,"SQ_LDS_UNALIGNED_STALL",0.00000000e+00
"14__512_8_4096_4",76,16,"SQ_LDS_BANK_CONFLICT",896.000000
"14__512_8_4096_4",76,16,"SQ_LDS_UNALIGNED_STALL",0.00000000e+00
"14__512_8_4096_8",76,16,"SQ_LDS_BANK_CONFLICT",1024.000000
"14__512_8_4096_8",76,16,"SQ_LDS_UNALIGNED_STALL",0.00000000e+00
"14__512_8_4096_16",76,16,"SQ_LDS_BANK_CONFLICT",1024.000000
"14__512_8_4096_16",76,16,"SQ_LDS_UNALIGNED_STALL",0.00000000e+00
"14__512_16",76,16,"SQ_LDS_BANK_CONFLICT",1280.000000
"14__512_16",76,16,"SQ_LDS_UNALIGNED_STALL",0.00000000e+00
"14__512_16_2048_4",76,16,"SQ_LDS_BANK_CONFLICT",896.000000
"14__512_16_2048_4",76,16,"SQ_LDS_UNALIGNED_STALL",0.00000000e+00
"14__512_16_2048_8",76,16,"SQ_LDS_BANK_CONFLICT",1024.000000
"14__512_16_2048_8",76,16,"SQ_LDS_UNALIGNED_STALL",0.00000000e+00
"14__512_16_2048_16",76,16,"SQ_LDS_BANK_CONFLICT",1280.000000
"14__512_16_2048_16",76,16,"SQ_LDS_UNALIGNED_STALL",0.00000000e+00
"14__128_4",76,16,"SQ_LDS_BANK_CONFLICT",512.000000
"14__128_4",76,16,"SQ_LDS_UNALIGNED_STALL",0.00000000e+00
"14__128_4_2048_4",76,16,"SQ_LDS_BANK_CONFLICT",128.000000
"14__128_4_2048_4",76,16,"SQ_LDS_UNALIGNED_STALL",0.00000000e+00
"14__128_4_2048_8",76,16,"SQ_LDS_BANK_CONFLICT",256.000000
"14__128_4_2048_8",76,16,"SQ_LDS_UNALIGNED_STALL",0.00000000e+00
"14__128_4_2048_16",76,16,"SQ_LDS_BANK_CONFLICT",512.000000
"14__128_4_2048_16",76,16,"SQ_LDS_UNALIGNED_STALL",0.00000000e+00
"14__128_8",76,16,"SQ_LDS_BANK_CONFLICT",1024.000000
"14__128_8",76,16,"SQ_LDS_UNALIGNED_STALL",0.00000000e+00
"14__128_8_1024_4",68,16,"SQ_LDS_BANK_CONFLICT",128.000000
"14__128_8_1024_4",68,16,"SQ_LDS_UNALIGNED_STALL",0.00000000e+00
"14__128_8_1024_8",68,16,"SQ_LDS_BANK_CONFLICT",256.000000
"14__128_8_1024_8",68,16,"SQ_LDS_UNALIGNED_STALL",0.00000000e+00
"14__128_8_1024_16",68,16,"SQ_LDS_BANK_CONFLICT",512.000000
"14__128_8_1024_16",68,16,"SQ_LDS_UNALIGNED_STALL",0.00000000e+00
"14__128_16",76,16,"SQ_LDS_BANK_CONFLICT",2304.000000
"14__128_16",76,16,"SQ_LDS_UNALIGNED_STALL",0.00000000e+00
"14__128_16_512_4",68,16,"SQ_LDS_BANK_CONFLICT",128.000000
"14__128_16_512_4",68,16,"SQ_LDS_UNALIGNED_STALL",0.00000000e+00
"14__128_16_512_8",68,16,"SQ_LDS_BANK_CONFLICT",256.000000
"14__128_16_512_8",68,16,"SQ_LDS_UNALIGNED_STALL",0.00000000e+00
"14__128_16_512_16",68,16,"SQ_LDS_BANK_CONFLICT",768.000000
"14__128_16_512_16",68,16,"SQ_LDS_UNALIGNED_STALL",0.00000000e+00
"14__256_4",76,16,"SQ_LDS_BANK_CONFLICT",512.000000
"14__256_4",76,16,"SQ_LDS_UNALIGNED_STALL",0.00000000e+00
"14__256_4_4096_4",76,16,"SQ_LDS_BANK_CONFLICT",384.000000
"14__256_4_4096_4",76,16,"SQ_LDS_UNALIGNED_STALL",0.00000000e+00
"14__256_4_4096_8",76,16,"SQ_LDS_BANK_CONFLICT",512.000000
"14__256_4_4096_8",76,16,"SQ_LDS_UNALIGNED_STALL",0.00000000e+00
"14__256_4_4096_16",76,16,"SQ_LDS_BANK_CONFLICT",512.000000
"14__256_4_4096_16",76,16,"SQ_LDS_UNALIGNED_STALL",0.00000000e+00
"14__256_8",76,16,"SQ_LDS_BANK_CONFLICT",768.000000
"14__256_8",76,16,"SQ_LDS_UNALIGNED_STALL",0.00000000e+00
"14__256_8_2048_4",76,16,"SQ_LDS_BANK_CONFLICT",384.000000
"14__256_8_2048_4",76,16,"SQ_LDS_UNALIGNED_STALL",0.00000000e+00
"14__256_8_2048_8",76,16,"SQ_LDS_BANK_CONFLICT",512.000000
"14__256_8_2048_8",76,16,"SQ_LDS_UNALIGNED_STALL",0.00000000e+00
"14__256_8_2048_16",76,16,"SQ_LDS_BANK_CONFLICT",768.000000
"14__256_8_2048_16",76,16,"SQ_LDS_UNALIGNED_STALL",0.00000000e+00
"14__256_16",76,16,"SQ_LDS_BANK_CONFLICT",1280.000000
"14__256_16",76,16,"SQ_LDS_UNALIGNED_STALL",0.00000000e+00
"14__256_16_1024_4",68,16,"SQ_LDS_BANK_CONFLICT",384.000000
"14__256_16_1024_4",68,16,"SQ_LDS_UNALIGNED_STALL",0.00000000e+00
"14__256_16_1024_8",68,16,"SQ_LDS_BANK_CONFLICT",512.000000
"14__256_16_1024_8",68,16,"SQ_LDS_UNALIGNED_STALL",0.00000000e+00
"14__256_16_1024_16",68,16,"SQ_LDS_BANK_CONFLICT",768.000000
"14__256_16_1024_16",68,16,"SQ_LDS_UNALIGNED_STALL",0.00000000e+00
"15__64_4",80,16,"SQ_LDS_BANK_CONFLICT",896.000000
"15__64_4",80,16,"SQ_LDS_UNALIGNED_STALL",0.00000000e+00
"15__64_4_1024_4",80,16,"SQ_LDS_BANK_CONFLICT",0.00000000e+00
"15__64_4_1024_4",80,16,"SQ_LDS_UNALIGNED_STALL",0.00000000e+00
"15__64_4_1024_8",80,16,"SQ_LDS_BANK_CONFLICT",128.000000
"15__64_4_1024_8",80,16,"SQ_LDS_UNALIGNED_STALL",0.00000000e+00
"15__64_4_1024_16",80,16,"SQ_LDS_BANK_CONFLICT",384.000000
"15__64_4_1024_16",80,16,"SQ_LDS_UNALIGNED_STALL",0.00000000e+00
"15__64_8",84,16,"SQ_LDS_BANK_CONFLICT",2048.000000
"15__64_8",84,16,"SQ_LDS_UNALIGNED_STALL",0.00000000e+00
"15__64_8_512_4",80,16,"SQ_LDS_BANK_CONFLICT",0.00000000e+00
"15__64_8_512_4",80,16,"SQ_LDS_UNALIGNED_STALL",0.00000000e+00
"15__64_8_512_8",80,16,"SQ_LDS_BANK_CONFLICT",256.000000
"15__64_8_512_8",80,16,"SQ_LDS_UNALIGNED_STALL",0.00000000e+00
"15__64_8_512_16",80,16,"SQ_LDS_BANK_CONFLICT",512.000000
"15__64_8_512_16",80,16,"SQ_LDS_UNALIGNED_STALL",0.00000000e+00
"15__64_16",84,16,"SQ_LDS_BANK_CONFLICT",2304.000000
"15__64_16",84,16,"SQ_LDS_UNALIGNED_STALL",0.00000000e+00
"15__64_16_256_4",80,16,"SQ_LDS_BANK_CONFLICT",128.000000
"15__64_16_256_4",80,16,"SQ_LDS_UNALIGNED_STALL",0.00000000e+00
"15__64_16_256_8",80,16,"SQ_LDS_BANK_CONFLICT",512.000000
"15__64_16_256_8",80,16,"SQ_LDS_UNALIGNED_STALL",0.00000000e+00
"15__64_16_256_16",80,16,"SQ_LDS_BANK_CONFLICT",1280.000000
"15__64_16_256_16",80,16,"SQ_LDS_UNALIGNED_STALL",0.00000000e+00
"15__512_4",76,16,"SQ_LDS_BANK_CONFLICT",896.000000
"15__512_4",76,16,"SQ_LDS_UNALIGNED_STALL",0.00000000e+00
"15__512_4_8192_4",76,16,"SQ_LDS_BANK_CONFLICT",896.000000
"15__512_4_8192_4",76,16,"SQ_LDS_UNALIGNED_STALL",0.00000000e+00
"15__512_4_8192_8",76,16,"SQ_LDS_BANK_CONFLICT",896.000000
"15__512_4_8192_8",76,16,"SQ_LDS_UNALIGNED_STALL",0.00000000e+00
"15__512_4_8192_16",76,16,"SQ_LDS_BANK_CONFLICT",896.000000
"15__512_4_8192_16",76,16,"SQ_LDS_UNALIGNED_STALL",0.00000000e+00
"15__512_8",76,16,"SQ_LDS_BANK_CONFLICT",1024.000000
"15__512_8",76,16,"SQ_LDS_UNALIGNED_STALL",0.00000000e+00
"15__512_8_4096_4",76,16,"SQ_LDS_BANK_CONFLICT",896.000000
"15__512_8_4096_4",76,16,"SQ_LDS_UNALIGNED_STALL",0.00000000e+00
"15__512_8_4096_8",76,16,"SQ_LDS_BANK_CONFLICT",1024.000000
"15__512_8_4096_8",76,16,"SQ_LDS_UNALIGNED_STALL",0.00000000e+00
"15__512_8_4096_16",76,16,"SQ_LDS_BANK_CONFLICT",1024.000000
"15__512_8_4096_16",76,16,"SQ_LDS_UNALIGNED_STALL",0.00000000e+00
"15__512_16",76,16,"SQ_LDS_BANK_CONFLICT",1280.000000
"15__512_16",76,16,"SQ_LDS_UNALIGNED_STALL",0.00000000e+00
"15__512_16_2048_4",76,16,"SQ_LDS_BANK_CONFLICT",896.000000
"15__512_16_2048_4",76,16,"SQ_LDS_UNALIGNED_STALL",0.00000000e+00
"15__512_16_2048_8",76,16,"SQ_LDS_BANK_CONFLICT",1024.000000
"15__512_16_2048_8",76,16,"SQ_LDS_UNALIGNED_STALL",0.00000000e+00
"15__512_16_2048_16",76,16,"SQ_LDS_BANK_CONFLICT",1280.000000
"15__512_16_2048_16",76,16,"SQ_LDS_UNALIGNED_STALL",0.00000000e+00
"15__128_4",76,16,"SQ_LDS_BANK_CONFLICT",512.000000
"15__128_4",76,16,"SQ_LDS_UNALIGNED_STALL",0.00000000e+00
"15__128_4_2048_4",76,16,"SQ_LDS_BANK_CONFLICT",128.000000
"15__128_4_2048_4",76,16,"SQ_LDS_UNALIGNED_STALL",0.00000000e+00
"15__128_4_2048_8",76,16,"SQ_LDS_BANK_CONFLICT",256.000000
"15__128_4_2048_8",76,16,"SQ_LDS_UNALIGNED_STALL",0.00000000e+00
"15__128_4_2048_16",76,16,"SQ_LDS_BANK_CONFLICT",512.000000
"15__128_4_2048_16",76,16,"SQ_LDS_UNALIGNED_STALL",0.00000000e+00
"15__128_8",80,16,"SQ_LDS_BANK_CONFLICT",1024.000000
"15__128_8",80,16,"SQ_LDS_UNALIGNED_STALL",0.00000000e+00
"15__128_8_1024_4",80,16,"SQ_LDS_BANK_CONFLICT",128.000000
"15__128_8_1024_4",80,16,"SQ_LDS_UNALIGNED_STALL",0.00000000e+00
"15__128_8_1024_8",80,16,"SQ_LDS_BANK_CONFLICT",256.000000
"15__128_8_1024_8",80,16,"SQ_LDS_UNALIGNED_STALL",0.00000000e+00
"15__128_8_1024_16",80,16,"SQ_LDS_BANK_CONFLICT",512.000000
"15__128_8_1024_16",80,16,"SQ_LDS_UNALIGNED_STALL",0.00000000e+00
"15__128_16",80,16,"SQ_LDS_BANK_CONFLICT",2304.000000
"15__128_16",80,16,"SQ_LDS_UNALIGNED_STALL",0.00000000e+00
"15__128_16_512_4",80,16,"SQ_LDS_BANK_CONFLICT",128.000000
"15__128_16_512_4",80,16,"SQ_LDS_UNALIGNED_STALL",0.00000000e+00
"15__128_16_512_8",80,16,"SQ_LDS_BANK_CONFLICT",256.000000
"15__128_16_512_8",80,16,"SQ_LDS_UNALIGNED_STALL",0.00000000e+00
"15__128_16_512_16",80,16,"SQ_LDS_BANK_CONFLICT",768.000000
"15__128_16_512_16",80,16,"SQ_LDS_UNALIGNED_STALL",0.00000000e+00
"15__256_4",76,16,"SQ_LDS_BANK_CONFLICT",512.000000
"15__256_4",76,16,"SQ_LDS_UNALIGNED_STALL",0.00000000e+00
"15__256_4_4096_4",80,16,"SQ_LDS_BANK_CONFLICT",384.000000
"15__256_4_4096_4",80,16,"SQ_LDS_UNALIGNED_STALL",0.00000000e+00
"15__256_4_4096_8",80,16,"SQ_LDS_BANK_CONFLICT",512.000000
"15__256_4_4096_8",80,16,"SQ_LDS_UNALIGNED_STALL",0.00000000e+00
"15__256_4_4096_16",80,16,"SQ_LDS_BANK_CONFLICT",512.000000
"15__256_4_4096_16",80,16,"SQ_LDS_UNALIGNED_STALL",0.00000000e+00
"15__256_8",76,16,"SQ_LDS_BANK_CONFLICT",768.000000
"15__256_8",76,16,"SQ_LDS_UNALIGNED_STALL",0.00000000e+00
"15__256_8_2048_4",80,16,"SQ_LDS_BANK_CONFLICT",384.000000
"15__256_8_2048_4",80,16,"SQ_LDS_UNALIGNED_STALL",0.00000000e+00
"15__256_8_2048_8",80,16,"SQ_LDS_BANK_CONFLICT",512.000000
"15__256_8_2048_8",80,16,"SQ_LDS_UNALIGNED_STALL",0.00000000e+00
"15__256_8_2048_16",80,16,"SQ_LDS_BANK_CONFLICT",768.000000
"15__256_8_2048_16",80,16,"SQ_LDS_UNALIGNED_STALL",0.00000000e+00
"15__256_16",80,16,"SQ_LDS_BANK_CONFLICT",1280.000000
"15__256_16",80,16,"SQ_LDS_UNALIGNED_STALL",0.00000000e+00
"15__256_16_1024_4",80,16,"SQ_LDS_BANK_CONFLICT",384.000000
"15__256_16_1024_4",80,16,"SQ_LDS_UNALIGNED_STALL",0.00000000e+00
"15__256_16_1024_8",80,16,"SQ_LDS_BANK_CONFLICT",512.000000
"15__256_16_1024_8",80,16,"SQ_LDS_UNALIGNED_STALL",0.00000000e+00
"15__256_16_1024_16",80,16,"SQ_LDS_BANK_CONFLICT",768.000000
"15__256_16_1024_16",80,16,"SQ_LDS_UNALIGNED_STALL",0.00000000e+00
"16__64_8",80,16,"SQ_LDS_BANK_CONFLICT",1024.000000
"16__64_8",80,16,"SQ_LDS_UNALIGNED_STALL",0.00000000e+00
"16__64_8_512_8",68,16,"SQ_LDS_BANK_CONFLICT",128.000000
"16__64_8_512_8",68,16,"SQ_LDS_UNALIGNED_STALL",0.00000000e+00
"16__64_8_512_16",68,16,"SQ_LDS_BANK_CONFLICT",256.000000
"16__64_8_512_16",68,16,"SQ_LDS_UNALIGNED_STALL",0.00000000e+00
"16__64_16",80,16,"SQ_LDS_BANK_CONFLICT",1280.000000
"16__64_16",80,16,"SQ_LDS_UNALIGNED_STALL",0.00000000e+00
"16__64_16_256_8",68,16,"SQ_LDS_BANK_CONFLICT",256.000000
"16__64_16_256_8",68,16,"SQ_LDS_UNALIGNED_STALL",0.00000000e+00
"16__64_16_256_16",68,16,"SQ_LDS_BANK_CONFLICT",768.000000
"16__64_16_256_16",68,16,"SQ_LDS_UNALIGNED_STALL",0.00000000e+00
"16__512_8",76,16,"SQ_LDS_BANK_CONFLICT",896.000000
"16__512_8",76,16,"SQ_LDS_UNALIGNED_STALL",0.00000000e+00
"16__512_8_4096_8",76,16,"SQ_LDS_BANK_CONFLICT",896.000000
"16__512_8_4096_8",76,16,"SQ_LDS_UNALIGNED_STALL",0.00000000e+00
"16__512_8_4096_16",76,16,"SQ_LDS_BANK_CONFLICT",896.000000
"16__512_8_4096_16",76,16,"SQ_LDS_UNALIGNED_STALL",0.00000000e+00
"16__512_16",76,16,"SQ_LDS_BANK_CONFLICT",1024.000000
"16__512_16",76,16,"SQ_LDS_UNALIGNED_STALL",0.00000000e+00
"16__512_16_2048_8",76,16,"SQ_LDS_BANK_CONFLICT",896.000000
"16__512_16_2048_8",76,16,"SQ_LDS_UNALIGNED_STALL",0.00000000e+00
"16__512_16_2048_16",76,16,"SQ_LDS_BANK_CONFLICT",1024.000000
"16__512_16_2048_16",76,16,"SQ_LDS_UNALIGNED_STALL",0.00000000e+00
"16__128_8",76,16,"SQ_LDS_BANK_CONFLICT",512.000000
"16__128_8",76,16,"SQ_LDS_UNALIGNED_STALL",0.00000000e+00
"16__128_8_1024_8",68,16,"SQ_LDS_BANK_CONFLICT",128.000000
"16__128_8_1024_8",68,16,"SQ_LDS_UNALIGNED_STALL",0.00000000e+00
"16__128_8_1024_16",68,16,"SQ_LDS_BANK_CONFLICT",256.000000
"16__128_8_1024_16",68,16,"SQ_LDS_UNALIGNED_STALL",0.00000000e+00
"16__128_16",76,16,"SQ_LDS_BANK_CONFLICT",1280.000000
"16__128_16",76,16,"SQ_LDS_UNALIGNED_STALL",0.00000000e+00
"16__128_16_512_8",68,16,"SQ_LDS_BANK_CONFLICT",128.000000
"16__128_16_512_8",68,16,"SQ_LDS_UNALIGNED_STALL",0.00000000e+00
"16__128_16_512_16",68,16,"SQ_LDS_BANK_CONFLICT",512.000000
"16__128_16_512_16",68,16,"SQ_LDS_UNALIGNED_STALL",0.00000000e+00
"16__256_8",76,16,"SQ_LDS_BANK_CONFLICT",512.000000
"16__256_8",76,16,"SQ_LDS_UNALIGNED_STALL",0.00000000e+00
"16__256_8_2048_8",76,16,"SQ_LDS_BANK_CONFLICT",384.000000
"16__256_8_2048_8",76,16,"SQ_LDS_UNALIGNED_STALL",0.00000000e+00
"16__256_8_2048_16",76,16,"SQ_LDS_BANK_CONFLICT",512.000000
"16__256_8_2048_16",76,16,"SQ_LDS_UNALIGNED_STALL",0.00000000e+00
"16__256_16",76,16,"SQ_LDS_BANK_CONFLICT",768.000000
"16__256_16",76,16,"SQ_LDS_UNALIGNED_STALL",0.00000000e+00
"16__256_16_1024_8",68,16,"SQ_LDS_BANK_CONFLICT",384.000000
"16__256_16_1024_8",68,16,"SQ_LDS_UNALIGNED_STALL",0.00000000e+00
"16__256_16_1024_16",68,16,"SQ_LDS_BANK_CONFLICT",512.000000
"16__256_16_1024_16",68,16,"SQ_LDS_UNALIGNED_STALL",0.00000000e+00
"17__64_8",76,16,"SQ_LDS_BANK_CONFLICT",1024.000000
"17__64_8",76,16,"SQ_LDS_UNALIGNED_STALL",0.00000000e+00
"17__64_8_512_8",68,16,"SQ_LDS_BANK_CONFLICT",128.000000
"17__64_8_512_8",68,16,"SQ_LDS_UNALIGNED_STALL",0.00000000e+00
"17__64_8_512_16",68,16,"SQ_LDS_BANK_CONFLICT",256.000000
"17__64_8_512_16",68,16,"SQ_LDS_UNALIGNED_STALL",0.00000000e+00
"17__64_16",76,16,"SQ_LDS_BANK_CONFLICT",1280.000000
"17__64_16",76,16,"SQ_LDS_UNALIGNED_STALL",0.00000000e+00
"17__64_16_256_8",68,16,"SQ_LDS_BANK_CONFLICT",256.000000
"17__64_16_256_8",68,16,"SQ_LDS_UNALIGNED_STALL",0.00000000e+00
"17__64_16_256_16",68,16,"SQ_LDS_BANK_CONFLICT",768.000000
"17__64_16_256_16",68,16,"SQ_LDS_UNALIGNED_STALL",0.00000000e+00
"17__512_8",72,16,"SQ_LDS_BANK_CONFLICT",896.000000
"17__512_8",72,16,"SQ_LDS_UNALIGNED_STALL",0.00000000e+00
"17__512_8_4096_8",72,16,"SQ_LDS_BANK_CONFLICT",896.000000
"17__512_8_4096_8",72,16,"SQ_LDS_UNALIGNED_STALL",0.00000000e+00
"17__512_8_4096_16",72,16,"SQ_LDS_BANK_CONFLICT",896.000000
"17__512_8_4096_16",72,16,"SQ_LDS_UNALIGNED_STALL",0.00000000e+00
"17__512_16",72,16,"SQ_LDS_BANK_CONFLICT",1024.000000
"17__512_16",72,16,"SQ_LDS_UNALIGNED_STALL",0.00000000e+00
"17__512_16_2048_8",72,16,"SQ_LDS_BANK_CONFLICT",896.000000
"17__512_16_2048_8",72,16,"SQ_LDS_UNALIGNED_STALL",0.00000000e+00
"17__512_16_2048_16",72,16,"SQ_LDS_BANK_CONFLICT",1024.000000
"17__512_16_2048_16",72,16,"SQ_LDS_UNALIGNED_STALL",0.00000000e+00
"17__128_8",72,16,"SQ_LDS_BANK_CONFLICT",512.000000
"17__128_8",72,16,"SQ_LDS_UNALIGNED_STALL",0.00000000e+00
"17__128_8_1024_8",72,16,"SQ_LDS_BANK_CONFLICT",128.000000
"17__128_8_1024_8",72,16,"SQ_LDS_UNALIGNED_STALL",0.00000000e+00
"17__128_8_1024_16",72,16,"SQ_LDS_BANK_CONFLICT",256.000000
"17__128_8_1024_16",72,16,"SQ_LDS_UNALIGNED_STALL",0.00000000e+00
"17__128_16",72,16,"SQ_LDS_BANK_CONFLICT",1280.000000
"17__128_16",72,16,"SQ_LDS_UNALIGNED_STALL",0.00000000e+00
"17__128_16_512_8",68,16,"SQ_LDS_BANK_CONFLICT",128.000000
"17__128_16_512_8",68,16,"SQ_LDS_UNALIGNED_STALL",0.00000000e+00
"17__128_16_512_16",68,16,"SQ_LDS_BANK_CONFLICT",512.000000
"17__128_16_512_16",68,16,"SQ_LDS_UNALIGNED_STALL",0.00000000e+00
"17__256_8",72,16,"SQ_LDS_BANK_CONFLICT",512.000000
"17__256_8",72,16,"SQ_LDS_UNALIGNED_STALL",0.00000000e+00
"17__256_8_2048_8",72,16,"SQ_LDS_BANK_CONFLICT",384.000000
"17__256_8_2048_8",72,16,"SQ_LDS_UNALIGNED_STALL",0.00000000e+00
"17__256_8_2048_16",72,16,"SQ_LDS_BANK_CONFLICT",512.000000
"17__256_8_2048_16",72,16,"SQ_LDS_UNALIGNED_STALL",0.00000000e+00
"17__256_16",72,16,"SQ_LDS_BANK_CONFLICT",768.000000
"17__256_16",72,16,"SQ_LDS_UNALIGNED_STALL",0.00000000e+00
"17__256_16_1024_8",72,16,"SQ_LDS_BANK_CONFLICT",384.000000
"17__256_16_1024_8",72,16,"SQ_LDS_UNALIGNED_STALL",0.00000000e+00
"17__256_16_1024_16",72,16,"SQ_LDS_BANK_CONFLICT",512.000000
"17__256_16_1024_16",72,16,"SQ_LDS_UNALIGNED_STALL",0.00000000e+00
"18__64_4",80,16,"SQ_LDS_BANK_CONFLICT",3840.000000
"18__64_4",80,16,"SQ_LDS_UNALIGNED_STALL",0.00000000e+00
"18__64_4_1024_4",96,16,"SQ_LDS_BANK_CONFLICT",256.000000
"18__64_4_1024_4",96,16,"SQ_LDS_UNALIGNED_STALL",0.00000000e+00
"18__64_4_1024_8",96,16,"SQ_LDS_BANK_CONFLICT",768.000000
"18__64_4_1024_8",96,16,"SQ_LDS_UNALIGNED_STALL",0.00000000e+00
"18__64_4_1024_16",96,16,"SQ_LDS_BANK_CONFLICT",1792.000000
"18__64_4_1024_16",96,16,"SQ_LDS_UNALIGNED_STALL",0.00000000e+00
"18__64_8",80,16,"SQ_LDS_BANK_CONFLICT",8192.000000
"18__64_8",80,16,"SQ_LDS_UNALIGNED_STALL",0.00000000e+00
"18__64_8_512_4",96,16,"SQ_LDS_BANK_CONFLICT",256.000000
"18__64_8_512_4",96,16,"SQ_LDS_UNALIGNED_STALL",0.00000000e+00
"18__64_8_512_8",96,16,"SQ_LDS_BANK_CONFLICT",1024.000000
"18__64_8_512_8",96,16,"SQ_LDS_UNALIGNED_STALL",0.00000000e+00
"18__64_8_512_16",96,16,"SQ_LDS_BANK_CONFLICT",2048.000000
"18__64_8_512_16",96,16,"SQ_LDS_UNALIGNED_STALL",0.00000000e+00
"18__64_16",80,16,"SQ_LDS_BANK_CONFLICT",8704.000000
"18__64_16",80,16,"SQ_LDS_UNALIGNED_STALL",0.00000000e+00
"18__64_16_256_4",124,16,"SQ_LDS_BANK_CONFLICT",768.000000
"18__64_16_256_4",124,16,"SQ_LDS_UNALIGNED_STALL",0.00000000e+00
"18__64_16_256_8",128,16,"SQ_LDS_BANK_CONFLICT",2048.000000
"18__64_16_256_8",128,16,"SQ_LDS_UNALIGNED_STALL",0.00000000e+00
"18__64_16_256_16",128,16,"SQ_LDS_BANK_CONFLICT",4608.000000
"18__64_16_256_16",128,16,"SQ_LDS_UNALIGNED_STALL",0.00000000e+00
"18__512_4",80,16,"SQ_LDS_BANK_CONFLICT",2048.000000
"18__512_4",80,16,"SQ_LDS_UNALIGNED_STALL",0.00000000e+00
"18__512_4_8192_4",80,16,"SQ_LDS_BANK_CONFLICT",2048.000000
"18__512_4_8192_4",80,16,"SQ_LDS_UNALIGNED_STALL",0.00000000e+00
"18__512_4_8192_8",80,16,"SQ_LDS_BANK_CONFLICT",2048.000000
"18__512_4_8192_8",80,16,"SQ_LDS_UNALIGNED_STALL",0.00000000e+00
"18__512_4_8192_16",80,16,"SQ_LDS_BANK_CONFLICT",2048.000000
"18__512_4_8192_16",80,16,"SQ_LDS_UNALIGNED_STALL",0.00000000e+00
"18__512_8",80,16,"SQ_LDS_BANK_CONFLICT",2560.000000
"18__512_8",80,16,"SQ_LDS_UNALIGNED_STALL",0.00000000e+00
"18__512_8_4096_4",80,16,"SQ_LDS_BANK_CONFLICT",2048.000000
"18__512_8_4096_4",80,16,"SQ_LDS_UNALIGNED_STALL",0.00000000e+00
"18__512_8_4096_8",80,16,"SQ_LDS_BANK_CONFLICT",2560.000000
"18__512_8_4096_8",80,16,"SQ_LDS_UNALIGNED_STALL",0.00000000e+00
"18__512_8_4096_16",80,16,"SQ_LDS_BANK_CONFLICT",2560.000000
"18__512_8_4096_16",80,16,"SQ_LDS_UNALIGNED_STALL",0.00000000e+00
"18__512_16",80,16,"SQ_LDS_BANK_CONFLICT",3584.000000
"18__512_16",80,16,"SQ_LDS_UNALIGNED_STALL",0.00000000e+00
"18__512_16_2048_4",80,16,"SQ_LDS_BANK_CONFLICT",2048.000000
"18__512_16_2048_4",80,16,"SQ_LDS_UNALIGNED_STALL",0.00000000e+00
"18__512_16_2048_8",80,16,"SQ_LDS_BANK_CONFLICT",2560.000000
"18__512_16_2048_8",80,16,"SQ_LDS_UNALIGNED_STALL",0.00000000e+00
"18__512_16_2048_16",80,16,"SQ_LDS_BANK_CONFLICT",3584.000000
"18__512_16_2048_16",80,16,"SQ_LDS_UNALIGNED_STALL",0.00000000e+00
"18__128_4",80,16,"SQ_LDS_BANK_CONFLICT",2048.000000
"18__128_4",80,16,"SQ_LDS_UNALIGNED_STALL",0.00000000e+00
"18__128_4_2048_4",80,16,"SQ_LDS_BANK_CONFLICT",512.000000
"18__128_4_2048_4",80,16,"SQ_LDS_UNALIGNED_STALL",0.00000000e+00
"18__128_4_2048_8",80,16,"SQ_LDS_BANK_CONFLICT",1024.000000
"18__128_4_2048_8",80,16,"SQ_LDS_UNALIGNED_STALL",0.00000000e+00
"18__128_4_2048_16",80,16,"SQ_LDS_BANK_CONFLICT",2048.000000
"18__128_4_2048_16",80,16,"SQ_LDS_UNALIGNED_STALL",0.00000000e+00
"18__128_8",80,16,"SQ_LDS_BANK_CONFLICT",4096.000000
"18__128_8",80,16,"SQ_LDS_UNALIGNED_STALL",0.00000000e+00
"18__128_8_1024_4",96,16,"SQ_LDS_BANK_CONFLICT",512.000000
"18__128_8_1024_4",96,16,"SQ_LDS_UNALIGNED_STALL",0.00000000e+00
"18__128_8_1024_8",96,16,"SQ_LDS_BANK_CONFLICT",1024.000000
"18__128_8_1024_8",96,16,"SQ_LDS_UNALIGNED_STALL",0.00000000e+00
"18__128_8_1024_16",96,16,"SQ_LDS_BANK_CONFLICT",2048.000000
"18__128_8_1024_16",96,16,"SQ_LDS_UNALIGNED_STALL",0.00000000e+00
"18__128_16",80,16,"SQ_LDS_BANK_CONFLICT",8704.000000
"18__128_16",80,16,"SQ_LDS_UNALIGNED_STALL",0.00000000e+00
"18__128_16_512_4",96,16,"SQ_LDS_BANK_CONFLICT",512.000000
"18__128_16_512_4",96,16,"SQ_LDS_UNALIGNED_STALL",0.00000000e+00
"18__128_16_512_8",96,16,"SQ_LDS_BANK_CONFLICT",1024.000000
"18__128_16_512_8",96,16,"SQ_LDS_UNALIGNED_STALL",0.00000000e+00
"18__128_16_512_16",96,16,"SQ_LDS_BANK_CONFLICT",2560.000000
"18__128_16_512_16",96,16,"SQ_LDS_UNALIGNED_STALL",0.00000000e+00
"18__256_4",80,16,"SQ_LDS_BANK_CONFLICT",1536.000000
"18__256_4",80,16,"SQ_LDS_UNALIGNED_STALL",0.00000000e+00
"18__256_4_4096_4",80,16,"SQ_LDS_BANK_CONFLICT",1024.000000
"18__256_4_4096_4",80,16,"SQ_LDS_UNALIGNED_STALL",0.00000000e+00
"18__256_4_4096_8",80,16,"SQ_LDS_BANK_CONFLICT",1536.000000
"18__256_4_4096_8",80,16,"SQ_LDS_UNALIGNED_STALL",0.00000000e+00
"18__256_4_4096_16",80,16,"SQ_LDS_BANK_CONFLICT",1536.000000
"18__256_4_4096_16",80,16,"SQ_LDS_UNALIGNED_STALL",0.00000000e+00
"18__256_8",80,16,"SQ_LDS_BANK_CONFLICT",2560.000000
"18__256_8",80,16,"SQ_LDS_UNALIGNED_STALL",0.00000000e+00
"18__256_8_2048_4",80,16,"SQ_LDS_BANK_CONFLICT",1024.000000
"18__256_8_2048_4",80,16,"SQ_LDS_UNALIGNED_STALL",0.00000000e+00
"18__256_8_2048_8",80,16,"SQ_LDS_BANK_CONFLICT",1536.000000
"18__256_8_2048_8",80,16,"SQ_LDS_UNALIGNED_STALL",0.00000000e+00
"18__256_8_2048_16",80,16,"SQ_LDS_BANK_CONFLICT",2560.000000
"18__256_8_2048_16",80,16,"SQ_LDS_UNALIGNED_STALL",0.00000000e+00
"18__256_16",80,16,"SQ_LDS_BANK_CONFLICT",4608.000000
"18__256_16",80,16,"SQ_LDS_UNALIGNED_STALL",0.00000000e+00
"18__256_16_1024_4",96,16,"SQ_LDS_BANK_CONFLICT",1024.000000
"18__256_16_1024_4",96,16,"SQ_LDS_UNALIGNED_STALL",0.00000000e+00
"18__256_16_1024_8",96,16,"SQ_LDS_BANK_CONFLICT",1536.000000
"18__256_16_1024_8",96,16,"SQ_LDS_UNALIGNED_STALL",0.00000000e+00
"18__256_16_1024_16",96,16,"SQ_LDS_BANK_CONFLICT",2560.000000
"18__256_16_1024_16",96,16,"SQ_LDS_UNALIGNED_STALL",0.00000000e+00
"19__64_4",80,16,"SQ_LDS_BANK_CONFLICT",3840.000000
"19__64_4",80,16,"SQ_LDS_UNALIGNED_STALL",0.00000000e+00
"19__64_4_1024_4",80,16,"SQ_LDS_BANK_CONFLICT",256.000000
"19__64_4_1024_4",80,16,"SQ_LDS_UNALIGNED_STALL",0.00000000e+00
"19__64_4_1024_8",80,16,"SQ_LDS_BANK_CONFLICT",768.000000
"19__64_4_1024_8",80,16,"SQ_LDS_UNALIGNED_STALL",0.00000000e+00
"19__64_4_1024_16",80,16,"SQ_LDS_BANK_CONFLICT",1792.000000
"19__64_4_1024_16",80,16,"SQ_LDS_UNALIGNED_STALL",0.00000000e+00
"19__64_8",80,16,"SQ_LDS_BANK_CONFLICT",8192.000000
"19__64_8",80,16,"SQ_LDS_UNALIGNED_STALL",0.00000000e+00
"19__64_8_512_4",84,16,"SQ_LDS_BANK_CONFLICT",256.000000
"19__64_8_512_4",84,16,"SQ_LDS_UNALIGNED_STALL",0.00000000e+00
"19__64_8_512_8",84,16,"SQ_LDS_BANK_CONFLICT",1024.000000
"19__64_8_512_8",84,16,"SQ_LDS_UNALIGNED_STALL",0.00000000e+00
"19__64_8_512_16",84,16,"SQ_LDS_BANK_CONFLICT",2048.000000
"19__64_8_512_16",84,16,"SQ_LDS_UNALIGNED_STALL",0.00000000e+00
"19__64_16",80,16,"SQ_LDS_BANK_CONFLICT",8704.000000
"19__64_16",80,16,"SQ_LDS_UNALIGNED_STALL",0.00000000e+00
"19__64_16_256_4",128,16,"SQ_LDS_BANK_CONFLICT",768.000000
"19__64_16_256_4",128,16,"SQ_LDS_UNALIGNED_STALL",0.00000000e+00
"19__64_16_256_8",124,16,"SQ_LDS_BANK_CONFLICT",2048.000000
"19__64_16_256_8",124,16,"SQ_LDS_UNALIGNED_STALL",0.00000000e+00
"19__64_16_256_16",124,16,"SQ_LDS_BANK_CONFLICT",4608.000000
"19__64_16_256_16",124,16,"SQ_LDS_UNALIGNED_STALL",0.00000000e+00
"19__512_4",76,16,"SQ_LDS_BANK_CONFLICT",2048.000000
"19__512_4",76,16,"SQ_LDS_UNALIGNED_STALL",0.00000000e+00
"19__512_4_8192_4",76,16,"SQ_LDS_BANK_CONFLICT",2048.000000
"19__512_4_8192_4",76,16,"SQ_LDS_UNALIGNED_STALL",0.00000000e+00
"19__512_4_8192_8",76,16,"SQ_LDS_BANK_CONFLICT",2048.000000
"19__512_4_8192_8",76,16,"SQ_LDS_UNALIGNED_STALL",0.00000000e+00
"19__512_4_8192_16",76,16,"SQ_LDS_BANK_CONFLICT",2048.000000
"19__512_4_8192_16",76,16,"SQ_LDS_UNALIGNED_STALL",0.00000000e+00
"19__512_8",76,16,"SQ_LDS_BANK_CONFLICT",2560.000000
"19__512_8",76,16,"SQ_LDS_UNALIGNED_STALL",0.00000000e+00
"19__512_8_4096_4",76,16,"SQ_LDS_BANK_CONFLICT",2048.000000
"19__512_8_4096_4",76,16,"SQ_LDS_UNALIGNED_STALL",0.00000000e+00
"19__512_8_4096_8",76,16,"SQ_LDS_BANK_CONFLICT",2560.000000
"19__512_8_4096_8",76,16,"SQ_LDS_UNALIGNED_STALL",0.00000000e+00
"19__512_8_4096_16",76,16,"SQ_LDS_BANK_CONFLICT",2560.000000
"19__512_8_4096_16",76,16,"SQ_LDS_UNALIGNED_STALL",0.00000000e+00
"19__512_16",76,16,"SQ_LDS_BANK_CONFLICT",3584.000000
"19__512_16",76,16,"SQ_LDS_UNALIGNED_STALL",0.00000000e+00
"19__512_16_2048_4",76,16,"SQ_LDS_BANK_CONFLICT",2048.000000
"19__512_16_2048_4",76,16,"SQ_LDS_UNALIGNED_STALL",0.00000000e+00
"19__512_16_2048_8",76,16,"SQ_LDS_BANK_CONFLICT",2560.000000
"19__512_16_2048_8",76,16,"SQ_LDS_UNALIGNED_STALL",0.00000000e+00
"19__512_16_2048_16",76,16,"SQ_LDS_BANK_CONFLICT",3584.000000
"19__512_16_2048_16",76,16,"SQ_LDS_UNALIGNED_STALL",0.00000000e+00
"19__128_4",76,16,"SQ_LDS_BANK_CONFLICT",2048.000000
"19__128_4",76,16,"SQ_LDS_UNALIGNED_STALL",0.00000000e+00
"19__128_4_2048_4",76,16,"SQ_LDS_BANK_CONFLICT",512.000000
"19__128_4_2048_4",76,16,"SQ_LDS_UNALIGNED_STALL",0.00000000e+00
"19__128_4_2048_8",76,16,"SQ_LDS_BANK_CONFLICT",1024.000000
"19__128_4_2048_8",76,16,"SQ_LDS_UNALIGNED_STALL",0.00000000e+00
"19__128_4_2048_16",76,16,"SQ_LDS_BANK_CONFLICT",2048.000000
"19__128_4_2048_16",76,16,"SQ_LDS_UNALIGNED_STALL",0.00000000e+00
"19__128_8",76,16,"SQ_LDS_BANK_CONFLICT",4096.000000
"19__128_8",76,16,"SQ_LDS_UNALIGNED_STALL",0.00000000e+00
"19__128_8_1024_4",76,16,"SQ_LDS_BANK_CONFLICT",512.000000
"19__128_8_1024_4",76,16,"SQ_LDS_UNALIGNED_STALL",0.00000000e+00
"19__128_8_1024_8",76,16,"SQ_LDS_BANK_CONFLICT",1024.000000
"19__128_8_1024_8",76,16,"SQ_LDS_UNALIGNED_STALL",0.00000000e+00
"19__128_8_1024_16",76,16,"SQ_LDS_BANK_CONFLICT",2048.000000
"19__128_8_1024_16",76,16,"SQ_LDS_UNALIGNED_STALL",0.00000000e+00
"19__128_16",76,16,"SQ_LDS_BANK_CONFLICT",8704.000000
"19__128_16",76,16,"SQ_LDS_UNALIGNED_STALL",0.00000000e+00
"19__128_16_512_4",84,16,"SQ_LDS_BANK_CONFLICT",512.000000
"19__128_16_512_4",84,16,"SQ_LDS_UNALIGNED_STALL",0.00000000e+00
"19__128_16_512_8",84,16,"SQ_LDS_BANK_CONFLICT",1024.000000
"19__128_16_512_8",84,16,"SQ_LDS_UNALIGNED_STALL",0.00000000e+00
"19__128_16_512_16",84,16,"SQ_LDS_BANK_CONFLICT",2560.000000
"19__128_16_512_16",84,16,"SQ_LDS_UNALIGNED_STALL",0.00000000e+00
"19__256_4",76,16,"SQ_LDS_BANK_CONFLICT",1536.000000
"19__256_4",76,16,"SQ_LDS_UNALIGNED_STALL",0.00000000e+00
"19__256_4_4096_4",76,16,"SQ_LDS_BANK_CONFLICT",1024.000000
"19__256_4_4096_4",76,16,"SQ_LDS_UNALIGNED_STALL",0.00000000e+00
"19__256_4_4096_8",76,16,"SQ_LDS_BANK_CONFLICT",1536.000000
"19__256_4_4096_8",76,16,"SQ_LDS_UNALIGNED_STALL",0.00000000e+00
"19__256_4_4096_16",76,16,"SQ_LDS_BANK_CONFLICT",1536.000000
"19__256_4_4096_16",76,16,"SQ_LDS_UNALIGNED_STALL",0.00000000e+00
"19__256_8",76,16,"SQ_LDS_BANK_CONFLICT",2560.000000
"19__256_8",76,16,"SQ_LDS_UNALIGNED_STALL",0.00000000e+00
"19__256_8_2048_4",76,16,"SQ_LDS_BANK_CONFLICT",1024.000000
"19__256_8_2048_4",76,16,"SQ_LDS_UNALIGNED_STALL",0.00000000e+00
"19__256_8_2048_8",76,16,"SQ_LDS_BANK_CONFLICT",1536.000000
"19__256_8_2048_8",76,16,"SQ_LDS_UNALIGNED_STALL",0.00000000e+00
"19__256_8_2048_16",76,16,"SQ_LDS_BANK_CONFLICT",2560.000000
"19__256_8_2048_16",76,16,"SQ_LDS_UNALIGNED_STALL",0.00000000e+00
"19__256_16",76,16,"SQ_LDS_BANK_CONFLICT",4608.000000
"19__256_16",76,16,"SQ_LDS_UNALIGNED_STALL",0.00000000e+00
"19__256_16_1024_4",76,16,"SQ_LDS_BANK_CONFLICT",1024.000000
"19__256_16_1024_4",76,16,"SQ_LDS_UNALIGNED_STALL",0.00000000e+00
"19__256_16_1024_8",76,16,"SQ_LDS_BANK_CONFLICT",1536.000000
"19__256_16_1024_8",76,16,"SQ_LDS_UNALIGNED_STALL",0.00000000e+00
"19__256_16_1024_16",76,16,"SQ_LDS_BANK_CONFLICT",2560.000000
"19__256_16_1024_16",76,16,"SQ_LDS_UNALIGNED_STALL",0.00000000e+00
"20__64_4",44,16,"SQ_LDS_BANK_CONFLICT",1792.000000
"20__64_4",44,16,"SQ_LDS_UNALIGNED_STALL",0.00000000e+00
"20__64_4_1024_4",44,16,"SQ_LDS_BANK_CONFLICT",0.00000000e+00
"20__64_4_1024_4",44,16,"SQ_LDS_UNALIGNED_STALL",0.00000000e+00
"20__64_4_1024_8",44,16,"SQ_LDS_BANK_CONFLICT",256.000000
"20__64_4_1024_8",44,16,"SQ_LDS_UNALIGNED_STALL",0.00000000e+00
"20__64_4_1024_16",44,16,"SQ_LDS_BANK_CONFLICT",768.000000
"20__64_4_1024_16",44,16,"SQ_LDS_UNALIGNED_STALL",0.00000000e+00
"20__64_8",44,16,"SQ_LDS_BANK_CONFLICT",4096.000000
"20__64_8",44,16,"SQ_LDS_UNALIGNED_STALL",0.00000000e+00
"20__64_8_512_4",44,16,"SQ_LDS_BANK_CONFLICT",0.00000000e+00
"20__64_8_512_4",44,16,"SQ_LDS_UNALIGNED_STALL",0.00000000e+00
"20__64_8_512_8",44,16,"SQ_LDS_BANK_CONFLICT",512.000000
"20__64_8_512_8",44,16,"SQ_LDS_UNALIGNED_STALL",0.00000000e+00
"20__64_8_512_16",44,16,"SQ_LDS_BANK_CONFLICT",1024.000000
"20__64_8_512_16",44,16,"SQ_LDS_UNALIGNED_STALL",0.00000000e+00
"20__64_16",44,16,"SQ_LDS_BANK_CONFLICT",4608.000000
"20__64_16",44,16,"SQ_LDS_UNALIGNED_STALL",0.00000000e+00
"20__64_16_256_4",44,16,"SQ_LDS_BANK_CONFLICT",256.000000
"20__64_16_256_4",44,16,"SQ_LDS_UNALIGNED_STALL",0.00000000e+00
"20__64_16_256_8",20,16,"SQ_LDS_BANK_CONFLICT",1024.000000
"20__64_16_256_8",20,16,"SQ_LDS_UNALIGNED_STALL",0.00000000e+00
"20__64_16_256_16",20,16,"SQ_LDS_BANK_CONFLICT",2560.000000
"20__64_16_256_16",20,16,"SQ_LDS_UNALIGNED_STALL",0.00000000e+00
"20__512_4",44,16,"SQ_LDS_BANK_CONFLICT",1792.000000
"20__512_4",44,16,"SQ_LDS_UNALIGNED_STALL",0.00000000e+00
"20__512_4_8192_4",44,16,"SQ_LDS_BANK_CONFLICT",1792.000000
"20__512_4_8192_4",44,16,"SQ_LDS_UNALIGNED_STALL",0.00000000e+00
"20__512_4_8192_8",44,16,"SQ_LDS_BANK_CONFLICT",1792.000000
"20__512_4_8192_8",44,16,"SQ_LDS_UNALIGNED_STALL",0.00000000e+00
"20__512_4_8192_16",44,16,"SQ_LDS_BANK_CONFLICT",1792.000000
"20__512_4_8192_16",44,16,"SQ_LDS_UNALIGNED_STALL",0.00000000e+00
"20__512_8",44,16,"SQ_LDS_BANK_CONFLICT",2048.000000
"20__512_8",44,16,"SQ_LDS_UNALIGNED_STALL",0.00000000e+00
"20__512_8_4096_4",44,16,"SQ_LDS_BANK_CONFLICT",1792.000000
"20__512_8_4096_4",44,16,"SQ_LDS_UNALIGNED_STALL",0.00000000e+00
"20__512_8_4096_8",44,16,"SQ_LDS_BANK_CONFLICT",2048.000000
"20__512_8_4096_8",44,16,"SQ_LDS_UNALIGNED_STALL",0.00000000e+00
"20__512_8_4096_16",44,16,"SQ_LDS_BANK_CONFLICT",2048.000000
"20__512_8_4096_16",44,16,"SQ_LDS_UNALIGNED_STALL",0.00000000e+00
"20__512_16",44,16,"SQ_LDS_BANK_CONFLICT",2560.000000
"20__512_16",44,16,"SQ_LDS_UNALIGNED_STALL",0.00000000e+00
"20__512_16_2048_4",44,16,"SQ_LDS_BANK_CONFLICT",1792.000000
"20__512_16_2048_4",44,16,"SQ_LDS_UNALIGNED_STALL",0.00000000e+00
"20__512_16_2048_8",44,16,"SQ_LDS_BANK_CONFLICT",2048.000000
"20__512_16_2048_8",44,16,"SQ_LDS_UNALIGNED_STALL",0.00000000e+00
"20__512_16_2048_16",44,16,"SQ_LDS_BANK_CONFLICT",2560.000000
"20__512_16_2048_16",44,16,"SQ_LDS_UNALIGNED_STALL",0.00000000e+00
"20__128_4",44,16,"SQ_LDS_BANK_CONFLICT",1024.000000
"20__128_4",44,16,"SQ_LDS_UNALIGNED_STALL",0.00000000e+00
"20__128_4_2048_4",44,16,"SQ_LDS_BANK_CONFLICT",256.000000
"20__128_4_2048_4",44,16,"SQ_LDS_UNALIGNED_STALL",0.00000000e+00
"20__128_4_2048_8",44,16,"SQ_LDS_BANK_CONFLICT",512.000000
"20__128_4_2048_8",44,16,"SQ_LDS_UNALIGNED_STALL",0.00000000e+00
"20__128_4_2048_16",44,16,"SQ_LDS_BANK_CONFLICT",1024.000000
"20__128_4_2048_16",44,16,"SQ_LDS_UNALIGNED_STALL",0.00000000e+00
"20__128_8",44,16,"SQ_LDS_BANK_CONFLICT",2048.000000
"20__128_8",44,16,"SQ_LDS_UNALIGNED_STALL",0.00000000e+00
"20__128_8_1024_4",44,16,"SQ_LDS_BANK_CONFLICT",256.000000
"20__128_8_1024_4",44,16,"SQ_LDS_UNALIGNED_STALL",0.00000000e+00
"20__128_8_1024_8",44,16,"SQ_LDS_BANK_CONFLICT",512.000000
"20__128_8_1024_8",44,16,"SQ_LDS_UNALIGNED_STALL",0.00000000e+00
"20__128_8_1024_16",44,16,"SQ_LDS_BANK_CONFLICT",1024.000000
"20__128_8_1024_16",44,16,"SQ_LDS_UNALIGNED_STALL",0.00000000e+00
"20__128_16",44,16,"SQ_LDS_BANK_CONFLICT",4608.000000
"20__128_16",44,16,"SQ_LDS_UNALIGNED_STALL",0.00000000e+00
"20__128_16_512_4",44,16,"SQ_LDS_BANK_CONFLICT",256.000000
"20__128_16_512_4",44,16,"SQ_LDS_UNALIGNED_STALL",0.00000000e+00
"20__128_16_512_8",44,16,"SQ_LDS_BANK_CONFLICT",512.000000
"20__128_16_512_8",44,16,"SQ_LDS_UNALIGNED_STALL",0.00000000e+00
"20__128_16_512_16",44,16,"SQ_LDS_BANK_CONFLICT",1536.000000
"20__128_16_512_16",44,16,"SQ_LDS_UNALIGNED_STALL",0.00000000e+00
"20__256_4",44,16,"SQ_LDS_BANK_CONFLICT",1024.000000
"20__256_4",44,16,"SQ_LDS_UNALIGNED_STALL",0.00000000e+00
"20__256_4_4096_4",44,16,"SQ_LDS_BANK_CONFLICT",768.000000
"20__256_4_4096_4",44,16,"SQ_LDS_UNALIGNED_STALL",0.00000000e+00
"20__256_4_4096_8",44,16,"SQ_LDS_BANK_CONFLICT",1024.000000
"20__256_4_4096_8",44,16,"SQ_LDS_UNALIGNED_STALL",0.00000000e+00
"20__256_4_4096_16",44,16,"SQ_LDS_BANK_CONFLICT",1024.000000
"20__256_4_4096_16",44,16,"SQ_LDS_UNALIGNED_STALL",0.00000000e+00
"20__256_8",44,16,"SQ_LDS_BANK_CONFLICT",1536.000000
"20__256_8",44,16,"SQ_LDS_UNALIGNED_STALL",0.00000000e+00
"20__256_8_2048_4",44,16,"SQ_LDS_BANK_CONFLICT",768.000000
"20__256_8_2048_4",44,16,"SQ_LDS_UNALIGNED_STALL",0.00000000e+00
"20__256_8_2048_8",44,16,"SQ_LDS_BANK_CONFLICT",1024.000000
"20__256_8_2048_8",44,16,"SQ_LDS_UNALIGNED_STALL",0.00000000e+00
"20__256_8_2048_16",44,16,"SQ_LDS_BANK_CONFLICT",1536.000000
"20__256_8_2048_16",44,16,"SQ_LDS_UNALIGNED_STALL",0.00000000e+00
"20__256_16",44,16,"SQ_LDS_BANK_CONFLICT",2560.000000
"20__256_16",44,16,"SQ_LDS_UNALIGNED_STALL",0.00000000e+00
"20__256_16_1024_4",44,16,"SQ_LDS_BANK_CONFLICT",768.000000
"20__256_16_1024_4",44,16,"SQ_LDS_UNALIGNED_STALL",0.00000000e+00
"20__256_16_1024_8",44,16,"SQ_LDS_BANK_CONFLICT",1024.000000
"20__256_16_1024_8",44,16,"SQ_LDS_UNALIGNED_STALL",0.00000000e+00
"20__256_16_1024_16",44,16,"SQ_LDS_BANK_CONFLICT",1536.000000
"20__256_16_1024_16",44,16,"SQ_LDS_UNALIGNED_STALL",0.00000000e+00
"21__64_4",80,16,"SQ_LDS_BANK_CONFLICT",1792.000000
"21__64_4",80,16,"SQ_LDS_UNALIGNED_STALL",0.00000000e+00
"21__64_4_1024_4",80,16,"SQ_LDS_BANK_CONFLICT",0.00000000e+00
"21__64_4_1024_4",80,16,"SQ_LDS_UNALIGNED_STALL",0.00000000e+00
"21__64_4_1024_8",80,16,"SQ_LDS_BANK_CONFLICT",256.000000
"21__64_4_1024_8",80,16,"SQ_LDS_UNALIGNED_STALL",0.00000000e+00
"21__64_4_1024_16",80,16,"SQ_LDS_BANK_CONFLICT",768.000000
"21__64_4_1024_16",80,16,"SQ_LDS_UNALIGNED_STALL",0.00000000e+00
"21__64_8",80,16,"SQ_LDS_BANK_CONFLICT",4096.000000
"21__64_8",80,16,"SQ_LDS_UNALIGNED_STALL",0.00000000e+00
"21__64_8_512_4",92,16,"SQ_LDS_BANK_CONFLICT",0.00000000e+00
"21__64_8_512_4",92,16,"SQ_LDS_UNALIGNED_STALL",0.00000000e+00
"21__64_8_512_8",92,16,"SQ_LDS_BANK_CONFLICT",512.000000
"21__64_8_512_8",92,16,"SQ_LDS_UNALIGNED_STALL",0.00000000e+00
"21__64_8_512_16",92,16,"SQ_LDS_BANK_CONFLICT",1024.000000
"21__64_8_512_16",92,16,"SQ_LDS_UNALIGNED_STALL",0.00000000e+00
"21__64_16",80,16,"SQ_LDS_BANK_CONFLICT",4608.000000
"21__64_16",80,16,"SQ_LDS_UNALIGNED_STALL",0.00000000e+00
"21__64_16_256_4",88,16,"SQ_LDS_BANK_CONFLICT",256.000000
"21__64_16_256_4",88,16,"SQ_LDS_UNALIGNED_STALL",0.00000000e+00
"21__64_16_256_8",88,16,"SQ_LDS_BANK_CONFLICT",1024.000000
"21__64_16_256_8",88,16,"SQ_LDS_UNALIGNED_STALL",0.00000000e+00
"21__64_16_256_16",88,16,"SQ_LDS_BANK_CONFLICT",2560.000000
"21__64_16_256_16",88,16,"SQ_LDS_UNALIGNED_STALL",0.00000000e+00
"21__512_4",84,16,"SQ_LDS_BANK_CONFLICT",1792.000000
"21__512_4",84,16,"SQ_LDS_UNALIGNED_STALL",0.00000000e+00
"21__512_4_8192_4",76,16,"SQ_LDS_BANK_CONFLICT",1792.000000
"21__512_4_8192_4",76,16,"SQ_LDS_UNALIGNED_STALL",0.00000000e+00
"21__512_4_8192_8",76,16,"SQ_LDS_BANK_CONFLICT",1792.000000
"21__512_4_8192_8",76,16,"SQ_LDS_UNALIGNED_STALL",0.00000000e+00
"21__512_4_8192_16",76,16,"SQ_LDS_BANK_CONFLICT",1792.000000
"21__512_4_8192_16",76,16,"SQ_LDS_UNALIGNED_STALL",0.00000000e+00
"21__512_8",84,16,"SQ_LDS_BANK_CONFLICT",2048.000000
"21__512_8",84,16,"SQ_LDS_UNALIGNED_STALL",0.00000000e+00
"21__512_8_4096_4",76,16,"SQ_LDS_BANK_CONFLICT",1792.000000
"21__512_8_4096_4",76,16,"SQ_LDS_UNALIGNED_STALL",0.00000000e+00
"21__512_8_4096_8",76,16,"SQ_LDS_BANK_CONFLICT",2048.000000
"21__512_8_4096_8",76,16,"SQ_LDS_UNALIGNED_STALL",0.00000000e+00
"21__512_8_4096_16",76,16,"SQ_LDS_BANK_CONFLICT",2048.000000
"21__512_8_4096_16",76,16,"SQ_LDS_UNALIGNED_STALL",0.00000000e+00
"21__512_16",84,16,"SQ_LDS_BANK_CONFLICT",2560.000000
"21__512_16",84,16,"SQ_LDS_UNALIGNED_STALL",0.00000000e+00
"21__512_16_2048_4",76,16,"SQ_LDS_BANK_CONFLICT",1792.000000
"21__512_16_2048_4",76,16,"SQ_LDS_UNALIGNED_STALL",0.00000000e+00
"21__512_16_2048_8",80,16,"SQ_LDS_BANK_CONFLICT",2048.000000
"21__512_16_2048_8",80,16,"SQ_LDS_UNALIGNED_STALL",0.00000000e+00
"21__512_16_2048_16",76,16,"SQ_LDS_BANK_CONFLICT",2560.000000
"21__512_16_2048_16",76,16,"SQ_LDS_UNALIGNED_STALL",0.00000000e+00
"21__128_4",76,16,"SQ_LDS_BANK_CONFLICT",1024.000000
"21__128_4",76,16,"SQ_LDS_UNALIGNED_STALL",0.00000000e+00
"21__128_4_2048_4",76,16,"SQ_LDS_BANK_CONFLICT",256.000000
"21__128_4_2048_4",76,16,"SQ_LDS_UNALIGNED_STALL",0.00000000e+00
"21__128_4_2048_8",76,16,"SQ_LDS_BANK_CONFLICT",512.000000
"21__128_4_2048_8",76,16,"SQ_LDS_UNALIGNED_STALL",0.00000000e+00
"21__128_4_2048_16",76,16,"SQ_LDS_BANK_CONFLICT",1024.000000
"21__128_4_2048_16",76,16,"SQ_LDS_UNALIGNED_STALL",0.00000000e+00
"21__128_8",76,16,"SQ_LDS_BANK_CONFLICT",2048.000000
"21__128_8",76,16,"SQ_LDS_UNALIGNED_STALL",0.00000000e+00
"21__128_8_1024_4",76,16,"SQ_LDS_BANK_CONFLICT",256.000000
"21__128_8_1024_4",76,16,"SQ_LDS_UNALIGNED_STALL",0.00000000e+00
"21__128_8_1024_8",76,16,"SQ_LDS_BANK_CONFLICT",512.000000
"21__128_8_1024_8",76,16,"SQ_LDS_UNALIGNED_STALL",0.00000000e+00
"21__128_8_1024_16",76,16,"SQ_LDS_BANK_CONFLICT",1024.000000
"21__128_8_1024_16",76,16,"SQ_LDS_UNALIGNED_STALL",0.00000000e+00
"21__128_16",76,16,"SQ_LDS_BANK_CONFLICT",4608.000000
"21__128_16",76,16,"SQ_LDS_UNALIGNED_STALL",0.00000000e+00
"21__128_16_512_4",92,16,"SQ_LDS_BANK_CONFLICT",256.000000
"21__128_16_512_4",92,16,"SQ_LDS_UNALIGNED_STALL",0.00000000e+00
"21__128_16_512_8",92,16,"SQ_LDS_BANK_CONFLICT",512.000000
"21__128_16_512_8",92,16,"SQ_LDS_UNALIGNED_STALL",0.00000000e+00
"21__128_16_512_16",92,16,"SQ_LDS_BANK_CONFLICT",1536.000000
"21__128_16_512_16",92,16,"SQ_LDS_UNALIGNED_STALL",0.00000000e+00
"21__256_4",76,16,"SQ_LDS_BANK_CONFLICT",1024.000000
"21__256_4",76,16,"SQ_LDS_UNALIGNED_STALL",0.00000000e+00
"21__256_4_4096_4",76,16,"SQ_LDS_BANK_CONFLICT",768.000000
"21__256_4_4096_4",76,16,"SQ_LDS_UNALIGNED_STALL",0.00000000e+00
"21__256_4_4096_8",76,16,"SQ_LDS_BANK_CONFLICT",1024.000000
"21__256_4_4096_8",76,16,"SQ_LDS_UNALIGNED_STALL",0.00000000e+00
"21__256_4_4096_16",76,16,"SQ_LDS_BANK_CONFLICT",1024.000000
"21__256_4_4096_16",76,16,"SQ_LDS_UNALIGNED_STALL",0.00000000e+00
"21__256_8",76,16,"SQ_LDS_BANK_CONFLICT",1536.000000
"21__256_8",76,16,"SQ_LDS_UNALIGNED_STALL",0.00000000e+00
"21__256_8_2048_4",76,16,"SQ_LDS_BANK_CONFLICT",768.000000
"21__256_8_2048_4",76,16,"SQ_LDS_UNALIGNED_STALL",0.00000000e+00
"21__256_8_2048_8",76,16,"SQ_LDS_BANK_CONFLICT",1024.000000
"21__256_8_2048_8",76,16,"SQ_LDS_UNALIGNED_STALL",0.00000000e+00
"21__256_8_2048_16",76,16,"SQ_LDS_BANK_CONFLICT",1536.000000
"21__256_8_2048_16",76,16,"SQ_LDS_UNALIGNED_STALL",0.00000000e+00
"21__256_16",76,16,"SQ_LDS_BANK_CONFLICT",2560.000000
"21__256_16",76,16,"SQ_LDS_UNALIGNED_STALL",0.00000000e+00
"21__256_16_1024_4",76,16,"SQ_LDS_BANK_CONFLICT",768.000000
"21__256_16_1024_4",76,16,"SQ_LDS_UNALIGNED_STALL",0.00000000e+00
"21__256_16_1024_8",76,16,"SQ_LDS_BANK_CONFLICT",1024.000000
"21__256_16_1024_8",76,16,"SQ_LDS_UNALIGNED_STALL",0.00000000e+00
"21__256_16_1024_16",76,16,"SQ_LDS_BANK_CONFLICT",1536.000000
"21__256_16_1024_16",76,16,"SQ_LDS_UNALIGNED_STALL",0.00000000e+00
"22__64_8",80,16,"SQ_LDS_BANK_CONFLICT",2048.000000
"22__64_8",80,16,"SQ_LDS_UNALIGNED_STALL",0.00000000e+00
"22__64_8_512_8",96,16,"SQ_LDS_BANK_CONFLICT",256.000000
"22__64_8_512_8",96,16,"SQ_LDS_UNALIGNED_STALL",0.00000000e+00
"22__64_8_512_16",96,16,"SQ_LDS_BANK_CONFLICT",512.000000
"22__64_8_512_16",96,16,"SQ_LDS_UNALIGNED_STALL",0.00000000e+00
"22__64_16",80,16,"SQ_LDS_BANK_CONFLICT",2560.000000
"22__64_16",80,16,"SQ_LDS_UNALIGNED_STALL",0.00000000e+00
"22__64_16_256_8",100,16,"SQ_LDS_BANK_CONFLICT",512.000000
"22__64_16_256_8",100,16,"SQ_LDS_UNALIGNED_STALL",0.00000000e+00
"22__64_16_256_16",100,16,"SQ_LDS_BANK_CONFLICT",1536.000000
"22__64_16_256_16",100,16,"SQ_LDS_UNALIGNED_STALL",0.00000000e+00
"22__512_8",80,16,"SQ_LDS_BANK_CONFLICT",1792.000000
"22__512_8",80,16,"SQ_LDS_UNALIGNED_STALL",0.00000000e+00
"22__512_8_4096_8",80,16,"SQ_LDS_BANK_CONFLICT",1792.000000
"22__512_8_4096_8",80,16,"SQ_LDS_UNALIGNED_STALL",0.00000000e+00
"22__512_8_4096_16",80,16,"SQ_LDS_BANK_CONFLICT",1792.000000
"22__512_8_4096_16",80,16,"SQ_LDS_UNALIGNED_STALL",0.00000000e+00
"22__512_16",80,16,"SQ_LDS_BANK_CONFLICT",2048.000000
"22__512_16",80,16,"SQ_LDS_UNALIGNED_STALL",0.00000000e+00
"22__512_16_2048_8",80,16,"SQ_LDS_BANK_CONFLICT",1792.000000
"22__512_16_2048_8",80,16,"SQ_LDS_UNALIGNED_STALL",0.00000000e+00
"22__512_16_2048_16",80,16,"SQ_LDS_BANK_CONFLICT",2048.000000
"22__512_16_2048_16",80,16,"SQ_LDS_UNALIGNED_STALL",0.00000000e+00
"22__128_8",80,16,"SQ_LDS_BANK_CONFLICT",1024.000000
"22__128_8",80,16,"SQ_LDS_UNALIGNED_STALL",0.00000000e+00
"22__128_8_1024_8",100,16,"SQ_LDS_BANK_CONFLICT",256.000000
"22__128_8_1024_8",100,16,"SQ_LDS_UNALIGNED_STALL",0.00000000e+00
"22__128_8_1024_16",100,16,"SQ_LDS_BANK_CONFLICT",512.000000
"22__128_8_1024_16",100,16,"SQ_LDS_UNALIGNED_STALL",0.00000000e+00
"22__128_16",80,16,"SQ_LDS_BANK_CONFLICT",2560.000000
"22__128_16",80,16,"SQ_LDS_UNALIGNED_STALL",0.00000000e+00
"22__128_16_512_8",96,16,"SQ_LDS_BANK_CONFLICT",256.000000
"22__128_16_512_8",96,16,"SQ_LDS_UNALIGNED_STALL",0.00000000e+00
"22__128_16_512_16",96,16,"SQ_LDS_BANK_CONFLICT",1024.000000
"22__128_16_512_16",96,16,"SQ_LDS_UNALIGNED_STALL",0.00000000e+00
"22__256_8",80,16,"SQ_LDS_BANK_CONFLICT",1024.000000
"22__256_8",80,16,"SQ_LDS_UNALIGNED_STALL",0.00000000e+00
"22__256_8_2048_8",80,16,"SQ_LDS_BANK_CONFLICT",768.000000
"22__256_8_2048_8",80,16,"SQ_LDS_UNALIGNED_STALL",0.00000000e+00
"22__256_8_2048_16",80,16,"SQ_LDS_BANK_CONFLICT",1024.000000
"22__256_8_2048_16",80,16,"SQ_LDS_UNALIGNED_STALL",0.00000000e+00
"22__256_16",80,16,"SQ_LDS_BANK_CONFLICT",1536.000000
"22__256_16",80,16,"SQ_LDS_UNALIGNED_STALL",0.00000000e+00
"22__256_16_1024_8",100,16,"SQ_LDS_BANK_CONFLICT",768.000000
"22__256_16_1024_8",100,16,"SQ_LDS_UNALIGNED_STALL",0.00000000e+00
"22__256_16_1024_16",96,16,"SQ_LDS_BANK_CONFLICT",1024.000000
"22__256_16_1024_16",96,16,"SQ_LDS_UNALIGNED_STALL",0.00000000e+00
"23__64_8",80,16,"SQ_LDS_BANK_CONFLICT",2048.000000
"23__64_8",80,16,"SQ_LDS_UNALIGNED_STALL",0.00000000e+00
"23__64_8_512_8",88,16,"SQ_LDS_BANK_CONFLICT",256.000000
"23__64_8_512_8",88,16,"SQ_LDS_UNALIGNED_STALL",0.00000000e+00
"23__64_8_512_16",88,16,"SQ_LDS_BANK_CONFLICT",512.000000
"23__64_8_512_16",88,16,"SQ_LDS_UNALIGNED_STALL",0.00000000e+00
"23__64_16",80,16,"SQ_LDS_BANK_CONFLICT",2560.000000
"23__64_16",80,16,"SQ_LDS_UNALIGNED_STALL",0.00000000e+00
"23__64_16_256_8",88,16,"SQ_LDS_BANK_CONFLICT",512.000000
"23__64_16_256_8",88,16,"SQ_LDS_UNALIGNED_STALL",0.00000000e+00
"23__64_16_256_16",88,16,"SQ_LDS_BANK_CONFLICT",1536.000000
"23__64_16_256_16",88,16,"SQ_LDS_UNALIGNED_STALL",0.00000000e+00
"23__512_8",76,16,"SQ_LDS_BANK_CONFLICT",1792.000000
"23__512_8",76,16,"SQ_LDS_UNALIGNED_STALL",0.00000000e+00
"23__512_8_4096_8",76,16,"SQ_LDS_BANK_CONFLICT",1792.000000
"23__512_8_4096_8",76,16,"SQ_LDS_UNALIGNED_STALL",0.00000000e+00
"23__512_8_4096_16",76,16,"SQ_LDS_BANK_CONFLICT",1792.000000
"23__512_8_4096_16",76,16,"SQ_LDS_UNALIGNED_STALL",0.00000000e+00
"23__512_16",76,16,"SQ_LDS_BANK_CONFLICT",2048.000000
"23__512_16",76,16,"SQ_LDS_UNALIGNED_STALL",0.00000000e+00
"23__512_16_2048_8",76,16,"SQ_LDS_BANK_CONFLICT",1792.000000
"23__512_16_2048_8",76,16,"SQ_LDS_UNALIGNED_STALL",0.00000000e+00
"23__512_16_2048_16",76,16,"SQ_LDS_BANK_CONFLICT",2048.000000
"23__512_16_2048_16",76,16,"SQ_LDS_UNALIGNED_STALL",0.00000000e+00
"23__128_8",76,16,"SQ_LDS_BANK_CONFLICT",1024.000000
"23__128_8",76,16,"SQ_LDS_UNALIGNED_STALL",0.00000000e+00
"23__128_8_1024_8",76,16,"SQ_LDS_BANK_CONFLICT",256.000000
"23__128_8_1024_8",76,16,"SQ_LDS_UNALIGNED_STALL",0.00000000e+00
"23__128_8_1024_16",76,16,"SQ_LDS_BANK_CONFLICT",512.000000
"23__128_8_1024_16",76,16,"SQ_LDS_UNALIGNED_STALL",0.00000000e+00
"23__128_16",76,16,"SQ_LDS_BANK_CONFLICT",2560.000000
"23__128_16",76,16,"SQ_LDS_UNALIGNED_STALL",0.00000000e+00
"23__128_16_512_8",88,16,"SQ_LDS_BANK_CONFLICT",256.000000
"23__128_16_512_8",88,16,"SQ_LDS_UNALIGNED_STALL",0.00000000e+00
"23__128_16_512_16",88,16,"SQ_LDS_BANK_CONFLICT",1024.000000
"23__128_16_512_16",88,16,"SQ_LDS_UNALIGNED_STALL",0.00000000e+00
"23__256_8",76,16,"SQ_LDS_BANK_CONFLICT",1024.000000
"23__256_8",76,16,"SQ_LDS_UNALIGNED_STALL",0.00000000e+00
"23__256_8_2048_8",76,16,"SQ_LDS_BANK_CONFLICT",768.000000
"23__256_8_2048_8",76,16,"SQ_LDS_UNALIGNED_STALL",0.00000000e+00
"23__256_8_2048_16",76,16,"SQ_LDS_BANK_CONFLICT",1024.000000
"23__256_8_2048_16",76,16,"SQ_LDS_UNALIGNED_STALL",0.00000000e+00
"23__256_16",76,16,"SQ_LDS_BANK_CONFLICT",1536.000000
"23__256_16",76,16,"SQ_LDS_UNALIGNED_STALL",0.00000000e+00
"23__256_16_1024_8",76,16,"SQ_LDS_BANK_CONFLICT",768.000000
"23__256_16_1024_8",76,16,"SQ_LDS_UNALIGNED_STALL",0.00000000e+00
"23__256_16_1024_16",76,16,"SQ_LDS_BANK_CONFLICT",1024.000000
"23__256_16_1024_16",76,16,"SQ_LDS_UNALIGNED_STALL",0.00000000e+00
"24__128_4",84,16,"SQ_LDS_BANK_CONFLICT",1792.000000
"24__128_4",84,16,"SQ_LDS_UNALIGNED_STALL",0.00000000e+00
"24__128_4_2048_4",120,16,"SQ_LDS_BANK_CONFLICT",0.00000000e+00
"24__128_4_2048_4",120,16,"SQ_LDS_UNALIGNED_STALL",0.00000000e+00
"24__128_4_2048_8",120,16,"SQ_LDS_BANK_CONFLICT",256.000000
"24__128_4_2048_8",120,16,"SQ_LDS_UNALIGNED_STALL",0.00000000e+00
"24__128_4_2048_16",120,16,"SQ_LDS_BANK_CONFLICT",768.000000
"24__128_4_2048_16",120,16,"SQ_LDS_UNALIGNED_STALL",0.00000000e+00
"24__128_8",84,16,"SQ_LDS_BANK_CONFLICT",4096.000000
"24__128_8",84,16,"SQ_LDS_UNALIGNED_STALL",0.00000000e+00
"24__128_8_1024_4",120,16,"SQ_LDS_BANK_CONFLICT",0.00000000e+00
"24__128_8_1024_4",120,16,"SQ_LDS_UNALIGNED_STALL",0.00000000e+00
"24__128_8_1024_8",120,16,"SQ_LDS_BANK_CONFLICT",512.000000
"24__128_8_1024_8",120,16,"SQ_LDS_UNALIGNED_STALL",0.00000000e+00
"24__128_8_1024_16",120,16,"SQ_LDS_BANK_CONFLICT",1024.000000
"24__128_8_1024_16",120,16,"SQ_LDS_UNALIGNED_STALL",0.00000000e+00
"24__128_16",84,16,"SQ_LDS_BANK_CONFLICT",4608.000000
"24__128_16",84,16,"SQ_LDS_UNALIGNED_STALL",0.00000000e+00
"24__128_16_512_4",128,16,"SQ_LDS_BANK_CONFLICT",256.000000
"24__128_16_512_4",128,16,"SQ_LDS_UNALIGNED_STALL",0.00000000e+00
"24__128_16_512_8",124,16,"SQ_LDS_BANK_CONFLICT",1024.000000
"24__128_16_512_8",124,16,"SQ_LDS_UNALIGNED_STALL",0.00000000e+00
"24__128_16_512_16",124,16,"SQ_LDS_BANK_CONFLICT",2560.000000
"24__128_16_512_16",124,16,"SQ_LDS_UNALIGNED_STALL",0.00000000e+00
"24__1024_4",80,16,"SQ_LDS_BANK_CONFLICT",1792.000000
"24__1024_4",80,16,"SQ_LDS_UNALIGNED_STALL",0.00000000e+00
"24__1024_4_16384_4",80,16,"SQ_LDS_BANK_CONFLICT",1792.000000
"24__1024_4_16384_4",80,16,"SQ_LDS_UNALIGNED_STALL",0.00000000e+00
"24__1024_4_16384_8",80,16,"SQ_LDS_BANK_CONFLICT",1792.000000
"24__1024_4_16384_8",80,16,"SQ_LDS_UNALIGNED_STALL",0.00000000e+00
"24__1024_4_16384_16",80,16,"SQ_LDS_BANK_CONFLICT",1792.000000
"24__1024_4_16384_16",80,16,"SQ_LDS_UNALIGNED_STALL",0.00000000e+00
"24__1024_8",84,16,"SQ_LDS_BANK_CONFLICT",2048.000000
"24__1024_8",84,16,"SQ_LDS_UNALIGNED_STALL",0.00000000e+00
"24__1024_8_8192_4",84,16,"SQ_LDS_BANK_CONFLICT",1792.000000
"24__1024_8_8192_4",84,16,"SQ_LDS_UNALIGNED_STALL",0.00000000e+00
"24__1024_8_8192_8",84,16,"SQ_LDS_BANK_CONFLICT",2048.000000
"24__1024_8_8192_8",84,16,"SQ_LDS_UNALIGNED_STALL",0.00000000e+00
"24__1024_8_8192_16",84,16,"SQ_LDS_BANK_CONFLICT",2048.000000
"24__1024_8_8192_16",84,16,"SQ_LDS_UNALIGNED_STALL",0.00000000e+00
"24__1024_16",80,16,"SQ_LDS_BANK_CONFLICT",2560.000000
"24__1024_16",80,16,"SQ_LDS_UNALIGNED_STALL",0.00000000e+00
"24__1024_16_4096_4",84,16,"SQ_LDS_BANK_CONFLICT",1792.000000
"24__1024_16_4096_4",84,16,"SQ_LDS_UNALIGNED_STALL",0.00000000e+00
"24__1024_16_4096_8",84,16,"SQ_LDS_BANK_CONFLICT",2048.000000
"24__1024_16_4096_8",84,16,"SQ_LDS_UNALIGNED_STALL",0.00000000e+00
"24__1024_16_4096_16",84,16,"SQ_LDS_BANK_CONFLICT",2560.000000
"24__1024_16_4096_16",84,16,"SQ_LDS_UNALIGNED_STALL",0.00000000e+00
"24__64_4",84,16,"SQ_LDS_BANK_CONFLICT",4096.000000
"24__64_4",84,16,"SQ_LDS_UNALIGNED_STALL",0.00000000e+00
"24__64_4_1024_4",120,16,"SQ_LDS_BANK_CONFLICT",0.00000000e+00
"24__64_4_1024_4",120,16,"SQ_LDS_UNALIGNED_STALL",0.00000000e+00
"24__64_4_1024_8",120,16,"SQ_LDS_BANK_CONFLICT",512.000000
"24__64_4_1024_8",120,16,"SQ_LDS_UNALIGNED_STALL",0.00000000e+00
"24__64_4_1024_16",120,16,"SQ_LDS_BANK_CONFLICT",1024.000000
"24__64_4_1024_16",120,16,"SQ_LDS_UNALIGNED_STALL",0.00000000e+00
"24__64_8",84,16,"SQ_LDS_BANK_CONFLICT",4608.000000
"24__64_8",84,16,"SQ_LDS_UNALIGNED_STALL",0.00000000e+00
"24__64_8_512_4",128,16,"SQ_LDS_BANK_CONFLICT",256.000000
"24__64_8_512_4",128,16,"SQ_LDS_UNALIGNED_STALL",0.00000000e+00
"24__64_8_512_8",128,16,"SQ_LDS_BANK_CONFLICT",1024.000000
"24__64_8_512_8",128,16,"SQ_LDS_UNALIGNED_STALL",0.00000000e+00
"24__64_8_512_16",124,16,"SQ_LDS_BANK_CONFLICT",2560.000000
"24__64_8_512_16",124,16,"SQ_LDS_UNALIGNED_STALL",0.00000000e+00
"24__64_16",84,16,"SQ_LDS_BANK_CONFLICT",5632.000000
"24__64_16",84,16,"SQ_LDS_UNALIGNED_STALL",0.00000000e+00
"24__64_16_256_4",52,16,"SQ_LDS_BANK_CONFLICT",768.000000
"24__64_16_256_4",52,16,"SQ_LDS_UNALIGNED_STALL",0.00000000e+00
"24__64_16_256_8",52,16,"SQ_LDS_BANK_CONFLICT",2048.000000
"24__64_16_256_8",52,16,"SQ_LDS_UNALIGNED_STALL",0.00000000e+00
"24__64_16_256_16",52,16,"SQ_LDS_BANK_CONFLICT",4608.000000
"24__64_16_256_16",52,16,"SQ_LDS_UNALIGNED_STALL",0.00000000e+00
"24__256_4",84,16,"SQ_LDS_BANK_CONFLICT",1024.000000
"24__256_4",84,16,"SQ_LDS_UNALIGNED_STALL",0.00000000e+00
"24__256_4_4096_4",88,16,"SQ_LDS_BANK_CONFLICT",256.000000
"24__256_4_4096_4",88,16,"SQ_LDS_UNALIGNED_STALL",0.00000000e+00
"24__256_4_4096_8",84,16,"SQ_LDS_BANK_CONFLICT",512.000000
"24__256_4_4096_8",84,16,"SQ_LDS_UNALIGNED_STALL",0.00000000e+00
"24__256_4_4096_16",88,16,"SQ_LDS_BANK_CONFLICT",1024.000000
"24__256_4_4096_16",88,16,"SQ_LDS_UNALIGNED_STALL",0.00000000e+00
"24__256_8",76,16,"SQ_LDS_BANK_CONFLICT",2048.000000
"24__256_8",76,16,"SQ_LDS_UNALIGNED_STALL",0.00000000e+00
"24__256_8_2048_4",120,16,"SQ_LDS_BANK_CONFLICT",256.000000
"24__256_8_2048_4",120,16,"SQ_LDS_UNALIGNED_STALL",0.00000000e+00
"24__256_8_2048_8",120,16,"SQ_LDS_BANK_CONFLICT",512.000000
"24__256_8_2048_8",120,16,"SQ_LDS_UNALIGNED_STALL",0.00000000e+00
"24__256_8_2048_16",120,16,"SQ_LDS_BANK_CONFLICT",1024.000000
"24__256_8_2048_16",120,16,"SQ_LDS_UNALIGNED_STALL",0.00000000e+00
"24__256_16",84,16,"SQ_LDS_BANK_CONFLICT",4608.000000
"24__256_16",84,16,"SQ_LDS_UNALIGNED_STALL",0.00000000e+00
"24__256_16_1024_4",120,16,"SQ_LDS_BANK_CONFLICT",256.000000
"24__256_16_1024_4",120,16,"SQ_LDS_UNALIGNED_STALL",0.00000000e+00
"24__256_16_1024_8",120,16,"SQ_LDS_BANK_CONFLICT",512.000000
"24__256_16_1024_8",120,16,"SQ_LDS_UNALIGNED_STALL",0.00000000e+00
"24__256_16_1024_16",120,16,"SQ_LDS_BANK_CONFLICT",1536.000000
"24__256_16_1024_16",120,16,"SQ_LDS_UNALIGNED_STALL",0.00000000e+00
"24__512_4",84,16,"SQ_LDS_BANK_CONFLICT",1024.000000
"24__512_4",84,16,"SQ_LDS_UNALIGNED_STALL",0.00000000e+00
"24__512_4_8192_4",84,16,"SQ_LDS_BANK_CONFLICT",768.000000
"24__512_4_8192_4",84,16,"SQ_LDS_UNALIGNED_STALL",0.00000000e+00
"24__512_4_8192_8",84,16,"SQ_LDS_BANK_CONFLICT",1024.000000
"24__512_4_8192_8",84,16,"SQ_LDS_UNALIGNED_STALL",0.00000000e+00
"24__512_4_8192_16",84,16,"SQ_LDS_BANK_CONFLICT",1024.000000
"24__512_4_8192_16",84,16,"SQ_LDS_UNALIGNED_STALL",0.00000000e+00
"24__512_8",84,16,"SQ_LDS_BANK_CONFLICT",1536.000000
"24__512_8",84,16,"SQ_LDS_UNALIGNED_STALL",0.00000000e+00
"24__512_8_4096_4",84,16,"SQ_LDS_BANK_CONFLICT",768.000000
"24__512_8_4096_4",84,16,"SQ_LDS_UNALIGNED_STALL",0.00000000e+00
"24__512_8_4096_8",88,16,"SQ_LDS_BANK_CONFLICT",1024.000000
"24__512_8_4096_8",88,16,"SQ_LDS_UNALIGNED_STALL",0.00000000e+00
"24__512_8_4096_16",84,16,"SQ_LDS_BANK_CONFLICT",1536.000000
"24__512_8_4096_16",84,16,"SQ_LDS_UNALIGNED_STALL",0.00000000e+00
"24__512_16",84,16,"SQ_LDS_BANK_CONFLICT",2560.000000
"24__512_16",84,16,"SQ_LDS_UNALIGNED_STALL",0.00000000e+00
"24__512_16_2048_4",120,16,"SQ_LDS_BANK_CONFLICT",768.000000
"24__512_16_2048_4",120,16,"SQ_LDS_UNALIGNED_STALL",0.00000000e+00
"24__512_16_2048_8",120,16,"SQ_LDS_BANK_CONFLICT",1024.000000
"24__512_16_2048_8",120,16,"SQ_LDS_UNALIGNED_STALL",0.00000000e+00
"24__512_16_2048_16",120,16,"SQ_LDS_BANK_CONFLICT",1536.000000
"24__512_16_2048_16",120,16,"SQ_LDS_UNALIGNED_STALL",0.00000000e+00
"25__128_4",80,16,"SQ_LDS_BANK_CONFLICT",1792.000000
"25__128_4",80,16,"SQ_LDS_UNALIGNED_STALL",0.00000000e+00
"25__128_4_2048_4",80,16,"SQ_LDS_BANK_CONFLICT",0.00000000e+00
"25__128_4_2048_4",80,16,"SQ_LDS_UNALIGNED_STALL",0.00000000e+00
"25__128_4_2048_8",80,16,"SQ_LDS_BANK_CONFLICT",256.000000
"25__128_4_2048_8",80,16,"SQ_LDS_UNALIGNED_STALL",0.00000000e+00
"25__128_4_2048_16",80,16,"SQ_LDS_BANK_CONFLICT",768.000000
"25__128_4_2048_16",80,16,"SQ_LDS_UNALIGNED_STALL",0.00000000e+00
"25__128_8",80,16,"SQ_LDS_BANK_CONFLICT",4096.000000
"25__128_8",80,16,"SQ_LDS_UNALIGNED_STALL",0.00000000e+00
"25__128_8_1024_4",96,16,"SQ_LDS_BANK_CONFLICT",0.00000000e+00
"25__128_8_1024_4",96,16,"SQ_LDS_UNALIGNED_STALL",0.00000000e+00
"25__128_8_1024_8",96,16,"SQ_LDS_BANK_CONFLICT",512.000000
"25__128_8_1024_8",96,16,"SQ_LDS_UNALIGNED_STALL",0.00000000e+00
"25__128_8_1024_16",96,16,"SQ_LDS_BANK_CONFLICT",1024.000000
"25__128_8_1024_16",96,16,"SQ_LDS_UNALIGNED_STALL",0.00000000e+00
"25__128_16",80,16,"SQ_LDS_BANK_CONFLICT",4608.000000
"25__128_16",80,16,"SQ_LDS_UNALIGNED_STALL",0.00000000e+00
"25__128_16_512_4",124,16,"SQ_LDS_BANK_CONFLICT",256.000000
"25__128_16_512_4",124,16,"SQ_LDS_UNALIGNED_STALL",0.00000000e+00
"25__128_16_512_8",128,16,"SQ_LDS_BANK_CONFLICT",1024.000000
"25__128_16_512_8",128,16,"SQ_LDS_UNALIGNED_STALL",0.00000000e+00
"25__128_16_512_16",128,16,"SQ_LDS_BANK_CONFLICT",2560.000000
"25__128_16_512_16",128,16,"SQ_LDS_UNALIGNED_STALL",0.00000000e+00
"25__1024_4",80,16,"SQ_LDS_BANK_CONFLICT",1792.000000
"25__1024_4",80,16,"SQ_LDS_UNALIGNED_STALL",0.00000000e+00
"25__1024_4_16384_4",80,16,"SQ_LDS_BANK_CONFLICT",1792.000000
"25__1024_4_16384_4",80,16,"SQ_LDS_UNALIGNED_STALL",0.00000000e+00
"25__1024_4_16384_8",80,16,"SQ_LDS_BANK_CONFLICT",1792.000000
"25__1024_4_16384_8",80,16,"SQ_LDS_UNALIGNED_STALL",0.00000000e+00
"25__1024_4_16384_16",80,16,"SQ_LDS_BANK_CONFLICT",1792.000000
"25__1024_4_16384_16",80,16,"SQ_LDS_UNALIGNED_STALL",0.00000000e+00
"25__1024_8",80,16,"SQ_LDS_BANK_CONFLICT",2048.000000
"25__1024_8",80,16,"SQ_LDS_UNALIGNED_STALL",0.00000000e+00
"25__1024_8_8192_4",80,16,"SQ_LDS_BANK_CONFLICT",1792.000000
"25__1024_8_8192_4",80,16,"SQ_LDS_UNALIGNED_STALL",0.00000000e+00
"25__1024_8_8192_8",80,16,"SQ_LDS_BANK_CONFLICT",2048.000000
"25__1024_8_8192_8",80,16,"SQ_LDS_UNALIGNED_STALL",0.00000000e+00
"25__1024_8_8192_16",80,16,"SQ_LDS_BANK_CONFLICT",2048.000000
"25__1024_8_8192_16",80,16,"SQ_LDS_UNALIGNED_STALL",0.00000000e+00
"25__1024_16",80,16,"SQ_LDS_BANK_CONFLICT",2560.000000
"25__1024_16",80,16,"SQ_LDS_UNALIGNED_STALL",0.00000000e+00
"25__1024_16_4096_4",80,16,"SQ_LDS_BANK_CONFLICT",1792.000000
"25__1024_16_4096_4",80,16,"SQ_LDS_UNALIGNED_STALL",0.00000000e+00
"25__1024_16_4096_8",80,16,"SQ_LDS_BANK_CONFLICT",2048.000000
"25__1024_16_4096_8",80,16,"SQ_LDS_UNALIGNED_STALL",0.00000000e+00
"25__1024_16_4096_16",80,16,"SQ_LDS_BANK_CONFLICT",2560.000000
"25__1024_16_4096_16",80,16,"SQ_LDS_UNALIGNED_STALL",0.00000000e+00
"25__64_4",80,16,"SQ_LDS_BANK_CONFLICT",4096.000000
"25__64_4",80,16,"SQ_LDS_UNALIGNED_STALL",0.00000000e+00
"25__64_4_1024_4",96,16,"SQ_LDS_BANK_CONFLICT",0.00000000e+00
"25__64_4_1024_4",96,16,"SQ_LDS_UNALIGNED_STALL",0.00000000e+00
"25__64_4_1024_8",96,16,"SQ_LDS_BANK_CONFLICT",512.000000
"25__64_4_1024_8",96,16,"SQ_LDS_UNALIGNED_STALL",0.00000000e+00
"25__64_4_1024_16",96,16,"SQ_LDS_BANK_CONFLICT",1024.000000
"25__64_4_1024_16",96,16,"SQ_LDS_UNALIGNED_STALL",0.00000000e+00
"25__64_8",80,16,"SQ_LDS_BANK_CONFLICT",4608.000000
"25__64_8",80,16,"SQ_LDS_UNALIGNED_STALL",0.00000000e+00
"25__64_8_512_4",124,16,"SQ_LDS_BANK_CONFLICT",256.000000
"25__64_8_512_4",124,16,"SQ_LDS_UNALIGNED_STALL",0.00000000e+00
"25__64_8_512_8",128,16,"SQ_LDS_BANK_CONFLICT",1024.000000
"25__64_8_512_8",128,16,"SQ_LDS_UNALIGNED_STALL",0.00000000e+00
"25__64_8_512_16",124,16,"SQ_LDS_BANK_CONFLICT",2560.000000
"25__64_8_512_16",124,16,"SQ_LDS_UNALIGNED_STALL",0.00000000e+00
"25__64_16",80,16,"SQ_LDS_BANK_CONFLICT",5632.000000
"25__64_16",80,16,"SQ_LDS_UNALIGNED_STALL",0.00000000e+00
"25__64_16_256_4",52,16,"SQ_LDS_BANK_CONFLICT",768.000000
"25__64_16_256_4",52,16,"SQ_LDS_UNALIGNED_STALL",0.00000000e+00
"25__64_16_256_8",52,16,"SQ_LDS_BANK_CONFLICT",2048.000000
"25__64_16_256_8",52,16,"SQ_LDS_UNALIGNED_STALL",0.00000000e+00
"25__64_16_256_16",52,16,"SQ_LDS_BANK_CONFLICT",4608.000000
"25__64_16_256_16",52,16,"SQ_LDS_UNALIGNED_STALL",0.00000000e+00
"25__256_4",80,16,"SQ_LDS_BANK_CONFLICT",1024.000000
"25__256_4",80,16,"SQ_LDS_UNALIGNED_STALL",0.00000000e+00
"25__256_4_4096_4",80,16,"SQ_LDS_BANK_CONFLICT",256.000000
"25__256_4_4096_4",80,16,"SQ_LDS_UNALIGNED_STALL",0.00000000e+00
"25__256_4_4096_8",80,16,"SQ_LDS_BANK_CONFLICT",512.000000
"25__256_4_4096_8",80,16,"SQ_LDS_UNALIGNED_STALL",0.00000000e+00
"25__256_4_4096_16",80,16,"SQ_LDS_BANK_CONFLICT",1024.000000
"25__256_4_4096_16",80,16,"SQ_LDS_UNALIGNED_STALL",0.00000000e+00
"25__256_8",80,16,"SQ_LDS_BANK_CONFLICT",2048.000000
"25__256_8",80,16,"SQ_LDS_UNALIGNED_STALL",0.00000000e+00
"25__256_8_2048_4",80,16,"SQ_LDS_BANK_CONFLICT",256.000000
"25__256_8_2048_4",80,16,"SQ_LDS_UNALIGNED_STALL",0.00000000e+00
"25__256_8_2048_8",80,16,"SQ_LDS_BANK_CONFLICT",512.000000
"25__256_8_2048_8",80,16,"SQ_LDS_UNALIGNED_STALL",0.00000000e+00
"25__256_8_2048_16",80,16,"SQ_LDS_BANK_CONFLICT",1024.000000
"25__256_8_2048_16",80,16,"SQ_LDS_UNALIGNED_STALL",0.00000000e+00
"25__256_16",80,16,"SQ_LDS_BANK_CONFLICT",4608.000000
"25__256_16",80,16,"SQ_LDS_UNALIGNED_STALL",0.00000000e+00
"25__256_16_1024_4",96,16,"SQ_LDS_BANK_CONFLICT",256.000000
"25__256_16_1024_4",96,16,"SQ_LDS_UNALIGNED_STALL",0.00000000e+00
"25__256_16_1024_8",96,16,"SQ_LDS_BANK_CONFLICT",512.000000
"25__256_16_1024_8",96,16,"SQ_LDS_UNALIGNED_STALL",0.00000000e+00
"25__256_16_1024_16",96,16,"SQ_LDS_BANK_CONFLICT",1536.000000
"25__256_16_1024_16",96,16,"SQ_LDS_UNALIGNED_STALL",0.00000000e+00
"25__512_4",80,16,"SQ_LDS_BANK_CONFLICT",1024.000000
"25__512_4",80,16,"SQ_LDS_UNALIGNED_STALL",0.00000000e+00
"25__512_4_8192_4",80,16,"SQ_LDS_BANK_CONFLICT",768.000000
"25__512_4_8192_4",80,16,"SQ_LDS_UNALIGNED_STALL",0.00000000e+00
"25__512_4_8192_8",80,16,"SQ_LDS_BANK_CONFLICT",1024.000000
"25__512_4_8192_8",80,16,"SQ_LDS_UNALIGNED_STALL",0.00000000e+00
"25__512_4_8192_16",80,16,"SQ_LDS_BANK_CONFLICT",1024.000000
"25__512_4_8192_16",80,16,"SQ_LDS_UNALIGNED_STALL",0.00000000e+00
"25__512_8",80,16,"SQ_LDS_BANK_CONFLICT",1536.000000
"25__512_8",80,16,"SQ_LDS_UNALIGNED_STALL",0.00000000e+00
"25__512_8_4096_4",80,16,"SQ_LDS_BANK_CONFLICT",768.000000
"25__512_8_4096_4",80,16,"SQ_LDS_UNALIGNED_STALL",0.00000000e+00
"25__512_8_4096_8",80,16,"SQ_LDS_BANK_CONFLICT",1024.000000
"25__512_8_4096_8",80,16,"SQ_LDS_UNALIGNED_STALL",0.00000000e+00
"25__512_8_4096_16",80,16,"SQ_LDS_BANK_CONFLICT",1536.000000
"25__512_8_4096_16",80,16,"SQ_LDS_UNALIGNED_STALL",0.00000000e+00
"25__512_16",80,16,"SQ_LDS_BANK_CONFLICT",2560.000000
"25__512_16",80,16,"SQ_LDS_UNALIGNED_STALL",0.00000000e+00
"25__512_16_2048_4",80,16,"SQ_LDS_BANK_CONFLICT",768.000000
"25__512_16_2048_4",80,16,"SQ_LDS_UNALIGNED_STALL",0.00000000e+00
"25__512_16_2048_8",80,16,"SQ_LDS_BANK_CONFLICT",1024.000000
"25__512_16_2048_8",80,16,"SQ_LDS_UNALIGNED_STALL",0.00000000e+00
"25__512_16_2048_16",80,16,"SQ_LDS_BANK_CONFLICT",1536.000000
"25__512_16_2048_16",80,16,"SQ_LDS_UNALIGNED_STALL",0.00000000e+00
"26__128_4",92,16,"SQ_LDS_BANK_CONFLICT",1792.000000
"26__128_4",92,16,"SQ_LDS_UNALIGNED_STALL",0.00000000e+00
"26__128_4_2048_4",120,16,"SQ_LDS_BANK_CONFLICT",0.00000000e+00
"26__128_4_2048_4",120,16,"SQ_LDS_UNALIGNED_STALL",0.00000000e+00
"26__128_4_2048_8",120,16,"SQ_LDS_BANK_CONFLICT",256.000000
"26__128_4_2048_8",120,16,"SQ_LDS_UNALIGNED_STALL",0.00000000e+00
"26__128_4_2048_16",120,16,"SQ_LDS_BANK_CONFLICT",768.000000
"26__128_4_2048_16",120,16,"SQ_LDS_UNALIGNED_STALL",0.00000000e+00
"26__128_8",92,16,"SQ_LDS_BANK_CONFLICT",4096.000000
"26__128_8",92,16,"SQ_LDS_UNALIGNED_STALL",0.00000000e+00
"26__128_8_1024_4",120,16,"SQ_LDS_BANK_CONFLICT",0.00000000e+00
"26__128_8_1024_4",120,16,"SQ_LDS_UNALIGNED_STALL",0.00000000e+00
"26__128_8_1024_8",120,16,"SQ_LDS_BANK_CONFLICT",512.000000
"26__128_8_1024_8",120,16,"SQ_LDS_UNALIGNED_STALL",0.00000000e+00
"26__128_8_1024_16",120,16,"SQ_LDS_BANK_CONFLICT",1024.000000
"26__128_8_1024_16",120,16,"SQ_LDS_UNALIGNED_STALL",0.00000000e+00
"26__128_16",92,16,"SQ_LDS_BANK_CONFLICT",4608.000000
"26__128_16",92,16,"SQ_LDS_UNALIGNED_STALL",0.00000000e+00
"26__128_16_512_4",120,16,"SQ_LDS_BANK_CONFLICT",256.000000
"26__128_16_512_4",120,16,"SQ_LDS_UNALIGNED_STALL",0.00000000e+00
"26__128_16_512_8",120,16,"SQ_LDS_BANK_CONFLICT",1024.000000
"26__128_16_512_8",120,16,"SQ_LDS_UNALIGNED_STALL",0.00000000e+00
"26__128_16_512_16",120,16,"SQ_LDS_BANK_CONFLICT",2560.000000
"26__128_16_512_16",120,16,"SQ_LDS_UNALIGNED_STALL",0.00000000e+00
"26__1024_4",96,16,"SQ_LDS_BANK_CONFLICT",1792.000000
"26__1024_4",96,16,"SQ_LDS_UNALIGNED_STALL",0.00000000e+00
"26__1024_4_16384_4",96,16,"SQ_LDS_BANK_CONFLICT",1792.000000
"26__1024_4_16384_4",96,16,"SQ_LDS_UNALIGNED_STALL",0.00000000e+00
"26__1024_4_16384_8",96,16,"SQ_LDS_BANK_CONFLICT",1792.000000
"26__1024_4_16384_8",96,16,"SQ_LDS_UNALIGNED_STALL",0.00000000e+00
"26__1024_4_16384_16",96,16,"SQ_LDS_BANK_CONFLICT",1792.000000
"26__1024_4_16384_16",96,16,"SQ_LDS_UNALIGNED_STALL",0.00000000e+00
"26__1024_8",96,16,"SQ_LDS_BANK_CONFLICT",2048.000000
"26__1024_8",96,16,"SQ_LDS_UNALIGNED_STALL",0.00000000e+00
"26__1024_8_8192_4",88,16,"SQ_LDS_BANK_CONFLICT",1792.000000
"26__1024_8_8192_4",88,16,"SQ_LDS_UNALIGNED_STALL",0.00000000e+00
"26__1024_8_8192_8",88,16,"SQ_LDS_BANK_CONFLICT",2048.000000
"26__1024_8_8192_8",88,16,"SQ_LDS_UNALIGNED_STALL",0.00000000e+00
"26__1024_8_8192_16",88,16,"SQ_LDS_BANK_CONFLICT",2048.000000
"26__1024_8_8192_16",88,16,"SQ_LDS_UNALIGNED_STALL",0.00000000e+00
"26__1024_16",96,16,"SQ_LDS_BANK_CONFLICT",2560.000000
"26__1024_16",96,16,"SQ_LDS_UNALIGNED_STALL",0.00000000e+00
"26__1024_16_4096_4",88,16,"SQ_LDS_BANK_CONFLICT",1792.000000
"26__1024_16_4096_4",88,16,"SQ_LDS_UNALIGNED_STALL",0.00000000e+00
"26__1024_16_4096_8",92,16,"SQ_LDS_BANK_CONFLICT",2048.000000
"26__1024_16_4096_8",92,16,"SQ_LDS_UNALIGNED_STALL",0.00000000e+00
"26__1024_16_4096_16",88,16,"SQ_LDS_BANK_CONFLICT",2560.000000
"26__1024_16_4096_16",88,16,"SQ_LDS_UNALIGNED_STALL",0.00000000e+00
"26__64_4",84,16,"SQ_LDS_BANK_CONFLICT",4096.000000
"26__64_4",84,16,"SQ_LDS_UNALIGNED_STALL",0.00000000e+00
"26__64_4_1024_4",120,16,"SQ_LDS_BANK_CONFLICT",0.00000000e+00
"26__64_4_1024_4",120,16,"SQ_LDS_UNALIGNED_STALL",0.00000000e+00
"26__64_4_1024_8",120,16,"SQ_LDS_BANK_CONFLICT",512.000000
"26__64_4_1024_8",120,16,"SQ_LDS_UNALIGNED_STALL",0.00000000e+00
"26__64_4_1024_16",120,16,"SQ_LDS_BANK_CONFLICT",1024.000000
"26__64_4_1024_16",120,16,"SQ_LDS_UNALIGNED_STALL",0.00000000e+00
"26__64_8",84,16,"SQ_LDS_BANK_CONFLICT",4608.000000
"26__64_8",84,16,"SQ_LDS_UNALIGNED_STALL",0.00000000e+00
"26__64_8_512_4",120,16,"SQ_LDS_BANK_CONFLICT",256.000000
"26__64_8_512_4",120,16,"SQ_LDS_UNALIGNED_STALL",0.00000000e+00
"26__64_8_512_8",120,16,"SQ_LDS_BANK_CONFLICT",1024.000000
"26__64_8_512_8",120,16,"SQ_LDS_UNALIGNED_STALL",0.00000000e+00
"26__64_8_512_16",120,16,"SQ_LDS_BANK_CONFLICT",2560.000000
"26__64_8_512_16",120,16,"SQ_LDS_UNALIGNED_STALL",0.00000000e+00
"26__64_16",84,16,"SQ_LDS_BANK_CONFLICT",5632.000000
"26__64_16",84,16,"SQ_LDS_UNALIGNED_STALL",0.00000000e+00
"26__64_16_256_4",120,16,"SQ_LDS_BANK_CONFLICT",768.000000
"26__64_16_256_4",120,16,"SQ_LDS_UNALIGNED_STALL",0.00000000e+00
"26__64_16_256_8",120,16,"SQ_LDS_BANK_CONFLICT",2048.000000
"26__64_16_256_8",120,16,"SQ_LDS_UNALIGNED_STALL",0.00000000e+00
"26__64_16_256_16",120,16,"SQ_LDS_BANK_CONFLICT",4608.000000
"26__64_16_256_16",120,16,"SQ_LDS_UNALIGNED_STALL",0.00000000e+00
"26__256_4",92,16,"SQ_LDS_BANK_CONFLICT",1024.000000
"26__256_4",92,16,"SQ_LDS_UNALIGNED_STALL",0.00000000e+00
"26__256_4_4096_4",92,16,"SQ_LDS_BANK_CONFLICT",256.000000
"26__256_4_4096_4",92,16,"SQ_LDS_UNALIGNED_STALL",0.00000000e+00
"26__256_4_4096_8",96,16,"SQ_LDS_BANK_CONFLICT",512.000000
"26__256_4_4096_8",96,16,"SQ_LDS_UNALIGNED_STALL",0.00000000e+00
"26__256_4_4096_16",96,16,"SQ_LDS_BANK_CONFLICT",1024.000000
"26__256_4_4096_16",96,16,"SQ_LDS_UNALIGNED_STALL",0.00000000e+00
"26__256_8",92,16,"SQ_LDS_BANK_CONFLICT",2048.000000
"26__256_8",92,16,"SQ_LDS_UNALIGNED_STALL",0.00000000e+00
"26__256_8_2048_4",120,16,"SQ_LDS_BANK_CONFLICT",256.000000
"26__256_8_2048_4",120,16,"SQ_LDS_UNALIGNED_STALL",0.00000000e+00
"26__256_8_2048_8",120,16,"SQ_LDS_BANK_CONFLICT",512.000000
"26__256_8_2048_8",120,16,"SQ_LDS_UNALIGNED_STALL",0.00000000e+00
"26__256_8_2048_16",120,16,"SQ_LDS_BANK_CONFLICT",1024.000000
"26__256_8_2048_16",120,16,"SQ_LDS_UNALIGNED_STALL",0.00000000e+00
"26__256_16",92,16,"SQ_LDS_BANK_CONFLICT",4608.000000
"26__256_16",92,16,"SQ_LDS_UNALIGNED_STALL",0.00000000e+00
"26__256_16_1024_4",120,16,"SQ_LDS_BANK_CONFLICT",256.000000
"26__256_16_1024_4",120,16,"SQ_LDS_UNALIGNED_STALL",0.00000000e+00
"26__256_16_1024_8",120,16,"SQ_LDS_BANK_CONFLICT",512.000000
"26__256_16_1024_8",120,16,"SQ_LDS_UNALIGNED_STALL",0.00000000e+00
"26__256_16_1024_16",120,16,"SQ_LDS_BANK_CONFLICT",1536.000000
"26__256_16_1024_16",120,16,"SQ_LDS_UNALIGNED_STALL",0.00000000e+00
"26__512_4",92,16,"SQ_LDS_BANK_CONFLICT",1024.000000
"26__512_4",92,16,"SQ_LDS_UNALIGNED_STALL",0.00000000e+00
"26__512_4_8192_4",92,16,"SQ_LDS_BANK_CONFLICT",768.000000
"26__512_4_8192_4",92,16,"SQ_LDS_UNALIGNED_STALL",0.00000000e+00
"26__512_4_8192_8",92,16,"SQ_LDS_BANK_CONFLICT",1024.000000
"26__512_4_8192_8",92,16,"SQ_LDS_UNALIGNED_STALL",0.00000000e+00
"26__512_4_8192_16",92,16,"SQ_LDS_BANK_CONFLICT",1024.000000
"26__512_4_8192_16",92,16,"SQ_LDS_UNALIGNED_STALL",0.00000000e+00
"26__512_8",92,16,"SQ_LDS_BANK_CONFLICT",1536.000000
"26__512_8",92,16,"SQ_LDS_UNALIGNED_STALL",0.00000000e+00
"26__512_8_4096_4",92,16,"SQ_LDS_BANK_CONFLICT",768.000000
"26__512_8_4096_4",92,16,"SQ_LDS_UNALIGNED_STALL",0.00000000e+00
"26__512_8_4096_8",92,16,"SQ_LDS_BANK_CONFLICT",1024.000000
"26__512_8_4096_8",92,16,"SQ_LDS_UNALIGNED_STALL",0.00000000e+00
"26__512_8_4096_16",92,16,"SQ_LDS_BANK_CONFLICT",1536.000000
"26__512_8_4096_16",92,16,"SQ_LDS_UNALIGNED_STALL",0.00000000e+00
"26__512_16",92,16,"SQ_LDS_BANK_CONFLICT",2560.000000
"26__512_16",92,16,"SQ_LDS_UNALIGNED_STALL",0.00000000e+00
"26__512_16_2048_4",120,16,"SQ_LDS_BANK_CONFLICT",768.000000
"26__512_16_2048_4",120,16,"SQ_LDS_UNALIGNED_STALL",0.00000000e+00
"26__512_16_2048_8",120,16,"SQ_LDS_BANK_CONFLICT",1024.000000
"26__512_16_2048_8",120,16,"SQ_LDS_UNALIGNED_STALL",0.00000000e+00
"26__512_16_2048_16",120,16,"SQ_LDS_BANK_CONFLICT",1536.000000
"26__512_16_2048_16",120,16,"SQ_LDS_UNALIGNED_STALL",0.00000000e+00
"27__128_4",44,16,"SQ_LDS_BANK_CONFLICT",1792.000000
"27__128_4",44,16,"SQ_LDS_UNALIGNED_STALL",0.00000000e+00
"27__128_4_2048_4",44,16,"SQ_LDS_BANK_CONFLICT",0.00000000e+00
"27__128_4_2048_4",44,16,"SQ_LDS_UNALIGNED_STALL",0.00000000e+00
"27__128_4_2048_8",44,16,"SQ_LDS_BANK_CONFLICT",256.000000
"27__128_4_2048_8",44,16,"SQ_LDS_UNALIGNED_STALL",0.00000000e+00
"27__128_4_2048_16",44,16,"SQ_LDS_BANK_CONFLICT",768.000000
"27__128_4_2048_16",44,16,"SQ_LDS_UNALIGNED_STALL",0.00000000e+00
"27__128_8",44,16,"SQ_LDS_BANK_CONFLICT",4096.000000
"27__128_8",44,16,"SQ_LDS_UNALIGNED_STALL",0.00000000e+00
"27__128_8_1024_4",44,16,"SQ_LDS_BANK_CONFLICT",0.00000000e+00
"27__128_8_1024_4",44,16,"SQ_LDS_UNALIGNED_STALL",0.00000000e+00
"27__128_8_1024_8",44,16,"SQ_LDS_BANK_CONFLICT",512.000000
"27__128_8_1024_8",44,16,"SQ_LDS_UNALIGNED_STALL",0.00000000e+00
"27__128_8_1024_16",44,16,"SQ_LDS_BANK_CONFLICT",1024.000000
"27__128_8_1024_16",44,16,"SQ_LDS_UNALIGNED_STALL",0.00000000e+00
"27__128_16",44,16,"SQ_LDS_BANK_CONFLICT",4608.000000
"27__128_16",44,16,"SQ_LDS_UNALIGNED_STALL",0.00000000e+00
"27__128_16_512_4",44,16,"SQ_LDS_BANK_CONFLICT",256.000000
"27__128_16_512_4",44,16,"SQ_LDS_UNALIGNED_STALL",0.00000000e+00
"27__128_16_512_8",20,16,"SQ_LDS_BANK_CONFLICT",1024.000000
"27__128_16_512_8",20,16,"SQ_LDS_UNALIGNED_STALL",0.00000000e+00
"27__128_16_512_16",44,16,"SQ_LDS_BANK_CONFLICT",2560.000000
"27__128_16_512_16",44,16,"SQ_LDS_UNALIGNED_STALL",0.00000000e+00
"27__1024_4",44,16,"SQ_LDS_BANK_CONFLICT",1792.000000
"27__1024_4",44,16,"SQ_LDS_UNALIGNED_STALL",0.00000000e+00
"27__1024_4_16384_4",44,16,"SQ_LDS_BANK_CONFLICT",1792.000000
"27__1024_4_16384_4",44,16,"SQ_LDS_UNALIGNED_STALL",0.00000000e+00
"27__1024_4_16384_8",44,16,"SQ_LDS_BANK_CONFLICT",1792.000000
"27__1024_4_16384_8",44,16,"SQ_LDS_UNALIGNED_STALL",0.00000000e+00
"27__1024_4_16384_16",44,16,"SQ_LDS_BANK_CONFLICT",1792.000000
"27__1024_4_16384_16",44,16,"SQ_LDS_UNALIGNED_STALL",0.00000000e+00
"27__1024_8",44,16,"SQ_LDS_BANK_CONFLICT",2048.000000
"27__1024_8",44,16,"SQ_LDS_UNALIGNED_STALL",0.00000000e+00
"27__1024_8_8192_4",44,16,"SQ_LDS_BANK_CONFLICT",1792.000000
"27__1024_8_8192_4",44,16,"SQ_LDS_UNALIGNED_STALL",0.00000000e+00
"27__1024_8_8192_8",44,16,"SQ_LDS_BANK_CONFLICT",2048.000000
"27__1024_8_8192_8",44,16,"SQ_LDS_UNALIGNED_STALL",0.00000000e+00
"27__1024_8_8192_16",44,16,"SQ_LDS_BANK_CONFLICT",2048.000000
"27__1024_8_8192_16",44,16,"SQ_LDS_UNALIGNED_STALL",0.00000000e+00
"27__1024_16",44,16,"SQ_LDS_BANK_CONFLICT",2560.000000
"27__1024_16",44,16,"SQ_LDS_UNALIGNED_STALL",0.00000000e+00
"27__1024_16_4096_4",44,16,"SQ_LDS_BANK_CONFLICT",1792.000000
"27__1024_16_4096_4",44,16,"SQ_LDS_UNALIGNED_STALL",0.00000000e+00
"27__1024_16_4096_8",44,16,"SQ_LDS_BANK_CONFLICT",2048.000000
"27__1024_16_4096_8",44,16,"SQ_LDS_UNALIGNED_STALL",0.00000000e+00
"27__1024_16_4096_16",44,16,"SQ_LDS_BANK_CONFLICT",2560.000000
"27__1024_16_4096_16",44,16,"SQ_LDS_UNALIGNED_STALL",0.00000000e+00
"27__64_4",44,16,"SQ_LDS_BANK_CONFLICT",4096.000000
"27__64_4",44,16,"SQ_LDS_UNALIGNED_STALL",0.00000000e+00
"27__64_4_1024_4",44,16,"SQ_LDS_BANK_CONFLICT",0.00000000e+00
"27__64_4_1024_4",44,16,"SQ_LDS_UNALIGNED_STALL",0.00000000e+00
"27__64_4_1024_8",44,16,"SQ_LDS_BANK_CONFLICT",512.000000
"27__64_4_1024_8",44,16,"SQ_LDS_UNALIGNED_STALL",0.00000000e+00
"27__64_4_1024_16",44,16,"SQ_LDS_BANK_CONFLICT",1024.000000
"27__64_4_1024_16",44,16,"SQ_LDS_UNALIGNED_STALL",0.00000000e+00
"27__64_8",44,16,"SQ_LDS_BANK_CONFLICT",4608.000000
"27__64_8",44,16,"SQ_LDS_UNALIGNED_STALL",0.00000000e+00
"27__64_8_512_4",44,16,"SQ_LDS_BANK_CONFLICT",256.000000
"27__64_8_512_4",44,16,"SQ_LDS_UNALIGNED_STALL",0.00000000e+00
"27__64_8_512_8",44,16,"SQ_LDS_BANK_CONFLICT",1024.000000
"27__64_8_512_8",44,16,"SQ_LDS_UNALIGNED_STALL",0.00000000e+00
"27__64_8_512_16",44,16,"SQ_LDS_BANK_CONFLICT",2560.000000
"27__64_8_512_16",44,16,"SQ_LDS_UNALIGNED_STALL",0.00000000e+00
"27__64_16",44,16,"SQ_LDS_BANK_CONFLICT",5632.000000
"27__64_16",44,16,"SQ_LDS_UNALIGNED_STALL",0.00000000e+00
"27__64_16_256_4",20,16,"SQ_LDS_BANK_CONFLICT",768.000000
"27__64_16_256_4",20,16,"SQ_LDS_UNALIGNED_STALL",0.00000000e+00
"27__64_16_256_8",48,16,"SQ_LDS_BANK_CONFLICT",2048.000000
"27__64_16_256_8",48,16,"SQ_LDS_UNALIGNED_STALL",0.00000000e+00
"27__64_16_256_16",48,16,"SQ_LDS_BANK_CONFLICT",4608.000000
"27__64_16_256_16",48,16,"SQ_LDS_UNALIGNED_STALL",0.00000000e+00
"27__256_4",44,16,"SQ_LDS_BANK_CONFLICT",1024.000000
"27__256_4",44,16,"SQ_LDS_UNALIGNED_STALL",0.00000000e+00
"27__256_4_4096_4",44,16,"SQ_LDS_BANK_CONFLICT",256.000000
"27__256_4_4096_4",44,16,"SQ_LDS_UNALIGNED_STALL",0.00000000e+00
"27__256_4_4096_8",44,16,"SQ_LDS_BANK_CONFLICT",512.000000
"27__256_4_4096_8",44,16,"SQ_LDS_UNALIGNED_STALL",0.00000000e+00
"27__256_4_4096_16",44,16,"SQ_LDS_BANK_CONFLICT",1024.000000
"27__256_4_4096_16",44,16,"SQ_LDS_UNALIGNED_STALL",0.00000000e+00
"27__256_8",44,16,"SQ_LDS_BANK_CONFLICT",2048.000000
"27__256_8",44,16,"SQ_LDS_UNALIGNED_STALL",0.00000000e+00
"27__256_8_2048_4",44,16,"SQ_LDS_BANK_CONFLICT",256.000000
"27__256_8_2048_4",44,16,"SQ_LDS_UNALIGNED_STALL",0.00000000e+00
"27__256_8_2048_8",44,16,"SQ_LDS_BANK_CONFLICT",512.000000
"27__256_8_2048_8",44,16,"SQ_LDS_UNALIGNED_STALL",0.00000000e+00
"27__256_8_2048_16",44,16,"SQ_LDS_BANK_CONFLICT",1024.000000
"27__256_8_2048_16",44,16,"SQ_LDS_UNALIGNED_STALL",0.00000000e+00
"27__256_16",44,16,"SQ_LDS_BANK_CONFLICT",4608.000000
"27__256_16",44,16,"SQ_LDS_UNALIGNED_STALL",0.00000000e+00
"27__256_16_1024_4",44,16,"SQ_LDS_BANK_CONFLICT",256.000000
"27__256_16_1024_4",44,16,"SQ_LDS_UNALIGNED_STALL",0.00000000e+00
"27__256_16_1024_8",44,16,"SQ_LDS_BANK_CONFLICT",512.000000
"27__256_16_1024_8",44,16,"SQ_LDS_UNALIGNED_STALL",0.00000000e+00
"27__256_16_1024_16",44,16,"SQ_LDS_BANK_CONFLICT",1536.000000
"27__256_16_1024_16",44,16,"SQ_LDS_UNALIGNED_STALL",0.00000000e+00
"27__512_4",44,16,"SQ_LDS_BANK_CONFLICT",1024.000000
"27__512_4",44,16,"SQ_LDS_UNALIGNED_STALL",0.00000000e+00
"27__512_4_8192_4",44,16,"SQ_LDS_BANK_CONFLICT",768.000000
"27__512_4_8192_4",44,16,"SQ_LDS_UNALIGNED_STALL",0.00000000e+00
"27__512_4_8192_8",44,16,"SQ_LDS_BANK_CONFLICT",1024.000000
"27__512_4_8192_8",44,16,"SQ_LDS_UNALIGNED_STALL",0.00000000e+00
"27__512_4_8192_16",44,16,"SQ_LDS_BANK_CONFLICT",1024.000000
"27__512_4_8192_16",44,16,"SQ_LDS_UNALIGNED_STALL",0.00000000e+00
"27__512_8",44,16,"SQ_LDS_BANK_CONFLICT",1536.000000
"27__512_8",44,16,"SQ_LDS_UNALIGNED_STALL",0.00000000e+00
"27__512_8_4096_4",44,16,"SQ_LDS_BANK_CONFLICT",768.000000
"27__512_8_4096_4",44,16,"SQ_LDS_UNALIGNED_STALL",0.00000000e+00
"27__512_8_4096_8",44,16,"SQ_LDS_BANK_CONFLICT",1024.000000
"27__512_8_4096_8",44,16,"SQ_LDS_UNALIGNED_STALL",0.00000000e+00
"27__512_8_4096_16",44,16,"SQ_LDS_BANK_CONFLICT",1536.000000
"27__512_8_4096_16",44,16,"SQ_LDS_UNALIGNED_STALL",0.00000000e+00
"27__512_16",44,16,"SQ_LDS_BANK_CONFLICT",2560.000000
"27__512_16",44,16,"SQ_LDS_UNALIGNED_STALL",0.00000000e+00
"27__512_16_2048_4",44,16,"SQ_LDS_BANK_CONFLICT",768.000000
"27__512_16_2048_4",44,16,"SQ_LDS_UNALIGNED_STALL",0.00000000e+00
"27__512_16_2048_8",44,16,"SQ_LDS_BANK_CONFLICT",1024.000000
"27__512_16_2048_8",44,16,"SQ_LDS_UNALIGNED_STALL",0.00000000e+00
"27__512_16_2048_16",44,16,"SQ_LDS_BANK_CONFLICT",1536.000000
"27__512_16_2048_16",44,16,"SQ_LDS_UNALIGNED_STALL",0.00000000e+00
"28__128_8",80,16,"SQ_LDS_BANK_CONFLICT",2048.000000
"28__128_8",80,16,"SQ_LDS_UNALIGNED_STALL",0.00000000e+00
"28__128_8_1024_8",124,16,"SQ_LDS_BANK_CONFLICT",256.000000
"28__128_8_1024_8",124,16,"SQ_LDS_UNALIGNED_STALL",0.00000000e+00
"28__128_8_1024_16",124,16,"SQ_LDS_BANK_CONFLICT",512.000000
"28__128_8_1024_16",124,16,"SQ_LDS_UNALIGNED_STALL",0.00000000e+00
"28__128_16",80,16,"SQ_LDS_BANK_CONFLICT",2560.000000
"28__128_16",80,16,"SQ_LDS_UNALIGNED_STALL",0.00000000e+00
"28__128_16_512_8",120,16,"SQ_LDS_BANK_CONFLICT",512.000000
"28__128_16_512_8",120,16,"SQ_LDS_UNALIGNED_STALL",0.00000000e+00
"28__128_16_512_16",120,16,"SQ_LDS_BANK_CONFLICT",1536.000000
"28__128_16_512_16",120,16,"SQ_LDS_UNALIGNED_STALL",0.00000000e+00
"28__1024_8",76,16,"SQ_LDS_BANK_CONFLICT",1792.000000
"28__1024_8",76,16,"SQ_LDS_UNALIGNED_STALL",0.00000000e+00
"28__1024_8_8192_8",76,16,"SQ_LDS_BANK_CONFLICT",1792.000000
"28__1024_8_8192_8",76,16,"SQ_LDS_UNALIGNED_STALL",0.00000000e+00
"28__1024_8_8192_16",76,16,"SQ_LDS_BANK_CONFLICT",1792.000000
"28__1024_8_8192_16",76,16,"SQ_LDS_UNALIGNED_STALL",0.00000000e+00
"28__1024_16",76,16,"SQ_LDS_BANK_CONFLICT",2048.000000
"28__1024_16",76,16,"SQ_LDS_UNALIGNED_STALL",0.00000000e+00
"28__1024_16_4096_8",80,16,"SQ_LDS_BANK_CONFLICT",1792.000000
"28__1024_16_4096_8",80,16,"SQ_LDS_UNALIGNED_STALL",0.00000000e+00
"28__1024_16_4096_16",76,16,"SQ_LDS_BANK_CONFLICT",2048.000000
"28__1024_16_4096_16",76,16,"SQ_LDS_UNALIGNED_STALL",0.00000000e+00
"28__64_8",80,16,"SQ_LDS_BANK_CONFLICT",2560.000000
"28__64_8",80,16,"SQ_LDS_UNALIGNED_STALL",0.00000000e+00
"28__64_8_512_8",120,16,"SQ_LDS_BANK_CONFLICT",512.000000
"28__64_8_512_8",120,16,"SQ_LDS_UNALIGNED_STALL",0.00000000e+00
"28__64_8_512_16",120,16,"SQ_LDS_BANK_CONFLICT",1536.000000
"28__64_8_512_16",120,16,"SQ_LDS_UNALIGNED_STALL",0.00000000e+00
"28__64_16",80,16,"SQ_LDS_BANK_CONFLICT",3584.000000
"28__64_16",80,16,"SQ_LDS_UNALIGNED_STALL",0.00000000e+00
"28__64_16_256_8",120,16,"SQ_LDS_BANK_CONFLICT",1024.000000
"28__64_16_256_8",120,16,"SQ_LDS_UNALIGNED_STALL",0.00000000e+00
"28__64_16_256_16",120,16,"SQ_LDS_BANK_CONFLICT",2560.000000
"28__64_16_256_16",120,16,"SQ_LDS_UNALIGNED_STALL",0.00000000e+00
"28__256_8",80,16,"SQ_LDS_BANK_CONFLICT",1024.000000
"28__256_8",80,16,"SQ_LDS_UNALIGNED_STALL",0.00000000e+00
"28__256_8_2048_8",120,16,"SQ_LDS_BANK_CONFLICT",256.000000
"28__256_8_2048_8",120,16,"SQ_LDS_UNALIGNED_STALL",0.00000000e+00
"28__256_8_2048_16",124,16,"SQ_LDS_BANK_CONFLICT",512.000000
"28__256_8_2048_16",124,16,"SQ_LDS_UNALIGNED_STALL",0.00000000e+00
"28__256_16",80,16,"SQ_LDS_BANK_CONFLICT",2560.000000
"28__256_16",80,16,"SQ_LDS_UNALIGNED_STALL",0.00000000e+00
"28__256_16_1024_8",124,16,"SQ_LDS_BANK_CONFLICT",256.000000
"28__256_16_1024_8",124,16,"SQ_LDS_UNALIGNED_STALL",0.00000000e+00
"28__256_16_1024_16",124,16,"SQ_LDS_BANK_CONFLICT",1024.000000
"28__256_16_1024_16",124,16,"SQ_LDS_UNALIGNED_STALL",0.00000000e+00
"28__512_8",80,16,"SQ_LDS_BANK_CONFLICT",1024.000000
"28__512_8",80,16,"SQ_LDS_UNALIGNED_STALL",0.00000000e+00
"28__512_8_4096_8",80,16,"SQ_LDS_BANK_CONFLICT",768.000000
"28__512_8_4096_8",80,16,"SQ_LDS_UNALIGNED_STALL",0.00000000e+00
"28__512_8_4096_16",80,16,"SQ_LDS_BANK_CONFLICT",1024.000000
"28__512_8_4096_16",80,16,"SQ_LDS_UNALIGNED_STALL",0.00000000e+00
"28__512_16",80,16,"SQ_LDS_BANK_CONFLICT",1536.000000
"28__512_16",80,16,"SQ_LDS_UNALIGNED_STALL",0.00000000e+00
"28__512_16_2048_8",120,16,"SQ_LDS_BANK_CONFLICT",768.000000
"28__512_16_2048_8",120,16,"SQ_LDS_UNALIGNED_STALL",0.00000000e+00
"28__512_16_2048_16",124,16,"SQ_LDS_BANK_CONFLICT",1024.000000
"28__512_16_2048_16",124,16,"SQ_LDS_UNALIGNED_STALL",0.00000000e+00
"29__128_8",80,16,"SQ_LDS_BANK_CONFLICT",2048.000000
"29__128_8",80,16,"SQ_LDS_UNALIGNED_STALL",0.00000000e+00
"29__128_8_1024_8",96,16,"SQ_LDS_BANK_CONFLICT",256.000000
"29__128_8_1024_8",96,16,"SQ_LDS_UNALIGNED_STALL",0.00000000e+00
"29__128_8_1024_16",96,16,"SQ_LDS_BANK_CONFLICT",512.000000
"29__128_8_1024_16",96,16,"SQ_LDS_UNALIGNED_STALL",0.00000000e+00
"29__128_16",80,16,"SQ_LDS_BANK_CONFLICT",2560.000000
"29__128_16",80,16,"SQ_LDS_UNALIGNED_STALL",0.00000000e+00
"29__128_16_512_8",100,16,"SQ_LDS_BANK_CONFLICT",512.000000
"29__128_16_512_8",100,16,"SQ_LDS_UNALIGNED_STALL",0.00000000e+00
"29__128_16_512_16",96,16,"SQ_LDS_BANK_CONFLICT",1536.000000
"29__128_16_512_16",96,16,"SQ_LDS_UNALIGNED_STALL",0.00000000e+00
"29__1024_8",80,16,"SQ_LDS_BANK_CONFLICT",1792.000000
"29__1024_8",80,16,"SQ_LDS_UNALIGNED_STALL",0.00000000e+00
"29__1024_8_8192_8",80,16,"SQ_LDS_BANK_CONFLICT",1792.000000
"29__1024_8_8192_8",80,16,"SQ_LDS_UNALIGNED_STALL",0.00000000e+00
"29__1024_8_8192_16",80,16,"SQ_LDS_BANK_CONFLICT",1792.000000
"29__1024_8_8192_16",80,16,"SQ_LDS_UNALIGNED_STALL",0.00000000e+00
"29__1024_16",80,16,"SQ_LDS_BANK_CONFLICT",2048.000000
"29__1024_16",80,16,"SQ_LDS_UNALIGNED_STALL",0.00000000e+00
"29__1024_16_4096_8",80,16,"SQ_LDS_BANK_CONFLICT",1792.000000
"29__1024_16_4096_8",80,16,"SQ_LDS_UNALIGNED_STALL",0.00000000e+00
"29__1024_16_4096_16",80,16,"SQ_LDS_BANK_CONFLICT",2048.000000
"29__1024_16_4096_16",80,16,"SQ_LDS_UNALIGNED_STALL",0.00000000e+00
"29__64_8",80,16,"SQ_LDS_BANK_CONFLICT",2560.000000
"29__64_8",80,16,"SQ_LDS_UNALIGNED_STALL",0.00000000e+00
"29__64_8_512_8",96,16,"SQ_LDS_BANK_CONFLICT",512.000000
"29__64_8_512_8",96,16,"SQ_LDS_UNALIGNED_STALL",0.00000000e+00
"29__64_8_512_16",96,16,"SQ_LDS_BANK_CONFLICT",1536.000000
"29__64_8_512_16",96,16,"SQ_LDS_UNALIGNED_STALL",0.00000000e+00
"29__64_16",80,16,"SQ_LDS_BANK_CONFLICT",3584.000000
"29__64_16",80,16,"SQ_LDS_UNALIGNED_STALL",0.00000000e+00
"29__64_16_256_8",96,16,"SQ_LDS_BANK_CONFLICT",1024.000000
"29__64_16_256_8",96,16,"SQ_LDS_UNALIGNED_STALL",0.00000000e+00
"29__64_16_256_16",96,16,"SQ_LDS_BANK_CONFLICT",2560.000000
"29__64_16_256_16",96,16,"SQ_LDS_UNALIGNED_STALL",0.00000000e+00
"29__256_8",80,16,"SQ_LDS_BANK_CONFLICT",1024.000000
"29__256_8",80,16,"SQ_LDS_UNALIGNED_STALL",0.00000000e+00
"29__256_8_2048_8",80,16,"SQ_LDS_BANK_CONFLICT",256.000000
"29__256_8_2048_8",80,16,"SQ_LDS_UNALIGNED_STALL",0.00000000e+00
"29__256_8_2048_16",80,16,"SQ_LDS_BANK_CONFLICT",512.000000
"29__256_8_2048_16",80,16,"SQ_LDS_UNALIGNED_STALL",0.00000000e+00
"29__256_16",80,16,"SQ_LDS_BANK_CONFLICT",2560.000000
"29__256_16",80,16,"SQ_LDS_UNALIGNED_STALL",0.00000000e+00
"29__256_16_1024_8",96,16,"SQ_LDS_BANK_CONFLICT",256.000000
"29__256_16_1024_8",96,16,"SQ_LDS_UNALIGNED_STALL",0.00000000e+00
"29__256_16_1024_16",96,16,"SQ_LDS_BANK_CONFLICT",1024.000000
"29__256_16_1024_16",96,16,"SQ_LDS_UNALIGNED_STALL",0.00000000e+00
"29__512_8",80,16,"SQ_LDS_BANK_CONFLICT",1024.000000
"29__512_8",80,16,"SQ_LDS_UNALIGNED_STALL",0.00000000e+00
"29__512_8_4096_8",80,16,"SQ_LDS_BANK_CONFLICT",768.000000
"29__512_8_4096_8",80,16,"SQ_LDS_UNALIGNED_STALL",0.00000000e+00
"29__512_8_4096_16",80,16,"SQ_LDS_BANK_CONFLICT",1024.000000
"29__512_8_4096_16",80,16,"SQ_LDS_UNALIGNED_STALL",0.00000000e+00
"29__512_16",80,16,"SQ_LDS_BANK_CONFLICT",1536.000000
"29__512_16",80,16,"SQ_LDS_UNALIGNED_STALL",0.00000000e+00
"29__512_16_2048_8",80,16,"SQ_LDS_BANK_CONFLICT",768.000000
"29__512_16_2048_8",80,16,"SQ_LDS_UNALIGNED_STALL",0.00000000e+00
"29__512_16_2048_16",80,16,"SQ_LDS_BANK_CONFLICT",1024.000000
"29__512_16_2048_16",80,16,"SQ_LDS_UNALIGNED_STALL",0.00000000e+00
"30__256_4",12,16,"SQ_LDS_BANK_CONFLICT",768.000000
"30__256_4",12,16,"SQ_LDS_UNALIGNED_STALL",0.00000000e+00
"30__256_4_4096_4",40,16,"SQ_LDS_BANK_CONFLICT",256.000000
"30__256_4_4096_4",40,16,"SQ_LDS_UNALIGNED_STALL",0.00000000e+00
"30__256_4_4096_8",40,16,"SQ_LDS_BANK_CONFLICT",0.00000000e+00
"30__256_4_4096_8",40,16,"SQ_LDS_UNALIGNED_STALL",0.00000000e+00
"30__256_4_4096_16",40,16,"SQ_LDS_BANK_CONFLICT",256.000000
"30__256_4_4096_16",40,16,"SQ_LDS_UNALIGNED_STALL",0.00000000e+00
"30__256_8",12,16,"SQ_LDS_BANK_CONFLICT",2048.000000
"30__256_8",12,16,"SQ_LDS_UNALIGNED_STALL",0.00000000e+00
"30__256_8_2048_4",40,16,"SQ_LDS_BANK_CONFLICT",256.000000
"30__256_8_2048_4",40,16,"SQ_LDS_UNALIGNED_STALL",0.00000000e+00
"30__256_8_2048_8",40,16,"SQ_LDS_BANK_CONFLICT",256.000000
"30__256_8_2048_8",40,16,"SQ_LDS_UNALIGNED_STALL",0.00000000e+00
"30__256_8_2048_16",40,16,"SQ_LDS_BANK_CONFLICT",512.000000
"30__256_8_2048_16",40,16,"SQ_LDS_UNALIGNED_STALL",0.00000000e+00
"30__256_16",12,16,"SQ_LDS_BANK_CONFLICT",2560.000000
"30__256_16",12,16,"SQ_LDS_UNALIGNED_STALL",0.00000000e+00
"30__256_16_1024_4",40,16,"SQ_LDS_BANK_CONFLICT",0.00000000e+00
"30__256_16_1024_4",40,16,"SQ_LDS_UNALIGNED_STALL",0.00000000e+00
"30__256_16_1024_8",40,16,"SQ_LDS_BANK_CONFLICT",512.000000
"30__256_16_1024_8",40,16,"SQ_LDS_UNALIGNED_STALL",0.00000000e+00
"30__256_16_1024_16",40,16,"SQ_LDS_BANK_CONFLICT",1536.000000
"30__256_16_1024_16",40,16,"SQ_LDS_UNALIGNED_STALL",0.00000000e+00
"30__2048_4",8,16,"SQ_LDS_BANK_CONFLICT",2048.000000
"30__2048_4",8,16,"SQ_LDS_UNALIGNED_STALL",0.00000000e+00
"30__2048_4_32768_4",8,16,"SQ_LDS_BANK_CONFLICT",2048.000000
"30__2048_4_32768_4",8,16,"SQ_LDS_UNALIGNED_STALL",0.00000000e+00
"30__2048_4_32768_8",8,16,"SQ_LDS_BANK_CONFLICT",2048.000000
"30__2048_4_32768_8",8,16,"SQ_LDS_UNALIGNED_STALL",0.00000000e+00
"30__2048_4_32768_16",8,16,"SQ_LDS_BANK_CONFLICT",2048.000000
"30__2048_4_32768_16",8,16,"SQ_LDS_UNALIGNED_STALL",0.00000000e+00
"30__2048_8",12,16,"SQ_LDS_BANK_CONFLICT",1792.000000
"30__2048_8",12,16,"SQ_LDS_UNALIGNED_STALL",0.00000000e+00
"30__2048_8_16384_4",12,16,"SQ_LDS_BANK_CONFLICT",1792.000000
"30__2048_8_16384_4",12,16,"SQ_LDS_UNALIGNED_STALL",0.00000000e+00
"30__2048_8_16384_8",12,16,"SQ_LDS_BANK_CONFLICT",1792.000000
"30__2048_8_16384_8",12,16,"SQ_LDS_UNALIGNED_STALL",0.00000000e+00
"30__2048_8_16384_16",12,16,"SQ_LDS_BANK_CONFLICT",1792.000000
"30__2048_8_16384_16",12,16,"SQ_LDS_UNALIGNED_STALL",0.00000000e+00
"30__2048_16",12,16,"SQ_LDS_BANK_CONFLICT",2048.000000
"30__2048_16",12,16,"SQ_LDS_UNALIGNED_STALL",0.00000000e+00
"30__2048_16_8192_4",12,16,"SQ_LDS_BANK_CONFLICT",2048.000000
"30__2048_16_8192_4",12,16,"SQ_LDS_UNALIGNED_STALL",0.00000000e+00
"30__2048_16_8192_8",12,16,"SQ_LDS_BANK_CONFLICT",1792.000000
"30__2048_16_8192_8",12,16,"SQ_LDS_UNALIGNED_STALL",0.00000000e+00
"30__2048_16_8192_16",12,16,"SQ_LDS_BANK_CONFLICT",2048.000000
"30__2048_16_8192_16",12,16,"SQ_LDS_UNALIGNED_STALL",0.00000000e+00
"30__64_4",8,16,"SQ_LDS_BANK_CONFLICT",2560.000000
"30__64_4",8,16,"SQ_LDS_UNALIGNED_STALL",0.00000000e+00
"30__64_4_1024_4",40,16,"SQ_LDS_BANK_CONFLICT",0.00000000e+00
"30__64_4_1024_4",40,16,"SQ_LDS_UNALIGNED_STALL",0.00000000e+00
"30__64_4_1024_8",40,16,"SQ_LDS_BANK_CONFLICT",512.000000
"30__64_4_1024_8",40,16,"SQ_LDS_UNALIGNED_STALL",0.00000000e+00
"30__64_4_1024_16",40,16,"SQ_LDS_BANK_CONFLICT",1536.000000
"30__64_4_1024_16",40,16,"SQ_LDS_UNALIGNED_STALL",0.00000000e+00
"30__64_8",8,16,"SQ_LDS_BANK_CONFLICT",3584.000000
"30__64_8",8,16,"SQ_LDS_UNALIGNED_STALL",0.00000000e+00
"30__64_8_512_4",52,16,"SQ_LDS_BANK_CONFLICT",256.000000
"30__64_8_512_4",52,16,"SQ_LDS_UNALIGNED_STALL",0.00000000e+00
"30__64_8_512_8",52,16,"SQ_LDS_BANK_CONFLICT",1024.000000
"30__64_8_512_8",52,16,"SQ_LDS_UNALIGNED_STALL",0.00000000e+00
"30__64_8_512_16",52,16,"SQ_LDS_BANK_CONFLICT",2560.000000
"30__64_8_512_16",52,16,"SQ_LDS_UNALIGNED_STALL",0.00000000e+00
"30__64_16",8,16,"SQ_LDS_BANK_CONFLICT",5632.000000
"30__64_16",8,16,"SQ_LDS_UNALIGNED_STALL",0.00000000e+00
"30__64_16_256_4",72,16,"SQ_LDS_BANK_CONFLICT",768.000000
"30__64_16_256_4",72,16,"SQ_LDS_UNALIGNED_STALL",0.00000000e+00
"30__64_16_256_8",72,16,"SQ_LDS_BANK_CONFLICT",2048.000000
"30__64_16_256_8",72,16,"SQ_LDS_UNALIGNED_STALL",0.00000000e+00
"30__64_16_256_16",72,16,"SQ_LDS_BANK_CONFLICT",2560.000000
"30__64_16_256_16",72,16,"SQ_LDS_UNALIGNED_STALL",0.00000000e+00
"30__512_4",12,16,"SQ_LDS_BANK_CONFLICT",512.000000
"30__512_4",12,16,"SQ_LDS_UNALIGNED_STALL",0.00000000e+00
"30__512_4_8192_4",12,16,"SQ_LDS_BANK_CONFLICT",512.000000
"30__512_4_8192_4",12,16,"SQ_LDS_UNALIGNED_STALL",0.00000000e+00
"30__512_4_8192_8",12,16,"SQ_LDS_BANK_CONFLICT",256.000000
"30__512_4_8192_8",12,16,"SQ_LDS_UNALIGNED_STALL",0.00000000e+00
"30__512_4_8192_16",12,16,"SQ_LDS_BANK_CONFLICT",512.000000
"30__512_4_8192_16",12,16,"SQ_LDS_UNALIGNED_STALL",0.00000000e+00
"30__512_8",12,16,"SQ_LDS_BANK_CONFLICT",1024.000000
"30__512_8",12,16,"SQ_LDS_UNALIGNED_STALL",0.00000000e+00
"30__512_8_4096_4",40,16,"SQ_LDS_BANK_CONFLICT",512.000000
"30__512_8_4096_4",40,16,"SQ_LDS_UNALIGNED_STALL",0.00000000e+00
"30__512_8_4096_8",40,16,"SQ_LDS_BANK_CONFLICT",256.000000
"30__512_8_4096_8",40,16,"SQ_LDS_UNALIGNED_STALL",0.00000000e+00
"30__512_8_4096_16",40,16,"SQ_LDS_BANK_CONFLICT",512.000000
"30__512_8_4096_16",40,16,"SQ_LDS_UNALIGNED_STALL",0.00000000e+00
"30__512_16",12,16,"SQ_LDS_BANK_CONFLICT",2560.000000
"30__512_16",12,16,"SQ_LDS_UNALIGNED_STALL",0.00000000e+00
"30__512_16_2048_4",40,16,"SQ_LDS_BANK_CONFLICT",512.000000
"30__512_16_2048_4",40,16,"SQ_LDS_UNALIGNED_STALL",0.00000000e+00
"30__512_16_2048_8",40,16,"SQ_LDS_BANK_CONFLICT",256.000000
"30__512_16_2048_8",40,16,"SQ_LDS_UNALIGNED_STALL",0.00000000e+00
"30__512_16_2048_16",40,16,"SQ_LDS_BANK_CONFLICT",1024.000000
"30__512_16_2048_16",40,16,"SQ_LDS_UNALIGNED_STALL",0.00000000e+00
"30__1024_4",12,16,"SQ_LDS_BANK_CONFLICT",768.000000
"30__1024_4",12,16,"SQ_LDS_UNALIGNED_STALL",0.00000000e+00
"30__1024_4_16384_4",12,16,"SQ_LDS_BANK_CONFLICT",768.000000
"30__1024_4_16384_4",12,16,"SQ_LDS_UNALIGNED_STALL",0.00000000e+00
"30__1024_4_16384_8",12,16,"SQ_LDS_BANK_CONFLICT",768.000000
"30__1024_4_16384_8",12,16,"SQ_LDS_UNALIGNED_STALL",0.00000000e+00
"30__1024_4_16384_16",12,16,"SQ_LDS_BANK_CONFLICT",768.000000
"30__1024_4_16384_16",12,16,"SQ_LDS_UNALIGNED_STALL",0.00000000e+00
"30__1024_8",12,16,"SQ_LDS_BANK_CONFLICT",1024.000000
"30__1024_8",12,16,"SQ_LDS_UNALIGNED_STALL",0.00000000e+00
"30__1024_8_8192_4",12,16,"SQ_LDS_BANK_CONFLICT",1024.000000
"30__1024_8_8192_4",12,16,"SQ_LDS_UNALIGNED_STALL",0.00000000e+00
"30__1024_8_8192_8",12,16,"SQ_LDS_BANK_CONFLICT",768.000000
"30__1024_8_8192_8",12,16,"SQ_LDS_UNALIGNED_STALL",0.00000000e+00
"30__1024_8_8192_16",12,16,"SQ_LDS_BANK_CONFLICT",1024.000000
"30__1024_8_8192_16",12,16,"SQ_LDS_UNALIGNED_STALL",0.00000000e+00
"30__1024_16",12,16,"SQ_LDS_BANK_CONFLICT",1536.000000
"30__1024_16",12,16,"SQ_LDS_UNALIGNED_STALL",0.00000000e+00
"30__1024_16_4096_4",40,16,"SQ_LDS_BANK_CONFLICT",1024.000000
"30__1024_16_4096_4",40,16,"SQ_LDS_UNALIGNED_STALL",0.00000000e+00
"30__1024_16_4096_8",40,16,"SQ_LDS_BANK_CONFLICT",768.000000
"30__1024_16_4096_8",40,16,"SQ_LDS_UNALIGNED_STALL",0.00000000e+00
"30__1024_16_4096_16",40,16,"SQ_LDS_BANK_CONFLICT",1024.000000
"30__1024_16_4096_16",40,16,"SQ_LDS_UNALIGNED_STALL",0.00000000e+00
"31__256_4",80,16,"SQ_LDS_BANK_CONFLICT",768.000000
"31__256_4",80,16,"SQ_LDS_UNALIGNED_STALL",0.00000000e+00
"31__256_4_4096_4",84,16,"SQ_LDS_BANK_CONFLICT",256.000000
"31__256_4_4096_4",84,16,"SQ_LDS_UNALIGNED_STALL",0.00000000e+00
"31__256_4_4096_8",84,16,"SQ_LDS_BANK_CONFLICT",0.00000000e+00
"31__256_4_4096_8",84,16,"SQ_LDS_UNALIGNED_STALL",0.00000000e+00
"31__256_4_4096_16",84,16,"SQ_LDS_BANK_CONFLICT",256.000000
"31__256_4_4096_16",84,16,"SQ_LDS_UNALIGNED_STALL",0.00000000e+00
"31__256_8",84,16,"SQ_LDS_BANK_CONFLICT",2048.000000
"31__256_8",84,16,"SQ_LDS_UNALIGNED_STALL",0.00000000e+00
"31__256_8_2048_4",120,16,"SQ_LDS_BANK_CONFLICT",256.000000
"31__256_8_2048_4",120,16,"SQ_LDS_UNALIGNED_STALL",0.00000000e+00
"31__256_8_2048_8",120,16,"SQ_LDS_BANK_CONFLICT",256.000000
"31__256_8_2048_8",120,16,"SQ_LDS_UNALIGNED_STALL",0.00000000e+00
"31__256_8_2048_16",120,16,"SQ_LDS_BANK_CONFLICT",512.000000
"31__256_8_2048_16",120,16,"SQ_LDS_UNALIGNED_STALL",0.00000000e+00
"31__256_16",84,16,"SQ_LDS_BANK_CONFLICT",2560.000000
"31__256_16",84,16,"SQ_LDS_UNALIGNED_STALL",0.00000000e+00
"31__256_16_1024_4",128,16,"SQ_LDS_BANK_CONFLICT",0.00000000e+00
"31__256_16_1024_4",128,16,"SQ_LDS_UNALIGNED_STALL",0.00000000e+00
"31__256_16_1024_8",124,16,"SQ_LDS_BANK_CONFLICT",512.000000
"31__256_16_1024_8",124,16,"SQ_LDS_UNALIGNED_STALL",0.00000000e+00
"31__256_16_1024_16",124,16,"SQ_LDS_BANK_CONFLICT",1536.000000
"31__256_16_1024_16",124,16,"SQ_LDS_UNALIGNED_STALL",0.00000000e+00
"31__2048_4",80,16,"SQ_LDS_BANK_CONFLICT",2048.000000
"31__2048_4",80,16,"SQ_LDS_UNALIGNED_STALL",0.00000000e+00
"31__2048_4_32768_4",80,16,"SQ_LDS_BANK_CONFLICT",2048.000000
"31__2048_4_32768_4",80,16,"SQ_LDS_UNALIGNED_STALL",0.00000000e+00
"31__2048_4_32768_8",80,16,"SQ_LDS_BANK_CONFLICT",2048.000000
"31__2048_4_32768_8",80,16,"SQ_LDS_UNALIGNED_STALL",0.00000000e+00
"31__2048_4_32768_16",80,16,"SQ_LDS_BANK_CONFLICT",2048.000000
"31__2048_4_32768_16",80,16,"SQ_LDS_UNALIGNED_STALL",0.00000000e+00
"31__2048_8",80,16,"SQ_LDS_BANK_CONFLICT",1792.000000
"31__2048_8",80,16,"SQ_LDS_UNALIGNED_STALL",0.00000000e+00
"31__2048_8_16384_4",80,16,"SQ_LDS_BANK_CONFLICT",1792.000000
"31__2048_8_16384_4",80,16,"SQ_LDS_UNALIGNED_STALL",0.00000000e+00
"31__2048_8_16384_8",80,16,"SQ_LDS_BANK_CONFLICT",1792.000000
"31__2048_8_16384_8",80,16,"SQ_LDS_UNALIGNED_STALL",0.00000000e+00
"31__2048_8_16384_16",80,16,"SQ_LDS_BANK_CONFLICT",1792.000000
"31__2048_8_16384_16",80,16,"SQ_LDS_UNALIGNED_STALL",0.00000000e+00
"31__2048_16",84,16,"SQ_LDS_BANK_CONFLICT",2048.000000
"31__2048_16",84,16,"SQ_LDS_UNALIGNED_STALL",0.00000000e+00
"31__2048_16_8192_4",84,16,"SQ_LDS_BANK_CONFLICT",2048.000000
"31__2048_16_8192_4",84,16,"SQ_LDS_UNALIGNED_STALL",0.00000000e+00
"31__2048_16_8192_8",80,16,"SQ_LDS_BANK_CONFLICT",1792.000000
"31__2048_16_8192_8",80,16,"SQ_LDS_UNALIGNED_STALL",0.00000000e+00
"31__2048_16_8192_16",84,16,"SQ_LDS_BANK_CONFLICT",2048.000000
"31__2048_16_8192_16",84,16,"SQ_LDS_UNALIGNED_STALL",0.00000000e+00
"31__64_4",84,16,"SQ_LDS_BANK_CONFLICT",2560.000000
"31__64_4",84,16,"SQ_LDS_UNALIGNED_STALL",0.00000000e+00
"31__64_4_1024_4",128,16,"SQ_LDS_BANK_CONFLICT",0.00000000e+00
"31__64_4_1024_4",128,16,"SQ_LDS_UNALIGNED_STALL",0.00000000e+00
"31__64_4_1024_8",124,16,"SQ_LDS_BANK_CONFLICT",512.000000
"31__64_4_1024_8",124,16,"SQ_LDS_UNALIGNED_STALL",0.00000000e+00
"31__64_4_1024_16",124,16,"SQ_LDS_BANK_CONFLICT",1536.000000
"31__64_4_1024_16",124,16,"SQ_LDS_UNALIGNED_STALL",0.00000000e+00
"31__64_8",84,16,"SQ_LDS_BANK_CONFLICT",3584.000000
"31__64_8",84,16,"SQ_LDS_UNALIGNED_STALL",0.00000000e+00
"31__64_8_512_4",52,16,"SQ_LDS_BANK_CONFLICT",256.000000
"31__64_8_512_4",52,16,"SQ_LDS_UNALIGNED_STALL",0.00000000e+00
"31__64_8_512_8",52,16,"SQ_LDS_BANK_CONFLICT",1024.000000
"31__64_8_512_8",52,16,"SQ_LDS_UNALIGNED_STALL",0.00000000e+00
"31__64_8_512_16",52,16,"SQ_LDS_BANK_CONFLICT",2560.000000
"31__64_8_512_16",52,16,"SQ_LDS_UNALIGNED_STALL",0.00000000e+00
"31__64_16",84,16,"SQ_LDS_BANK_CONFLICT",5632.000000
"31__64_16",84,16,"SQ_LDS_UNALIGNED_STALL",0.00000000e+00
"31__64_16_256_4",72,16,"SQ_LDS_BANK_CONFLICT",768.000000
"31__64_16_256_4",72,16,"SQ_LDS_UNALIGNED_STALL",0.00000000e+00
"31__64_16_256_8",72,16,"SQ_LDS_BANK_CONFLICT",2048.000000
"31__64_16_256_8",72,16,"SQ_LDS_UNALIGNED_STALL",0.00000000e+00
"31__64_16_256_16",72,16,"SQ_LDS_BANK_CONFLICT",2560.000000
"31__64_16_256_16",72,16,"SQ_LDS_UNALIGNED_STALL",0.00000000e+00
"31__512_4",84,16,"SQ_LDS_BANK_CONFLICT",512.000000
"31__512_4",84,16,"SQ_LDS_UNALIGNED_STALL",0.00000000e+00
"31__512_4_8192_4",84,16,"SQ_LDS_BANK_CONFLICT",512.000000
"31__512_4_8192_4",84,16,"SQ_LDS_UNALIGNED_STALL",0.00000000e+00
"31__512_4_8192_8",84,16,"SQ_LDS_BANK_CONFLICT",256.000000
"31__512_4_8192_8",84,16,"SQ_LDS_UNALIGNED_STALL",0.00000000e+00
"31__512_4_8192_16",84,16,"SQ_LDS_BANK_CONFLICT",512.000000
"31__512_4_8192_16",84,16,"SQ_LDS_UNALIGNED_STALL",0.00000000e+00
"31__512_8",80,16,"SQ_LDS_BANK_CONFLICT",1024.000000
"31__512_8",80,16,"SQ_LDS_UNALIGNED_STALL",0.00000000e+00
"31__512_8_4096_4",84,16,"SQ_LDS_BANK_CONFLICT",512.000000
"31__512_8_4096_4",84,16,"SQ_LDS_UNALIGNED_STALL",0.00000000e+00
"31__512_8_4096_8",84,16,"SQ_LDS_BANK_CONFLICT",256.000000
"31__512_8_4096_8",84,16,"SQ_LDS_UNALIGNED_STALL",0.00000000e+00
"31__512_8_4096_16",84,16,"SQ_LDS_BANK_CONFLICT",512.000000
"31__512_8_4096_16",84,16,"SQ_LDS_UNALIGNED_STALL",0.00000000e+00
"31__512_16",84,16,"SQ_LDS_BANK_CONFLICT",2560.000000
"31__512_16",84,16,"SQ_LDS_UNALIGNED_STALL",0.00000000e+00
"31__512_16_2048_4",120,16,"SQ_LDS_BANK_CONFLICT",512.000000
"31__512_16_2048_4",120,16,"SQ_LDS_UNALIGNED_STALL",0.00000000e+00
"31__512_16_2048_8",120,16,"SQ_LDS_BANK_CONFLICT",256.000000
"31__512_16_2048_8",120,16,"SQ_LDS_UNALIGNED_STALL",0.00000000e+00
"31__512_16_2048_16",120,16,"SQ_LDS_BANK_CONFLICT",1024.000000
"31__512_16_2048_16",120,16,"SQ_LDS_UNALIGNED_STALL",0.00000000e+00
"31__1024_4",84,16,"SQ_LDS_BANK_CONFLICT",768.000000
"31__1024_4",84,16,"SQ_LDS_UNALIGNED_STALL",0.00000000e+00
"31__1024_4_16384_4",84,16,"SQ_LDS_BANK_CONFLICT",768.000000
"31__1024_4_16384_4",84,16,"SQ_LDS_UNALIGNED_STALL",0.00000000e+00
"31__1024_4_16384_8",84,16,"SQ_LDS_BANK_CONFLICT",768.000000
"31__1024_4_16384_8",84,16,"SQ_LDS_UNALIGNED_STALL",0.00000000e+00
"31__1024_4_16384_16",84,16,"SQ_LDS_BANK_CONFLICT",768.000000
"31__1024_4_16384_16",84,16,"SQ_LDS_UNALIGNED_STALL",0.00000000e+00
"31__1024_8",84,16,"SQ_LDS_BANK_CONFLICT",1024.000000
"31__1024_8",84,16,"SQ_LDS_UNALIGNED_STALL",0.00000000e+00
"31__1024_8_8192_4",84,16,"SQ_LDS_BANK_CONFLICT",1024.000000
"31__1024_8_8192_4",84,16,"SQ_LDS_UNALIGNED_STALL",0.00000000e+00
"31__1024_8_8192_8",84,16,"SQ_LDS_BANK_CONFLICT",768.000000
"31__1024_8_8192_8",84,16,"SQ_LDS_UNALIGNED_STALL",0.00000000e+00
"31__1024_8_8192_16",84,16,"SQ_LDS_BANK_CONFLICT",1024.000000
"31__1024_8_8192_16",84,16,"SQ_LDS_UNALIGNED_STALL",0.00000000e+00
"31__1024_16",80,16,"SQ_LDS_BANK_CONFLICT",1536.000000
"31__1024_16",80,16,"SQ_LDS_UNALIGNED_STALL",0.00000000e+00
"31__1024_16_4096_4",84,16,"SQ_LDS_BANK_CONFLICT",1024.000000
"31__1024_16_4096_4",84,16,"SQ_LDS_UNALIGNED_STALL",0.00000000e+00
"31__1024_16_4096_8",84,16,"SQ_LDS_BANK_CONFLICT",768.000000
"31__1024_16_4096_8",84,16,"SQ_LDS_UNALIGNED_STALL",0.00000000e+00
"31__1024_16_4096_16",84,16,"SQ_LDS_BANK_CONFLICT",1024.000000
"31__1024_16_4096_16",84,16,"SQ_LDS_UNALIGNED_STALL",0.00000000e+00
"32__256_4",12,16,"SQ_LDS_BANK_CONFLICT",768.000000
"32__256_4",12,16,"SQ_LDS_UNALIGNED_STALL",0.00000000e+00
"32__256_4_4096_4",40,16,"SQ_LDS_BANK_CONFLICT",256.000000
"32__256_4_4096_4",40,16,"SQ_LDS_UNALIGNED_STALL",0.00000000e+00
"32__256_4_4096_8",40,16,"SQ_LDS_BANK_CONFLICT",0.00000000e+00
"32__256_4_4096_8",40,16,"SQ_LDS_UNALIGNED_STALL",0.00000000e+00
"32__256_4_4096_16",40,16,"SQ_LDS_BANK_CONFLICT",256.000000
"32__256_4_4096_16",40,16,"SQ_LDS_UNALIGNED_STALL",0.00000000e+00
"32__256_8",12,16,"SQ_LDS_BANK_CONFLICT",2048.000000
"32__256_8",12,16,"SQ_LDS_UNALIGNED_STALL",0.00000000e+00
"32__256_8_2048_4",40,16,"SQ_LDS_BANK_CONFLICT",256.000000
"32__256_8_2048_4",40,16,"SQ_LDS_UNALIGNED_STALL",0.00000000e+00
"32__256_8_2048_8",40,16,"SQ_LDS_BANK_CONFLICT",256.000000
"32__256_8_2048_8",40,16,"SQ_LDS_UNALIGNED_STALL",0.00000000e+00
"32__256_8_2048_16",40,16,"SQ_LDS_BANK_CONFLICT",512.000000
"32__256_8_2048_16",40,16,"SQ_LDS_UNALIGNED_STALL",0.00000000e+00
"32__256_16",12,16,"SQ_LDS_BANK_CONFLICT",2560.000000
"32__256_16",12,16,"SQ_LDS_UNALIGNED_STALL",0.00000000e+00
"32__256_16_1024_4",40,16,"SQ_LDS_BANK_CONFLICT",0.00000000e+00
"32__256_16_1024_4",40,16,"SQ_LDS_UNALIGNED_STALL",0.00000000e+00
"32__256_16_1024_8",40,16,"SQ_LDS_BANK_CONFLICT",512.000000
"32__256_16_1024_8",40,16,"SQ_LDS_UNALIGNED_STALL",0.00000000e+00
"32__256_16_1024_16",40,16,"SQ_LDS_BANK_CONFLICT",1536.000000
"32__256_16_1024_16",40,16,"SQ_LDS_UNALIGNED_STALL",0.00000000e+00
"32__2048_4",8,16,"SQ_LDS_BANK_CONFLICT",2048.000000
"32__2048_4",8,16,"SQ_LDS_UNALIGNED_STALL",0.00000000e+00
"32__2048_4_32768_4",8,16,"SQ_LDS_BANK_CONFLICT",2048.000000
"32__2048_4_32768_4",8,16,"SQ_LDS_UNALIGNED_STALL",0.00000000e+00
"32__2048_4_32768_8",8,16,"SQ_LDS_BANK_CONFLICT",2048.000000
"32__2048_4_32768_8",8,16,"SQ_LDS_UNALIGNED_STALL",0.00000000e+00
"32__2048_4_32768_16",8,16,"SQ_LDS_BANK_CONFLICT",2048.000000
"32__2048_4_32768_16",8,16,"SQ_LDS_UNALIGNED_STALL",0.00000000e+00
"32__2048_8",12,16,"SQ_LDS_BANK_CONFLICT",1792.000000
"32__2048_8",12,16,"SQ_LDS_UNALIGNED_STALL",0.00000000e+00
"32__2048_8_16384_4",12,16,"SQ_LDS_BANK_CONFLICT",1792.000000
"32__2048_8_16384_4",12,16,"SQ_LDS_UNALIGNED_STALL",0.00000000e+00
"32__2048_8_16384_8",12,16,"SQ_LDS_BANK_CONFLICT",1792.000000
"32__2048_8_16384_8",12,16,"SQ_LDS_UNALIGNED_STALL",0.00000000e+00
"32__2048_8_16384_16",12,16,"SQ_LDS_BANK_CONFLICT",1792.000000
"32__2048_8_16384_16",12,16,"SQ_LDS_UNALIGNED_STALL",0.00000000e+00
"32__2048_16",12,16,"SQ_LDS_BANK_CONFLICT",2048.000000
"32__2048_16",12,16,"SQ_LDS_UNALIGNED_STALL",0.00000000e+00
"32__2048_16_8192_4",12,16,"SQ_LDS_BANK_CONFLICT",2048.000000
"32__2048_16_8192_4",12,16,"SQ_LDS_UNALIGNED_STALL",0.00000000e+00
"32__2048_16_8192_8",12,16,"SQ_LDS_BANK_CONFLICT",1792.000000
"32__2048_16_8192_8",12,16,"SQ_LDS_UNALIGNED_STALL",0.00000000e+00
"32__2048_16_8192_16",12,16,"SQ_LDS_BANK_CONFLICT",2048.000000
"32__2048_16_8192_16",12,16,"SQ_LDS_UNALIGNED_STALL",0.00000000e+00
"32__64_4",8,16,"SQ_LDS_BANK_CONFLICT",2560.000000
"32__64_4",8,16,"SQ_LDS_UNALIGNED_STALL",0.00000000e+00
"32__64_4_1024_4",40,16,"SQ_LDS_BANK_CONFLICT",0.00000000e+00
"32__64_4_1024_4",40,16,"SQ_LDS_UNALIGNED_STALL",0.00000000e+00
"32__64_4_1024_8",40,16,"SQ_LDS_BANK_CONFLICT",512.000000
"32__64_4_1024_8",40,16,"SQ_LDS_UNALIGNED_STALL",0.00000000e+00
"32__64_4_1024_16",40,16,"SQ_LDS_BANK_CONFLICT",1536.000000
"32__64_4_1024_16",40,16,"SQ_LDS_UNALIGNED_STALL",0.00000000e+00
"32__64_8",8,16,"SQ_LDS_BANK_CONFLICT",3584.000000
"32__64_8",8,16,"SQ_LDS_UNALIGNED_STALL",0.00000000e+00
"32__64_8_512_4",40,16,"SQ_LDS_BANK_CONFLICT",256.000000
"32__64_8_512_4",40,16,"SQ_LDS_UNALIGNED_STALL",0.00000000e+00
"32__64_8_512_8",40,16,"SQ_LDS_BANK_CONFLICT",1024.000000
"32__64_8_512_8",40,16,"SQ_LDS_UNALIGNED_STALL",0.00000000e+00
"32__64_8_512_16",40,16,"SQ_LDS_BANK_CONFLICT",2560.000000
"32__64_8_512_16",40,16,"SQ_LDS_UNALIGNED_STALL",0.00000000e+00
"32__64_16",8,16,"SQ_LDS_BANK_CONFLICT",5632.000000
"32__64_16",8,16,"SQ_LDS_UNALIGNED_STALL",0.00000000e+00
"32__64_16_256_4",40,16,"SQ_LDS_BANK_CONFLICT",768.000000
"32__64_16_256_4",40,16,"SQ_LDS_UNALIGNED_STALL",0.00000000e+00
"32__64_16_256_8",40,16,"SQ_LDS_BANK_CONFLICT",2048.000000
"32__64_16_256_8",40,16,"SQ_LDS_UNALIGNED_STALL",0.00000000e+00
"32__64_16_256_16",40,16,"SQ_LDS_BANK_CONFLICT",2560.000000
"32__64_16_256_16",40,16,"SQ_LDS_UNALIGNED_STALL",0.00000000e+00
"32__512_4",12,16,"SQ_LDS_BANK_CONFLICT",512.000000
"32__512_4",12,16,"SQ_LDS_UNALIGNED_STALL",0.00000000e+00
"32__512_4_8192_4",12,16,"SQ_LDS_BANK_CONFLICT",512.000000
"32__512_4_8192_4",12,16,"SQ_LDS_UNALIGNED_STALL",0.00000000e+00
"32__512_4_8192_8",12,16,"SQ_LDS_BANK_CONFLICT",256.000000
"32__512_4_8192_8",12,16,"SQ_LDS_UNALIGNED_STALL",0.00000000e+00
"32__512_4_8192_16",12,16,"SQ_LDS_BANK_CONFLICT",512.000000
"32__512_4_8192_16",12,16,"SQ_LDS_UNALIGNED_STALL",0.00000000e+00
"32__512_8",12,16,"SQ_LDS_BANK_CONFLICT",1024.000000
"32__512_8",12,16,"SQ_LDS_UNALIGNED_STALL",0.00000000e+00
"32__512_8_4096_4",40,16,"SQ_LDS_BANK_CONFLICT",512.000000
"32__512_8_4096_4",40,16,"SQ_LDS_UNALIGNED_STALL",0.00000000e+00
"32__512_8_4096_8",40,16,"SQ_LDS_BANK_CONFLICT",256.000000
"32__512_8_4096_8",40,16,"SQ_LDS_UNALIGNED_STALL",0.00000000e+00
"32__512_8_4096_16",40,16,"SQ_LDS_BANK_CONFLICT",512.000000
"32__512_8_4096_16",40,16,"SQ_LDS_UNALIGNED_STALL",0.00000000e+00
"32__512_16",12,16,"SQ_LDS_BANK_CONFLICT",2560.000000
"32__512_16",12,16,"SQ_LDS_UNALIGNED_STALL",0.00000000e+00
"32__512_16_2048_4",40,16,"SQ_LDS_BANK_CONFLICT",512.000000
"32__512_16_2048_4",40,16,"SQ_LDS_UNALIGNED_STALL",0.00000000e+00
"32__512_16_2048_8",40,16,"SQ_LDS_BANK_CONFLICT",256.000000
"32__512_16_2048_8",40,16,"SQ_LDS_UNALIGNED_STALL",0.00000000e+00
"32__512_16_2048_16",40,16,"SQ_LDS_BANK_CONFLICT",1024.000000
"32__512_16_2048_16",40,16,"SQ_LDS_UNALIGNED_STALL",0.00000000e+00
"32__1024_4",12,16,"SQ_LDS_BANK_CONFLICT",768.000000
"32__1024_4",12,16,"SQ_LDS_UNALIGNED_STALL",0.00000000e+00
"32__1024_4_16384_4",12,16,"SQ_LDS_BANK_CONFLICT",768.000000
"32__1024_4_16384_4",12,16,"SQ_LDS_UNALIGNED_STALL",0.00000000e+00
"32__1024_4_16384_8",12,16,"SQ_LDS_BANK_CONFLICT",768.000000
"32__1024_4_16384_8",12,16,"SQ_LDS_UNALIGNED_STALL",0.00000000e+00
"32__1024_4_16384_16",12,16,"SQ_LDS_BANK_CONFLICT",768.000000
"32__1024_4_16384_16",12,16,"SQ_LDS_UNALIGNED_STALL",0.00000000e+00
"32__1024_8",12,16,"SQ_LDS_BANK_CONFLICT",1024.000000
"32__1024_8",12,16,"SQ_LDS_UNALIGNED_STALL",0.00000000e+00
"32__1024_8_8192_4",12,16,"SQ_LDS_BANK_CONFLICT",1024.000000
"32__1024_8_8192_4",12,16,"SQ_LDS_UNALIGNED_STALL",0.00000000e+00
"32__1024_8_8192_8",12,16,"SQ_LDS_BANK_CONFLICT",768.000000
"32__1024_8_8192_8",12,16,"SQ_LDS_UNALIGNED_STALL",0.00000000e+00
"32__1024_8_8192_16",12,16,"SQ_LDS_BANK_CONFLICT",1024.000000
"32__1024_8_8192_16",12,16,"SQ_LDS_UNALIGNED_STALL",0.00000000e+00
"32__1024_16",12,16,"SQ_LDS_BANK_CONFLICT",1536.000000
"32__1024_16",12,16,"SQ_LDS_UNALIGNED_STALL",0.00000000e+00
"32__1024_16_4096_4",40,16,"SQ_LDS_BANK_CONFLICT",1024.000000
"32__1024_16_4096_4",40,16,"SQ_LDS_UNALIGNED_STALL",0.00000000e+00
"32__1024_16_4096_8",40,16,"SQ_LDS_BANK_CONFLICT",768.000000
"32__1024_16_4096_8",40,16,"SQ_LDS_UNALIGNED_STALL",0.00000000e+00
"32__1024_16_4096_16",40,16,"SQ_LDS_BANK_CONFLICT",1024.000000
"32__1024_16_4096_16",40,16,"SQ_LDS_UNALIGNED_STALL",0.00000000e+00
"33__256_4",92,16,"SQ_LDS_BANK_CONFLICT",768.000000
"33__256_4",92,16,"SQ_LDS_UNALIGNED_STALL",0.00000000e+00
"33__256_4_4096_4",88,16,"SQ_LDS_BANK_CONFLICT",256.000000
"33__256_4_4096_4",88,16,"SQ_LDS_UNALIGNED_STALL",0.00000000e+00
"33__256_4_4096_8",88,16,"SQ_LDS_BANK_CONFLICT",0.00000000e+00
"33__256_4_4096_8",88,16,"SQ_LDS_UNALIGNED_STALL",0.00000000e+00
"33__256_4_4096_16",88,16,"SQ_LDS_BANK_CONFLICT",256.000000
"33__256_4_4096_16",88,16,"SQ_LDS_UNALIGNED_STALL",0.00000000e+00
"33__256_8",92,16,"SQ_LDS_BANK_CONFLICT",2048.000000
"33__256_8",92,16,"SQ_LDS_UNALIGNED_STALL",0.00000000e+00
"33__256_8_2048_4",120,16,"SQ_LDS_BANK_CONFLICT",256.000000
"33__256_8_2048_4",120,16,"SQ_LDS_UNALIGNED_STALL",0.00000000e+00
"33__256_8_2048_8",120,16,"SQ_LDS_BANK_CONFLICT",256.000000
"33__256_8_2048_8",120,16,"SQ_LDS_UNALIGNED_STALL",0.00000000e+00
"33__256_8_2048_16",120,16,"SQ_LDS_BANK_CONFLICT",512.000000
"33__256_8_2048_16",120,16,"SQ_LDS_UNALIGNED_STALL",0.00000000e+00
"33__256_16",96,16,"SQ_LDS_BANK_CONFLICT",2560.000000
"33__256_16",96,16,"SQ_LDS_UNALIGNED_STALL",0.00000000e+00
"33__256_16_1024_4",120,16,"SQ_LDS_BANK_CONFLICT",0.00000000e+00
"33__256_16_1024_4",120,16,"SQ_LDS_UNALIGNED_STALL",0.00000000e+00
"33__256_16_1024_8",120,16,"SQ_LDS_BANK_CONFLICT",512.000000
"33__256_16_1024_8",120,16,"SQ_LDS_UNALIGNED_STALL",0.00000000e+00
"33__256_16_1024_16",120,16,"SQ_LDS_BANK_CONFLICT",1536.000000
"33__256_16_1024_16",120,16,"SQ_LDS_UNALIGNED_STALL",0.00000000e+00
"33__2048_4",96,16,"SQ_LDS_BANK_CONFLICT",2048.000000
"33__2048_4",96,16,"SQ_LDS_UNALIGNED_STALL",0.00000000e+00
"33__2048_4_32768_4",96,16,"SQ_LDS_BANK_CONFLICT",2048.000000
"33__2048_4_32768_4",96,16,"SQ_LDS_UNALIGNED_STALL",0.00000000e+00
"33__2048_4_32768_8",96,16,"SQ_LDS_BANK_CONFLICT",2048.000000
"33__2048_4_32768_8",96,16,"SQ_LDS_UNALIGNED_STALL",0.00000000e+00
"33__2048_4_32768_16",96,16,"SQ_LDS_BANK_CONFLICT",2048.000000
"33__2048_4_32768_16",96,16,"SQ_LDS_UNALIGNED_STALL",0.00000000e+00
"33__2048_8",96,16,"SQ_LDS_BANK_CONFLICT",1792.000000
"33__2048_8",96,16,"SQ_LDS_UNALIGNED_STALL",0.00000000e+00
"33__2048_8_16384_4",96,16,"SQ_LDS_BANK_CONFLICT",1792.000000
"33__2048_8_16384_4",96,16,"SQ_LDS_UNALIGNED_STALL",0.00000000e+00
"33__2048_8_16384_8",96,16,"SQ_LDS_BANK_CONFLICT",1792.000000
"33__2048_8_16384_8",96,16,"SQ_LDS_UNALIGNED_STALL",0.00000000e+00
"33__2048_8_16384_16",96,16,"SQ_LDS_BANK_CONFLICT",1792.000000
"33__2048_8_16384_16",96,16,"SQ_LDS_UNALIGNED_STALL",0.00000000e+00
"33__2048_16",96,16,"SQ_LDS_BANK_CONFLICT",2048.000000
"33__2048_16",96,16,"SQ_LDS_UNALIGNED_STALL",0.00000000e+00
"33__2048_16_8192_4",96,16,"SQ_LDS_BANK_CONFLICT",2048.000000
"33__2048_16_8192_4",96,16,"SQ_LDS_UNALIGNED_STALL",0.00000000e+00
"33__2048_16_8192_8",92,16,"SQ_LDS_BANK_CONFLICT",1792.000000
"33__2048_16_8192_8",92,16,"SQ_LDS_UNALIGNED_STALL",0.00000000e+00
"33__2048_16_8192_16",96,16,"SQ_LDS_BANK_CONFLICT",2048.000000
"33__2048_16_8192_16",96,16,"SQ_LDS_UNALIGNED_STALL",0.00000000e+00
"33__64_4",96,16,"SQ_LDS_BANK_CONFLICT",2560.000000
"33__64_4",96,16,"SQ_LDS_UNALIGNED_STALL",0.00000000e+00
"33__64_4_1024_4",120,16,"SQ_LDS_BANK_CONFLICT",0.00000000e+00
"33__64_4_1024_4",120,16,"SQ_LDS_UNALIGNED_STALL",0.00000000e+00
"33__64_4_1024_8",120,16,"SQ_LDS_BANK_CONFLICT",512.000000
"33__64_4_1024_8",120,16,"SQ_LDS_UNALIGNED_STALL",0.00000000e+00
"33__64_4_1024_16",120,16,"SQ_LDS_BANK_CONFLICT",1536.000000
"33__64_4_1024_16",120,16,"SQ_LDS_UNALIGNED_STALL",0.00000000e+00
"33__64_8",92,16,"SQ_LDS_BANK_CONFLICT",3584.000000
"33__64_8",92,16,"SQ_LDS_UNALIGNED_STALL",0.00000000e+00
"33__64_8_512_4",120,16,"SQ_LDS_BANK_CONFLICT",256.000000
"33__64_8_512_4",120,16,"SQ_LDS_UNALIGNED_STALL",0.00000000e+00
"33__64_8_512_8",120,16,"SQ_LDS_BANK_CONFLICT",1024.000000
"33__64_8_512_8",120,16,"SQ_LDS_UNALIGNED_STALL",0.00000000e+00
"33__64_8_512_16",120,16,"SQ_LDS_BANK_CONFLICT",2560.000000
"33__64_8_512_16",120,16,"SQ_LDS_UNALIGNED_STALL",0.00000000e+00
"33__64_16",92,16,"SQ_LDS_BANK_CONFLICT",5632.000000
"33__64_16",92,16,"SQ_LDS_UNALIGNED_STALL",0.00000000e+00
"33__64_16_256_4",120,16,"SQ_LDS_BANK_CONFLICT",768.000000
"33__64_16_256_4",120,16,"SQ_LDS_UNALIGNED_STALL",0.00000000e+00
"33__64_16_256_8",120,16,"SQ_LDS_BANK_CONFLICT",2048.000000
"33__64_16_256_8",120,16,"SQ_LDS_UNALIGNED_STALL",0.00000000e+00
"33__64_16_256_16",120,16,"SQ_LDS_BANK_CONFLICT",2560.000000
"33__64_16_256_16",120,16,"SQ_LDS_UNALIGNED_STALL",0.00000000e+00
"33__512_4",92,16,"SQ_LDS_BANK_CONFLICT",512.000000
"33__512_4",92,16,"SQ_LDS_UNALIGNED_STALL",0.00000000e+00
"33__512_4_8192_4",88,16,"SQ_LDS_BANK_CONFLICT",512.000000
"33__512_4_8192_4",88,16,"SQ_LDS_UNALIGNED_STALL",0.00000000e+00
"33__512_4_8192_8",88,16,"SQ_LDS_BANK_CONFLICT",256.000000
"33__512_4_8192_8",88,16,"SQ_LDS_UNALIGNED_STALL",0.00000000e+00
"33__512_4_8192_16",92,16,"SQ_LDS_BANK_CONFLICT",512.000000
"33__512_4_8192_16",92,16,"SQ_LDS_UNALIGNED_STALL",0.00000000e+00
"33__512_8",92,16,"SQ_LDS_BANK_CONFLICT",1024.000000
"33__512_8",92,16,"SQ_LDS_UNALIGNED_STALL",0.00000000e+00
"33__512_8_4096_4",92,16,"SQ_LDS_BANK_CONFLICT",512.000000
"33__512_8_4096_4",92,16,"SQ_LDS_UNALIGNED_STALL",0.00000000e+00
"33__512_8_4096_8",88,16,"SQ_LDS_BANK_CONFLICT",256.000000
"33__512_8_4096_8",88,16,"SQ_LDS_UNALIGNED_STALL",0.00000000e+00
"33__512_8_4096_16",92,16,"SQ_LDS_BANK_CONFLICT",512.000000
"33__512_8_4096_16",92,16,"SQ_LDS_UNALIGNED_STALL",0.00000000e+00
"33__512_16",92,16,"SQ_LDS_BANK_CONFLICT",2560.000000
"33__512_16",92,16,"SQ_LDS_UNALIGNED_STALL",0.00000000e+00
"33__512_16_2048_4",120,16,"SQ_LDS_BANK_CONFLICT",512.000000
"33__512_16_2048_4",120,16,"SQ_LDS_UNALIGNED_STALL",0.00000000e+00
"33__512_16_2048_8",120,16,"SQ_LDS_BANK_CONFLICT",256.000000
"33__512_16_2048_8",120,16,"SQ_LDS_UNALIGNED_STALL",0.00000000e+00
"33__512_16_2048_16",120,16,"SQ_LDS_BANK_CONFLICT",1024.000000
"33__512_16_2048_16",120,16,"SQ_LDS_UNALIGNED_STALL",0.00000000e+00
"33__1024_4",92,16,"SQ_LDS_BANK_CONFLICT",768.000000
"33__1024_4",92,16,"SQ_LDS_UNALIGNED_STALL",0.00000000e+00
"33__1024_4_16384_4",92,16,"SQ_LDS_BANK_CONFLICT",768.000000
"33__1024_4_16384_4",92,16,"SQ_LDS_UNALIGNED_STALL",0.00000000e+00
"33__1024_4_16384_8",92,16,"SQ_LDS_BANK_CONFLICT",768.000000
"33__1024_4_16384_8",92,16,"SQ_LDS_UNALIGNED_STALL",0.00000000e+00
"33__1024_4_16384_16",92,16,"SQ_LDS_BANK_CONFLICT",768.000000
"33__1024_4_16384_16",92,16,"SQ_LDS_UNALIGNED_STALL",0.00000000e+00
"33__1024_8",92,16,"SQ_LDS_BANK_CONFLICT",1024.000000
"33__1024_8",92,16,"SQ_LDS_UNALIGNED_STALL",0.00000000e+00
"33__1024_8_8192_4",96,16,"SQ_LDS_BANK_CONFLICT",1024.000000
"33__1024_8_8192_4",96,16,"SQ_LDS_UNALIGNED_STALL",0.00000000e+00
"33__1024_8_8192_8",88,16,"SQ_LDS_BANK_CONFLICT",768.000000
"33__1024_8_8192_8",88,16,"SQ_LDS_UNALIGNED_STALL",0.00000000e+00
"33__1024_8_8192_16",96,16,"SQ_LDS_BANK_CONFLICT",1024.000000
"33__1024_8_8192_16",96,16,"SQ_LDS_UNALIGNED_STALL",0.00000000e+00
"33__1024_16",96,16,"SQ_LDS_BANK_CONFLICT",1536.000000
"33__1024_16",96,16,"SQ_LDS_UNALIGNED_STALL",0.00000000e+00
"33__1024_16_4096_4",92,16,"SQ_LDS_BANK_CONFLICT",1024.000000
"33__1024_16_4096_4",92,16,"SQ_LDS_UNALIGNED_STALL",0.00000000e+00
"33__1024_16_4096_8",92,16,"SQ_LDS_BANK_CONFLICT",768.000000
"33__1024_16_4096_8",92,16,"SQ_LDS_UNALIGNED_STALL",0.00000000e+00
"33__1024_16_4096_16",92,16,"SQ_LDS_BANK_CONFLICT",1024.000000
"33__1024_16_4096_16",92,16,"SQ_LDS_UNALIGNED_STALL",0.00000000e+00
"34__256_8",12,16,"SQ_LDS_BANK_CONFLICT",2048.000000
"34__256_8",12,16,"SQ_LDS_UNALIGNED_STALL",0.00000000e+00
"34__256_8_2048_8",40,16,"SQ_LDS_BANK_CONFLICT",256.000000
"34__256_8_2048_8",40,16,"SQ_LDS_UNALIGNED_STALL",0.00000000e+00
"34__256_8_2048_16",40,16,"SQ_LDS_BANK_CONFLICT",512.000000
"34__256_8_2048_16",40,16,"SQ_LDS_UNALIGNED_STALL",0.00000000e+00
"34__256_16",12,16,"SQ_LDS_BANK_CONFLICT",2560.000000
"34__256_16",12,16,"SQ_LDS_UNALIGNED_STALL",0.00000000e+00
"34__256_16_1024_8",40,16,"SQ_LDS_BANK_CONFLICT",512.000000
"34__256_16_1024_8",40,16,"SQ_LDS_UNALIGNED_STALL",0.00000000e+00
"34__256_16_1024_16",40,16,"SQ_LDS_BANK_CONFLICT",1536.000000
"34__256_16_1024_16",40,16,"SQ_LDS_UNALIGNED_STALL",0.00000000e+00
"34__2048_8",12,16,"SQ_LDS_BANK_CONFLICT",1792.000000
"34__2048_8",12,16,"SQ_LDS_UNALIGNED_STALL",0.00000000e+00
"34__2048_8_16384_8",12,16,"SQ_LDS_BANK_CONFLICT",1792.000000
"34__2048_8_16384_8",12,16,"SQ_LDS_UNALIGNED_STALL",0.00000000e+00
"34__2048_8_16384_16",12,16,"SQ_LDS_BANK_CONFLICT",1792.000000
"34__2048_8_16384_16",12,16,"SQ_LDS_UNALIGNED_STALL",0.00000000e+00
"34__2048_16",12,16,"SQ_LDS_BANK_CONFLICT",2048.000000
"34__2048_16",12,16,"SQ_LDS_UNALIGNED_STALL",0.00000000e+00
"34__2048_16_8192_8",12,16,"SQ_LDS_BANK_CONFLICT",1792.000000
"34__2048_16_8192_8",12,16,"SQ_LDS_UNALIGNED_STALL",0.00000000e+00
"34__2048_16_8192_16",12,16,"SQ_LDS_BANK_CONFLICT",2048.000000
"34__2048_16_8192_16",12,16,"SQ_LDS_UNALIGNED_STALL",0.00000000e+00
"34__64_8",8,16,"SQ_LDS_BANK_CONFLICT",3584.000000
"34__64_8",8,16,"SQ_LDS_UNALIGNED_STALL",0.00000000e+00
"34__64_8_512_8",40,16,"SQ_LDS_BANK_CONFLICT",1024.000000
"34__64_8_512_8",40,16,"SQ_LDS_UNALIGNED_STALL",0.00000000e+00
"34__64_8_512_16",40,16,"SQ_LDS_BANK_CONFLICT",2560.000000
"34__64_8_512_16",40,16,"SQ_LDS_UNALIGNED_STALL",0.00000000e+00
"34__64_16",8,16,"SQ_LDS_BANK_CONFLICT",5632.000000
"34__64_16",8,16,"SQ_LDS_UNALIGNED_STALL",0.00000000e+00
"34__64_16_256_8",40,16,"SQ_LDS_BANK_CONFLICT",2048.000000
"34__64_16_256_8",40,16,"SQ_LDS_UNALIGNED_STALL",0.00000000e+00
"34__64_16_256_16",40,16,"SQ_LDS_BANK_CONFLICT",2560.000000
"34__64_16_256_16",40,16,"SQ_LDS_UNALIGNED_STALL",0.00000000e+00
"34__512_8",12,16,"SQ_LDS_BANK_CONFLICT",1024.000000
"34__512_8",12,16,"SQ_LDS_UNALIGNED_STALL",0.00000000e+00
"34__512_8_4096_8",40,16,"SQ_LDS_BANK_CONFLICT",256.000000
"34__512_8_4096_8",40,16,"SQ_LDS_UNALIGNED_STALL",0.00000000e+00
"34__512_8_4096_16",40,16,"SQ_LDS_BANK_CONFLICT",512.000000
"34__512_8_4096_16",40,16,"SQ_LDS_UNALIGNED_STALL",0.00000000e+00
"34__512_16",12,16,"SQ_LDS_BANK_CONFLICT",2560.000000
"34__512_16",12,16,"SQ_LDS_UNALIGNED_STALL",0.00000000e+00
"34__512_16_2048_8",40,16,"SQ_LDS_BANK_CONFLICT",256.000000
"34__512_16_2048_8",40,16,"SQ_LDS_UNALIGNED_STALL",0.00000000e+00
"34__512_16_2048_16",40,16,"SQ_LDS_BANK_CONFLICT",1024.000000
"34__512_16_2048_16",40,16,"SQ_LDS_UNALIGNED_STALL",0.00000000e+00
"34__1024_8",12,16,"SQ_LDS_BANK_CONFLICT",1024.000000
"34__1024_8",12,16,"SQ_LDS_UNALIGNED_STALL",0.00000000e+00
"34__1024_8_8192_8",12,16,"SQ_LDS_BANK_CONFLICT",768.000000
"34__1024_8_8192_8",12,16,"SQ_LDS_UNALIGNED_STALL",0.00000000e+00
"34__1024_8_8192_16",12,16,"SQ_LDS_BANK_CONFLICT",1024.000000
"34__1024_8_8192_16",12,16,"SQ_LDS_UNALIGNED_STALL",0.00000000e+00
"34__1024_16",12,16,"SQ_LDS_BANK_CONFLICT",1536.000000
"34__1024_16",12,16,"SQ_LDS_UNALIGNED_STALL",0.00000000e+00
"34__1024_16_4096_8",40,16,"SQ_LDS_BANK_CONFLICT",768.000000
"34__1024_16_4096_8",40,16,"SQ_LDS_UNALIGNED_STALL",0.00000000e+00
"34__1024_16_4096_16",40,16,"SQ_LDS_BANK_CONFLICT",1024.000000
"34__1024_16_4096_16",40,16,"SQ_LDS_UNALIGNED_STALL",0.00000000e+00
"35__256_8",80,16,"SQ_LDS_BANK_CONFLICT",2048.000000
"35__256_8",80,16,"SQ_LDS_UNALIGNED_STALL",0.00000000e+00
"35__256_8_2048_8",124,16,"SQ_LDS_BANK_CONFLICT",256.000000
"35__256_8_2048_8",124,16,"SQ_LDS_UNALIGNED_STALL",0.00000000e+00
"35__256_8_2048_16",124,16,"SQ_LDS_BANK_CONFLICT",512.000000
"35__256_8_2048_16",124,16,"SQ_LDS_UNALIGNED_STALL",0.00000000e+00
"35__256_16",80,16,"SQ_LDS_BANK_CONFLICT",2560.000000
"35__256_16",80,16,"SQ_LDS_UNALIGNED_STALL",0.00000000e+00
"35__256_16_1024_8",120,16,"SQ_LDS_BANK_CONFLICT",512.000000
"35__256_16_1024_8",120,16,"SQ_LDS_UNALIGNED_STALL",0.00000000e+00
"35__256_16_1024_16",120,16,"SQ_LDS_BANK_CONFLICT",1536.000000
"35__256_16_1024_16",120,16,"SQ_LDS_UNALIGNED_STALL",0.00000000e+00
"35__2048_8",76,16,"SQ_LDS_BANK_CONFLICT",1792.000000
"35__2048_8",76,16,"SQ_LDS_UNALIGNED_STALL",0.00000000e+00
"35__2048_8_16384_8",76,16,"SQ_LDS_BANK_CONFLICT",1792.000000
"35__2048_8_16384_8",76,16,"SQ_LDS_UNALIGNED_STALL",0.00000000e+00
"35__2048_8_16384_16",76,16,"SQ_LDS_BANK_CONFLICT",1792.000000
"35__2048_8_16384_16",76,16,"SQ_LDS_UNALIGNED_STALL",0.00000000e+00
"35__2048_16",76,16,"SQ_LDS_BANK_CONFLICT",2048.000000
"35__2048_16",76,16,"SQ_LDS_UNALIGNED_STALL",0.00000000e+00
"35__2048_16_8192_8",80,16,"SQ_LDS_BANK_CONFLICT",1792.000000
"35__2048_16_8192_8",80,16,"SQ_LDS_UNALIGNED_STALL",0.00000000e+00
"35__2048_16_8192_16",76,16,"SQ_LDS_BANK_CONFLICT",2048.000000
"35__2048_16_8192_16",76,16,"SQ_LDS_UNALIGNED_STALL",0.00000000e+00
"35__64_8",80,16,"SQ_LDS_BANK_CONFLICT",3584.000000
"35__64_8",80,16,"SQ_LDS_UNALIGNED_STALL",0.00000000e+00
"35__64_8_512_8",120,16,"SQ_LDS_BANK_CONFLICT",1024.000000
"35__64_8_512_8",120,16,"SQ_LDS_UNALIGNED_STALL",0.00000000e+00
"35__64_8_512_16",120,16,"SQ_LDS_BANK_CONFLICT",2560.000000
"35__64_8_512_16",120,16,"SQ_LDS_UNALIGNED_STALL",0.00000000e+00
"35__64_16",80,16,"SQ_LDS_BANK_CONFLICT",5632.000000
"35__64_16",80,16,"SQ_LDS_UNALIGNED_STALL",0.00000000e+00
"35__64_16_256_8",120,16,"SQ_LDS_BANK_CONFLICT",2048.000000
"35__64_16_256_8",120,16,"SQ_LDS_UNALIGNED_STALL",0.00000000e+00
"35__64_16_256_16",120,16,"SQ_LDS_BANK_CONFLICT",2560.000000
"35__64_16_256_16",120,16,"SQ_LDS_UNALIGNED_STALL",0.00000000e+00
"35__512_8",80,16,"SQ_LDS_BANK_CONFLICT",1024.000000
"35__512_8",80,16,"SQ_LDS_UNALIGNED_STALL",0.00000000e+00
"35__512_8_4096_8",80,16,"SQ_LDS_BANK_CONFLICT",256.000000
"35__512_8_4096_8",80,16,"SQ_LDS_UNALIGNED_STALL",0.00000000e+00
"35__512_8_4096_16",80,16,"SQ_LDS_BANK_CONFLICT",512.000000
"35__512_8_4096_16",80,16,"SQ_LDS_UNALIGNED_STALL",0.00000000e+00
"35__512_16",80,16,"SQ_LDS_BANK_CONFLICT",2560.000000
"35__512_16",80,16,"SQ_LDS_UNALIGNED_STALL",0.00000000e+00
"35__512_16_2048_8",124,16,"SQ_LDS_BANK_CONFLICT",256.000000
"35__512_16_2048_8",124,16,"SQ_LDS_UNALIGNED_STALL",0.00000000e+00
"35__512_16_2048_16",124,16,"SQ_LDS_BANK_CONFLICT",1024.000000
"35__512_16_2048_16",124,16,"SQ_LDS_UNALIGNED_STALL",0.00000000e+00
"35__1024_8",80,16,"SQ_LDS_BANK_CONFLICT",1024.000000
"35__1024_8",80,16,"SQ_LDS_UNALIGNED_STALL",0.00000000e+00
"35__1024_8_8192_8",80,16,"SQ_LDS_BANK_CONFLICT",768.000000
"35__1024_8_8192_8",80,16,"SQ_LDS_UNALIGNED_STALL",0.00000000e+00
"35__1024_8_8192_16",80,16,"SQ_LDS_BANK_CONFLICT",1024.000000
"35__1024_8_8192_16",80,16,"SQ_LDS_UNALIGNED_STALL",0.00000000e+00
"35__1024_16",80,16,"SQ_LDS_BANK_CONFLICT",1536.000000
"35__1024_16",80,16,"SQ_LDS_UNALIGNED_STALL",0.00000000e+00
"35__1024_16_4096_8",80,16,"SQ_LDS_BANK_CONFLICT",768.000000
"35__1024_16_4096_8",80,16,"SQ_LDS_UNALIGNED_STALL",0.00000000e+00
"35__1024_16_4096_16",80,16,"SQ_LDS_BANK_CONFLICT",1024.000000
"35__1024_16_4096_16",80,16,"SQ_LDS_UNALIGNED_STALL",0.00000000e+00
"36__128_4",72,16,"SQ_LDS_BANK_CONFLICT",384.000000
"36__128_4",72,16,"SQ_LDS_UNALIGNED_STALL",0.00000000e+00
"36__128_4_2048_4",88,16,"SQ_LDS_BANK_CONFLICT",128.000000
"36__128_4_2048_4",88,16,"SQ_LDS_UNALIGNED_STALL",0.00000000e+00
"36__128_4_2048_8",88,16,"SQ_LDS_BANK_CONFLICT",0.00000000e+00
"36__128_4_2048_8",88,16,"SQ_LDS_UNALIGNED_STALL",0.00000000e+00
"36__128_4_2048_16",88,16,"SQ_LDS_BANK_CONFLICT",128.000000
"36__128_4_2048_16",88,16,"SQ_LDS_UNALIGNED_STALL",0.00000000e+00
"36__128_8",72,16,"SQ_LDS_BANK_CONFLICT",1024.000000
"36__128_8",72,16,"SQ_LDS_UNALIGNED_STALL",0.00000000e+00
"36__128_8_1024_4",88,16,"SQ_LDS_BANK_CONFLICT",128.000000
"36__128_8_1024_4",88,16,"SQ_LDS_UNALIGNED_STALL",0.00000000e+00
"36__128_8_1024_8",88,16,"SQ_LDS_BANK_CONFLICT",128.000000
"36__128_8_1024_8",88,16,"SQ_LDS_UNALIGNED_STALL",0.00000000e+00
"36__128_8_1024_16",88,16,"SQ_LDS_BANK_CONFLICT",256.000000
"36__128_8_1024_16",88,16,"SQ_LDS_UNALIGNED_STALL",0.00000000e+00
"36__128_16",72,16,"SQ_LDS_BANK_CONFLICT",1280.000000
"36__128_16",72,16,"SQ_LDS_UNALIGNED_STALL",0.00000000e+00
"36__128_16_512_4",88,16,"SQ_LDS_BANK_CONFLICT",0.00000000e+00
"36__128_16_512_4",88,16,"SQ_LDS_UNALIGNED_STALL",0.00000000e+00
"36__128_16_512_8",88,16,"SQ_LDS_BANK_CONFLICT",256.000000
"36__128_16_512_8",88,16,"SQ_LDS_UNALIGNED_STALL",0.00000000e+00
"36__128_16_512_16",88,16,"SQ_LDS_BANK_CONFLICT",768.000000
"36__128_16_512_16",88,16,"SQ_LDS_UNALIGNED_STALL",0.00000000e+00
"36__1024_4",72,16,"SQ_LDS_BANK_CONFLICT",1024.000000
"36__1024_4",72,16,"SQ_LDS_UNALIGNED_STALL",0.00000000e+00
"36__1024_4_16384_4",72,16,"SQ_LDS_BANK_CONFLICT",1024.000000
"36__1024_4_16384_4",72,16,"SQ_LDS_UNALIGNED_STALL",0.00000000e+00
"36__1024_4_16384_8",72,16,"SQ_LDS_BANK_CONFLICT",1024.000000
"36__1024_4_16384_8",72,16,"SQ_LDS_UNALIGNED_STALL",0.00000000e+00
"36__1024_4_16384_16",72,16,"SQ_LDS_BANK_CONFLICT",1024.000000
"36__1024_4_16384_16",72,16,"SQ_LDS_UNALIGNED_STALL",0.00000000e+00
"36__1024_8",72,16,"SQ_LDS_BANK_CONFLICT",896.000000
"36__1024_8",72,16,"SQ_LDS_UNALIGNED_STALL",0.00000000e+00
"36__1024_8_8192_4",72,16,"SQ_LDS_BANK_CONFLICT",896.000000
"36__1024_8_8192_4",72,16,"SQ_LDS_UNALIGNED_STALL",0.00000000e+00
"36__1024_8_8192_8",72,16,"SQ_LDS_BANK_CONFLICT",896.000000
"36__1024_8_8192_8",72,16,"SQ_LDS_UNALIGNED_STALL",0.00000000e+00
"36__1024_8_8192_16",72,16,"SQ_LDS_BANK_CONFLICT",896.000000
"36__1024_8_8192_16",72,16,"SQ_LDS_UNALIGNED_STALL",0.00000000e+00
"36__1024_16",72,16,"SQ_LDS_BANK_CONFLICT",1024.000000
"36__1024_16",72,16,"SQ_LDS_UNALIGNED_STALL",0.00000000e+00
"36__1024_16_4096_4",72,16,"SQ_LDS_BANK_CONFLICT",1024.000000
"36__1024_16_4096_4",72,16,"SQ_LDS_UNALIGNED_STALL",0.00000000e+00
"36__1024_16_4096_8",72,16,"SQ_LDS_BANK_CONFLICT",896.000000
"36__1024_16_4096_8",72,16,"SQ_LDS_UNALIGNED_STALL",0.00000000e+00
"36__1024_16_4096_16",72,16,"SQ_LDS_BANK_CONFLICT",1024.000000
"36__1024_16_4096_16",72,16,"SQ_LDS_UNALIGNED_STALL",0.00000000e+00
"36__64_4",72,16,"SQ_LDS_BANK_CONFLICT",1024.000000
"36__64_4",72,16,"SQ_LDS_UNALIGNED_STALL",0.00000000e+00
"36__64_4_1024_4",88,16,"SQ_LDS_BANK_CONFLICT",128.000000
"36__64_4_1024_4",88,16,"SQ_LDS_UNALIGNED_STALL",0.00000000e+00
"36__64_4_1024_8",88,16,"SQ_LDS_BANK_CONFLICT",128.000000
"36__64_4_1024_8",88,16,"SQ_LDS_UNALIGNED_STALL",0.00000000e+00
"36__64_4_1024_16",88,16,"SQ_LDS_BANK_CONFLICT",256.000000
"36__64_4_1024_16",88,16,"SQ_LDS_UNALIGNED_STALL",0.00000000e+00
"36__64_8",72,16,"SQ_LDS_BANK_CONFLICT",1280.000000
"36__64_8",72,16,"SQ_LDS_UNALIGNED_STALL",0.00000000e+00
"36__64_8_512_4",88,16,"SQ_LDS_BANK_CONFLICT",0.00000000e+00
"36__64_8_512_4",88,16,"SQ_LDS_UNALIGNED_STALL",0.00000000e+00
"36__64_8_512_8",88,16,"SQ_LDS_BANK_CONFLICT",256.000000
"36__64_8_512_8",88,16,"SQ_LDS_UNALIGNED_STALL",0.00000000e+00
"36__64_8_512_16",88,16,"SQ_LDS_BANK_CONFLICT",768.000000
"36__64_8_512_16",88,16,"SQ_LDS_UNALIGNED_STALL",0.00000000e+00
"36__64_16",72,16,"SQ_LDS_BANK_CONFLICT",1792.000000
"36__64_16",72,16,"SQ_LDS_UNALIGNED_STALL",0.00000000e+00
"36__64_16_256_4",100,16,"SQ_LDS_BANK_CONFLICT",128.000000
"36__64_16_256_4",100,16,"SQ_LDS_UNALIGNED_STALL",0.00000000e+00
"36__64_16_256_8",100,16,"SQ_LDS_BANK_CONFLICT",512.000000
"36__64_16_256_8",100,16,"SQ_LDS_UNALIGNED_STALL",0.00000000e+00
"36__64_16_256_16",100,16,"SQ_LDS_BANK_CONFLICT",1280.000000
"36__64_16_256_16",100,16,"SQ_LDS_UNALIGNED_STALL",0.00000000e+00
"36__256_4",72,16,"SQ_LDS_BANK_CONFLICT",256.000000
"36__256_4",72,16,"SQ_LDS_UNALIGNED_STALL",0.00000000e+00
"36__256_4_4096_4",72,16,"SQ_LDS_BANK_CONFLICT",256.000000
"36__256_4_4096_4",72,16,"SQ_LDS_UNALIGNED_STALL",0.00000000e+00
"36__256_4_4096_8",72,16,"SQ_LDS_BANK_CONFLICT",128.000000
"36__256_4_4096_8",72,16,"SQ_LDS_UNALIGNED_STALL",0.00000000e+00
"36__256_4_4096_16",72,16,"SQ_LDS_BANK_CONFLICT",256.000000
"36__256_4_4096_16",72,16,"SQ_LDS_UNALIGNED_STALL",0.00000000e+00
"36__256_8",72,16,"SQ_LDS_BANK_CONFLICT",512.000000
"36__256_8",72,16,"SQ_LDS_UNALIGNED_STALL",0.00000000e+00
"36__256_8_2048_4",88,16,"SQ_LDS_BANK_CONFLICT",256.000000
"36__256_8_2048_4",88,16,"SQ_LDS_UNALIGNED_STALL",0.00000000e+00
"36__256_8_2048_8",88,16,"SQ_LDS_BANK_CONFLICT",128.000000
"36__256_8_2048_8",88,16,"SQ_LDS_UNALIGNED_STALL",0.00000000e+00
"36__256_8_2048_16",88,16,"SQ_LDS_BANK_CONFLICT",256.000000
"36__256_8_2048_16",88,16,"SQ_LDS_UNALIGNED_STALL",0.00000000e+00
"36__256_16",72,16,"SQ_LDS_BANK_CONFLICT",1280.000000
"36__256_16",72,16,"SQ_LDS_UNALIGNED_STALL",0.00000000e+00
"36__256_16_1024_4",88,16,"SQ_LDS_BANK_CONFLICT",256.000000
"36__256_16_1024_4",88,16,"SQ_LDS_UNALIGNED_STALL",0.00000000e+00
"36__256_16_1024_8",88,16,"SQ_LDS_BANK_CONFLICT",128.000000
"36__256_16_1024_8",88,16,"SQ_LDS_UNALIGNED_STALL",0.00000000e+00
"36__256_16_1024_16",88,16,"SQ_LDS_BANK_CONFLICT",512.000000
"36__256_16_1024_16",88,16,"SQ_LDS_UNALIGNED_STALL",0.00000000e+00
"36__512_4",72,16,"SQ_LDS_BANK_CONFLICT",384.000000
"36__512_4",72,16,"SQ_LDS_UNALIGNED_STALL",0.00000000e+00
"36__512_4_8192_4",72,16,"SQ_LDS_BANK_CONFLICT",384.000000
"36__512_4_8192_4",72,16,"SQ_LDS_UNALIGNED_STALL",0.00000000e+00
"36__512_4_8192_8",72,16,"SQ_LDS_BANK_CONFLICT",384.000000
"36__512_4_8192_8",72,16,"SQ_LDS_UNALIGNED_STALL",0.00000000e+00
"36__512_4_8192_16",72,16,"SQ_LDS_BANK_CONFLICT",384.000000
"36__512_4_8192_16",72,16,"SQ_LDS_UNALIGNED_STALL",0.00000000e+00
"36__512_8",72,16,"SQ_LDS_BANK_CONFLICT",512.000000
"36__512_8",72,16,"SQ_LDS_UNALIGNED_STALL",0.00000000e+00
"36__512_8_4096_4",72,16,"SQ_LDS_BANK_CONFLICT",512.000000
"36__512_8_4096_4",72,16,"SQ_LDS_UNALIGNED_STALL",0.00000000e+00
"36__512_8_4096_8",72,16,"SQ_LDS_BANK_CONFLICT",384.000000
"36__512_8_4096_8",72,16,"SQ_LDS_UNALIGNED_STALL",0.00000000e+00
"36__512_8_4096_16",72,16,"SQ_LDS_BANK_CONFLICT",512.000000
"36__512_8_4096_16",72,16,"SQ_LDS_UNALIGNED_STALL",0.00000000e+00
"36__512_16",72,16,"SQ_LDS_BANK_CONFLICT",768.000000
"36__512_16",72,16,"SQ_LDS_UNALIGNED_STALL",0.00000000e+00
"36__512_16_2048_4",88,16,"SQ_LDS_BANK_CONFLICT",512.000000
"36__512_16_2048_4",88,16,"SQ_LDS_UNALIGNED_STALL",0.00000000e+00
"36__512_16_2048_8",88,16,"SQ_LDS_BANK_CONFLICT",384.000000
"36__512_16_2048_8",88,16,"SQ_LDS_UNALIGNED_STALL",0.00000000e+00
"36__512_16_2048_16",88,16,"SQ_LDS_BANK_CONFLICT",512.000000
"36__512_16_2048_16",88,16,"SQ_LDS_UNALIGNED_STALL",0.00000000e+00
"37__128_4",80,16,"SQ_LDS_BANK_CONFLICT",384.000000
"37__128_4",80,16,"SQ_LDS_UNALIGNED_STALL",0.00000000e+00
"37__128_4_2048_4",80,16,"SQ_LDS_BANK_CONFLICT",128.000000
"37__128_4_2048_4",80,16,"SQ_LDS_UNALIGNED_STALL",0.00000000e+00
"37__128_4_2048_8",80,16,"SQ_LDS_BANK_CONFLICT",0.00000000e+00
"37__128_4_2048_8",80,16,"SQ_LDS_UNALIGNED_STALL",0.00000000e+00
"37__128_4_2048_16",80,16,"SQ_LDS_BANK_CONFLICT",128.000000
"37__128_4_2048_16",80,16,"SQ_LDS_UNALIGNED_STALL",0.00000000e+00
"37__128_8",80,16,"SQ_LDS_BANK_CONFLICT",1024.000000
"37__128_8",80,16,"SQ_LDS_UNALIGNED_STALL",0.00000000e+00
"37__128_8_1024_4",72,16,"SQ_LDS_BANK_CONFLICT",128.000000
"37__128_8_1024_4",72,16,"SQ_LDS_UNALIGNED_STALL",0.00000000e+00
"37__128_8_1024_8",72,16,"SQ_LDS_BANK_CONFLICT",128.000000
"37__128_8_1024_8",72,16,"SQ_LDS_UNALIGNED_STALL",0.00000000e+00
"37__128_8_1024_16",72,16,"SQ_LDS_BANK_CONFLICT",256.000000
"37__128_8_1024_16",72,16,"SQ_LDS_UNALIGNED_STALL",0.00000000e+00
"37__128_16",80,16,"SQ_LDS_BANK_CONFLICT",1280.000000
"37__128_16",80,16,"SQ_LDS_UNALIGNED_STALL",0.00000000e+00
"37__128_16_512_4",68,16,"SQ_LDS_BANK_CONFLICT",0.00000000e+00
"37__128_16_512_4",68,16,"SQ_LDS_UNALIGNED_STALL",0.00000000e+00
"37__128_16_512_8",68,16,"SQ_LDS_BANK_CONFLICT",256.000000
"37__128_16_512_8",68,16,"SQ_LDS_UNALIGNED_STALL",0.00000000e+00
"37__128_16_512_16",68,16,"SQ_LDS_BANK_CONFLICT",768.000000
"37__128_16_512_16",68,16,"SQ_LDS_UNALIGNED_STALL",0.00000000e+00
"37__1024_4",76,16,"SQ_LDS_BANK_CONFLICT",1024.000000
"37__1024_4",76,16,"SQ_LDS_UNALIGNED_STALL",0.00000000e+00
"37__1024_4_16384_4",76,16,"SQ_LDS_BANK_CONFLICT",1024.000000
"37__1024_4_16384_4",76,16,"SQ_LDS_UNALIGNED_STALL",0.00000000e+00
"37__1024_4_16384_8",76,16,"SQ_LDS_BANK_CONFLICT",1024.000000
"37__1024_4_16384_8",76,16,"SQ_LDS_UNALIGNED_STALL",0.00000000e+00
"37__1024_4_16384_16",76,16,"SQ_LDS_BANK_CONFLICT",1024.000000
"37__1024_4_16384_16",76,16,"SQ_LDS_UNALIGNED_STALL",0.00000000e+00
"37__1024_8",76,16,"SQ_LDS_BANK_CONFLICT",896.000000
"37__1024_8",76,16,"SQ_LDS_UNALIGNED_STALL",0.00000000e+00
"37__1024_8_8192_4",76,16,"SQ_LDS_BANK_CONFLICT",896.000000
"37__1024_8_8192_4",76,16,"SQ_LDS_UNALIGNED_STALL",0.00000000e+00
"37__1024_8_8192_8",76,16,"SQ_LDS_BANK_CONFLICT",896.000000
"37__1024_8_8192_8",76,16,"SQ_LDS_UNALIGNED_STALL",0.00000000e+00
"37__1024_8_8192_16",76,16,"SQ_LDS_BANK_CONFLICT",896.000000
"37__1024_8_8192_16",76,16,"SQ_LDS_UNALIGNED_STALL",0.00000000e+00
"37__1024_16",76,16,"SQ_LDS_BANK_CONFLICT",1024.000000
"37__1024_16",76,16,"SQ_LDS_UNALIGNED_STALL",0.00000000e+00
"37__1024_16_4096_4",76,16,"SQ_LDS_BANK_CONFLICT",1024.000000
"37__1024_16_4096_4",76,16,"SQ_LDS_UNALIGNED_STALL",0.00000000e+00
"37__1024_16_4096_8",76,16,"SQ_LDS_BANK_CONFLICT",896.000000
"37__1024_16_4096_8",76,16,"SQ_LDS_UNALIGNED_STALL",0.00000000e+00
"37__1024_16_4096_16",76,16,"SQ_LDS_BANK_CONFLICT",1024.000000
"37__1024_16_4096_16",76,16,"SQ_LDS_UNALIGNED_STALL",0.00000000e+00
"37__64_4",80,16,"SQ_LDS_BANK_CONFLICT",1024.000000
"37__64_4",80,16,"SQ_LDS_UNALIGNED_STALL",0.00000000e+00
"37__64_4_1024_4",72,16,"SQ_LDS_BANK_CONFLICT",128.000000
"37__64_4_1024_4",72,16,"SQ_LDS_UNALIGNED_STALL",0.00000000e+00
"37__64_4_1024_8",72,16,"SQ_LDS_BANK_CONFLICT",128.000000
"37__64_4_1024_8",72,16,"SQ_LDS_UNALIGNED_STALL",0.00000000e+00
"37__64_4_1024_16",72,16,"SQ_LDS_BANK_CONFLICT",256.000000
"37__64_4_1024_16",72,16,"SQ_LDS_UNALIGNED_STALL",0.00000000e+00
"37__64_8",80,16,"SQ_LDS_BANK_CONFLICT",1280.000000
"37__64_8",80,16,"SQ_LDS_UNALIGNED_STALL",0.00000000e+00
"37__64_8_512_4",68,16,"SQ_LDS_BANK_CONFLICT",0.00000000e+00
"37__64_8_512_4",68,16,"SQ_LDS_UNALIGNED_STALL",0.00000000e+00
"37__64_8_512_8",68,16,"SQ_LDS_BANK_CONFLICT",256.000000
"37__64_8_512_8",68,16,"SQ_LDS_UNALIGNED_STALL",0.00000000e+00
"37__64_8_512_16",68,16,"SQ_LDS_BANK_CONFLICT",768.000000
"37__64_8_512_16",68,16,"SQ_LDS_UNALIGNED_STALL",0.00000000e+00
"37__64_16",80,16,"SQ_LDS_BANK_CONFLICT",1792.000000
"37__64_16",80,16,"SQ_LDS_UNALIGNED_STALL",0.00000000e+00
"37__64_16_256_4",76,16,"SQ_LDS_BANK_CONFLICT",128.000000
"37__64_16_256_4",76,16,"SQ_LDS_UNALIGNED_STALL",0.00000000e+00
"37__64_16_256_8",76,16,"SQ_LDS_BANK_CONFLICT",512.000000
"37__64_16_256_8",76,16,"SQ_LDS_UNALIGNED_STALL",0.00000000e+00
"37__64_16_256_16",76,16,"SQ_LDS_BANK_CONFLICT",1280.000000
"37__64_16_256_16",76,16,"SQ_LDS_UNALIGNED_STALL",0.00000000e+00
"37__256_4",76,16,"SQ_LDS_BANK_CONFLICT",256.000000
"37__256_4",76,16,"SQ_LDS_UNALIGNED_STALL",0.00000000e+00
"37__256_4_4096_4",76,16,"SQ_LDS_BANK_CONFLICT",256.000000
"37__256_4_4096_4",76,16,"SQ_LDS_UNALIGNED_STALL",0.00000000e+00
"37__256_4_4096_8",76,16,"SQ_LDS_BANK_CONFLICT",128.000000
"37__256_4_4096_8",76,16,"SQ_LDS_UNALIGNED_STALL",0.00000000e+00
"37__256_4_4096_16",76,16,"SQ_LDS_BANK_CONFLICT",256.000000
"37__256_4_4096_16",76,16,"SQ_LDS_UNALIGNED_STALL",0.00000000e+00
"37__256_8",76,16,"SQ_LDS_BANK_CONFLICT",512.000000
"37__256_8",76,16,"SQ_LDS_UNALIGNED_STALL",0.00000000e+00
"37__256_8_2048_4",76,16,"SQ_LDS_BANK_CONFLICT",256.000000
"37__256_8_2048_4",76,16,"SQ_LDS_UNALIGNED_STALL",0.00000000e+00
"37__256_8_2048_8",76,16,"SQ_LDS_BANK_CONFLICT",128.000000
"37__256_8_2048_8",76,16,"SQ_LDS_UNALIGNED_STALL",0.00000000e+00
"37__256_8_2048_16",76,16,"SQ_LDS_BANK_CONFLICT",256.000000
"37__256_8_2048_16",76,16,"SQ_LDS_UNALIGNED_STALL",0.00000000e+00
"37__256_16",76,16,"SQ_LDS_BANK_CONFLICT",1280.000000
"37__256_16",76,16,"SQ_LDS_UNALIGNED_STALL",0.00000000e+00
"37__256_16_1024_4",72,16,"SQ_LDS_BANK_CONFLICT",256.000000
"37__256_16_1024_4",72,16,"SQ_LDS_UNALIGNED_STALL",0.00000000e+00
"37__256_16_1024_8",72,16,"SQ_LDS_BANK_CONFLICT",128.000000
"37__256_16_1024_8",72,16,"SQ_LDS_UNALIGNED_STALL",0.00000000e+00
"37__256_16_1024_16",72,16,"SQ_LDS_BANK_CONFLICT",512.000000
"37__256_16_1024_16",72,16,"SQ_LDS_UNALIGNED_STALL",0.00000000e+00
"37__512_4",76,16,"SQ_LDS_BANK_CONFLICT",384.000000
"37__512_4",76,16,"SQ_LDS_UNALIGNED_STALL",0.00000000e+00
"37__512_4_8192_4",76,16,"SQ_LDS_BANK_CONFLICT",384.000000
"37__512_4_8192_4",76,16,"SQ_LDS_UNALIGNED_STALL",0.00000000e+00
"37__512_4_8192_8",76,16,"SQ_LDS_BANK_CONFLICT",384.000000
"37__512_4_8192_8",76,16,"SQ_LDS_UNALIGNED_STALL",0.00000000e+00
"37__512_4_8192_16",76,16,"SQ_LDS_BANK_CONFLICT",384.000000
"37__512_4_8192_16",76,16,"SQ_LDS_UNALIGNED_STALL",0.00000000e+00
"37__512_8",76,16,"SQ_LDS_BANK_CONFLICT",512.000000
"37__512_8",76,16,"SQ_LDS_UNALIGNED_STALL",0.00000000e+00
"37__512_8_4096_4",76,16,"SQ_LDS_BANK_CONFLICT",512.000000
"37__512_8_4096_4",76,16,"SQ_LDS_UNALIGNED_STALL",0.00000000e+00
"37__512_8_4096_8",76,16,"SQ_LDS_BANK_CONFLICT",384.000000
"37__512_8_4096_8",76,16,"SQ_LDS_UNALIGNED_STALL",0.00000000e+00
"37__512_8_4096_16",76,16,"SQ_LDS_BANK_CONFLICT",512.000000
"37__512_8_4096_16",76,16,"SQ_LDS_UNALIGNED_STALL",0.00000000e+00
"37__512_16",76,16,"SQ_LDS_BANK_CONFLICT",768.000000
"37__512_16",76,16,"SQ_LDS_UNALIGNED_STALL",0.00000000e+00
"37__512_16_2048_4",76,16,"SQ_LDS_BANK_CONFLICT",512.000000
"37__512_16_2048_4",76,16,"SQ_LDS_UNALIGNED_STALL",0.00000000e+00
"37__512_16_2048_8",76,16,"SQ_LDS_BANK_CONFLICT",384.000000
"37__512_16_2048_8",76,16,"SQ_LDS_UNALIGNED_STALL",0.00000000e+00
"37__512_16_2048_16",76,16,"SQ_LDS_BANK_CONFLICT",512.000000
"37__512_16_2048_16",76,16,"SQ_LDS_UNALIGNED_STALL",0.00000000e+00
"38__128_4",76,16,"SQ_LDS_BANK_CONFLICT",384.000000
"38__128_4",76,16,"SQ_LDS_UNALIGNED_STALL",0.00000000e+00
"38__128_4_2048_4",88,16,"SQ_LDS_BANK_CONFLICT",128.000000
"38__128_4_2048_4",88,16,"SQ_LDS_UNALIGNED_STALL",0.00000000e+00
"38__128_4_2048_8",88,16,"SQ_LDS_BANK_CONFLICT",0.00000000e+00
"38__128_4_2048_8",88,16,"SQ_LDS_UNALIGNED_STALL",0.00000000e+00
"38__128_4_2048_16",88,16,"SQ_LDS_BANK_CONFLICT",128.000000
"38__128_4_2048_16",88,16,"SQ_LDS_UNALIGNED_STALL",0.00000000e+00
"38__128_8",76,16,"SQ_LDS_BANK_CONFLICT",1024.000000
"38__128_8",76,16,"SQ_LDS_UNALIGNED_STALL",0.00000000e+00
"38__128_8_1024_4",88,16,"SQ_LDS_BANK_CONFLICT",128.000000
"38__128_8_1024_4",88,16,"SQ_LDS_UNALIGNED_STALL",0.00000000e+00
"38__128_8_1024_8",88,16,"SQ_LDS_BANK_CONFLICT",128.000000
"38__128_8_1024_8",88,16,"SQ_LDS_UNALIGNED_STALL",0.00000000e+00
"38__128_8_1024_16",88,16,"SQ_LDS_BANK_CONFLICT",256.000000
"38__128_8_1024_16",88,16,"SQ_LDS_UNALIGNED_STALL",0.00000000e+00
"38__128_16",76,16,"SQ_LDS_BANK_CONFLICT",1280.000000
"38__128_16",76,16,"SQ_LDS_UNALIGNED_STALL",0.00000000e+00
"38__128_16_512_4",88,16,"SQ_LDS_BANK_CONFLICT",0.00000000e+00
"38__128_16_512_4",88,16,"SQ_LDS_UNALIGNED_STALL",0.00000000e+00
"38__128_16_512_8",88,16,"SQ_LDS_BANK_CONFLICT",256.000000
"38__128_16_512_8",88,16,"SQ_LDS_UNALIGNED_STALL",0.00000000e+00
"38__128_16_512_16",88,16,"SQ_LDS_BANK_CONFLICT",768.000000
"38__128_16_512_16",88,16,"SQ_LDS_UNALIGNED_STALL",0.00000000e+00
"38__1024_4",76,16,"SQ_LDS_BANK_CONFLICT",1024.000000
"38__1024_4",76,16,"SQ_LDS_UNALIGNED_STALL",0.00000000e+00
"38__1024_4_16384_4",76,16,"SQ_LDS_BANK_CONFLICT",1024.000000
"38__1024_4_16384_4",76,16,"SQ_LDS_UNALIGNED_STALL",0.00000000e+00
"38__1024_4_16384_8",76,16,"SQ_LDS_BANK_CONFLICT",1024.000000
"38__1024_4_16384_8",76,16,"SQ_LDS_UNALIGNED_STALL",0.00000000e+00
"38__1024_4_16384_16",76,16,"SQ_LDS_BANK_CONFLICT",1024.000000
"38__1024_4_16384_16",76,16,"SQ_LDS_UNALIGNED_STALL",0.00000000e+00
"38__1024_8",80,16,"SQ_LDS_BANK_CONFLICT",896.000000
"38__1024_8",80,16,"SQ_LDS_UNALIGNED_STALL",0.00000000e+00
"38__1024_8_8192_4",80,16,"SQ_LDS_BANK_CONFLICT",896.000000
"38__1024_8_8192_4",80,16,"SQ_LDS_UNALIGNED_STALL",0.00000000e+00
"38__1024_8_8192_8",80,16,"SQ_LDS_BANK_CONFLICT",896.000000
"38__1024_8_8192_8",80,16,"SQ_LDS_UNALIGNED_STALL",0.00000000e+00
"38__1024_8_8192_16",80,16,"SQ_LDS_BANK_CONFLICT",896.000000
"38__1024_8_8192_16",80,16,"SQ_LDS_UNALIGNED_STALL",0.00000000e+00
"38__1024_16",76,16,"SQ_LDS_BANK_CONFLICT",1024.000000
"38__1024_16",76,16,"SQ_LDS_UNALIGNED_STALL",0.00000000e+00
"38__1024_16_4096_4",76,16,"SQ_LDS_BANK_CONFLICT",1024.000000
"38__1024_16_4096_4",76,16,"SQ_LDS_UNALIGNED_STALL",0.00000000e+00
"38__1024_16_4096_8",76,16,"SQ_LDS_BANK_CONFLICT",896.000000
"38__1024_16_4096_8",76,16,"SQ_LDS_UNALIGNED_STALL",0.00000000e+00
"38__1024_16_4096_16",76,16,"SQ_LDS_BANK_CONFLICT",1024.000000
"38__1024_16_4096_16",76,16,"SQ_LDS_UNALIGNED_STALL",0.00000000e+00
"38__64_4",76,16,"SQ_LDS_BANK_CONFLICT",1024.000000
"38__64_4",76,16,"SQ_LDS_UNALIGNED_STALL",0.00000000e+00
"38__64_4_1024_4",88,16,"SQ_LDS_BANK_CONFLICT",128.000000
"38__64_4_1024_4",88,16,"SQ_LDS_UNALIGNED_STALL",0.00000000e+00
"38__64_4_1024_8",88,16,"SQ_LDS_BANK_CONFLICT",128.000000
"38__64_4_1024_8",88,16,"SQ_LDS_UNALIGNED_STALL",0.00000000e+00
"38__64_4_1024_16",88,16,"SQ_LDS_BANK_CONFLICT",256.000000
"38__64_4_1024_16",88,16,"SQ_LDS_UNALIGNED_STALL",0.00000000e+00
"38__64_8",76,16,"SQ_LDS_BANK_CONFLICT",1280.000000
"38__64_8",76,16,"SQ_LDS_UNALIGNED_STALL",0.00000000e+00
"38__64_8_512_4",88,16,"SQ_LDS_BANK_CONFLICT",0.00000000e+00
"38__64_8_512_4",88,16,"SQ_LDS_UNALIGNED_STALL",0.00000000e+00
"38__64_8_512_8",88,16,"SQ_LDS_BANK_CONFLICT",256.000000
"38__64_8_512_8",88,16,"SQ_LDS_UNALIGNED_STALL",0.00000000e+00
"38__64_8_512_16",88,16,"SQ_LDS_BANK_CONFLICT",768.000000
"38__64_8_512_16",88,16,"SQ_LDS_UNALIGNED_STALL",0.00000000e+00
"38__64_16",76,16,"SQ_LDS_BANK_CONFLICT",1792.000000
"38__64_16",76,16,"SQ_LDS_UNALIGNED_STALL",0.00000000e+00
"38__64_16_256_4",88,16,"SQ_LDS_BANK_CONFLICT",128.000000
"38__64_16_256_4",88,16,"SQ_LDS_UNALIGNED_STALL",0.00000000e+00
"38__64_16_256_8",88,16,"SQ_LDS_BANK_CONFLICT",512.000000
"38__64_16_256_8",88,16,"SQ_LDS_UNALIGNED_STALL",0.00000000e+00
"38__64_16_256_16",88,16,"SQ_LDS_BANK_CONFLICT",1280.000000
"38__64_16_256_16",88,16,"SQ_LDS_UNALIGNED_STALL",0.00000000e+00
"38__256_4",76,16,"SQ_LDS_BANK_CONFLICT",256.000000
"38__256_4",76,16,"SQ_LDS_UNALIGNED_STALL",0.00000000e+00
"38__256_4_4096_4",76,16,"SQ_LDS_BANK_CONFLICT",256.000000
"38__256_4_4096_4",76,16,"SQ_LDS_UNALIGNED_STALL",0.00000000e+00
"38__256_4_4096_8",80,16,"SQ_LDS_BANK_CONFLICT",128.000000
"38__256_4_4096_8",80,16,"SQ_LDS_UNALIGNED_STALL",0.00000000e+00
"38__256_4_4096_16",76,16,"SQ_LDS_BANK_CONFLICT",256.000000
"38__256_4_4096_16",76,16,"SQ_LDS_UNALIGNED_STALL",0.00000000e+00
"38__256_8",76,16,"SQ_LDS_BANK_CONFLICT",512.000000
"38__256_8",76,16,"SQ_LDS_UNALIGNED_STALL",0.00000000e+00
"38__256_8_2048_4",88,16,"SQ_LDS_BANK_CONFLICT",256.000000
"38__256_8_2048_4",88,16,"SQ_LDS_UNALIGNED_STALL",0.00000000e+00
"38__256_8_2048_8",88,16,"SQ_LDS_BANK_CONFLICT",128.000000
"38__256_8_2048_8",88,16,"SQ_LDS_UNALIGNED_STALL",0.00000000e+00
"38__256_8_2048_16",88,16,"SQ_LDS_BANK_CONFLICT",256.000000
"38__256_8_2048_16",88,16,"SQ_LDS_UNALIGNED_STALL",0.00000000e+00
"38__256_16",76,16,"SQ_LDS_BANK_CONFLICT",1280.000000
"38__256_16",76,16,"SQ_LDS_UNALIGNED_STALL",0.00000000e+00
"38__256_16_1024_4",88,16,"SQ_LDS_BANK_CONFLICT",256.000000
"38__256_16_1024_4",88,16,"SQ_LDS_UNALIGNED_STALL",0.00000000e+00
"38__256_16_1024_8",88,16,"SQ_LDS_BANK_CONFLICT",128.000000
"38__256_16_1024_8",88,16,"SQ_LDS_UNALIGNED_STALL",0.00000000e+00
"38__256_16_1024_16",88,16,"SQ_LDS_BANK_CONFLICT",512.000000
"38__256_16_1024_16",88,16,"SQ_LDS_UNALIGNED_STALL",0.00000000e+00
"38__512_4",80,16,"SQ_LDS_BANK_CONFLICT",384.000000
"38__512_4",80,16,"SQ_LDS_UNALIGNED_STALL",0.00000000e+00
"38__512_4_8192_4",80,16,"SQ_LDS_BANK_CONFLICT",384.000000
"38__512_4_8192_4",80,16,"SQ_LDS_UNALIGNED_STALL",0.00000000e+00
"38__512_4_8192_8",80,16,"SQ_LDS_BANK_CONFLICT",384.000000
"38__512_4_8192_8",80,16,"SQ_LDS_UNALIGNED_STALL",0.00000000e+00
"38__512_4_8192_16",80,16,"SQ_LDS_BANK_CONFLICT",384.000000
"38__512_4_8192_16",80,16,"SQ_LDS_UNALIGNED_STALL",0.00000000e+00
"38__512_8",76,16,"SQ_LDS_BANK_CONFLICT",512.000000
"38__512_8",76,16,"SQ_LDS_UNALIGNED_STALL",0.00000000e+00
"38__512_8_4096_4",76,16,"SQ_LDS_BANK_CONFLICT",512.000000
"38__512_8_4096_4",76,16,"SQ_LDS_UNALIGNED_STALL",0.00000000e+00
"38__512_8_4096_8",80,16,"SQ_LDS_BANK_CONFLICT",384.000000
"38__512_8_4096_8",80,16,"SQ_LDS_UNALIGNED_STALL",0.00000000e+00
"38__512_8_4096_16",76,16,"SQ_LDS_BANK_CONFLICT",512.000000
"38__512_8_4096_16",76,16,"SQ_LDS_UNALIGNED_STALL",0.00000000e+00
"38__512_16",76,16,"SQ_LDS_BANK_CONFLICT",768.000000
"38__512_16",76,16,"SQ_LDS_UNALIGNED_STALL",0.00000000e+00
"38__512_16_2048_4",88,16,"SQ_LDS_BANK_CONFLICT",512.000000
"38__512_16_2048_4",88,16,"SQ_LDS_UNALIGNED_STALL",0.00000000e+00
"38__512_16_2048_8",88,16,"SQ_LDS_BANK_CONFLICT",384.000000
"38__512_16_2048_8",88,16,"SQ_LDS_UNALIGNED_STALL",0.00000000e+00
"38__512_16_2048_16",88,16,"SQ_LDS_BANK_CONFLICT",512.000000
"38__512_16_2048_16",88,16,"SQ_LDS_UNALIGNED_STALL",0.00000000e+00
"39__128_4",80,16,"SQ_LDS_BANK_CONFLICT",384.000000
"39__128_4",80,16,"SQ_LDS_UNALIGNED_STALL",0.00000000e+00
"39__128_4_2048_4",80,16,"SQ_LDS_BANK_CONFLICT",128.000000
"39__128_4_2048_4",80,16,"SQ_LDS_UNALIGNED_STALL",0.00000000e+00
"39__128_4_2048_8",80,16,"SQ_LDS_BANK_CONFLICT",0.00000000e+00
"39__128_4_2048_8",80,16,"SQ_LDS_UNALIGNED_STALL",0.00000000e+00
"39__128_4_2048_16",80,16,"SQ_LDS_BANK_CONFLICT",128.000000
"39__128_4_2048_16",80,16,"SQ_LDS_UNALIGNED_STALL",0.00000000e+00
"39__128_8",80,16,"SQ_LDS_BANK_CONFLICT",1024.000000
"39__128_8",80,16,"SQ_LDS_UNALIGNED_STALL",0.00000000e+00
"39__128_8_1024_4",68,16,"SQ_LDS_BANK_CONFLICT",128.000000
"39__128_8_1024_4",68,16,"SQ_LDS_UNALIGNED_STALL",0.00000000e+00
"39__128_8_1024_8",68,16,"SQ_LDS_BANK_CONFLICT",128.000000
"39__128_8_1024_8",68,16,"SQ_LDS_UNALIGNED_STALL",0.00000000e+00
"39__128_8_1024_16",68,16,"SQ_LDS_BANK_CONFLICT",256.000000
"39__128_8_1024_16",68,16,"SQ_LDS_UNALIGNED_STALL",0.00000000e+00
"39__128_16",80,16,"SQ_LDS_BANK_CONFLICT",1280.000000
"39__128_16",80,16,"SQ_LDS_UNALIGNED_STALL",0.00000000e+00
"39__128_16_512_4",68,16,"SQ_LDS_BANK_CONFLICT",0.00000000e+00
"39__128_16_512_4",68,16,"SQ_LDS_UNALIGNED_STALL",0.00000000e+00
"39__128_16_512_8",68,16,"SQ_LDS_BANK_CONFLICT",256.000000
"39__128_16_512_8",68,16,"SQ_LDS_UNALIGNED_STALL",0.00000000e+00
"39__128_16_512_16",68,16,"SQ_LDS_BANK_CONFLICT",768.000000
"39__128_16_512_16",68,16,"SQ_LDS_UNALIGNED_STALL",0.00000000e+00
"39__1024_4",76,16,"SQ_LDS_BANK_CONFLICT",1024.000000
"39__1024_4",76,16,"SQ_LDS_UNALIGNED_STALL",0.00000000e+00
"39__1024_4_16384_4",76,16,"SQ_LDS_BANK_CONFLICT",1024.000000
"39__1024_4_16384_4",76,16,"SQ_LDS_UNALIGNED_STALL",0.00000000e+00
"39__1024_4_16384_8",76,16,"SQ_LDS_BANK_CONFLICT",1024.000000
"39__1024_4_16384_8",76,16,"SQ_LDS_UNALIGNED_STALL",0.00000000e+00
"39__1024_4_16384_16",76,16,"SQ_LDS_BANK_CONFLICT",1024.000000
"39__1024_4_16384_16",76,16,"SQ_LDS_UNALIGNED_STALL",0.00000000e+00
"39__1024_8",76,16,"SQ_LDS_BANK_CONFLICT",896.000000
"39__1024_8",76,16,"SQ_LDS_UNALIGNED_STALL",0.00000000e+00
"39__1024_8_8192_4",76,16,"SQ_LDS_BANK_CONFLICT",896.000000
"39__1024_8_8192_4",76,16,"SQ_LDS_UNALIGNED_STALL",0.00000000e+00
"39__1024_8_8192_8",76,16,"SQ_LDS_BANK_CONFLICT",896.000000
"39__1024_8_8192_8",76,16,"SQ_LDS_UNALIGNED_STALL",0.00000000e+00
"39__1024_8_8192_16",76,16,"SQ_LDS_BANK_CONFLICT",896.000000
"39__1024_8_8192_16",76,16,"SQ_LDS_UNALIGNED_STALL",0.00000000e+00
"39__1024_16",76,16,"SQ_LDS_BANK_CONFLICT",1024.000000
"39__1024_16",76,16,"SQ_LDS_UNALIGNED_STALL",0.00000000e+00
"39__1024_16_4096_4",76,16,"SQ_LDS_BANK_CONFLICT",1024.000000
"39__1024_16_4096_4",76,16,"SQ_LDS_UNALIGNED_STALL",0.00000000e+00
"39__1024_16_4096_8",76,16,"SQ_LDS_BANK_CONFLICT",896.000000
"39__1024_16_4096_8",76,16,"SQ_LDS_UNALIGNED_STALL",0.00000000e+00
"39__1024_16_4096_16",76,16,"SQ_LDS_BANK_CONFLICT",1024.000000
"39__1024_16_4096_16",76,16,"SQ_LDS_UNALIGNED_STALL",0.00000000e+00
"39__64_4",80,16,"SQ_LDS_BANK_CONFLICT",1024.000000
"39__64_4",80,16,"SQ_LDS_UNALIGNED_STALL",0.00000000e+00
"39__64_4_1024_4",68,16,"SQ_LDS_BANK_CONFLICT",128.000000
"39__64_4_1024_4",68,16,"SQ_LDS_UNALIGNED_STALL",0.00000000e+00
"39__64_4_1024_8",68,16,"SQ_LDS_BANK_CONFLICT",128.000000
"39__64_4_1024_8",68,16,"SQ_LDS_UNALIGNED_STALL",0.00000000e+00
"39__64_4_1024_16",68,16,"SQ_LDS_BANK_CONFLICT",256.000000
"39__64_4_1024_16",68,16,"SQ_LDS_UNALIGNED_STALL",0.00000000e+00
"39__64_8",80,16,"SQ_LDS_BANK_CONFLICT",1280.000000
"39__64_8",80,16,"SQ_LDS_UNALIGNED_STALL",0.00000000e+00
"39__64_8_512_4",68,16,"SQ_LDS_BANK_CONFLICT",0.00000000e+00
"39__64_8_512_4",68,16,"SQ_LDS_UNALIGNED_STALL",0.00000000e+00
"39__64_8_512_8",68,16,"SQ_LDS_BANK_CONFLICT",256.000000
"39__64_8_512_8",68,16,"SQ_LDS_UNALIGNED_STALL",0.00000000e+00
"39__64_8_512_16",68,16,"SQ_LDS_BANK_CONFLICT",768.000000
"39__64_8_512_16",68,16,"SQ_LDS_UNALIGNED_STALL",0.00000000e+00
"39__64_16",80,16,"SQ_LDS_BANK_CONFLICT",1792.000000
"39__64_16",80,16,"SQ_LDS_UNALIGNED_STALL",0.00000000e+00
"39__64_16_256_4",68,16,"SQ_LDS_BANK_CONFLICT",128.000000
"39__64_16_256_4",68,16,"SQ_LDS_UNALIGNED_STALL",0.00000000e+00
"39__64_16_256_8",68,16,"SQ_LDS_BANK_CONFLICT",512.000000
"39__64_16_256_8",68,16,"SQ_LDS_UNALIGNED_STALL",0.00000000e+00
"39__64_16_256_16",68,16,"SQ_LDS_BANK_CONFLICT",1280.000000
"39__64_16_256_16",68,16,"SQ_LDS_UNALIGNED_STALL",0.00000000e+00
"39__256_4",76,16,"SQ_LDS_BANK_CONFLICT",256.000000
"39__256_4",76,16,"SQ_LDS_UNALIGNED_STALL",0.00000000e+00
"39__256_4_4096_4",76,16,"SQ_LDS_BANK_CONFLICT",256.000000
"39__256_4_4096_4",76,16,"SQ_LDS_UNALIGNED_STALL",0.00000000e+00
"39__256_4_4096_8",76,16,"SQ_LDS_BANK_CONFLICT",128.000000
"39__256_4_4096_8",76,16,"SQ_LDS_UNALIGNED_STALL",0.00000000e+00
"39__256_4_4096_16",76,16,"SQ_LDS_BANK_CONFLICT",256.000000
"39__256_4_4096_16",76,16,"SQ_LDS_UNALIGNED_STALL",0.00000000e+00
"39__256_8",76,16,"SQ_LDS_BANK_CONFLICT",512.000000
"39__256_8",76,16,"SQ_LDS_UNALIGNED_STALL",0.00000000e+00
"39__256_8_2048_4",76,16,"SQ_LDS_BANK_CONFLICT",256.000000
"39__256_8_2048_4",76,16,"SQ_LDS_UNALIGNED_STALL",0.00000000e+00
"39__256_8_2048_8",76,16,"SQ_LDS_BANK_CONFLICT",128.000000
"39__256_8_2048_8",76,16,"SQ_LDS_UNALIGNED_STALL",0.00000000e+00
"39__256_8_2048_16",76,16,"SQ_LDS_BANK_CONFLICT",256.000000
"39__256_8_2048_16",76,16,"SQ_LDS_UNALIGNED_STALL",0.00000000e+00
"39__256_16",76,16,"SQ_LDS_BANK_CONFLICT",1280.000000
"39__256_16",76,16,"SQ_LDS_UNALIGNED_STALL",0.00000000e+00
"39__256_16_1024_4",68,16,"SQ_LDS_BANK_CONFLICT",256.000000
"39__256_16_1024_4",68,16,"SQ_LDS_UNALIGNED_STALL",0.00000000e+00
"39__256_16_1024_8",68,16,"SQ_LDS_BANK_CONFLICT",128.000000
"39__256_16_1024_8",68,16,"SQ_LDS_UNALIGNED_STALL",0.00000000e+00
"39__256_16_1024_16",68,16,"SQ_LDS_BANK_CONFLICT",512.000000
"39__256_16_1024_16",68,16,"SQ_LDS_UNALIGNED_STALL",0.00000000e+00
"39__512_4",76,16,"SQ_LDS_BANK_CONFLICT",384.000000
"39__512_4",76,16,"SQ_LDS_UNALIGNED_STALL",0.00000000e+00
"39__512_4_8192_4",76,16,"SQ_LDS_BANK_CONFLICT",384.000000
"39__512_4_8192_4",76,16,"SQ_LDS_UNALIGNED_STALL",0.00000000e+00
"39__512_4_8192_8",76,16,"SQ_LDS_BANK_CONFLICT",384.000000
"39__512_4_8192_8",76,16,"SQ_LDS_UNALIGNED_STALL",0.00000000e+00
"39__512_4_8192_16",76,16,"SQ_LDS_BANK_CONFLICT",384.000000
"39__512_4_8192_16",76,16,"SQ_LDS_UNALIGNED_STALL",0.00000000e+00
"39__512_8",76,16,"SQ_LDS_BANK_CONFLICT",512.000000
"39__512_8",76,16,"SQ_LDS_UNALIGNED_STALL",0.00000000e+00
"39__512_8_4096_4",76,16,"SQ_LDS_BANK_CONFLICT",512.000000
"39__512_8_4096_4",76,16,"SQ_LDS_UNALIGNED_STALL",0.00000000e+00
"39__512_8_4096_8",76,16,"SQ_LDS_BANK_CONFLICT",384.000000
"39__512_8_4096_8",76,16,"SQ_LDS_UNALIGNED_STALL",0.00000000e+00
"39__512_8_4096_16",76,16,"SQ_LDS_BANK_CONFLICT",512.000000
"39__512_8_4096_16",76,16,"SQ_LDS_UNALIGNED_STALL",0.00000000e+00
"39__512_16",76,16,"SQ_LDS_BANK_CONFLICT",768.000000
"39__512_16",76,16,"SQ_LDS_UNALIGNED_STALL",0.00000000e+00
"39__512_16_2048_4",76,16,"SQ_LDS_BANK_CONFLICT",512.000000
"39__512_16_2048_4",76,16,"SQ_LDS_UNALIGNED_STALL",0.00000000e+00
"39__512_16_2048_8",76,16,"SQ_LDS_BANK_CONFLICT",384.000000
"39__512_16_2048_8",76,16,"SQ_LDS_UNALIGNED_STALL",0.00000000e+00
"39__512_16_2048_16",76,16,"SQ_LDS_BANK_CONFLICT",512.000000
"39__512_16_2048_16",76,16,"SQ_LDS_UNALIGNED_STALL",0.00000000e+00
"40__128_8",72,16,"SQ_LDS_BANK_CONFLICT",1024.000000
"40__128_8",72,16,"SQ_LDS_UNALIGNED_STALL",0.00000000e+00
"40__128_8_1024_8",92,16,"SQ_LDS_BANK_CONFLICT",128.000000
"40__128_8_1024_8",92,16,"SQ_LDS_UNALIGNED_STALL",0.00000000e+00
"40__128_8_1024_16",92,16,"SQ_LDS_BANK_CONFLICT",256.000000
"40__128_8_1024_16",92,16,"SQ_LDS_UNALIGNED_STALL",0.00000000e+00
"40__128_16",72,16,"SQ_LDS_BANK_CONFLICT",1280.000000
"40__128_16",72,16,"SQ_LDS_UNALIGNED_STALL",0.00000000e+00
"40__128_16_512_8",88,16,"SQ_LDS_BANK_CONFLICT",256.000000
"40__128_16_512_8",88,16,"SQ_LDS_UNALIGNED_STALL",0.00000000e+00
"40__128_16_512_16",88,16,"SQ_LDS_BANK_CONFLICT",768.000000
"40__128_16_512_16",88,16,"SQ_LDS_UNALIGNED_STALL",0.00000000e+00
"40__1024_8",72,16,"SQ_LDS_BANK_CONFLICT",896.000000
"40__1024_8",72,16,"SQ_LDS_UNALIGNED_STALL",0.00000000e+00
"40__1024_8_8192_8",72,16,"SQ_LDS_BANK_CONFLICT",896.000000
"40__1024_8_8192_8",72,16,"SQ_LDS_UNALIGNED_STALL",0.00000000e+00
"40__1024_8_8192_16",72,16,"SQ_LDS_BANK_CONFLICT",896.000000
"40__1024_8_8192_16",72,16,"SQ_LDS_UNALIGNED_STALL",0.00000000e+00
"40__1024_16",72,16,"SQ_LDS_BANK_CONFLICT",1024.000000
"40__1024_16",72,16,"SQ_LDS_UNALIGNED_STALL",0.00000000e+00
"40__1024_16_4096_8",72,16,"SQ_LDS_BANK_CONFLICT",896.000000
"40__1024_16_4096_8",72,16,"SQ_LDS_UNALIGNED_STALL",0.00000000e+00
"40__1024_16_4096_16",72,16,"SQ_LDS_BANK_CONFLICT",1024.000000
"40__1024_16_4096_16",72,16,"SQ_LDS_UNALIGNED_STALL",0.00000000e+00
"40__64_8",72,16,"SQ_LDS_BANK_CONFLICT",1280.000000
"40__64_8",72,16,"SQ_LDS_UNALIGNED_STALL",0.00000000e+00
"40__64_8_512_8",92,16,"SQ_LDS_BANK_CONFLICT",256.000000
"40__64_8_512_8",92,16,"SQ_LDS_UNALIGNED_STALL",0.00000000e+00
"40__64_8_512_16",92,16,"SQ_LDS_BANK_CONFLICT",768.000000
"40__64_8_512_16",92,16,"SQ_LDS_UNALIGNED_STALL",0.00000000e+00
"40__64_16",72,16,"SQ_LDS_BANK_CONFLICT",1792.000000
"40__64_16",72,16,"SQ_LDS_UNALIGNED_STALL",0.00000000e+00
"40__64_16_256_8",88,16,"SQ_LDS_BANK_CONFLICT",512.000000
"40__64_16_256_8",88,16,"SQ_LDS_UNALIGNED_STALL",0.00000000e+00
"40__64_16_256_16",88,16,"SQ_LDS_BANK_CONFLICT",1280.000000
"40__64_16_256_16",88,16,"SQ_LDS_UNALIGNED_STALL",0.00000000e+00
"40__256_8",72,16,"SQ_LDS_BANK_CONFLICT",512.000000
"40__256_8",72,16,"SQ_LDS_UNALIGNED_STALL",0.00000000e+00
"40__256_8_2048_8",92,16,"SQ_LDS_BANK_CONFLICT",128.000000
"40__256_8_2048_8",92,16,"SQ_LDS_UNALIGNED_STALL",0.00000000e+00
"40__256_8_2048_16",92,16,"SQ_LDS_BANK_CONFLICT",256.000000
"40__256_8_2048_16",92,16,"SQ_LDS_UNALIGNED_STALL",0.00000000e+00
"40__256_16",72,16,"SQ_LDS_BANK_CONFLICT",1280.000000
"40__256_16",72,16,"SQ_LDS_UNALIGNED_STALL",0.00000000e+00
"40__256_16_1024_8",92,16,"SQ_LDS_BANK_CONFLICT",128.000000
"40__256_16_1024_8",92,16,"SQ_LDS_UNALIGNED_STALL",0.00000000e+00
"40__256_16_1024_16",92,16,"SQ_LDS_BANK_CONFLICT",512.000000
"40__256_16_1024_16",92,16,"SQ_LDS_UNALIGNED_STALL",0.00000000e+00
"40__512_8",72,16,"SQ_LDS_BANK_CONFLICT",512.000000
"40__512_8",72,16,"SQ_LDS_UNALIGNED_STALL",0.00000000e+00
"40__512_8_4096_8",72,16,"SQ_LDS_BANK_CONFLICT",384.000000
"40__512_8_4096_8",72,16,"SQ_LDS_UNALIGNED_STALL",0.00000000e+00
"40__512_8_4096_16",72,16,"SQ_LDS_BANK_CONFLICT",512.000000
"40__512_8_4096_16",72,16,"SQ_LDS_UNALIGNED_STALL",0.00000000e+00
"40__512_16",72,16,"SQ_LDS_BANK_CONFLICT",768.000000
"40__512_16",72,16,"SQ_LDS_UNALIGNED_STALL",0.00000000e+00
"40__512_16_2048_8",92,16,"SQ_LDS_BANK_CONFLICT",384.000000
"40__512_16_2048_8",92,16,"SQ_LDS_UNALIGNED_STALL",0.00000000e+00
"40__512_16_2048_16",92,16,"SQ_LDS_BANK_CONFLICT",512.000000
"40__512_16_2048_16",92,16,"SQ_LDS_UNALIGNED_STALL",0.00000000e+00
"41__128_8",80,16,"SQ_LDS_BANK_CONFLICT",1024.000000
"41__128_8",80,16,"SQ_LDS_UNALIGNED_STALL",0.00000000e+00
"41__128_8_1024_8",68,16,"SQ_LDS_BANK_CONFLICT",128.000000
"41__128_8_1024_8",68,16,"SQ_LDS_UNALIGNED_STALL",0.00000000e+00
"41__128_8_1024_16",68,16,"SQ_LDS_BANK_CONFLICT",256.000000
"41__128_8_1024_16",68,16,"SQ_LDS_UNALIGNED_STALL",0.00000000e+00
"41__128_16",80,16,"SQ_LDS_BANK_CONFLICT",1280.000000
"41__128_16",80,16,"SQ_LDS_UNALIGNED_STALL",0.00000000e+00
"41__128_16_512_8",68,16,"SQ_LDS_BANK_CONFLICT",256.000000
"41__128_16_512_8",68,16,"SQ_LDS_UNALIGNED_STALL",0.00000000e+00
"41__128_16_512_16",68,16,"SQ_LDS_BANK_CONFLICT",768.000000
"41__128_16_512_16",68,16,"SQ_LDS_UNALIGNED_STALL",0.00000000e+00
"41__1024_8",76,16,"SQ_LDS_BANK_CONFLICT",896.000000
"41__1024_8",76,16,"SQ_LDS_UNALIGNED_STALL",0.00000000e+00
"41__1024_8_8192_8",76,16,"SQ_LDS_BANK_CONFLICT",896.000000
"41__1024_8_8192_8",76,16,"SQ_LDS_UNALIGNED_STALL",0.00000000e+00
"41__1024_8_8192_16",76,16,"SQ_LDS_BANK_CONFLICT",896.000000
"41__1024_8_8192_16",76,16,"SQ_LDS_UNALIGNED_STALL",0.00000000e+00
"41__1024_16",76,16,"SQ_LDS_BANK_CONFLICT",1024.000000
"41__1024_16",76,16,"SQ_LDS_UNALIGNED_STALL",0.00000000e+00
"41__1024_16_4096_8",76,16,"SQ_LDS_BANK_CONFLICT",896.000000
"41__1024_16_4096_8",76,16,"SQ_LDS_UNALIGNED_STALL",0.00000000e+00
"41__1024_16_4096_16",76,16,"SQ_LDS_BANK_CONFLICT",1024.000000
"41__1024_16_4096_16",76,16,"SQ_LDS_UNALIGNED_STALL",0.00000000e+00
"41__64_8",80,16,"SQ_LDS_BANK_CONFLICT",1280.000000
"41__64_8",80,16,"SQ_LDS_UNALIGNED_STALL",0.00000000e+00
"41__64_8_512_8",68,16,"SQ_LDS_BANK_CONFLICT",256.000000
"41__64_8_512_8",68,16,"SQ_LDS_UNALIGNED_STALL",0.00000000e+00
"41__64_8_512_16",68,16,"SQ_LDS_BANK_CONFLICT",768.000000
"41__64_8_512_16",68,16,"SQ_LDS_UNALIGNED_STALL",0.00000000e+00
"41__64_16",80,16,"SQ_LDS_BANK_CONFLICT",1792.000000
"41__64_16",80,16,"SQ_LDS_UNALIGNED_STALL",0.00000000e+00
"41__64_16_256_8",68,16,"SQ_LDS_BANK_CONFLICT",512.000000
"41__64_16_256_8",68,16,"SQ_LDS_UNALIGNED_STALL",0.00000000e+00
"41__64_16_256_16",68,16,"SQ_LDS_BANK_CONFLICT",1280.000000
"41__64_16_256_16",68,16,"SQ_LDS_UNALIGNED_STALL",0.00000000e+00
"41__256_8",76,16,"SQ_LDS_BANK_CONFLICT",512.000000
"41__256_8",76,16,"SQ_LDS_UNALIGNED_STALL",0.00000000e+00
"41__256_8_2048_8",76,16,"SQ_LDS_BANK_CONFLICT",128.000000
"41__256_8_2048_8",76,16,"SQ_LDS_UNALIGNED_STALL",0.00000000e+00
"41__256_8_2048_16",76,16,"SQ_LDS_BANK_CONFLICT",256.000000
"41__256_8_2048_16",76,16,"SQ_LDS_UNALIGNED_STALL",0.00000000e+00
"41__256_16",76,16,"SQ_LDS_BANK_CONFLICT",1280.000000
"41__256_16",76,16,"SQ_LDS_UNALIGNED_STALL",0.00000000e+00
"41__256_16_1024_8",68,16,"SQ_LDS_BANK_CONFLICT",128.000000
"41__256_16_1024_8",68,16,"SQ_LDS_UNALIGNED_STALL",0.00000000e+00
"41__256_16_1024_16",68,16,"SQ_LDS_BANK_CONFLICT",512.000000
"41__256_16_1024_16",68,16,"SQ_LDS_UNALIGNED_STALL",0.00000000e+00
"41__512_8",76,16,"SQ_LDS_BANK_CONFLICT",512.000000
"41__512_8",76,16,"SQ_LDS_UNALIGNED_STALL",0.00000000e+00
"41__512_8_4096_8",76,16,"SQ_LDS_BANK_CONFLICT",384.000000
"41__512_8_4096_8",76,16,"SQ_LDS_UNALIGNED_STALL",0.00000000e+00
"41__512_8_4096_16",76,16,"SQ_LDS_BANK_CONFLICT",512.000000
"41__512_8_4096_16",76,16,"SQ_LDS_UNALIGNED_STALL",0.00000000e+00
"41__512_16",76,16,"SQ_LDS_BANK_CONFLICT",768.000000
"41__512_16",76,16,"SQ_LDS_UNALIGNED_STALL",0.00000000e+00
"41__512_16_2048_8",76,16,"SQ_LDS_BANK_CONFLICT",384.000000
"41__512_16_2048_8",76,16,"SQ_LDS_UNALIGNED_STALL",0.00000000e+00
"41__512_16_2048_16",76,16,"SQ_LDS_BANK_CONFLICT",512.000000
"41__512_16_2048_16",76,16,"SQ_LDS_UNALIGNED_STALL",0.00000000e+00
"42__128_4",44,16,"SQ_LDS_BANK_CONFLICT",64.000000
"42__128_4",44,16,"SQ_LDS_UNALIGNED_STALL",0.00000000e+00
"42__128_4_2048_4",44,16,"SQ_LDS_BANK_CONFLICT",64.000000
"42__128_4_2048_4",44,16,"SQ_LDS_UNALIGNED_STALL",0.00000000e+00
"42__128_4_2048_8",44,16,"SQ_LDS_BANK_CONFLICT",64.000000
"42__128_4_2048_8",44,16,"SQ_LDS_UNALIGNED_STALL",0.00000000e+00
"42__128_4_2048_16",44,16,"SQ_LDS_BANK_CONFLICT",0.00000000e+00
"42__128_4_2048_16",44,16,"SQ_LDS_UNALIGNED_STALL",0.00000000e+00
"42__128_8",40,16,"SQ_LDS_BANK_CONFLICT",256.000000
"42__128_8",40,16,"SQ_LDS_UNALIGNED_STALL",0.00000000e+00
"42__128_8_1024_4",40,16,"SQ_LDS_BANK_CONFLICT",192.000000
"42__128_8_1024_4",40,16,"SQ_LDS_UNALIGNED_STALL",0.00000000e+00
"42__128_8_1024_8",40,16,"SQ_LDS_BANK_CONFLICT",128.000000
"42__128_8_1024_8",40,16,"SQ_LDS_UNALIGNED_STALL",0.00000000e+00
"42__128_8_1024_16",40,16,"SQ_LDS_BANK_CONFLICT",64.000000
"42__128_8_1024_16",40,16,"SQ_LDS_UNALIGNED_STALL",0.00000000e+00
"42__128_16",40,16,"SQ_LDS_BANK_CONFLICT",384.000000
"42__128_16",40,16,"SQ_LDS_UNALIGNED_STALL",0.00000000e+00
"42__128_16_512_4",56,16,"SQ_LDS_BANK_CONFLICT",64.000000
"42__128_16_512_4",56,16,"SQ_LDS_UNALIGNED_STALL",0.00000000e+00
"42__128_16_512_8",56,16,"SQ_LDS_BANK_CONFLICT",64.000000
"42__128_16_512_8",56,16,"SQ_LDS_UNALIGNED_STALL",0.00000000e+00
"42__128_16_512_16",56,16,"SQ_LDS_BANK_CONFLICT",256.000000
"42__128_16_512_16",56,16,"SQ_LDS_UNALIGNED_STALL",0.00000000e+00
"42__1024_4",44,16,"SQ_LDS_BANK_CONFLICT",640.000000
"42__1024_4",44,16,"SQ_LDS_UNALIGNED_STALL",0.00000000e+00
"42__1024_4_16384_4",44,16,"SQ_LDS_BANK_CONFLICT",640.000000
"42__1024_4_16384_4",44,16,"SQ_LDS_UNALIGNED_STALL",0.00000000e+00
"42__1024_4_16384_8",44,16,"SQ_LDS_BANK_CONFLICT",640.000000
"42__1024_4_16384_8",44,16,"SQ_LDS_UNALIGNED_STALL",0.00000000e+00
"42__1024_4_16384_16",44,16,"SQ_LDS_BANK_CONFLICT",640.000000
"42__1024_4_16384_16",44,16,"SQ_LDS_UNALIGNED_STALL",0.00000000e+00
"42__1024_8",44,16,"SQ_LDS_BANK_CONFLICT",512.000000
"42__1024_8",44,16,"SQ_LDS_UNALIGNED_STALL",0.00000000e+00
"42__1024_8_8192_4",44,16,"SQ_LDS_BANK_CONFLICT",512.000000
"42__1024_8_8192_4",44,16,"SQ_LDS_UNALIGNED_STALL",0.00000000e+00
"42__1024_8_8192_8",44,16,"SQ_LDS_BANK_CONFLICT",512.000000
"42__1024_8_8192_8",44,16,"SQ_LDS_UNALIGNED_STALL",0.00000000e+00
"42__1024_8_8192_16",44,16,"SQ_LDS_BANK_CONFLICT",512.000000
"42__1024_8_8192_16",44,16,"SQ_LDS_UNALIGNED_STALL",0.00000000e+00
"42__1024_16",44,16,"SQ_LDS_BANK_CONFLICT",448.000000
"42__1024_16",44,16,"SQ_LDS_UNALIGNED_STALL",0.00000000e+00
"42__1024_16_4096_4",44,16,"SQ_LDS_BANK_CONFLICT",448.000000
"42__1024_16_4096_4",44,16,"SQ_LDS_UNALIGNED_STALL",0.00000000e+00
"42__1024_16_4096_8",44,16,"SQ_LDS_BANK_CONFLICT",448.000000
"42__1024_16_4096_8",44,16,"SQ_LDS_UNALIGNED_STALL",0.00000000e+00
"42__1024_16_4096_16",44,16,"SQ_LDS_BANK_CONFLICT",448.000000
"42__1024_16_4096_16",44,16,"SQ_LDS_UNALIGNED_STALL",0.00000000e+00
"42__64_4",40,16,"SQ_LDS_BANK_CONFLICT",256.000000
"42__64_4",40,16,"SQ_LDS_UNALIGNED_STALL",0.00000000e+00
"42__64_4_1024_4",40,16,"SQ_LDS_BANK_CONFLICT",192.000000
"42__64_4_1024_4",40,16,"SQ_LDS_UNALIGNED_STALL",0.00000000e+00
"42__64_4_1024_8",40,16,"SQ_LDS_BANK_CONFLICT",128.000000
"42__64_4_1024_8",40,16,"SQ_LDS_UNALIGNED_STALL",0.00000000e+00
"42__64_4_1024_16",40,16,"SQ_LDS_BANK_CONFLICT",64.000000
"42__64_4_1024_16",40,16,"SQ_LDS_UNALIGNED_STALL",0.00000000e+00
"42__64_8",40,16,"SQ_LDS_BANK_CONFLICT",384.000000
"42__64_8",40,16,"SQ_LDS_UNALIGNED_STALL",0.00000000e+00
"42__64_8_512_4",56,16,"SQ_LDS_BANK_CONFLICT",64.000000
"42__64_8_512_4",56,16,"SQ_LDS_UNALIGNED_STALL",0.00000000e+00
"42__64_8_512_8",56,16,"SQ_LDS_BANK_CONFLICT",64.000000
"42__64_8_512_8",56,16,"SQ_LDS_UNALIGNED_STALL",0.00000000e+00
"42__64_8_512_16",56,16,"SQ_LDS_BANK_CONFLICT",256.000000
"42__64_8_512_16",56,16,"SQ_LDS_UNALIGNED_STALL",0.00000000e+00
"42__64_16",40,16,"SQ_LDS_BANK_CONFLICT",640.000000
"42__64_16",40,16,"SQ_LDS_UNALIGNED_STALL",0.00000000e+00
"42__64_16_256_4",64,16,"SQ_LDS_BANK_CONFLICT",0.00000000e+00
"42__64_16_256_4",64,16,"SQ_LDS_UNALIGNED_STALL",0.00000000e+00
"42__64_16_256_8",64,16,"SQ_LDS_BANK_CONFLICT",128.000000
"42__64_16_256_8",64,16,"SQ_LDS_UNALIGNED_STALL",0.00000000e+00
"42__64_16_256_16",64,16,"SQ_LDS_BANK_CONFLICT",384.000000
"42__64_16_256_16",64,16,"SQ_LDS_UNALIGNED_STALL",0.00000000e+00
"42__256_4",44,16,"SQ_LDS_BANK_CONFLICT",64.000000
"42__256_4",44,16,"SQ_LDS_UNALIGNED_STALL",0.00000000e+00
"42__256_4_4096_4",44,16,"SQ_LDS_BANK_CONFLICT",64.000000
"42__256_4_4096_4",44,16,"SQ_LDS_UNALIGNED_STALL",0.00000000e+00
"42__256_4_4096_8",44,16,"SQ_LDS_BANK_CONFLICT",64.000000
"42__256_4_4096_8",44,16,"SQ_LDS_UNALIGNED_STALL",0.00000000e+00
"42__256_4_4096_16",44,16,"SQ_LDS_BANK_CONFLICT",64.000000
"42__256_4_4096_16",44,16,"SQ_LDS_UNALIGNED_STALL",0.00000000e+00
"42__256_8",44,16,"SQ_LDS_BANK_CONFLICT",128.000000
"42__256_8",44,16,"SQ_LDS_UNALIGNED_STALL",0.00000000e+00
"42__256_8_2048_4",40,16,"SQ_LDS_BANK_CONFLICT",128.000000
"42__256_8_2048_4",40,16,"SQ_LDS_UNALIGNED_STALL",0.00000000e+00
"42__256_8_2048_8",40,16,"SQ_LDS_BANK_CONFLICT",128.000000
"42__256_8_2048_8",40,16,"SQ_LDS_UNALIGNED_STALL",0.00000000e+00
"42__256_8_2048_16",40,16,"SQ_LDS_BANK_CONFLICT",64.000000
"42__256_8_2048_16",40,16,"SQ_LDS_UNALIGNED_STALL",0.00000000e+00
"42__256_16",40,16,"SQ_LDS_BANK_CONFLICT",384.000000
"42__256_16",40,16,"SQ_LDS_UNALIGNED_STALL",0.00000000e+00
"42__256_16_1024_4",40,16,"SQ_LDS_BANK_CONFLICT",256.000000
"42__256_16_1024_4",40,16,"SQ_LDS_UNALIGNED_STALL",0.00000000e+00
"42__256_16_1024_8",40,16,"SQ_LDS_BANK_CONFLICT",128.000000
"42__256_16_1024_8",40,16,"SQ_LDS_UNALIGNED_STALL",0.00000000e+00
"42__256_16_1024_16",40,16,"SQ_LDS_BANK_CONFLICT",192.000000
"42__256_16_1024_16",40,16,"SQ_LDS_UNALIGNED_STALL",0.00000000e+00
"42__512_4",44,16,"SQ_LDS_BANK_CONFLICT",256.000000
"42__512_4",44,16,"SQ_LDS_UNALIGNED_STALL",0.00000000e+00
"42__512_4_8192_4",44,16,"SQ_LDS_BANK_CONFLICT",256.000000
"42__512_4_8192_4",44,16,"SQ_LDS_UNALIGNED_STALL",0.00000000e+00
"42__512_4_8192_8",44,16,"SQ_LDS_BANK_CONFLICT",256.000000
"42__512_4_8192_8",44,16,"SQ_LDS_UNALIGNED_STALL",0.00000000e+00
"42__512_4_8192_16",44,16,"SQ_LDS_BANK_CONFLICT",256.000000
"42__512_4_8192_16",44,16,"SQ_LDS_UNALIGNED_STALL",0.00000000e+00
"42__512_8",44,16,"SQ_LDS_BANK_CONFLICT",192.000000
"42__512_8",44,16,"SQ_LDS_UNALIGNED_STALL",0.00000000e+00
"42__512_8_4096_4",44,16,"SQ_LDS_BANK_CONFLICT",192.000000
"42__512_8_4096_4",44,16,"SQ_LDS_UNALIGNED_STALL",0.00000000e+00
"42__512_8_4096_8",44,16,"SQ_LDS_BANK_CONFLICT",192.000000
"42__512_8_4096_8",44,16,"SQ_LDS_UNALIGNED_STALL",0.00000000e+00
"42__512_8_4096_16",44,16,"SQ_LDS_BANK_CONFLICT",192.000000
"42__512_8_4096_16",44,16,"SQ_LDS_UNALIGNED_STALL",0.00000000e+00
"42__512_16",44,16,"SQ_LDS_BANK_CONFLICT",256.000000
"42__512_16",44,16,"SQ_LDS_UNALIGNED_STALL",0.00000000e+00
"42__512_16_2048_4",44,16,"SQ_LDS_BANK_CONFLICT",256.000000
"42__512_16_2048_4",44,16,"SQ_LDS_UNALIGNED_STALL",0.00000000e+00
"42__512_16_2048_8",44,16,"SQ_LDS_BANK_CONFLICT",256.000000
"42__512_16_2048_8",44,16,"SQ_LDS_UNALIGNED_STALL",0.00000000e+00
"42__512_16_2048_16",40,16,"SQ_LDS_BANK_CONFLICT",192.000000
"42__512_16_2048_16",40,16,"SQ_LDS_UNALIGNED_STALL",0.00000000e+00
"43__128_4",76,16,"SQ_LDS_BANK_CONFLICT",64.000000
"43__128_4",76,16,"SQ_LDS_UNALIGNED_STALL",0.00000000e+00
"43__128_4_2048_4",76,16,"SQ_LDS_BANK_CONFLICT",64.000000
"43__128_4_2048_4",76,16,"SQ_LDS_UNALIGNED_STALL",0.00000000e+00
"43__128_4_2048_8",76,16,"SQ_LDS_BANK_CONFLICT",64.000000
"43__128_4_2048_8",76,16,"SQ_LDS_UNALIGNED_STALL",0.00000000e+00
"43__128_4_2048_16",76,16,"SQ_LDS_BANK_CONFLICT",0.00000000e+00
"43__128_4_2048_16",76,16,"SQ_LDS_UNALIGNED_STALL",0.00000000e+00
"43__128_8",76,16,"SQ_LDS_BANK_CONFLICT",256.000000
"43__128_8",76,16,"SQ_LDS_UNALIGNED_STALL",0.00000000e+00
"43__128_8_1024_4",68,16,"SQ_LDS_BANK_CONFLICT",192.000000
"43__128_8_1024_4",68,16,"SQ_LDS_UNALIGNED_STALL",0.00000000e+00
"43__128_8_1024_8",68,16,"SQ_LDS_BANK_CONFLICT",128.000000
"43__128_8_1024_8",68,16,"SQ_LDS_UNALIGNED_STALL",0.00000000e+00
"43__128_8_1024_16",68,16,"SQ_LDS_BANK_CONFLICT",64.000000
"43__128_8_1024_16",68,16,"SQ_LDS_UNALIGNED_STALL",0.00000000e+00
"43__128_16",76,16,"SQ_LDS_BANK_CONFLICT",384.000000
"43__128_16",76,16,"SQ_LDS_UNALIGNED_STALL",0.00000000e+00
"43__128_16_512_4",68,16,"SQ_LDS_BANK_CONFLICT",64.000000
"43__128_16_512_4",68,16,"SQ_LDS_UNALIGNED_STALL",0.00000000e+00
"43__128_16_512_8",68,16,"SQ_LDS_BANK_CONFLICT",64.000000
"43__128_16_512_8",68,16,"SQ_LDS_UNALIGNED_STALL",0.00000000e+00
"43__128_16_512_16",68,16,"SQ_LDS_BANK_CONFLICT",256.000000
"43__128_16_512_16",68,16,"SQ_LDS_UNALIGNED_STALL",0.00000000e+00
"43__1024_4",76,16,"SQ_LDS_BANK_CONFLICT",640.000000
"43__1024_4",76,16,"SQ_LDS_UNALIGNED_STALL",0.00000000e+00
"43__1024_4_16384_4",76,16,"SQ_LDS_BANK_CONFLICT",640.000000
"43__1024_4_16384_4",76,16,"SQ_LDS_UNALIGNED_STALL",0.00000000e+00
"43__1024_4_16384_8",76,16,"SQ_LDS_BANK_CONFLICT",640.000000
"43__1024_4_16384_8",76,16,"SQ_LDS_UNALIGNED_STALL",0.00000000e+00
"43__1024_4_16384_16",76,16,"SQ_LDS_BANK_CONFLICT",640.000000
"43__1024_4_16384_16",76,16,"SQ_LDS_UNALIGNED_STALL",0.00000000e+00
"43__1024_8",76,16,"SQ_LDS_BANK_CONFLICT",512.000000
"43__1024_8",76,16,"SQ_LDS_UNALIGNED_STALL",0.00000000e+00
"43__1024_8_8192_4",76,16,"SQ_LDS_BANK_CONFLICT",512.000000
"43__1024_8_8192_4",76,16,"SQ_LDS_UNALIGNED_STALL",0.00000000e+00
"43__1024_8_8192_8",76,16,"SQ_LDS_BANK_CONFLICT",512.000000
"43__1024_8_8192_8",76,16,"SQ_LDS_UNALIGNED_STALL",0.00000000e+00
"43__1024_8_8192_16",76,16,"SQ_LDS_BANK_CONFLICT",512.000000
"43__1024_8_8192_16",76,16,"SQ_LDS_UNALIGNED_STALL",0.00000000e+00
"43__1024_16",76,16,"SQ_LDS_BANK_CONFLICT",448.000000
"43__1024_16",76,16,"SQ_LDS_UNALIGNED_STALL",0.00000000e+00
"43__1024_16_4096_4",76,16,"SQ_LDS_BANK_CONFLICT",448.000000
"43__1024_16_4096_4",76,16,"SQ_LDS_UNALIGNED_STALL",0.00000000e+00
"43__1024_16_4096_8",76,16,"SQ_LDS_BANK_CONFLICT",448.000000
"43__1024_16_4096_8",76,16,"SQ_LDS_UNALIGNED_STALL",0.00000000e+00
"43__1024_16_4096_16",76,16,"SQ_LDS_BANK_CONFLICT",448.000000
"43__1024_16_4096_16",76,16,"SQ_LDS_UNALIGNED_STALL",0.00000000e+00
"43__64_4",76,16,"SQ_LDS_BANK_CONFLICT",256.000000
"43__64_4",76,16,"SQ_LDS_UNALIGNED_STALL",0.00000000e+00
"43__64_4_1024_4",68,16,"SQ_LDS_BANK_CONFLICT",192.000000
"43__64_4_1024_4",68,16,"SQ_LDS_UNALIGNED_STALL",0.00000000e+00
"43__64_4_1024_8",68,16,"SQ_LDS_BANK_CONFLICT",128.000000
"43__64_4_1024_8",68,16,"SQ_LDS_UNALIGNED_STALL",0.00000000e+00
"43__64_4_1024_16",68,16,"SQ_LDS_BANK_CONFLICT",64.000000
"43__64_4_1024_16",68,16,"SQ_LDS_UNALIGNED_STALL",0.00000000e+00
"43__64_8",76,16,"SQ_LDS_BANK_CONFLICT",384.000000
"43__64_8",76,16,"SQ_LDS_UNALIGNED_STALL",0.00000000e+00
"43__64_8_512_4",68,16,"SQ_LDS_BANK_CONFLICT",64.000000
"43__64_8_512_4",68,16,"SQ_LDS_UNALIGNED_STALL",0.00000000e+00
"43__64_8_512_8",68,16,"SQ_LDS_BANK_CONFLICT",64.000000
"43__64_8_512_8",68,16,"SQ_LDS_UNALIGNED_STALL",0.00000000e+00
"43__64_8_512_16",68,16,"SQ_LDS_BANK_CONFLICT",256.000000
"43__64_8_512_16",68,16,"SQ_LDS_UNALIGNED_STALL",0.00000000e+00
"43__64_16",76,16,"SQ_LDS_BANK_CONFLICT",640.000000
"43__64_16",76,16,"SQ_LDS_UNALIGNED_STALL",0.00000000e+00
"43__64_16_256_4",68,16,"SQ_LDS_BANK_CONFLICT",0.00000000e+00
"43__64_16_256_4",68,16,"SQ_LDS_UNALIGNED_STALL",0.00000000e+00
"43__64_16_256_8",68,16,"SQ_LDS_BANK_CONFLICT",128.000000
"43__64_16_256_8",68,16,"SQ_LDS_UNALIGNED_STALL",0.00000000e+00
"43__64_16_256_16",68,16,"SQ_LDS_BANK_CONFLICT",384.000000
"43__64_16_256_16",68,16,"SQ_LDS_UNALIGNED_STALL",0.00000000e+00
"43__256_4",76,16,"SQ_LDS_BANK_CONFLICT",64.000000
"43__256_4",76,16,"SQ_LDS_UNALIGNED_STALL",0.00000000e+00
"43__256_4_4096_4",76,16,"SQ_LDS_BANK_CONFLICT",64.000000
"43__256_4_4096_4",76,16,"SQ_LDS_UNALIGNED_STALL",0.00000000e+00
"43__256_4_4096_8",76,16,"SQ_LDS_BANK_CONFLICT",64.000000
"43__256_4_4096_8",76,16,"SQ_LDS_UNALIGNED_STALL",0.00000000e+00
"43__256_4_4096_16",76,16,"SQ_LDS_BANK_CONFLICT",64.000000
"43__256_4_4096_16",76,16,"SQ_LDS_UNALIGNED_STALL",0.00000000e+00
"43__256_8",76,16,"SQ_LDS_BANK_CONFLICT",128.000000
"43__256_8",76,16,"SQ_LDS_UNALIGNED_STALL",0.00000000e+00
"43__256_8_2048_4",76,16,"SQ_LDS_BANK_CONFLICT",128.000000
"43__256_8_2048_4",76,16,"SQ_LDS_UNALIGNED_STALL",0.00000000e+00
"43__256_8_2048_8",76,16,"SQ_LDS_BANK_CONFLICT",128.000000
"43__256_8_2048_8",76,16,"SQ_LDS_UNALIGNED_STALL",0.00000000e+00
"43__256_8_2048_16",76,16,"SQ_LDS_BANK_CONFLICT",64.000000
"43__256_8_2048_16",76,16,"SQ_LDS_UNALIGNED_STALL",0.00000000e+00
"43__256_16",76,16,"SQ_LDS_BANK_CONFLICT",384.000000
"43__256_16",76,16,"SQ_LDS_UNALIGNED_STALL",0.00000000e+00
"43__256_16_1024_4",68,16,"SQ_LDS_BANK_CONFLICT",256.000000
"43__256_16_1024_4",68,16,"SQ_LDS_UNALIGNED_STALL",0.00000000e+00
"43__256_16_1024_8",68,16,"SQ_LDS_BANK_CONFLICT",128.000000
"43__256_16_1024_8",68,16,"SQ_LDS_UNALIGNED_STALL",0.00000000e+00
"43__256_16_1024_16",68,16,"SQ_LDS_BANK_CONFLICT",192.000000
"43__256_16_1024_16",68,16,"SQ_LDS_UNALIGNED_STALL",0.00000000e+00
"43__512_4",76,16,"SQ_LDS_BANK_CONFLICT",256.000000
"43__512_4",76,16,"SQ_LDS_UNALIGNED_STALL",0.00000000e+00
"43__512_4_8192_4",76,16,"SQ_LDS_BANK_CONFLICT",256.000000
"43__512_4_8192_4",76,16,"SQ_LDS_UNALIGNED_STALL",0.00000000e+00
"43__512_4_8192_8",76,16,"SQ_LDS_BANK_CONFLICT",256.000000
"43__512_4_8192_8",76,16,"SQ_LDS_UNALIGNED_STALL",0.00000000e+00
"43__512_4_8192_16",76,16,"SQ_LDS_BANK_CONFLICT",256.000000
"43__512_4_8192_16",76,16,"SQ_LDS_UNALIGNED_STALL",0.00000000e+00
"43__512_8",76,16,"SQ_LDS_BANK_CONFLICT",192.000000
"43__512_8",76,16,"SQ_LDS_UNALIGNED_STALL",0.00000000e+00
"43__512_8_4096_4",76,16,"SQ_LDS_BANK_CONFLICT",192.000000
"43__512_8_4096_4",76,16,"SQ_LDS_UNALIGNED_STALL",0.00000000e+00
"43__512_8_4096_8",76,16,"SQ_LDS_BANK_CONFLICT",192.000000
"43__512_8_4096_8",76,16,"SQ_LDS_UNALIGNED_STALL",0.00000000e+00
"43__512_8_4096_16",76,16,"SQ_LDS_BANK_CONFLICT",192.000000
"43__512_8_4096_16",76,16,"SQ_LDS_UNALIGNED_STALL",0.00000000e+00
"43__512_16",76,16,"SQ_LDS_BANK_CONFLICT",256.000000
"43__512_16",76,16,"SQ_LDS_UNALIGNED_STALL",0.00000000e+00
"43__512_16_2048_4",76,16,"SQ_LDS_BANK_CONFLICT",256.000000
"43__512_16_2048_4",76,16,"SQ_LDS_UNALIGNED_STALL",0.00000000e+00
"43__512_16_2048_8",76,16,"SQ_LDS_BANK_CONFLICT",256.000000
"43__512_16_2048_8",76,16,"SQ_LDS_UNALIGNED_STALL",0.00000000e+00
"43__512_16_2048_16",76,16,"SQ_LDS_BANK_CONFLICT",192.000000
"43__512_16_2048_16",76,16,"SQ_LDS_UNALIGNED_STALL",0.00000000e+00
"44__128_4",44,16,"SQ_LDS_BANK_CONFLICT",64.000000
"44__128_4",44,16,"SQ_LDS_UNALIGNED_STALL",0.00000000e+00
"44__128_4_2048_4",44,16,"SQ_LDS_BANK_CONFLICT",64.000000
"44__128_4_2048_4",44,16,"SQ_LDS_UNALIGNED_STALL",0.00000000e+00
"44__128_4_2048_8",44,16,"SQ_LDS_BANK_CONFLICT",64.000000
"44__128_4_2048_8",44,16,"SQ_LDS_UNALIGNED_STALL",0.00000000e+00
"44__128_4_2048_16",44,16,"SQ_LDS_BANK_CONFLICT",0.00000000e+00
"44__128_4_2048_16",44,16,"SQ_LDS_UNALIGNED_STALL",0.00000000e+00
"44__128_8",44,16,"SQ_LDS_BANK_CONFLICT",256.000000
"44__128_8",44,16,"SQ_LDS_UNALIGNED_STALL",0.00000000e+00
"44__128_8_1024_4",48,16,"SQ_LDS_BANK_CONFLICT",192.000000
"44__128_8_1024_4",48,16,"SQ_LDS_UNALIGNED_STALL",0.00000000e+00
"44__128_8_1024_8",48,16,"SQ_LDS_BANK_CONFLICT",128.000000
"44__128_8_1024_8",48,16,"SQ_LDS_UNALIGNED_STALL",0.00000000e+00
"44__128_8_1024_16",48,16,"SQ_LDS_BANK_CONFLICT",64.000000
"44__128_8_1024_16",48,16,"SQ_LDS_UNALIGNED_STALL",0.00000000e+00
"44__128_16",44,16,"SQ_LDS_BANK_CONFLICT",384.000000
"44__128_16",44,16,"SQ_LDS_UNALIGNED_STALL",0.00000000e+00
"44__128_16_512_4",56,16,"SQ_LDS_BANK_CONFLICT",64.000000
"44__128_16_512_4",56,16,"SQ_LDS_UNALIGNED_STALL",0.00000000e+00
"44__128_16_512_8",56,16,"SQ_LDS_BANK_CONFLICT",64.000000
"44__128_16_512_8",56,16,"SQ_LDS_UNALIGNED_STALL",0.00000000e+00
"44__128_16_512_16",56,16,"SQ_LDS_BANK_CONFLICT",256.000000
"44__128_16_512_16",56,16,"SQ_LDS_UNALIGNED_STALL",0.00000000e+00
"44__1024_4",44,16,"SQ_LDS_BANK_CONFLICT",640.000000
"44__1024_4",44,16,"SQ_LDS_UNALIGNED_STALL",0.00000000e+00
"44__1024_4_16384_4",44,16,"SQ_LDS_BANK_CONFLICT",640.000000
"44__1024_4_16384_4",44,16,"SQ_LDS_UNALIGNED_STALL",0.00000000e+00
"44__1024_4_16384_8",44,16,"SQ_LDS_BANK_CONFLICT",640.000000
"44__1024_4_16384_8",44,16,"SQ_LDS_UNALIGNED_STALL",0.00000000e+00
"44__1024_4_16384_16",44,16,"SQ_LDS_BANK_CONFLICT",640.000000
"44__1024_4_16384_16",44,16,"SQ_LDS_UNALIGNED_STALL",0.00000000e+00
"44__1024_8",44,16,"SQ_LDS_BANK_CONFLICT",512.000000
"44__1024_8",44,16,"SQ_LDS_UNALIGNED_STALL",0.00000000e+00
"44__1024_8_8192_4",44,16,"SQ_LDS_BANK_CONFLICT",512.000000
"44__1024_8_8192_4",44,16,"SQ_LDS_UNALIGNED_STALL",0.00000000e+00
"44__1024_8_8192_8",44,16,"SQ_LDS_BANK_CONFLICT",512.000000
"44__1024_8_8192_8",44,16,"SQ_LDS_UNALIGNED_STALL",0.00000000e+00
"44__1024_8_8192_16",44,16,"SQ_LDS_BANK_CONFLICT",512.000000
"44__1024_8_8192_16",44,16,"SQ_LDS_UNALIGNED_STALL",0.00000000e+00
"44__1024_16",44,16,"SQ_LDS_BANK_CONFLICT",448.000000
"44__1024_16",44,16,"SQ_LDS_UNALIGNED_STALL",0.00000000e+00
"44__1024_16_4096_4",44,16,"SQ_LDS_BANK_CONFLICT",448.000000
"44__1024_16_4096_4",44,16,"SQ_LDS_UNALIGNED_STALL",0.00000000e+00
"44__1024_16_4096_8",44,16,"SQ_LDS_BANK_CONFLICT",448.000000
"44__1024_16_4096_8",44,16,"SQ_LDS_UNALIGNED_STALL",0.00000000e+00
"44__1024_16_4096_16",44,16,"SQ_LDS_BANK_CONFLICT",448.000000
"44__1024_16_4096_16",44,16,"SQ_LDS_UNALIGNED_STALL",0.00000000e+00
"44__64_4",48,16,"SQ_LDS_BANK_CONFLICT",256.000000
"44__64_4",48,16,"SQ_LDS_UNALIGNED_STALL",0.00000000e+00
"44__64_4_1024_4",48,16,"SQ_LDS_BANK_CONFLICT",192.000000
"44__64_4_1024_4",48,16,"SQ_LDS_UNALIGNED_STALL",0.00000000e+00
"44__64_4_1024_8",48,16,"SQ_LDS_BANK_CONFLICT",128.000000
"44__64_4_1024_8",48,16,"SQ_LDS_UNALIGNED_STALL",0.00000000e+00
"44__64_4_1024_16",48,16,"SQ_LDS_BANK_CONFLICT",64.000000
"44__64_4_1024_16",48,16,"SQ_LDS_UNALIGNED_STALL",0.00000000e+00
"44__64_8",48,16,"SQ_LDS_BANK_CONFLICT",384.000000
"44__64_8",48,16,"SQ_LDS_UNALIGNED_STALL",0.00000000e+00
"44__64_8_512_4",52,16,"SQ_LDS_BANK_CONFLICT",64.000000
"44__64_8_512_4",52,16,"SQ_LDS_UNALIGNED_STALL",0.00000000e+00
"44__64_8_512_8",52,16,"SQ_LDS_BANK_CONFLICT",64.000000
"44__64_8_512_8",52,16,"SQ_LDS_UNALIGNED_STALL",0.00000000e+00
"44__64_8_512_16",52,16,"SQ_LDS_BANK_CONFLICT",256.000000
"44__64_8_512_16",52,16,"SQ_LDS_UNALIGNED_STALL",0.00000000e+00
"44__64_16",48,16,"SQ_LDS_BANK_CONFLICT",640.000000
"44__64_16",48,16,"SQ_LDS_UNALIGNED_STALL",0.00000000e+00
"44__64_16_256_4",52,16,"SQ_LDS_BANK_CONFLICT",0.00000000e+00
"44__64_16_256_4",52,16,"SQ_LDS_UNALIGNED_STALL",0.00000000e+00
"44__64_16_256_8",52,16,"SQ_LDS_BANK_CONFLICT",128.000000
"44__64_16_256_8",52,16,"SQ_LDS_UNALIGNED_STALL",0.00000000e+00
"44__64_16_256_16",52,16,"SQ_LDS_BANK_CONFLICT",384.000000
"44__64_16_256_16",52,16,"SQ_LDS_UNALIGNED_STALL",0.00000000e+00
"44__256_4",44,16,"SQ_LDS_BANK_CONFLICT",64.000000
"44__256_4",44,16,"SQ_LDS_UNALIGNED_STALL",0.00000000e+00
"44__256_4_4096_4",44,16,"SQ_LDS_BANK_CONFLICT",64.000000
"44__256_4_4096_4",44,16,"SQ_LDS_UNALIGNED_STALL",0.00000000e+00
"44__256_4_4096_8",44,16,"SQ_LDS_BANK_CONFLICT",64.000000
"44__256_4_4096_8",44,16,"SQ_LDS_UNALIGNED_STALL",0.00000000e+00
"44__256_4_4096_16",44,16,"SQ_LDS_BANK_CONFLICT",64.000000
"44__256_4_4096_16",44,16,"SQ_LDS_UNALIGNED_STALL",0.00000000e+00
"44__256_8",44,16,"SQ_LDS_BANK_CONFLICT",128.000000
"44__256_8",44,16,"SQ_LDS_UNALIGNED_STALL",0.00000000e+00
"44__256_8_2048_4",44,16,"SQ_LDS_BANK_CONFLICT",128.000000
"44__256_8_2048_4",44,16,"SQ_LDS_UNALIGNED_STALL",0.00000000e+00
"44__256_8_2048_8",44,16,"SQ_LDS_BANK_CONFLICT",128.000000
"44__256_8_2048_8",44,16,"SQ_LDS_UNALIGNED_STALL",0.00000000e+00
"44__256_8_2048_16",44,16,"SQ_LDS_BANK_CONFLICT",64.000000
"44__256_8_2048_16",44,16,"SQ_LDS_UNALIGNED_STALL",0.00000000e+00
"44__256_16",44,16,"SQ_LDS_BANK_CONFLICT",384.000000
"44__256_16",44,16,"SQ_LDS_UNALIGNED_STALL",0.00000000e+00
"44__256_16_1024_4",48,16,"SQ_LDS_BANK_CONFLICT",256.000000
"44__256_16_1024_4",48,16,"SQ_LDS_UNALIGNED_STALL",0.00000000e+00
"44__256_16_1024_8",48,16,"SQ_LDS_BANK_CONFLICT",128.000000
"44__256_16_1024_8",48,16,"SQ_LDS_UNALIGNED_STALL",0.00000000e+00
"44__256_16_1024_16",48,16,"SQ_LDS_BANK_CONFLICT",192.000000
"44__256_16_1024_16",48,16,"SQ_LDS_UNALIGNED_STALL",0.00000000e+00
"44__512_4",44,16,"SQ_LDS_BANK_CONFLICT",256.000000
"44__512_4",44,16,"SQ_LDS_UNALIGNED_STALL",0.00000000e+00
"44__512_4_8192_4",44,16,"SQ_LDS_BANK_CONFLICT",256.000000
"44__512_4_8192_4",44,16,"SQ_LDS_UNALIGNED_STALL",0.00000000e+00
"44__512_4_8192_8",44,16,"SQ_LDS_BANK_CONFLICT",256.000000
"44__512_4_8192_8",44,16,"SQ_LDS_UNALIGNED_STALL",0.00000000e+00
"44__512_4_8192_16",44,16,"SQ_LDS_BANK_CONFLICT",256.000000
"44__512_4_8192_16",44,16,"SQ_LDS_UNALIGNED_STALL",0.00000000e+00
"44__512_8",44,16,"SQ_LDS_BANK_CONFLICT",192.000000
"44__512_8",44,16,"SQ_LDS_UNALIGNED_STALL",0.00000000e+00
"44__512_8_4096_4",44,16,"SQ_LDS_BANK_CONFLICT",192.000000
"44__512_8_4096_4",44,16,"SQ_LDS_UNALIGNED_STALL",0.00000000e+00
"44__512_8_4096_8",44,16,"SQ_LDS_BANK_CONFLICT",192.000000
"44__512_8_4096_8",44,16,"SQ_LDS_UNALIGNED_STALL",0.00000000e+00
"44__512_8_4096_16",44,16,"SQ_LDS_BANK_CONFLICT",192.000000
"44__512_8_4096_16",44,16,"SQ_LDS_UNALIGNED_STALL",0.00000000e+00
"44__512_16",44,16,"SQ_LDS_BANK_CONFLICT",256.000000
"44__512_16",44,16,"SQ_LDS_UNALIGNED_STALL",0.00000000e+00
"44__512_16_2048_4",44,16,"SQ_LDS_BANK_CONFLICT",256.000000
"44__512_16_2048_4",44,16,"SQ_LDS_UNALIGNED_STALL",0.00000000e+00
"44__512_16_2048_8",44,16,"SQ_LDS_BANK_CONFLICT",256.000000
"44__512_16_2048_8",44,16,"SQ_LDS_UNALIGNED_STALL",0.00000000e+00
"44__512_16_2048_16",44,16,"SQ_LDS_BANK_CONFLICT",192.000000
"44__512_16_2048_16",44,16,"SQ_LDS_UNALIGNED_STALL",0.00000000e+00
"45__128_4",80,16,"SQ_LDS_BANK_CONFLICT",64.000000
"45__128_4",80,16,"SQ_LDS_UNALIGNED_STALL",0.00000000e+00
"45__128_4_2048_4",80,16,"SQ_LDS_BANK_CONFLICT",64.000000
"45__128_4_2048_4",80,16,"SQ_LDS_UNALIGNED_STALL",0.00000000e+00
"45__128_4_2048_8",80,16,"SQ_LDS_BANK_CONFLICT",64.000000
"45__128_4_2048_8",80,16,"SQ_LDS_UNALIGNED_STALL",0.00000000e+00
"45__128_4_2048_16",80,16,"SQ_LDS_BANK_CONFLICT",0.00000000e+00
"45__128_4_2048_16",80,16,"SQ_LDS_UNALIGNED_STALL",0.00000000e+00
"45__128_8",80,16,"SQ_LDS_BANK_CONFLICT",256.000000
"45__128_8",80,16,"SQ_LDS_UNALIGNED_STALL",0.00000000e+00
"45__128_8_1024_4",68,16,"SQ_LDS_BANK_CONFLICT",192.000000
"45__128_8_1024_4",68,16,"SQ_LDS_UNALIGNED_STALL",0.00000000e+00
"45__128_8_1024_8",68,16,"SQ_LDS_BANK_CONFLICT",128.000000
"45__128_8_1024_8",68,16,"SQ_LDS_UNALIGNED_STALL",0.00000000e+00
"45__128_8_1024_16",68,16,"SQ_LDS_BANK_CONFLICT",64.000000
"45__128_8_1024_16",68,16,"SQ_LDS_UNALIGNED_STALL",0.00000000e+00
"45__128_16",80,16,"SQ_LDS_BANK_CONFLICT",384.000000
"45__128_16",80,16,"SQ_LDS_UNALIGNED_STALL",0.00000000e+00
"45__128_16_512_4",68,16,"SQ_LDS_BANK_CONFLICT",64.000000
"45__128_16_512_4",68,16,"SQ_LDS_UNALIGNED_STALL",0.00000000e+00
"45__128_16_512_8",68,16,"SQ_LDS_BANK_CONFLICT",64.000000
"45__128_16_512_8",68,16,"SQ_LDS_UNALIGNED_STALL",0.00000000e+00
"45__128_16_512_16",68,16,"SQ_LDS_BANK_CONFLICT",256.000000
"45__128_16_512_16",68,16,"SQ_LDS_UNALIGNED_STALL",0.00000000e+00
"45__1024_4",80,16,"SQ_LDS_BANK_CONFLICT",640.000000
"45__1024_4",80,16,"SQ_LDS_UNALIGNED_STALL",0.00000000e+00
"45__1024_4_16384_4",80,16,"SQ_LDS_BANK_CONFLICT",640.000000
"45__1024_4_16384_4",80,16,"SQ_LDS_UNALIGNED_STALL",0.00000000e+00
"45__1024_4_16384_8",80,16,"SQ_LDS_BANK_CONFLICT",640.000000
"45__1024_4_16384_8",80,16,"SQ_LDS_UNALIGNED_STALL",0.00000000e+00
"45__1024_4_16384_16",80,16,"SQ_LDS_BANK_CONFLICT",640.000000
"45__1024_4_16384_16",80,16,"SQ_LDS_UNALIGNED_STALL",0.00000000e+00
"45__1024_8",80,16,"SQ_LDS_BANK_CONFLICT",512.000000
"45__1024_8",80,16,"SQ_LDS_UNALIGNED_STALL",0.00000000e+00
"45__1024_8_8192_4",80,16,"SQ_LDS_BANK_CONFLICT",512.000000
"45__1024_8_8192_4",80,16,"SQ_LDS_UNALIGNED_STALL",0.00000000e+00
"45__1024_8_8192_8",80,16,"SQ_LDS_BANK_CONFLICT",512.000000
"45__1024_8_8192_8",80,16,"SQ_LDS_UNALIGNED_STALL",0.00000000e+00
"45__1024_8_8192_16",80,16,"SQ_LDS_BANK_CONFLICT",512.000000
"45__1024_8_8192_16",80,16,"SQ_LDS_UNALIGNED_STALL",0.00000000e+00
"45__1024_16",80,16,"SQ_LDS_BANK_CONFLICT",448.000000
"45__1024_16",80,16,"SQ_LDS_UNALIGNED_STALL",0.00000000e+00
"45__1024_16_4096_4",80,16,"SQ_LDS_BANK_CONFLICT",448.000000
"45__1024_16_4096_4",80,16,"SQ_LDS_UNALIGNED_STALL",0.00000000e+00
"45__1024_16_4096_8",80,16,"SQ_LDS_BANK_CONFLICT",448.000000
"45__1024_16_4096_8",80,16,"SQ_LDS_UNALIGNED_STALL",0.00000000e+00
"45__1024_16_4096_16",80,16,"SQ_LDS_BANK_CONFLICT",448.000000
"45__1024_16_4096_16",80,16,"SQ_LDS_UNALIGNED_STALL",0.00000000e+00
"45__64_4",76,16,"SQ_LDS_BANK_CONFLICT",256.000000
"45__64_4",76,16,"SQ_LDS_UNALIGNED_STALL",0.00000000e+00
"45__64_4_1024_4",68,16,"SQ_LDS_BANK_CONFLICT",192.000000
"45__64_4_1024_4",68,16,"SQ_LDS_UNALIGNED_STALL",0.00000000e+00
"45__64_4_1024_8",68,16,"SQ_LDS_BANK_CONFLICT",128.000000
"45__64_4_1024_8",68,16,"SQ_LDS_UNALIGNED_STALL",0.00000000e+00
"45__64_4_1024_16",68,16,"SQ_LDS_BANK_CONFLICT",64.000000
"45__64_4_1024_16",68,16,"SQ_LDS_UNALIGNED_STALL",0.00000000e+00
"45__64_8",76,16,"SQ_LDS_BANK_CONFLICT",384.000000
"45__64_8",76,16,"SQ_LDS_UNALIGNED_STALL",0.00000000e+00
"45__64_8_512_4",68,16,"SQ_LDS_BANK_CONFLICT",64.000000
"45__64_8_512_4",68,16,"SQ_LDS_UNALIGNED_STALL",0.00000000e+00
"45__64_8_512_8",68,16,"SQ_LDS_BANK_CONFLICT",64.000000
"45__64_8_512_8",68,16,"SQ_LDS_UNALIGNED_STALL",0.00000000e+00
"45__64_8_512_16",68,16,"SQ_LDS_BANK_CONFLICT",256.000000
"45__64_8_512_16",68,16,"SQ_LDS_UNALIGNED_STALL",0.00000000e+00
"45__64_16",76,16,"SQ_LDS_BANK_CONFLICT",640.000000
"45__64_16",76,16,"SQ_LDS_UNALIGNED_STALL",0.00000000e+00
"45__64_16_256_4",68,16,"SQ_LDS_BANK_CONFLICT",0.00000000e+00
"45__64_16_256_4",68,16,"SQ_LDS_UNALIGNED_STALL",0.00000000e+00
"45__64_16_256_8",68,16,"SQ_LDS_BANK_CONFLICT",128.000000
"45__64_16_256_8",68,16,"SQ_LDS_UNALIGNED_STALL",0.00000000e+00
"45__64_16_256_16",68,16,"SQ_LDS_BANK_CONFLICT",384.000000
"45__64_16_256_16",68,16,"SQ_LDS_UNALIGNED_STALL",0.00000000e+00
"45__256_4",80,16,"SQ_LDS_BANK_CONFLICT",64.000000
"45__256_4",80,16,"SQ_LDS_UNALIGNED_STALL",0.00000000e+00
"45__256_4_4096_4",80,16,"SQ_LDS_BANK_CONFLICT",64.000000
"45__256_4_4096_4",80,16,"SQ_LDS_UNALIGNED_STALL",0.00000000e+00
"45__256_4_4096_8",80,16,"SQ_LDS_BANK_CONFLICT",64.000000
"45__256_4_4096_8",80,16,"SQ_LDS_UNALIGNED_STALL",0.00000000e+00
"45__256_4_4096_16",80,16,"SQ_LDS_BANK_CONFLICT",64.000000
"45__256_4_4096_16",80,16,"SQ_LDS_UNALIGNED_STALL",0.00000000e+00
"45__256_8",80,16,"SQ_LDS_BANK_CONFLICT",128.000000
"45__256_8",80,16,"SQ_LDS_UNALIGNED_STALL",0.00000000e+00
"45__256_8_2048_4",80,16,"SQ_LDS_BANK_CONFLICT",128.000000
"45__256_8_2048_4",80,16,"SQ_LDS_UNALIGNED_STALL",0.00000000e+00
"45__256_8_2048_8",80,16,"SQ_LDS_BANK_CONFLICT",128.000000
"45__256_8_2048_8",80,16,"SQ_LDS_UNALIGNED_STALL",0.00000000e+00
"45__256_8_2048_16",80,16,"SQ_LDS_BANK_CONFLICT",64.000000
"45__256_8_2048_16",80,16,"SQ_LDS_UNALIGNED_STALL",0.00000000e+00
"45__256_16",80,16,"SQ_LDS_BANK_CONFLICT",384.000000
"45__256_16",80,16,"SQ_LDS_UNALIGNED_STALL",0.00000000e+00
"45__256_16_1024_4",68,16,"SQ_LDS_BANK_CONFLICT",256.000000
"45__256_16_1024_4",68,16,"SQ_LDS_UNALIGNED_STALL",0.00000000e+00
"45__256_16_1024_8",68,16,"SQ_LDS_BANK_CONFLICT",128.000000
"45__256_16_1024_8",68,16,"SQ_LDS_UNALIGNED_STALL",0.00000000e+00
"45__256_16_1024_16",68,16,"SQ_LDS_BANK_CONFLICT",192.000000
"45__256_16_1024_16",68,16,"SQ_LDS_UNALIGNED_STALL",0.00000000e+00
"45__512_4",80,16,"SQ_LDS_BANK_CONFLICT",256.000000
"45__512_4",80,16,"SQ_LDS_UNALIGNED_STALL",0.00000000e+00
"45__512_4_8192_4",80,16,"SQ_LDS_BANK_CONFLICT",256.000000
"45__512_4_8192_4",80,16,"SQ_LDS_UNALIGNED_STALL",0.00000000e+00
"45__512_4_8192_8",80,16,"SQ_LDS_BANK_CONFLICT",256.000000
"45__512_4_8192_8",80,16,"SQ_LDS_UNALIGNED_STALL",0.00000000e+00
"45__512_4_8192_16",80,16,"SQ_LDS_BANK_CONFLICT",256.000000
"45__512_4_8192_16",80,16,"SQ_LDS_UNALIGNED_STALL",0.00000000e+00
"45__512_8",80,16,"SQ_LDS_BANK_CONFLICT",192.000000
"45__512_8",80,16,"SQ_LDS_UNALIGNED_STALL",0.00000000e+00
"45__512_8_4096_4",80,16,"SQ_LDS_BANK_CONFLICT",192.000000
"45__512_8_4096_4",80,16,"SQ_LDS_UNALIGNED_STALL",0.00000000e+00
"45__512_8_4096_8",80,16,"SQ_LDS_BANK_CONFLICT",192.000000
"45__512_8_4096_8",80,16,"SQ_LDS_UNALIGNED_STALL",0.00000000e+00
"45__512_8_4096_16",80,16,"SQ_LDS_BANK_CONFLICT",192.000000
"45__512_8_4096_16",80,16,"SQ_LDS_UNALIGNED_STALL",0.00000000e+00
"45__512_16",80,16,"SQ_LDS_BANK_CONFLICT",256.000000
"45__512_16",80,16,"SQ_LDS_UNALIGNED_STALL",0.00000000e+00
"45__512_16_2048_4",80,16,"SQ_LDS_BANK_CONFLICT",256.000000
"45__512_16_2048_4",80,16,"SQ_LDS_UNALIGNED_STALL",0.00000000e+00
"45__512_16_2048_8",80,16,"SQ_LDS_BANK_CONFLICT",256.000000
"45__512_16_2048_8",80,16,"SQ_LDS_UNALIGNED_STALL",0.00000000e+00
"45__512_16_2048_16",80,16,"SQ_LDS_BANK_CONFLICT",192.000000
"45__512_16_2048_16",80,16,"SQ_LDS_UNALIGNED_STALL",0.00000000e+00
"46__128_8",60,16,"SQ_LDS_BANK_CONFLICT",256.000000
"46__128_8",60,16,"SQ_LDS_UNALIGNED_STALL",0.00000000e+00
"46__128_8_1024_8",60,16,"SQ_LDS_BANK_CONFLICT",128.000000
"46__128_8_1024_8",60,16,"SQ_LDS_UNALIGNED_STALL",0.00000000e+00
"46__128_8_1024_16",60,16,"SQ_LDS_BANK_CONFLICT",64.000000
"46__128_8_1024_16",60,16,"SQ_LDS_UNALIGNED_STALL",0.00000000e+00
"46__128_16",60,16,"SQ_LDS_BANK_CONFLICT",384.000000
"46__128_16",60,16,"SQ_LDS_UNALIGNED_STALL",0.00000000e+00
"46__128_16_512_8",60,16,"SQ_LDS_BANK_CONFLICT",64.000000
"46__128_16_512_8",60,16,"SQ_LDS_UNALIGNED_STALL",0.00000000e+00
"46__128_16_512_16",60,16,"SQ_LDS_BANK_CONFLICT",256.000000
"46__128_16_512_16",60,16,"SQ_LDS_UNALIGNED_STALL",0.00000000e+00
"46__1024_8",60,16,"SQ_LDS_BANK_CONFLICT",512.000000
"46__1024_8",60,16,"SQ_LDS_UNALIGNED_STALL",0.00000000e+00
"46__1024_8_8192_8",60,16,"SQ_LDS_BANK_CONFLICT",512.000000
"46__1024_8_8192_8",60,16,"SQ_LDS_UNALIGNED_STALL",0.00000000e+00
"46__1024_8_8192_16",60,16,"SQ_LDS_BANK_CONFLICT",512.000000
"46__1024_8_8192_16",60,16,"SQ_LDS_UNALIGNED_STALL",0.00000000e+00
"46__1024_16",60,16,"SQ_LDS_BANK_CONFLICT",448.000000
"46__1024_16",60,16,"SQ_LDS_UNALIGNED_STALL",0.00000000e+00
"46__1024_16_4096_8",60,16,"SQ_LDS_BANK_CONFLICT",448.000000
"46__1024_16_4096_8",60,16,"SQ_LDS_UNALIGNED_STALL",0.00000000e+00
"46__1024_16_4096_16",60,16,"SQ_LDS_BANK_CONFLICT",448.000000
"46__1024_16_4096_16",60,16,"SQ_LDS_UNALIGNED_STALL",0.00000000e+00
"46__64_8",64,16,"SQ_LDS_BANK_CONFLICT",384.000000
"46__64_8",64,16,"SQ_LDS_UNALIGNED_STALL",0.00000000e+00
"46__64_8_512_8",60,16,"SQ_LDS_BANK_CONFLICT",64.000000
"46__64_8_512_8",60,16,"SQ_LDS_UNALIGNED_STALL",0.00000000e+00
"46__64_8_512_16",60,16,"SQ_LDS_BANK_CONFLICT",256.000000
"46__64_8_512_16",60,16,"SQ_LDS_UNALIGNED_STALL",0.00000000e+00
"46__64_16",64,16,"SQ_LDS_BANK_CONFLICT",640.000000
"46__64_16",64,16,"SQ_LDS_UNALIGNED_STALL",0.00000000e+00
"46__64_16_256_8",60,16,"SQ_LDS_BANK_CONFLICT",128.000000
"46__64_16_256_8",60,16,"SQ_LDS_UNALIGNED_STALL",0.00000000e+00
"46__64_16_256_16",60,16,"SQ_LDS_BANK_CONFLICT",384.000000
"46__64_16_256_16",60,16,"SQ_LDS_UNALIGNED_STALL",0.00000000e+00
"46__256_8",60,16,"SQ_LDS_BANK_CONFLICT",128.000000
"46__256_8",60,16,"SQ_LDS_UNALIGNED_STALL",0.00000000e+00
"46__256_8_2048_8",60,16,"SQ_LDS_BANK_CONFLICT",128.000000
"46__256_8_2048_8",60,16,"SQ_LDS_UNALIGNED_STALL",0.00000000e+00
"46__256_8_2048_16",60,16,"SQ_LDS_BANK_CONFLICT",64.000000
"46__256_8_2048_16",60,16,"SQ_LDS_UNALIGNED_STALL",0.00000000e+00
"46__256_16",60,16,"SQ_LDS_BANK_CONFLICT",384.000000
"46__256_16",60,16,"SQ_LDS_UNALIGNED_STALL",0.00000000e+00
"46__256_16_1024_8",60,16,"SQ_LDS_BANK_CONFLICT",128.000000
"46__256_16_1024_8",60,16,"SQ_LDS_UNALIGNED_STALL",0.00000000e+00
"46__256_16_1024_16",60,16,"SQ_LDS_BANK_CONFLICT",192.000000
"46__256_16_1024_16",60,16,"SQ_LDS_UNALIGNED_STALL",0.00000000e+00
"46__512_8",60,16,"SQ_LDS_BANK_CONFLICT",192.000000
"46__512_8",60,16,"SQ_LDS_UNALIGNED_STALL",0.00000000e+00
"46__512_8_4096_8",60,16,"SQ_LDS_BANK_CONFLICT",192.000000
"46__512_8_4096_8",60,16,"SQ_LDS_UNALIGNED_STALL",0.00000000e+00
"46__512_8_4096_16",60,16,"SQ_LDS_BANK_CONFLICT",192.000000
"46__512_8_4096_16",60,16,"SQ_LDS_UNALIGNED_STALL",0.00000000e+00
"46__512_16",60,16,"SQ_LDS_BANK_CONFLICT",256.000000
"46__512_16",60,16,"SQ_LDS_UNALIGNED_STALL",0.00000000e+00
"46__512_16_2048_8",60,16,"SQ_LDS_BANK_CONFLICT",256.000000
"46__512_16_2048_8",60,16,"SQ_LDS_UNALIGNED_STALL",0.00000000e+00
"46__512_16_2048_16",60,16,"SQ_LDS_BANK_CONFLICT",192.000000
"46__512_16_2048_16",60,16,"SQ_LDS_UNALIGNED_STALL",0.00000000e+00
"47__128_8",76,16,"SQ_LDS_BANK_CONFLICT",256.000000
"47__128_8",76,16,"SQ_LDS_UNALIGNED_STALL",0.00000000e+00
"47__128_8_1024_8",68,16,"SQ_LDS_BANK_CONFLICT",128.000000
"47__128_8_1024_8",68,16,"SQ_LDS_UNALIGNED_STALL",0.00000000e+00
"47__128_8_1024_16",68,16,"SQ_LDS_BANK_CONFLICT",64.000000
"47__128_8_1024_16",68,16,"SQ_LDS_UNALIGNED_STALL",0.00000000e+00
"47__128_16",76,16,"SQ_LDS_BANK_CONFLICT",384.000000
"47__128_16",76,16,"SQ_LDS_UNALIGNED_STALL",0.00000000e+00
"47__128_16_512_8",68,16,"SQ_LDS_BANK_CONFLICT",64.000000
"47__128_16_512_8",68,16,"SQ_LDS_UNALIGNED_STALL",0.00000000e+00
"47__128_16_512_16",68,16,"SQ_LDS_BANK_CONFLICT",256.000000
"47__128_16_512_16",68,16,"SQ_LDS_UNALIGNED_STALL",0.00000000e+00
"47__1024_8",80,16,"SQ_LDS_BANK_CONFLICT",512.000000
"47__1024_8",80,16,"SQ_LDS_UNALIGNED_STALL",0.00000000e+00
"47__1024_8_8192_8",80,16,"SQ_LDS_BANK_CONFLICT",512.000000
"47__1024_8_8192_8",80,16,"SQ_LDS_UNALIGNED_STALL",0.00000000e+00
"47__1024_8_8192_16",80,16,"SQ_LDS_BANK_CONFLICT",512.000000
"47__1024_8_8192_16",80,16,"SQ_LDS_UNALIGNED_STALL",0.00000000e+00
"47__1024_16",76,16,"SQ_LDS_BANK_CONFLICT",448.000000
"47__1024_16",76,16,"SQ_LDS_UNALIGNED_STALL",0.00000000e+00
"47__1024_16_4096_8",76,16,"SQ_LDS_BANK_CONFLICT",448.000000
"47__1024_16_4096_8",76,16,"SQ_LDS_UNALIGNED_STALL",0.00000000e+00
"47__1024_16_4096_16",76,16,"SQ_LDS_BANK_CONFLICT",448.000000
"47__1024_16_4096_16",76,16,"SQ_LDS_UNALIGNED_STALL",0.00000000e+00
"47__64_8",76,16,"SQ_LDS_BANK_CONFLICT",384.000000
"47__64_8",76,16,"SQ_LDS_UNALIGNED_STALL",0.00000000e+00
"47__64_8_512_8",68,16,"SQ_LDS_BANK_CONFLICT",64.000000
"47__64_8_512_8",68,16,"SQ_LDS_UNALIGNED_STALL",0.00000000e+00
"47__64_8_512_16",68,16,"SQ_LDS_BANK_CONFLICT",256.000000
"47__64_8_512_16",68,16,"SQ_LDS_UNALIGNED_STALL",0.00000000e+00
"47__64_16",76,16,"SQ_LDS_BANK_CONFLICT",640.000000
"47__64_16",76,16,"SQ_LDS_UNALIGNED_STALL",0.00000000e+00
"47__64_16_256_8",68,16,"SQ_LDS_BANK_CONFLICT",128.000000
"47__64_16_256_8",68,16,"SQ_LDS_UNALIGNED_STALL",0.00000000e+00
"47__64_16_256_16",68,16,"SQ_LDS_BANK_CONFLICT",384.000000
"47__64_16_256_16",68,16,"SQ_LDS_UNALIGNED_STALL",0.00000000e+00
"47__256_8",76,16,"SQ_LDS_BANK_CONFLICT",128.000000
"47__256_8",76,16,"SQ_LDS_UNALIGNED_STALL",0.00000000e+00
"47__256_8_2048_8",76,16,"SQ_LDS_BANK_CONFLICT",128.000000
"47__256_8_2048_8",76,16,"SQ_LDS_UNALIGNED_STALL",0.00000000e+00
"47__256_8_2048_16",76,16,"SQ_LDS_BANK_CONFLICT",64.000000
"47__256_8_2048_16",76,16,"SQ_LDS_UNALIGNED_STALL",0.00000000e+00
"47__256_16",76,16,"SQ_LDS_BANK_CONFLICT",384.000000
"47__256_16",76,16,"SQ_LDS_UNALIGNED_STALL",0.00000000e+00
"47__256_16_1024_8",68,16,"SQ_LDS_BANK_CONFLICT",128.000000
"47__256_16_1024_8",68,16,"SQ_LDS_UNALIGNED_STALL",0.00000000e+00
"47__256_16_1024_16",68,16,"SQ_LDS_BANK_CONFLICT",192.000000
"47__256_16_1024_16",68,16,"SQ_LDS_UNALIGNED_STALL",0.00000000e+00
"47__512_8",76,16,"SQ_LDS_BANK_CONFLICT",192.000000
"47__512_8",76,16,"SQ_LDS_UNALIGNED_STALL",0.00000000e+00
"47__512_8_4096_8",76,16,"SQ_LDS_BANK_CONFLICT",192.000000
"47__512_8_4096_8",76,16,"SQ_LDS_UNALIGNED_STALL",0.00000000e+00
"47__512_8_4096_16",76,16,"SQ_LDS_BANK_CONFLICT",192.000000
"47__512_8_4096_16",76,16,"SQ_LDS_UNALIGNED_STALL",0.00000000e+00
"47__512_16",76,16,"SQ_LDS_BANK_CONFLICT",256.000000
"47__512_16",76,16,"SQ_LDS_UNALIGNED_STALL",0.00000000e+00
"47__512_16_2048_8",76,16,"SQ_LDS_BANK_CONFLICT",256.000000
"47__512_16_2048_8",76,16,"SQ_LDS_UNALIGNED_STALL",0.00000000e+00
"47__512_16_2048_16",76,16,"SQ_LDS_BANK_CONFLICT",192.000000
"47__512_16_2048_16",76,16,"SQ_LDS_UNALIGNED_STALL",0.00000000e+00
"48__256_4",64,16,"SQ_LDS_BANK_CONFLICT",128.000000
"48__256_4",64,16,"SQ_LDS_UNALIGNED_STALL",0.00000000e+00
"48__256_4_4096_4",64,16,"SQ_LDS_BANK_CONFLICT",128.000000
"48__256_4_4096_4",64,16,"SQ_LDS_UNALIGNED_STALL",0.00000000e+00
"48__256_4_4096_8",64,16,"SQ_LDS_BANK_CONFLICT",128.000000
"48__256_4_4096_8",64,16,"SQ_LDS_UNALIGNED_STALL",0.00000000e+00
"48__256_4_4096_16",64,16,"SQ_LDS_BANK_CONFLICT",0.00000000e+00
"48__256_4_4096_16",64,16,"SQ_LDS_UNALIGNED_STALL",0.00000000e+00
"48__256_8",64,16,"SQ_LDS_BANK_CONFLICT",512.000000
"48__256_8",64,16,"SQ_LDS_UNALIGNED_STALL",0.00000000e+00
"48__256_8_2048_4",68,16,"SQ_LDS_BANK_CONFLICT",384.000000
"48__256_8_2048_4",68,16,"SQ_LDS_UNALIGNED_STALL",0.00000000e+00
"48__256_8_2048_8",68,16,"SQ_LDS_BANK_CONFLICT",256.000000
"48__256_8_2048_8",68,16,"SQ_LDS_UNALIGNED_STALL",0.00000000e+00
"48__256_8_2048_16",68,16,"SQ_LDS_BANK_CONFLICT",128.000000
"48__256_8_2048_16",68,16,"SQ_LDS_UNALIGNED_STALL",0.00000000e+00
"48__256_16",68,16,"SQ_LDS_BANK_CONFLICT",768.000000
"48__256_16",68,16,"SQ_LDS_UNALIGNED_STALL",0.00000000e+00
"48__256_16_1024_4",68,16,"SQ_LDS_BANK_CONFLICT",128.000000
"48__256_16_1024_4",68,16,"SQ_LDS_UNALIGNED_STALL",0.00000000e+00
"48__256_16_1024_8",68,16,"SQ_LDS_BANK_CONFLICT",128.000000
"48__256_16_1024_8",68,16,"SQ_LDS_UNALIGNED_STALL",0.00000000e+00
"48__256_16_1024_16",68,16,"SQ_LDS_BANK_CONFLICT",512.000000
"48__256_16_1024_16",68,16,"SQ_LDS_UNALIGNED_STALL",0.00000000e+00
"48__2048_4",68,16,"SQ_LDS_BANK_CONFLICT",1280.000000
"48__2048_4",68,16,"SQ_LDS_UNALIGNED_STALL",0.00000000e+00
"48__2048_4_32768_4",68,16,"SQ_LDS_BANK_CONFLICT",1280.000000
"48__2048_4_32768_4",68,16,"SQ_LDS_UNALIGNED_STALL",0.00000000e+00
"48__2048_4_32768_8",68,16,"SQ_LDS_BANK_CONFLICT",1280.000000
"48__2048_4_32768_8",68,16,"SQ_LDS_UNALIGNED_STALL",0.00000000e+00
"48__2048_4_32768_16",68,16,"SQ_LDS_BANK_CONFLICT",1280.000000
"48__2048_4_32768_16",68,16,"SQ_LDS_UNALIGNED_STALL",0.00000000e+00
"48__2048_8",68,16,"SQ_LDS_BANK_CONFLICT",1024.000000
"48__2048_8",68,16,"SQ_LDS_UNALIGNED_STALL",0.00000000e+00
"48__2048_8_16384_4",68,16,"SQ_LDS_BANK_CONFLICT",1024.000000
"48__2048_8_16384_4",68,16,"SQ_LDS_UNALIGNED_STALL",0.00000000e+00
"48__2048_8_16384_8",68,16,"SQ_LDS_BANK_CONFLICT",1024.000000
"48__2048_8_16384_8",68,16,"SQ_LDS_UNALIGNED_STALL",0.00000000e+00
"48__2048_8_16384_16",68,16,"SQ_LDS_BANK_CONFLICT",1024.000000
"48__2048_8_16384_16",68,16,"SQ_LDS_UNALIGNED_STALL",0.00000000e+00
"48__2048_16",68,16,"SQ_LDS_BANK_CONFLICT",896.000000
"48__2048_16",68,16,"SQ_LDS_UNALIGNED_STALL",0.00000000e+00
"48__2048_16_8192_4",68,16,"SQ_LDS_BANK_CONFLICT",896.000000
"48__2048_16_8192_4",68,16,"SQ_LDS_UNALIGNED_STALL",0.00000000e+00
"48__2048_16_8192_8",68,16,"SQ_LDS_BANK_CONFLICT",896.000000
"48__2048_16_8192_8",68,16,"SQ_LDS_UNALIGNED_STALL",0.00000000e+00
"48__2048_16_8192_16",68,16,"SQ_LDS_BANK_CONFLICT",896.000000
"48__2048_16_8192_16",68,16,"SQ_LDS_UNALIGNED_STALL",0.00000000e+00
"48__64_4",68,16,"SQ_LDS_BANK_CONFLICT",768.000000
"48__64_4",68,16,"SQ_LDS_UNALIGNED_STALL",0.00000000e+00
"48__64_4_1024_4",64,16,"SQ_LDS_BANK_CONFLICT",128.000000
"48__64_4_1024_4",64,16,"SQ_LDS_UNALIGNED_STALL",0.00000000e+00
"48__64_4_1024_8",64,16,"SQ_LDS_BANK_CONFLICT",128.000000
"48__64_4_1024_8",64,16,"SQ_LDS_UNALIGNED_STALL",0.00000000e+00
"48__64_4_1024_16",64,16,"SQ_LDS_BANK_CONFLICT",512.000000
"48__64_4_1024_16",64,16,"SQ_LDS_UNALIGNED_STALL",0.00000000e+00
"48__64_8",68,16,"SQ_LDS_BANK_CONFLICT",1280.000000
"48__64_8",68,16,"SQ_LDS_UNALIGNED_STALL",0.00000000e+00
"48__64_8_512_4",76,16,"SQ_LDS_BANK_CONFLICT",0.00000000e+00
"48__64_8_512_4",76,16,"SQ_LDS_UNALIGNED_STALL",0.00000000e+00
"48__64_8_512_8",76,16,"SQ_LDS_BANK_CONFLICT",256.000000
"48__64_8_512_8",76,16,"SQ_LDS_UNALIGNED_STALL",0.00000000e+00
"48__64_8_512_16",76,16,"SQ_LDS_BANK_CONFLICT",768.000000
"48__64_8_512_16",76,16,"SQ_LDS_UNALIGNED_STALL",0.00000000e+00
"48__64_16",68,16,"SQ_LDS_BANK_CONFLICT",2304.000000
"48__64_16",68,16,"SQ_LDS_UNALIGNED_STALL",0.00000000e+00
"48__64_16_256_4",80,16,"SQ_LDS_BANK_CONFLICT",128.000000
"48__64_16_256_4",80,16,"SQ_LDS_UNALIGNED_STALL",0.00000000e+00
"48__64_16_256_8",80,16,"SQ_LDS_BANK_CONFLICT",512.000000
"48__64_16_256_8",80,16,"SQ_LDS_UNALIGNED_STALL",0.00000000e+00
"48__64_16_256_16",80,16,"SQ_LDS_BANK_CONFLICT",768.000000
"48__64_16_256_16",80,16,"SQ_LDS_UNALIGNED_STALL",0.00000000e+00
"48__512_4",64,16,"SQ_LDS_BANK_CONFLICT",128.000000
"48__512_4",64,16,"SQ_LDS_UNALIGNED_STALL",0.00000000e+00
"48__512_4_8192_4",64,16,"SQ_LDS_BANK_CONFLICT",128.000000
"48__512_4_8192_4",64,16,"SQ_LDS_UNALIGNED_STALL",0.00000000e+00
"48__512_4_8192_8",64,16,"SQ_LDS_BANK_CONFLICT",128.000000
"48__512_4_8192_8",64,16,"SQ_LDS_UNALIGNED_STALL",0.00000000e+00
"48__512_4_8192_16",64,16,"SQ_LDS_BANK_CONFLICT",128.000000
"48__512_4_8192_16",64,16,"SQ_LDS_UNALIGNED_STALL",0.00000000e+00
"48__512_8",64,16,"SQ_LDS_BANK_CONFLICT",256.000000
"48__512_8",64,16,"SQ_LDS_UNALIGNED_STALL",0.00000000e+00
"48__512_8_4096_4",64,16,"SQ_LDS_BANK_CONFLICT",256.000000
"48__512_8_4096_4",64,16,"SQ_LDS_UNALIGNED_STALL",0.00000000e+00
"48__512_8_4096_8",64,16,"SQ_LDS_BANK_CONFLICT",256.000000
"48__512_8_4096_8",64,16,"SQ_LDS_UNALIGNED_STALL",0.00000000e+00
"48__512_8_4096_16",64,16,"SQ_LDS_BANK_CONFLICT",128.000000
"48__512_8_4096_16",64,16,"SQ_LDS_UNALIGNED_STALL",0.00000000e+00
"48__512_16",64,16,"SQ_LDS_BANK_CONFLICT",768.000000
"48__512_16",64,16,"SQ_LDS_UNALIGNED_STALL",0.00000000e+00
"48__512_16_2048_4",68,16,"SQ_LDS_BANK_CONFLICT",512.000000
"48__512_16_2048_4",68,16,"SQ_LDS_UNALIGNED_STALL",0.00000000e+00
"48__512_16_2048_8",68,16,"SQ_LDS_BANK_CONFLICT",256.000000
"48__512_16_2048_8",68,16,"SQ_LDS_UNALIGNED_STALL",0.00000000e+00
"48__512_16_2048_16",68,16,"SQ_LDS_BANK_CONFLICT",384.000000
"48__512_16_2048_16",68,16,"SQ_LDS_UNALIGNED_STALL",0.00000000e+00
"48__1024_4",64,16,"SQ_LDS_BANK_CONFLICT",512.000000
"48__1024_4",64,16,"SQ_LDS_UNALIGNED_STALL",0.00000000e+00
"48__1024_4_16384_4",64,16,"SQ_LDS_BANK_CONFLICT",512.000000
"48__1024_4_16384_4",64,16,"SQ_LDS_UNALIGNED_STALL",0.00000000e+00
"48__1024_4_16384_8",64,16,"SQ_LDS_BANK_CONFLICT",512.000000
"48__1024_4_16384_8",64,16,"SQ_LDS_UNALIGNED_STALL",0.00000000e+00
"48__1024_4_16384_16",64,16,"SQ_LDS_BANK_CONFLICT",512.000000
"48__1024_4_16384_16",64,16,"SQ_LDS_UNALIGNED_STALL",0.00000000e+00
"48__1024_8",64,16,"SQ_LDS_BANK_CONFLICT",384.000000
"48__1024_8",64,16,"SQ_LDS_UNALIGNED_STALL",0.00000000e+00
"48__1024_8_8192_4",64,16,"SQ_LDS_BANK_CONFLICT",384.000000
"48__1024_8_8192_4",64,16,"SQ_LDS_UNALIGNED_STALL",0.00000000e+00
"48__1024_8_8192_8",64,16,"SQ_LDS_BANK_CONFLICT",384.000000
"48__1024_8_8192_8",64,16,"SQ_LDS_UNALIGNED_STALL",0.00000000e+00
"48__1024_8_8192_16",64,16,"SQ_LDS_BANK_CONFLICT",384.000000
"48__1024_8_8192_16",64,16,"SQ_LDS_UNALIGNED_STALL",0.00000000e+00
"48__1024_16",64,16,"SQ_LDS_BANK_CONFLICT",512.000000
"48__1024_16",64,16,"SQ_LDS_UNALIGNED_STALL",0.00000000e+00
"48__1024_16_4096_4",64,16,"SQ_LDS_BANK_CONFLICT",512.000000
"48__1024_16_4096_4",64,16,"SQ_LDS_UNALIGNED_STALL",0.00000000e+00
"48__1024_16_4096_8",64,16,"SQ_LDS_BANK_CONFLICT",512.000000
"48__1024_16_4096_8",64,16,"SQ_LDS_UNALIGNED_STALL",0.00000000e+00
"48__1024_16_4096_16",64,16,"SQ_LDS_BANK_CONFLICT",384.000000
"48__1024_16_4096_16",64,16,"SQ_LDS_UNALIGNED_STALL",0.00000000e+00
"49__256_4",72,16,"SQ_LDS_BANK_CONFLICT",128.000000
"49__256_4",72,16,"SQ_LDS_UNALIGNED_STALL",0.00000000e+00
"49__256_4_4096_4",72,16,"SQ_LDS_BANK_CONFLICT",128.000000
"49__256_4_4096_4",72,16,"SQ_LDS_UNALIGNED_STALL",0.00000000e+00
"49__256_4_4096_8",72,16,"SQ_LDS_BANK_CONFLICT",128.000000
"49__256_4_4096_8",72,16,"SQ_LDS_UNALIGNED_STALL",0.00000000e+00
"49__256_4_4096_16",72,16,"SQ_LDS_BANK_CONFLICT",0.00000000e+00
"49__256_4_4096_16",72,16,"SQ_LDS_UNALIGNED_STALL",0.00000000e+00
"49__256_8",72,16,"SQ_LDS_BANK_CONFLICT",512.000000
"49__256_8",72,16,"SQ_LDS_UNALIGNED_STALL",0.00000000e+00
"49__256_8_2048_4",88,16,"SQ_LDS_BANK_CONFLICT",384.000000
"49__256_8_2048_4",88,16,"SQ_LDS_UNALIGNED_STALL",0.00000000e+00
"49__256_8_2048_8",88,16,"SQ_LDS_BANK_CONFLICT",256.000000
"49__256_8_2048_8",88,16,"SQ_LDS_UNALIGNED_STALL",0.00000000e+00
"49__256_8_2048_16",88,16,"SQ_LDS_BANK_CONFLICT",128.000000
"49__256_8_2048_16",88,16,"SQ_LDS_UNALIGNED_STALL",0.00000000e+00
"49__256_16",72,16,"SQ_LDS_BANK_CONFLICT",768.000000
"49__256_16",72,16,"SQ_LDS_UNALIGNED_STALL",0.00000000e+00
"49__256_16_1024_4",88,16,"SQ_LDS_BANK_CONFLICT",128.000000
"49__256_16_1024_4",88,16,"SQ_LDS_UNALIGNED_STALL",0.00000000e+00
"49__256_16_1024_8",88,16,"SQ_LDS_BANK_CONFLICT",128.000000
"49__256_16_1024_8",88,16,"SQ_LDS_UNALIGNED_STALL",0.00000000e+00
"49__256_16_1024_16",88,16,"SQ_LDS_BANK_CONFLICT",512.000000
"49__256_16_1024_16",88,16,"SQ_LDS_UNALIGNED_STALL",0.00000000e+00
"49__2048_4",72,16,"SQ_LDS_BANK_CONFLICT",1280.000000
"49__2048_4",72,16,"SQ_LDS_UNALIGNED_STALL",0.00000000e+00
"49__2048_4_32768_4",72,16,"SQ_LDS_BANK_CONFLICT",1280.000000
"49__2048_4_32768_4",72,16,"SQ_LDS_UNALIGNED_STALL",0.00000000e+00
"49__2048_4_32768_8",72,16,"SQ_LDS_BANK_CONFLICT",1280.000000
"49__2048_4_32768_8",72,16,"SQ_LDS_UNALIGNED_STALL",0.00000000e+00
"49__2048_4_32768_16",72,16,"SQ_LDS_BANK_CONFLICT",1280.000000
"49__2048_4_32768_16",72,16,"SQ_LDS_UNALIGNED_STALL",0.00000000e+00
"49__2048_8",72,16,"SQ_LDS_BANK_CONFLICT",1024.000000
"49__2048_8",72,16,"SQ_LDS_UNALIGNED_STALL",0.00000000e+00
"49__2048_8_16384_4",72,16,"SQ_LDS_BANK_CONFLICT",1024.000000
"49__2048_8_16384_4",72,16,"SQ_LDS_UNALIGNED_STALL",0.00000000e+00
"49__2048_8_16384_8",72,16,"SQ_LDS_BANK_CONFLICT",1024.000000
"49__2048_8_16384_8",72,16,"SQ_LDS_UNALIGNED_STALL",0.00000000e+00
"49__2048_8_16384_16",72,16,"SQ_LDS_BANK_CONFLICT",1024.000000
"49__2048_8_16384_16",72,16,"SQ_LDS_UNALIGNED_STALL",0.00000000e+00
"49__2048_16",72,16,"SQ_LDS_BANK_CONFLICT",896.000000
"49__2048_16",72,16,"SQ_LDS_UNALIGNED_STALL",0.00000000e+00
"49__2048_16_8192_4",72,16,"SQ_LDS_BANK_CONFLICT",896.000000
"49__2048_16_8192_4",72,16,"SQ_LDS_UNALIGNED_STALL",0.00000000e+00
"49__2048_16_8192_8",72,16,"SQ_LDS_BANK_CONFLICT",896.000000
"49__2048_16_8192_8",72,16,"SQ_LDS_UNALIGNED_STALL",0.00000000e+00
"49__2048_16_8192_16",72,16,"SQ_LDS_BANK_CONFLICT",896.000000
"49__2048_16_8192_16",72,16,"SQ_LDS_UNALIGNED_STALL",0.00000000e+00
"49__64_4",72,16,"SQ_LDS_BANK_CONFLICT",768.000000
"49__64_4",72,16,"SQ_LDS_UNALIGNED_STALL",0.00000000e+00
"49__64_4_1024_4",92,16,"SQ_LDS_BANK_CONFLICT",128.000000
"49__64_4_1024_4",92,16,"SQ_LDS_UNALIGNED_STALL",0.00000000e+00
"49__64_4_1024_8",88,16,"SQ_LDS_BANK_CONFLICT",128.000000
"49__64_4_1024_8",88,16,"SQ_LDS_UNALIGNED_STALL",0.00000000e+00
"49__64_4_1024_16",88,16,"SQ_LDS_BANK_CONFLICT",512.000000
"49__64_4_1024_16",88,16,"SQ_LDS_UNALIGNED_STALL",0.00000000e+00
"49__64_8",72,16,"SQ_LDS_BANK_CONFLICT",1280.000000
"49__64_8",72,16,"SQ_LDS_UNALIGNED_STALL",0.00000000e+00
"49__64_8_512_4",100,16,"SQ_LDS_BANK_CONFLICT",0.00000000e+00
"49__64_8_512_4",100,16,"SQ_LDS_UNALIGNED_STALL",0.00000000e+00
"49__64_8_512_8",100,16,"SQ_LDS_BANK_CONFLICT",256.000000
"49__64_8_512_8",100,16,"SQ_LDS_UNALIGNED_STALL",0.00000000e+00
"49__64_8_512_16",100,16,"SQ_LDS_BANK_CONFLICT",768.000000
"49__64_8_512_16",100,16,"SQ_LDS_UNALIGNED_STALL",0.00000000e+00
"49__64_16",72,16,"SQ_LDS_BANK_CONFLICT",2304.000000
"49__64_16",72,16,"SQ_LDS_UNALIGNED_STALL",0.00000000e+00
"49__64_16_256_4",120,16,"SQ_LDS_BANK_CONFLICT",128.000000
"49__64_16_256_4",120,16,"SQ_LDS_UNALIGNED_STALL",0.00000000e+00
"49__64_16_256_8",120,16,"SQ_LDS_BANK_CONFLICT",512.000000
"49__64_16_256_8",120,16,"SQ_LDS_UNALIGNED_STALL",0.00000000e+00
"49__64_16_256_16",120,16,"SQ_LDS_BANK_CONFLICT",768.000000
"49__64_16_256_16",120,16,"SQ_LDS_UNALIGNED_STALL",0.00000000e+00
"49__512_4",72,16,"SQ_LDS_BANK_CONFLICT",128.000000
"49__512_4",72,16,"SQ_LDS_UNALIGNED_STALL",0.00000000e+00
"49__512_4_8192_4",72,16,"SQ_LDS_BANK_CONFLICT",128.000000
"49__512_4_8192_4",72,16,"SQ_LDS_UNALIGNED_STALL",0.00000000e+00
"49__512_4_8192_8",72,16,"SQ_LDS_BANK_CONFLICT",128.000000
"49__512_4_8192_8",72,16,"SQ_LDS_UNALIGNED_STALL",0.00000000e+00
"49__512_4_8192_16",72,16,"SQ_LDS_BANK_CONFLICT",128.000000
"49__512_4_8192_16",72,16,"SQ_LDS_UNALIGNED_STALL",0.00000000e+00
"49__512_8",72,16,"SQ_LDS_BANK_CONFLICT",256.000000
"49__512_8",72,16,"SQ_LDS_UNALIGNED_STALL",0.00000000e+00
"49__512_8_4096_4",72,16,"SQ_LDS_BANK_CONFLICT",256.000000
"49__512_8_4096_4",72,16,"SQ_LDS_UNALIGNED_STALL",0.00000000e+00
"49__512_8_4096_8",72,16,"SQ_LDS_BANK_CONFLICT",256.000000
"49__512_8_4096_8",72,16,"SQ_LDS_UNALIGNED_STALL",0.00000000e+00
"49__512_8_4096_16",72,16,"SQ_LDS_BANK_CONFLICT",128.000000
"49__512_8_4096_16",72,16,"SQ_LDS_UNALIGNED_STALL",0.00000000e+00
"49__512_16",72,16,"SQ_LDS_BANK_CONFLICT",768.000000
"49__512_16",72,16,"SQ_LDS_UNALIGNED_STALL",0.00000000e+00
"49__512_16_2048_4",88,16,"SQ_LDS_BANK_CONFLICT",512.000000
"49__512_16_2048_4",88,16,"SQ_LDS_UNALIGNED_STALL",0.00000000e+00
"49__512_16_2048_8",88,16,"SQ_LDS_BANK_CONFLICT",256.000000
"49__512_16_2048_8",88,16,"SQ_LDS_UNALIGNED_STALL",0.00000000e+00
"49__512_16_2048_16",88,16,"SQ_LDS_BANK_CONFLICT",384.000000
"49__512_16_2048_16",88,16,"SQ_LDS_UNALIGNED_STALL",0.00000000e+00
"49__1024_4",72,16,"SQ_LDS_BANK_CONFLICT",512.000000
"49__1024_4",72,16,"SQ_LDS_UNALIGNED_STALL",0.00000000e+00
"49__1024_4_16384_4",72,16,"SQ_LDS_BANK_CONFLICT",512.000000
"49__1024_4_16384_4",72,16,"SQ_LDS_UNALIGNED_STALL",0.00000000e+00
"49__1024_4_16384_8",72,16,"SQ_LDS_BANK_CONFLICT",512.000000
"49__1024_4_16384_8",72,16,"SQ_LDS_UNALIGNED_STALL",0.00000000e+00
"49__1024_4_16384_16",72,16,"SQ_LDS_BANK_CONFLICT",512.000000
"49__1024_4_16384_16",72,16,"SQ_LDS_UNALIGNED_STALL",0.00000000e+00
"49__1024_8",72,16,"SQ_LDS_BANK_CONFLICT",384.000000
"49__1024_8",72,16,"SQ_LDS_UNALIGNED_STALL",0.00000000e+00
"49__1024_8_8192_4",72,16,"SQ_LDS_BANK_CONFLICT",384.000000
"49__1024_8_8192_4",72,16,"SQ_LDS_UNALIGNED_STALL",0.00000000e+00
"49__1024_8_8192_8",72,16,"SQ_LDS_BANK_CONFLICT",384.000000
"49__1024_8_8192_8",72,16,"SQ_LDS_UNALIGNED_STALL",0.00000000e+00
"49__1024_8_8192_16",72,16,"SQ_LDS_BANK_CONFLICT",384.000000
"49__1024_8_8192_16",72,16,"SQ_LDS_UNALIGNED_STALL",0.00000000e+00
"49__1024_16",72,16,"SQ_LDS_BANK_CONFLICT",512.000000
"49__1024_16",72,16,"SQ_LDS_UNALIGNED_STALL",0.00000000e+00
"49__1024_16_4096_4",72,16,"SQ_LDS_BANK_CONFLICT",512.000000
"49__1024_16_4096_4",72,16,"SQ_LDS_UNALIGNED_STALL",0.00000000e+00
"49__1024_16_4096_8",72,16,"SQ_LDS_BANK_CONFLICT",512.000000
"49__1024_16_4096_8",72,16,"SQ_LDS_UNALIGNED_STALL",0.00000000e+00
"49__1024_16_4096_16",72,16,"SQ_LDS_BANK_CONFLICT",384.000000
"49__1024_16_4096_16",72,16,"SQ_LDS_UNALIGNED_STALL",0.00000000e+00
"50__256_4",76,16,"SQ_LDS_BANK_CONFLICT",128.000000
"50__256_4",76,16,"SQ_LDS_UNALIGNED_STALL",0.00000000e+00
"50__256_4_4096_4",76,16,"SQ_LDS_BANK_CONFLICT",128.000000
"50__256_4_4096_4",76,16,"SQ_LDS_UNALIGNED_STALL",0.00000000e+00
"50__256_4_4096_8",76,16,"SQ_LDS_BANK_CONFLICT",128.000000
"50__256_4_4096_8",76,16,"SQ_LDS_UNALIGNED_STALL",0.00000000e+00
"50__256_4_4096_16",76,16,"SQ_LDS_BANK_CONFLICT",0.00000000e+00
"50__256_4_4096_16",76,16,"SQ_LDS_UNALIGNED_STALL",0.00000000e+00
"50__256_8",76,16,"SQ_LDS_BANK_CONFLICT",512.000000
"50__256_8",76,16,"SQ_LDS_UNALIGNED_STALL",0.00000000e+00
"50__256_8_2048_4",64,16,"SQ_LDS_BANK_CONFLICT",384.000000
"50__256_8_2048_4",64,16,"SQ_LDS_UNALIGNED_STALL",0.00000000e+00
"50__256_8_2048_8",64,16,"SQ_LDS_BANK_CONFLICT",256.000000
"50__256_8_2048_8",64,16,"SQ_LDS_UNALIGNED_STALL",0.00000000e+00
"50__256_8_2048_16",64,16,"SQ_LDS_BANK_CONFLICT",128.000000
"50__256_8_2048_16",64,16,"SQ_LDS_UNALIGNED_STALL",0.00000000e+00
"50__256_16",68,16,"SQ_LDS_BANK_CONFLICT",768.000000
"50__256_16",68,16,"SQ_LDS_UNALIGNED_STALL",0.00000000e+00
"50__256_16_1024_4",64,16,"SQ_LDS_BANK_CONFLICT",128.000000
"50__256_16_1024_4",64,16,"SQ_LDS_UNALIGNED_STALL",0.00000000e+00
"50__256_16_1024_8",64,16,"SQ_LDS_BANK_CONFLICT",128.000000
"50__256_16_1024_8",64,16,"SQ_LDS_UNALIGNED_STALL",0.00000000e+00
"50__256_16_1024_16",64,16,"SQ_LDS_BANK_CONFLICT",512.000000
"50__256_16_1024_16",64,16,"SQ_LDS_UNALIGNED_STALL",0.00000000e+00
"50__2048_4",76,16,"SQ_LDS_BANK_CONFLICT",1280.000000
"50__2048_4",76,16,"SQ_LDS_UNALIGNED_STALL",0.00000000e+00
"50__2048_4_32768_4",76,16,"SQ_LDS_BANK_CONFLICT",1280.000000
"50__2048_4_32768_4",76,16,"SQ_LDS_UNALIGNED_STALL",0.00000000e+00
"50__2048_4_32768_8",76,16,"SQ_LDS_BANK_CONFLICT",1280.000000
"50__2048_4_32768_8",76,16,"SQ_LDS_UNALIGNED_STALL",0.00000000e+00
"50__2048_4_32768_16",76,16,"SQ_LDS_BANK_CONFLICT",1280.000000
"50__2048_4_32768_16",76,16,"SQ_LDS_UNALIGNED_STALL",0.00000000e+00
"50__2048_8",76,16,"SQ_LDS_BANK_CONFLICT",1024.000000
"50__2048_8",76,16,"SQ_LDS_UNALIGNED_STALL",0.00000000e+00
"50__2048_8_16384_4",76,16,"SQ_LDS_BANK_CONFLICT",1024.000000
"50__2048_8_16384_4",76,16,"SQ_LDS_UNALIGNED_STALL",0.00000000e+00
"50__2048_8_16384_8",76,16,"SQ_LDS_BANK_CONFLICT",1024.000000
"50__2048_8_16384_8",76,16,"SQ_LDS_UNALIGNED_STALL",0.00000000e+00
"50__2048_8_16384_16",76,16,"SQ_LDS_BANK_CONFLICT",1024.000000
"50__2048_8_16384_16",76,16,"SQ_LDS_UNALIGNED_STALL",0.00000000e+00
"50__2048_16",76,16,"SQ_LDS_BANK_CONFLICT",896.000000
"50__2048_16",76,16,"SQ_LDS_UNALIGNED_STALL",0.00000000e+00
"50__2048_16_8192_4",76,16,"SQ_LDS_BANK_CONFLICT",896.000000
"50__2048_16_8192_4",76,16,"SQ_LDS_UNALIGNED_STALL",0.00000000e+00
"50__2048_16_8192_8",76,16,"SQ_LDS_BANK_CONFLICT",896.000000
"50__2048_16_8192_8",76,16,"SQ_LDS_UNALIGNED_STALL",0.00000000e+00
"50__2048_16_8192_16",76,16,"SQ_LDS_BANK_CONFLICT",896.000000
"50__2048_16_8192_16",76,16,"SQ_LDS_UNALIGNED_STALL",0.00000000e+00
"50__64_4",76,16,"SQ_LDS_BANK_CONFLICT",768.000000
"50__64_4",76,16,"SQ_LDS_UNALIGNED_STALL",0.00000000e+00
"50__64_4_1024_4",64,16,"SQ_LDS_BANK_CONFLICT",128.000000
"50__64_4_1024_4",64,16,"SQ_LDS_UNALIGNED_STALL",0.00000000e+00
"50__64_4_1024_8",64,16,"SQ_LDS_BANK_CONFLICT",128.000000
"50__64_4_1024_8",64,16,"SQ_LDS_UNALIGNED_STALL",0.00000000e+00
"50__64_4_1024_16",64,16,"SQ_LDS_BANK_CONFLICT",512.000000
"50__64_4_1024_16",64,16,"SQ_LDS_UNALIGNED_STALL",0.00000000e+00
"50__64_8",76,16,"SQ_LDS_BANK_CONFLICT",1280.000000
"50__64_8",76,16,"SQ_LDS_UNALIGNED_STALL",0.00000000e+00
"50__64_8_512_4",68,16,"SQ_LDS_BANK_CONFLICT",0.00000000e+00
"50__64_8_512_4",68,16,"SQ_LDS_UNALIGNED_STALL",0.00000000e+00
"50__64_8_512_8",68,16,"SQ_LDS_BANK_CONFLICT",256.000000
"50__64_8_512_8",68,16,"SQ_LDS_UNALIGNED_STALL",0.00000000e+00
"50__64_8_512_16",68,16,"SQ_LDS_BANK_CONFLICT",768.000000
"50__64_8_512_16",68,16,"SQ_LDS_UNALIGNED_STALL",0.00000000e+00
"50__64_16",76,16,"SQ_LDS_BANK_CONFLICT",2304.000000
"50__64_16",76,16,"SQ_LDS_UNALIGNED_STALL",0.00000000e+00
"50__64_16_256_4",68,16,"SQ_LDS_BANK_CONFLICT",128.000000
"50__64_16_256_4",68,16,"SQ_LDS_UNALIGNED_STALL",0.00000000e+00
"50__64_16_256_8",68,16,"SQ_LDS_BANK_CONFLICT",512.000000
"50__64_16_256_8",68,16,"SQ_LDS_UNALIGNED_STALL",0.00000000e+00
"50__64_16_256_16",68,16,"SQ_LDS_BANK_CONFLICT",768.000000
"50__64_16_256_16",68,16,"SQ_LDS_UNALIGNED_STALL",0.00000000e+00
"50__512_4",72,16,"SQ_LDS_BANK_CONFLICT",128.000000
"50__512_4",72,16,"SQ_LDS_UNALIGNED_STALL",0.00000000e+00
"50__512_4_8192_4",72,16,"SQ_LDS_BANK_CONFLICT",128.000000
"50__512_4_8192_4",72,16,"SQ_LDS_UNALIGNED_STALL",0.00000000e+00
"50__512_4_8192_8",72,16,"SQ_LDS_BANK_CONFLICT",128.000000
"50__512_4_8192_8",72,16,"SQ_LDS_UNALIGNED_STALL",0.00000000e+00
"50__512_4_8192_16",72,16,"SQ_LDS_BANK_CONFLICT",128.000000
"50__512_4_8192_16",72,16,"SQ_LDS_UNALIGNED_STALL",0.00000000e+00
"50__512_8",72,16,"SQ_LDS_BANK_CONFLICT",256.000000
"50__512_8",72,16,"SQ_LDS_UNALIGNED_STALL",0.00000000e+00
"50__512_8_4096_4",76,16,"SQ_LDS_BANK_CONFLICT",256.000000
"50__512_8_4096_4",76,16,"SQ_LDS_UNALIGNED_STALL",0.00000000e+00
"50__512_8_4096_8",76,16,"SQ_LDS_BANK_CONFLICT",256.000000
"50__512_8_4096_8",76,16,"SQ_LDS_UNALIGNED_STALL",0.00000000e+00
"50__512_8_4096_16",76,16,"SQ_LDS_BANK_CONFLICT",128.000000
"50__512_8_4096_16",76,16,"SQ_LDS_UNALIGNED_STALL",0.00000000e+00
"50__512_16",76,16,"SQ_LDS_BANK_CONFLICT",768.000000
"50__512_16",76,16,"SQ_LDS_UNALIGNED_STALL",0.00000000e+00
"50__512_16_2048_4",64,16,"SQ_LDS_BANK_CONFLICT",512.000000
"50__512_16_2048_4",64,16,"SQ_LDS_UNALIGNED_STALL",0.00000000e+00
"50__512_16_2048_8",64,16,"SQ_LDS_BANK_CONFLICT",256.000000
"50__512_16_2048_8",64,16,"SQ_LDS_UNALIGNED_STALL",0.00000000e+00
"50__512_16_2048_16",64,16,"SQ_LDS_BANK_CONFLICT",384.000000
"50__512_16_2048_16",64,16,"SQ_LDS_UNALIGNED_STALL",0.00000000e+00
"50__1024_4",72,16,"SQ_LDS_BANK_CONFLICT",512.000000
"50__1024_4",72,16,"SQ_LDS_UNALIGNED_STALL",0.00000000e+00
"50__1024_4_16384_4",72,16,"SQ_LDS_BANK_CONFLICT",512.000000
"50__1024_4_16384_4",72,16,"SQ_LDS_UNALIGNED_STALL",0.00000000e+00
"50__1024_4_16384_8",72,16,"SQ_LDS_BANK_CONFLICT",512.000000
"50__1024_4_16384_8",72,16,"SQ_LDS_UNALIGNED_STALL",0.00000000e+00
"50__1024_4_16384_16",72,16,"SQ_LDS_BANK_CONFLICT",512.000000
"50__1024_4_16384_16",72,16,"SQ_LDS_UNALIGNED_STALL",0.00000000e+00
"50__1024_8",72,16,"SQ_LDS_BANK_CONFLICT",384.000000
"50__1024_8",72,16,"SQ_LDS_UNALIGNED_STALL",0.00000000e+00
"50__1024_8_8192_4",72,16,"SQ_LDS_BANK_CONFLICT",384.000000
"50__1024_8_8192_4",72,16,"SQ_LDS_UNALIGNED_STALL",0.00000000e+00
"50__1024_8_8192_8",72,16,"SQ_LDS_BANK_CONFLICT",384.000000
"50__1024_8_8192_8",72,16,"SQ_LDS_UNALIGNED_STALL",0.00000000e+00
"50__1024_8_8192_16",72,16,"SQ_LDS_BANK_CONFLICT",384.000000
"50__1024_8_8192_16",72,16,"SQ_LDS_UNALIGNED_STALL",0.00000000e+00
"50__1024_16",72,16,"SQ_LDS_BANK_CONFLICT",512.000000
"50__1024_16",72,16,"SQ_LDS_UNALIGNED_STALL",0.00000000e+00
"50__1024_16_4096_4",76,16,"SQ_LDS_BANK_CONFLICT",512.000000
"50__1024_16_4096_4",76,16,"SQ_LDS_UNALIGNED_STALL",0.00000000e+00
"50__1024_16_4096_8",76,16,"SQ_LDS_BANK_CONFLICT",512.000000
"50__1024_16_4096_8",76,16,"SQ_LDS_UNALIGNED_STALL",0.00000000e+00
"50__1024_16_4096_16",76,16,"SQ_LDS_BANK_CONFLICT",384.000000
"50__1024_16_4096_16",76,16,"SQ_LDS_UNALIGNED_STALL",0.00000000e+00
"51__256_4",76,16,"SQ_LDS_BANK_CONFLICT",128.000000
"51__256_4",76,16,"SQ_LDS_UNALIGNED_STALL",0.00000000e+00
"51__256_4_4096_4",76,16,"SQ_LDS_BANK_CONFLICT",128.000000
"51__256_4_4096_4",76,16,"SQ_LDS_UNALIGNED_STALL",0.00000000e+00
"51__256_4_4096_8",76,16,"SQ_LDS_BANK_CONFLICT",128.000000
"51__256_4_4096_8",76,16,"SQ_LDS_UNALIGNED_STALL",0.00000000e+00
"51__256_4_4096_16",76,16,"SQ_LDS_BANK_CONFLICT",0.00000000e+00
"51__256_4_4096_16",76,16,"SQ_LDS_UNALIGNED_STALL",0.00000000e+00
"51__256_8",76,16,"SQ_LDS_BANK_CONFLICT",512.000000
"51__256_8",76,16,"SQ_LDS_UNALIGNED_STALL",0.00000000e+00
"51__256_8_2048_4",88,16,"SQ_LDS_BANK_CONFLICT",384.000000
"51__256_8_2048_4",88,16,"SQ_LDS_UNALIGNED_STALL",0.00000000e+00
"51__256_8_2048_8",88,16,"SQ_LDS_BANK_CONFLICT",256.000000
"51__256_8_2048_8",88,16,"SQ_LDS_UNALIGNED_STALL",0.00000000e+00
"51__256_8_2048_16",88,16,"SQ_LDS_BANK_CONFLICT",128.000000
"51__256_8_2048_16",88,16,"SQ_LDS_UNALIGNED_STALL",0.00000000e+00
"51__256_16",76,16,"SQ_LDS_BANK_CONFLICT",768.000000
"51__256_16",76,16,"SQ_LDS_UNALIGNED_STALL",0.00000000e+00
"51__256_16_1024_4",88,16,"SQ_LDS_BANK_CONFLICT",128.000000
"51__256_16_1024_4",88,16,"SQ_LDS_UNALIGNED_STALL",0.00000000e+00
"51__256_16_1024_8",88,16,"SQ_LDS_BANK_CONFLICT",128.000000
"51__256_16_1024_8",88,16,"SQ_LDS_UNALIGNED_STALL",0.00000000e+00
"51__256_16_1024_16",88,16,"SQ_LDS_BANK_CONFLICT",512.000000
"51__256_16_1024_16",88,16,"SQ_LDS_UNALIGNED_STALL",0.00000000e+00
"51__2048_4",76,16,"SQ_LDS_BANK_CONFLICT",1280.000000
"51__2048_4",76,16,"SQ_LDS_UNALIGNED_STALL",0.00000000e+00
"51__2048_4_32768_4",76,16,"SQ_LDS_BANK_CONFLICT",1280.000000
"51__2048_4_32768_4",76,16,"SQ_LDS_UNALIGNED_STALL",0.00000000e+00
"51__2048_4_32768_8",76,16,"SQ_LDS_BANK_CONFLICT",1280.000000
"51__2048_4_32768_8",76,16,"SQ_LDS_UNALIGNED_STALL",0.00000000e+00
"51__2048_4_32768_16",76,16,"SQ_LDS_BANK_CONFLICT",1280.000000
"51__2048_4_32768_16",76,16,"SQ_LDS_UNALIGNED_STALL",0.00000000e+00
"51__2048_8",80,16,"SQ_LDS_BANK_CONFLICT",1024.000000
"51__2048_8",80,16,"SQ_LDS_UNALIGNED_STALL",0.00000000e+00
"51__2048_8_16384_4",80,16,"SQ_LDS_BANK_CONFLICT",1024.000000
"51__2048_8_16384_4",80,16,"SQ_LDS_UNALIGNED_STALL",0.00000000e+00
"51__2048_8_16384_8",80,16,"SQ_LDS_BANK_CONFLICT",1024.000000
"51__2048_8_16384_8",80,16,"SQ_LDS_UNALIGNED_STALL",0.00000000e+00
"51__2048_8_16384_16",80,16,"SQ_LDS_BANK_CONFLICT",1024.000000
"51__2048_8_16384_16",80,16,"SQ_LDS_UNALIGNED_STALL",0.00000000e+00
"51__2048_16",76,16,"SQ_LDS_BANK_CONFLICT",896.000000
"51__2048_16",76,16,"SQ_LDS_UNALIGNED_STALL",0.00000000e+00
"51__2048_16_8192_4",76,16,"SQ_LDS_BANK_CONFLICT",896.000000
"51__2048_16_8192_4",76,16,"SQ_LDS_UNALIGNED_STALL",0.00000000e+00
"51__2048_16_8192_8",76,16,"SQ_LDS_BANK_CONFLICT",896.000000
"51__2048_16_8192_8",76,16,"SQ_LDS_UNALIGNED_STALL",0.00000000e+00
"51__2048_16_8192_16",76,16,"SQ_LDS_BANK_CONFLICT",896.000000
"51__2048_16_8192_16",76,16,"SQ_LDS_UNALIGNED_STALL",0.00000000e+00
"51__64_4",76,16,"SQ_LDS_BANK_CONFLICT",768.000000
"51__64_4",76,16,"SQ_LDS_UNALIGNED_STALL",0.00000000e+00
"51__64_4_1024_4",88,16,"SQ_LDS_BANK_CONFLICT",128.000000
"51__64_4_1024_4",88,16,"SQ_LDS_UNALIGNED_STALL",0.00000000e+00
"51__64_4_1024_8",88,16,"SQ_LDS_BANK_CONFLICT",128.000000
"51__64_4_1024_8",88,16,"SQ_LDS_UNALIGNED_STALL",0.00000000e+00
"51__64_4_1024_16",88,16,"SQ_LDS_BANK_CONFLICT",512.000000
"51__64_4_1024_16",88,16,"SQ_LDS_UNALIGNED_STALL",0.00000000e+00
"51__64_8",76,16,"SQ_LDS_BANK_CONFLICT",1280.000000
"51__64_8",76,16,"SQ_LDS_UNALIGNED_STALL",0.00000000e+00
"51__64_8_512_4",88,16,"SQ_LDS_BANK_CONFLICT",0.00000000e+00
"51__64_8_512_4",88,16,"SQ_LDS_UNALIGNED_STALL",0.00000000e+00
"51__64_8_512_8",88,16,"SQ_LDS_BANK_CONFLICT",256.000000
"51__64_8_512_8",88,16,"SQ_LDS_UNALIGNED_STALL",0.00000000e+00
"51__64_8_512_16",88,16,"SQ_LDS_BANK_CONFLICT",768.000000
"51__64_8_512_16",88,16,"SQ_LDS_UNALIGNED_STALL",0.00000000e+00
"51__64_16",76,16,"SQ_LDS_BANK_CONFLICT",2304.000000
"51__64_16",76,16,"SQ_LDS_UNALIGNED_STALL",0.00000000e+00
"51__64_16_256_4",88,16,"SQ_LDS_BANK_CONFLICT",128.000000
"51__64_16_256_4",88,16,"SQ_LDS_UNALIGNED_STALL",0.00000000e+00
"51__64_16_256_8",88,16,"SQ_LDS_BANK_CONFLICT",512.000000
"51__64_16_256_8",88,16,"SQ_LDS_UNALIGNED_STALL",0.00000000e+00
"51__64_16_256_16",88,16,"SQ_LDS_BANK_CONFLICT",768.000000
"51__64_16_256_16",88,16,"SQ_LDS_UNALIGNED_STALL",0.00000000e+00
"51__512_4",76,16,"SQ_LDS_BANK_CONFLICT",128.000000
"51__512_4",76,16,"SQ_LDS_UNALIGNED_STALL",0.00000000e+00
"51__512_4_8192_4",76,16,"SQ_LDS_BANK_CONFLICT",128.000000
"51__512_4_8192_4",76,16,"SQ_LDS_UNALIGNED_STALL",0.00000000e+00
"51__512_4_8192_8",76,16,"SQ_LDS_BANK_CONFLICT",128.000000
"51__512_4_8192_8",76,16,"SQ_LDS_UNALIGNED_STALL",0.00000000e+00
"51__512_4_8192_16",76,16,"SQ_LDS_BANK_CONFLICT",128.000000
"51__512_4_8192_16",76,16,"SQ_LDS_UNALIGNED_STALL",0.00000000e+00
"51__512_8",76,16,"SQ_LDS_BANK_CONFLICT",256.000000
"51__512_8",76,16,"SQ_LDS_UNALIGNED_STALL",0.00000000e+00
"51__512_8_4096_4",76,16,"SQ_LDS_BANK_CONFLICT",256.000000
"51__512_8_4096_4",76,16,"SQ_LDS_UNALIGNED_STALL",0.00000000e+00
"51__512_8_4096_8",80,16,"SQ_LDS_BANK_CONFLICT",256.000000
"51__512_8_4096_8",80,16,"SQ_LDS_UNALIGNED_STALL",0.00000000e+00
"51__512_8_4096_16",76,16,"SQ_LDS_BANK_CONFLICT",128.000000
"51__512_8_4096_16",76,16,"SQ_LDS_UNALIGNED_STALL",0.00000000e+00
"51__512_16",76,16,"SQ_LDS_BANK_CONFLICT",768.000000
"51__512_16",76,16,"SQ_LDS_UNALIGNED_STALL",0.00000000e+00
"51__512_16_2048_4",88,16,"SQ_LDS_BANK_CONFLICT",512.000000
"51__512_16_2048_4",88,16,"SQ_LDS_UNALIGNED_STALL",0.00000000e+00
"51__512_16_2048_8",88,16,"SQ_LDS_BANK_CONFLICT",256.000000
"51__512_16_2048_8",88,16,"SQ_LDS_UNALIGNED_STALL",0.00000000e+00
"51__512_16_2048_16",88,16,"SQ_LDS_BANK_CONFLICT",384.000000
"51__512_16_2048_16",88,16,"SQ_LDS_UNALIGNED_STALL",0.00000000e+00
"51__1024_4",80,16,"SQ_LDS_BANK_CONFLICT",512.000000
"51__1024_4",80,16,"SQ_LDS_UNALIGNED_STALL",0.00000000e+00
"51__1024_4_16384_4",80,16,"SQ_LDS_BANK_CONFLICT",512.000000
"51__1024_4_16384_4",80,16,"SQ_LDS_UNALIGNED_STALL",0.00000000e+00
"51__1024_4_16384_8",80,16,"SQ_LDS_BANK_CONFLICT",512.000000
"51__1024_4_16384_8",80,16,"SQ_LDS_UNALIGNED_STALL",0.00000000e+00
"51__1024_4_16384_16",80,16,"SQ_LDS_BANK_CONFLICT",512.000000
"51__1024_4_16384_16",80,16,"SQ_LDS_UNALIGNED_STALL",0.00000000e+00
"51__1024_8",76,16,"SQ_LDS_BANK_CONFLICT",384.000000
"51__1024_8",76,16,"SQ_LDS_UNALIGNED_STALL",0.00000000e+00
"51__1024_8_8192_4",76,16,"SQ_LDS_BANK_CONFLICT",384.000000
"51__1024_8_8192_4",76,16,"SQ_LDS_UNALIGNED_STALL",0.00000000e+00
"51__1024_8_8192_8",76,16,"SQ_LDS_BANK_CONFLICT",384.000000
"51__1024_8_8192_8",76,16,"SQ_LDS_UNALIGNED_STALL",0.00000000e+00
"51__1024_8_8192_16",76,16,"SQ_LDS_BANK_CONFLICT",384.000000
"51__1024_8_8192_16",76,16,"SQ_LDS_UNALIGNED_STALL",0.00000000e+00
"51__1024_16",76,16,"SQ_LDS_BANK_CONFLICT",512.000000
"51__1024_16",76,16,"SQ_LDS_UNALIGNED_STALL",0.00000000e+00
"51__1024_16_4096_4",76,16,"SQ_LDS_BANK_CONFLICT",512.000000
"51__1024_16_4096_4",76,16,"SQ_LDS_UNALIGNED_STALL",0.00000000e+00
"51__1024_16_4096_8",80,16,"SQ_LDS_BANK_CONFLICT",512.000000
"51__1024_16_4096_8",80,16,"SQ_LDS_UNALIGNED_STALL",0.00000000e+00
"51__1024_16_4096_16",76,16,"SQ_LDS_BANK_CONFLICT",384.000000
"51__1024_16_4096_16",76,16,"SQ_LDS_UNALIGNED_STALL",0.00000000e+00
"52__256_8",64,16,"SQ_LDS_BANK_CONFLICT",512.000000
"52__256_8",64,16,"SQ_LDS_UNALIGNED_STALL",0.00000000e+00
"52__256_8_2048_8",64,16,"SQ_LDS_BANK_CONFLICT",256.000000
"52__256_8_2048_8",64,16,"SQ_LDS_UNALIGNED_STALL",0.00000000e+00
"52__256_8_2048_16",64,16,"SQ_LDS_BANK_CONFLICT",128.000000
"52__256_8_2048_16",64,16,"SQ_LDS_UNALIGNED_STALL",0.00000000e+00
"52__256_16",64,16,"SQ_LDS_BANK_CONFLICT",768.000000
"52__256_16",64,16,"SQ_LDS_UNALIGNED_STALL",0.00000000e+00
"52__256_16_1024_8",64,16,"SQ_LDS_BANK_CONFLICT",128.000000
"52__256_16_1024_8",64,16,"SQ_LDS_UNALIGNED_STALL",0.00000000e+00
"52__256_16_1024_16",64,16,"SQ_LDS_BANK_CONFLICT",512.000000
"52__256_16_1024_16",64,16,"SQ_LDS_UNALIGNED_STALL",0.00000000e+00
"52__2048_8",64,16,"SQ_LDS_BANK_CONFLICT",1024.000000
"52__2048_8",64,16,"SQ_LDS_UNALIGNED_STALL",0.00000000e+00
"52__2048_8_16384_8",64,16,"SQ_LDS_BANK_CONFLICT",1024.000000
"52__2048_8_16384_8",64,16,"SQ_LDS_UNALIGNED_STALL",0.00000000e+00
"52__2048_8_16384_16",64,16,"SQ_LDS_BANK_CONFLICT",1024.000000
"52__2048_8_16384_16",64,16,"SQ_LDS_UNALIGNED_STALL",0.00000000e+00
"52__2048_16",64,16,"SQ_LDS_BANK_CONFLICT",896.000000
"52__2048_16",64,16,"SQ_LDS_UNALIGNED_STALL",0.00000000e+00
"52__2048_16_8192_8",64,16,"SQ_LDS_BANK_CONFLICT",896.000000
"52__2048_16_8192_8",64,16,"SQ_LDS_UNALIGNED_STALL",0.00000000e+00
"52__2048_16_8192_16",64,16,"SQ_LDS_BANK_CONFLICT",896.000000
"52__2048_16_8192_16",64,16,"SQ_LDS_UNALIGNED_STALL",0.00000000e+00
"52__64_8",64,16,"SQ_LDS_BANK_CONFLICT",1280.000000
"52__64_8",64,16,"SQ_LDS_UNALIGNED_STALL",0.00000000e+00
"52__64_8_512_8",64,16,"SQ_LDS_BANK_CONFLICT",256.000000
"52__64_8_512_8",64,16,"SQ_LDS_UNALIGNED_STALL",0.00000000e+00
"52__64_8_512_16",64,16,"SQ_LDS_BANK_CONFLICT",768.000000
"52__64_8_512_16",64,16,"SQ_LDS_UNALIGNED_STALL",0.00000000e+00
"52__64_16",64,16,"SQ_LDS_BANK_CONFLICT",2304.000000
"52__64_16",64,16,"SQ_LDS_UNALIGNED_STALL",0.00000000e+00
"52__64_16_256_8",64,16,"SQ_LDS_BANK_CONFLICT",512.000000
"52__64_16_256_8",64,16,"SQ_LDS_UNALIGNED_STALL",0.00000000e+00
"52__64_16_256_16",64,16,"SQ_LDS_BANK_CONFLICT",768.000000
"52__64_16_256_16",64,16,"SQ_LDS_UNALIGNED_STALL",0.00000000e+00
"52__512_8",64,16,"SQ_LDS_BANK_CONFLICT",256.000000
"52__512_8",64,16,"SQ_LDS_UNALIGNED_STALL",0.00000000e+00
"52__512_8_4096_8",64,16,"SQ_LDS_BANK_CONFLICT",256.000000
"52__512_8_4096_8",64,16,"SQ_LDS_UNALIGNED_STALL",0.00000000e+00
"52__512_8_4096_16",64,16,"SQ_LDS_BANK_CONFLICT",128.000000
"52__512_8_4096_16",64,16,"SQ_LDS_UNALIGNED_STALL",0.00000000e+00
"52__512_16",64,16,"SQ_LDS_BANK_CONFLICT",768.000000
"52__512_16",64,16,"SQ_LDS_UNALIGNED_STALL",0.00000000e+00
"52__512_16_2048_8",64,16,"SQ_LDS_BANK_CONFLICT",256.000000
"52__512_16_2048_8",64,16,"SQ_LDS_UNALIGNED_STALL",0.00000000e+00
"52__512_16_2048_16",64,16,"SQ_LDS_BANK_CONFLICT",384.000000
"52__512_16_2048_16",64,16,"SQ_LDS_UNALIGNED_STALL",0.00000000e+00
"52__1024_8",64,16,"SQ_LDS_BANK_CONFLICT",384.000000
"52__1024_8",64,16,"SQ_LDS_UNALIGNED_STALL",0.00000000e+00
"52__1024_8_8192_8",64,16,"SQ_LDS_BANK_CONFLICT",384.000000
"52__1024_8_8192_8",64,16,"SQ_LDS_UNALIGNED_STALL",0.00000000e+00
"52__1024_8_8192_16",64,16,"SQ_LDS_BANK_CONFLICT",384.000000
"52__1024_8_8192_16",64,16,"SQ_LDS_UNALIGNED_STALL",0.00000000e+00
"52__1024_16",64,16,"SQ_LDS_BANK_CONFLICT",512.000000
"52__1024_16",64,16,"SQ_LDS_UNALIGNED_STALL",0.00000000e+00
"52__1024_16_4096_8",64,16,"SQ_LDS_BANK_CONFLICT",512.000000
"52__1024_16_4096_8",64,16,"SQ_LDS_UNALIGNED_STALL",0.00000000e+00
"52__1024_16_4096_16",64,16,"SQ_LDS_BANK_CONFLICT",384.000000
"52__1024_16_4096_16",64,16,"SQ_LDS_UNALIGNED_STALL",0.00000000e+00
"53__256_8",72,16,"SQ_LDS_BANK_CONFLICT",512.000000
"53__256_8",72,16,"SQ_LDS_UNALIGNED_STALL",0.00000000e+00
"53__256_8_2048_8",92,16,"SQ_LDS_BANK_CONFLICT",256.000000
"53__256_8_2048_8",92,16,"SQ_LDS_UNALIGNED_STALL",0.00000000e+00
"53__256_8_2048_16",92,16,"SQ_LDS_BANK_CONFLICT",128.000000
"53__256_8_2048_16",92,16,"SQ_LDS_UNALIGNED_STALL",0.00000000e+00
"53__256_16",72,16,"SQ_LDS_BANK_CONFLICT",768.000000
"53__256_16",72,16,"SQ_LDS_UNALIGNED_STALL",0.00000000e+00
"53__256_16_1024_8",88,16,"SQ_LDS_BANK_CONFLICT",128.000000
"53__256_16_1024_8",88,16,"SQ_LDS_UNALIGNED_STALL",0.00000000e+00
"53__256_16_1024_16",88,16,"SQ_LDS_BANK_CONFLICT",512.000000
"53__256_16_1024_16",88,16,"SQ_LDS_UNALIGNED_STALL",0.00000000e+00
"53__2048_8",72,16,"SQ_LDS_BANK_CONFLICT",1024.000000
"53__2048_8",72,16,"SQ_LDS_UNALIGNED_STALL",0.00000000e+00
"53__2048_8_16384_8",72,16,"SQ_LDS_BANK_CONFLICT",1024.000000
"53__2048_8_16384_8",72,16,"SQ_LDS_UNALIGNED_STALL",0.00000000e+00
"53__2048_8_16384_16",72,16,"SQ_LDS_BANK_CONFLICT",1024.000000
"53__2048_8_16384_16",72,16,"SQ_LDS_UNALIGNED_STALL",0.00000000e+00
"53__2048_16",72,16,"SQ_LDS_BANK_CONFLICT",896.000000
"53__2048_16",72,16,"SQ_LDS_UNALIGNED_STALL",0.00000000e+00
"53__2048_16_8192_8",72,16,"SQ_LDS_BANK_CONFLICT",896.000000
"53__2048_16_8192_8",72,16,"SQ_LDS_UNALIGNED_STALL",0.00000000e+00
"53__2048_16_8192_16",72,16,"SQ_LDS_BANK_CONFLICT",896.000000
"53__2048_16_8192_16",72,16,"SQ_LDS_UNALIGNED_STALL",0.00000000e+00
"53__64_8",72,16,"SQ_LDS_BANK_CONFLICT",1280.000000
"53__64_8",72,16,"SQ_LDS_UNALIGNED_STALL",0.00000000e+00
"53__64_8_512_8",88,16,"SQ_LDS_BANK_CONFLICT",256.000000
"53__64_8_512_8",88,16,"SQ_LDS_UNALIGNED_STALL",0.00000000e+00
"53__64_8_512_16",88,16,"SQ_LDS_BANK_CONFLICT",768.000000
"53__64_8_512_16",88,16,"SQ_LDS_UNALIGNED_STALL",0.00000000e+00
"53__64_16",72,16,"SQ_LDS_BANK_CONFLICT",2304.000000
"53__64_16",72,16,"SQ_LDS_UNALIGNED_STALL",0.00000000e+00
"53__64_16_256_8",88,16,"SQ_LDS_BANK_CONFLICT",512.000000
"53__64_16_256_8",88,16,"SQ_LDS_UNALIGNED_STALL",0.00000000e+00
"53__64_16_256_16",88,16,"SQ_LDS_BANK_CONFLICT",768.000000
"53__64_16_256_16",88,16,"SQ_LDS_UNALIGNED_STALL",0.00000000e+00
"53__512_8",72,16,"SQ_LDS_BANK_CONFLICT",256.000000
"53__512_8",72,16,"SQ_LDS_UNALIGNED_STALL",0.00000000e+00
"53__512_8_4096_8",72,16,"SQ_LDS_BANK_CONFLICT",256.000000
"53__512_8_4096_8",72,16,"SQ_LDS_UNALIGNED_STALL",0.00000000e+00
"53__512_8_4096_16",72,16,"SQ_LDS_BANK_CONFLICT",128.000000
"53__512_8_4096_16",72,16,"SQ_LDS_UNALIGNED_STALL",0.00000000e+00
"53__512_16",72,16,"SQ_LDS_BANK_CONFLICT",768.000000
"53__512_16",72,16,"SQ_LDS_UNALIGNED_STALL",0.00000000e+00
"53__512_16_2048_8",92,16,"SQ_LDS_BANK_CONFLICT",256.000000
"53__512_16_2048_8",92,16,"SQ_LDS_UNALIGNED_STALL",0.00000000e+00
"53__512_16_2048_16",92,16,"SQ_LDS_BANK_CONFLICT",384.000000
"53__512_16_2048_16",92,16,"SQ_LDS_UNALIGNED_STALL",0.00000000e+00
"53__1024_8",72,16,"SQ_LDS_BANK_CONFLICT",384.000000
"53__1024_8",72,16,"SQ_LDS_UNALIGNED_STALL",0.00000000e+00
"53__1024_8_8192_8",72,16,"SQ_LDS_BANK_CONFLICT",384.000000
"53__1024_8_8192_8",72,16,"SQ_LDS_UNALIGNED_STALL",0.00000000e+00
"53__1024_8_8192_16",72,16,"SQ_LDS_BANK_CONFLICT",384.000000
"53__1024_8_8192_16",72,16,"SQ_LDS_UNALIGNED_STALL",0.00000000e+00
"53__1024_16",72,16,"SQ_LDS_BANK_CONFLICT",512.000000
"53__1024_16",72,16,"SQ_LDS_UNALIGNED_STALL",0.00000000e+00
"53__1024_16_4096_8",72,16,"SQ_LDS_BANK_CONFLICT",512.000000
"53__1024_16_4096_8",72,16,"SQ_LDS_UNALIGNED_STALL",0.00000000e+00
"53__1024_16_4096_16",72,16,"SQ_LDS_BANK_CONFLICT",384.000000
"53__1024_16_4096_16",72,16,"SQ_LDS_UNALIGNED_STALL",0.00000000e+00
