"0__32_8",36,16,"SQ_LDS_BANK_CONFLICT",1920.000000
"0__32_8",36,16,"SQ_LDS_UNALIGNED_STALL",0.00000000e+00
"0__32_8_512_8",36,16,"SQ_LDS_BANK_CONFLICT",156.000000
"0__32_8_512_8",36,16,"SQ_LDS_UNALIGNED_STALL",0.00000000e+00
"0__32_8_512_16",36,16,"SQ_LDS_BANK_CONFLICT",412.000000
"0__32_8_512_16",36,16,"SQ_LDS_UNALIGNED_STALL",0.00000000e+00
"0__32_16",36,16,"SQ_LDS_BANK_CONFLICT",4032.000000
"0__32_16",36,16,"SQ_LDS_UNALIGNED_STALL",0.00000000e+00
"0__32_16_256_8",36,16,"SQ_LDS_BANK_CONFLICT",156.000000
"0__32_16_256_8",36,16,"SQ_LDS_UNALIGNED_STALL",0.00000000e+00
"0__32_16_256_16",36,16,"SQ_LDS_BANK_CONFLICT",448.000000
"0__32_16_256_16",36,16,"SQ_LDS_UNALIGNED_STALL",0.00000000e+00
"0__256_8",32,16,"SQ_LDS_BANK_CONFLICT",192.000000
"0__256_8",32,16,"SQ_LDS_UNALIGNED_STALL",0.00000000e+00
"0__256_8_4096_8",32,16,"SQ_LDS_BANK_CONFLICT",192.000000
"0__256_8_4096_8",32,16,"SQ_LDS_UNALIGNED_STALL",0.00000000e+00
"0__256_8_4096_16",32,16,"SQ_LDS_BANK_CONFLICT",192.000000
"0__256_8_4096_16",32,16,"SQ_LDS_UNALIGNED_STALL",0.00000000e+00
"0__256_16",32,16,"SQ_LDS_BANK_CONFLICT",448.000000
"0__256_16",32,16,"SQ_LDS_UNALIGNED_STALL",0.00000000e+00
"0__256_16_2048_8",32,16,"SQ_LDS_BANK_CONFLICT",192.000000
"0__256_16_2048_8",32,16,"SQ_LDS_UNALIGNED_STALL",0.00000000e+00
"0__256_16_2048_16",36,16,"SQ_LDS_BANK_CONFLICT",448.000000
"0__256_16_2048_16",36,16,"SQ_LDS_UNALIGNED_STALL",0.00000000e+00
"0__64_8",32,16,"SQ_LDS_BANK_CONFLICT",960.000000
"0__64_8",32,16,"SQ_LDS_UNALIGNED_STALL",0.00000000e+00
"0__64_8_1024_8",32,16,"SQ_LDS_BANK_CONFLICT",192.000000
"0__64_8_1024_8",32,16,"SQ_LDS_UNALIGNED_STALL",0.00000000e+00
"0__64_8_1024_16",32,16,"SQ_LDS_BANK_CONFLICT",448.000000
"0__64_8_1024_16",32,16,"SQ_LDS_UNALIGNED_STALL",0.00000000e+00
"0__64_16",32,16,"SQ_LDS_BANK_CONFLICT",1984.000000
"0__64_16",32,16,"SQ_LDS_UNALIGNED_STALL",0.00000000e+00
"0__64_16_512_8",36,16,"SQ_LDS_BANK_CONFLICT",164.000000
"0__64_16_512_8",36,16,"SQ_LDS_UNALIGNED_STALL",0.00000000e+00
"0__64_16_512_16",36,16,"SQ_LDS_BANK_CONFLICT",448.000000
"0__64_16_512_16",36,16,"SQ_LDS_UNALIGNED_STALL",0.00000000e+00
"0__128_8",32,16,"SQ_LDS_BANK_CONFLICT",384.000000
"0__128_8",32,16,"SQ_LDS_UNALIGNED_STALL",0.00000000e+00
"0__128_8_2048_8",32,16,"SQ_LDS_BANK_CONFLICT",128.000000
"0__128_8_2048_8",32,16,"SQ_LDS_UNALIGNED_STALL",0.00000000e+00
"0__128_8_2048_16",32,16,"SQ_LDS_BANK_CONFLICT",384.000000
"0__128_8_2048_16",32,16,"SQ_LDS_UNALIGNED_STALL",0.00000000e+00
"0__128_16",32,16,"SQ_LDS_BANK_CONFLICT",960.000000
"0__128_16",32,16,"SQ_LDS_UNALIGNED_STALL",0.00000000e+00
"0__128_16_1024_8",32,16,"SQ_LDS_BANK_CONFLICT",192.000000
"0__128_16_1024_8",32,16,"SQ_LDS_UNALIGNED_STALL",0.00000000e+00
"0__128_16_1024_16",36,16,"SQ_LDS_BANK_CONFLICT",448.000000
"0__128_16_1024_16",36,16,"SQ_LDS_UNALIGNED_STALL",0.00000000e+00
"1__32_8",36,16,"SQ_LDS_BANK_CONFLICT",1924.000000
"1__32_8",36,16,"SQ_LDS_UNALIGNED_STALL",0.00000000e+00
"1__32_8_512_8",36,16,"SQ_LDS_BANK_CONFLICT",132.000000
"1__32_8_512_8",36,16,"SQ_LDS_UNALIGNED_STALL",0.00000000e+00
"1__32_8_512_16",36,16,"SQ_LDS_BANK_CONFLICT",388.000000
"1__32_8_512_16",36,16,"SQ_LDS_UNALIGNED_STALL",0.00000000e+00
"1__32_16",36,16,"SQ_LDS_BANK_CONFLICT",4024.000000
"1__32_16",36,16,"SQ_LDS_UNALIGNED_STALL",0.00000000e+00
"1__32_16_256_8",36,16,"SQ_LDS_BANK_CONFLICT",160.000000
"1__32_16_256_8",36,16,"SQ_LDS_UNALIGNED_STALL",0.00000000e+00
"1__32_16_256_16",36,16,"SQ_LDS_BANK_CONFLICT",416.000000
"1__32_16_256_16",36,16,"SQ_LDS_UNALIGNED_STALL",0.00000000e+00
"1__256_8",36,16,"SQ_LDS_BANK_CONFLICT",160.000000
"1__256_8",36,16,"SQ_LDS_UNALIGNED_STALL",0.00000000e+00
"1__256_8_4096_8",36,16,"SQ_LDS_BANK_CONFLICT",160.000000
"1__256_8_4096_8",36,16,"SQ_LDS_UNALIGNED_STALL",0.00000000e+00
"1__256_8_4096_16",36,16,"SQ_LDS_BANK_CONFLICT",160.000000
"1__256_8_4096_16",36,16,"SQ_LDS_UNALIGNED_STALL",0.00000000e+00
"1__256_16",36,16,"SQ_LDS_BANK_CONFLICT",384.000000
"1__256_16",36,16,"SQ_LDS_UNALIGNED_STALL",0.00000000e+00
"1__256_16_2048_8",36,16,"SQ_LDS_BANK_CONFLICT",128.000000
"1__256_16_2048_8",36,16,"SQ_LDS_UNALIGNED_STALL",0.00000000e+00
"1__256_16_2048_16",36,16,"SQ_LDS_BANK_CONFLICT",384.000000
"1__256_16_2048_16",36,16,"SQ_LDS_UNALIGNED_STALL",0.00000000e+00
"1__64_8",36,16,"SQ_LDS_BANK_CONFLICT",960.000000
"1__64_8",36,16,"SQ_LDS_UNALIGNED_STALL",0.00000000e+00
"1__64_8_1024_8",36,16,"SQ_LDS_BANK_CONFLICT",192.000000
"1__64_8_1024_8",36,16,"SQ_LDS_UNALIGNED_STALL",0.00000000e+00
"1__64_8_1024_16",36,16,"SQ_LDS_BANK_CONFLICT",448.000000
"1__64_8_1024_16",36,16,"SQ_LDS_UNALIGNED_STALL",0.00000000e+00
"1__64_16",36,16,"SQ_LDS_BANK_CONFLICT",1952.000000
"1__64_16",36,16,"SQ_LDS_UNALIGNED_STALL",0.00000000e+00
"1__64_16_512_8",36,16,"SQ_LDS_BANK_CONFLICT",160.000000
"1__64_16_512_8",36,16,"SQ_LDS_UNALIGNED_STALL",0.00000000e+00
"1__64_16_512_16",36,16,"SQ_LDS_BANK_CONFLICT",416.000000
"1__64_16_512_16",36,16,"SQ_LDS_UNALIGNED_STALL",0.00000000e+00
"1__128_8",36,16,"SQ_LDS_BANK_CONFLICT",416.000000
"1__128_8",36,16,"SQ_LDS_UNALIGNED_STALL",0.00000000e+00
"1__128_8_2048_8",36,16,"SQ_LDS_BANK_CONFLICT",160.000000
"1__128_8_2048_8",36,16,"SQ_LDS_UNALIGNED_STALL",0.00000000e+00
"1__128_8_2048_16",36,16,"SQ_LDS_BANK_CONFLICT",416.000000
"1__128_8_2048_16",36,16,"SQ_LDS_UNALIGNED_STALL",0.00000000e+00
"1__128_16",36,16,"SQ_LDS_BANK_CONFLICT",928.000000
"1__128_16",36,16,"SQ_LDS_UNALIGNED_STALL",0.00000000e+00
"1__128_16_1024_8",36,16,"SQ_LDS_BANK_CONFLICT",160.000000
"1__128_16_1024_8",36,16,"SQ_LDS_UNALIGNED_STALL",0.00000000e+00
"1__128_16_1024_16",36,16,"SQ_LDS_BANK_CONFLICT",416.000000
"1__128_16_1024_16",36,16,"SQ_LDS_UNALIGNED_STALL",0.00000000e+00
"2__32_8",36,16,"SQ_LDS_BANK_CONFLICT",960.000000
"2__32_8",36,16,"SQ_LDS_UNALIGNED_STALL",0.00000000e+00
"2__32_8_512_8",36,16,"SQ_LDS_BANK_CONFLICT",92.000000
"2__32_8_512_8",36,16,"SQ_LDS_UNALIGNED_STALL",0.00000000e+00
"2__32_8_512_16",36,16,"SQ_LDS_BANK_CONFLICT",220.000000
"2__32_8_512_16",36,16,"SQ_LDS_UNALIGNED_STALL",0.00000000e+00
"2__32_16",36,16,"SQ_LDS_BANK_CONFLICT",2048.000000
"2__32_16",36,16,"SQ_LDS_UNALIGNED_STALL",0.00000000e+00
"2__32_16_256_8",36,16,"SQ_LDS_BANK_CONFLICT",92.000000
"2__32_16_256_8",36,16,"SQ_LDS_UNALIGNED_STALL",0.00000000e+00
"2__32_16_256_16",36,16,"SQ_LDS_BANK_CONFLICT",256.000000
"2__32_16_256_16",36,16,"SQ_LDS_UNALIGNED_STALL",0.00000000e+00
"2__256_8",32,16,"SQ_LDS_BANK_CONFLICT",128.000000
"2__256_8",32,16,"SQ_LDS_UNALIGNED_STALL",0.00000000e+00
"2__256_8_4096_8",32,16,"SQ_LDS_BANK_CONFLICT",128.000000
"2__256_8_4096_8",32,16,"SQ_LDS_UNALIGNED_STALL",0.00000000e+00
"2__256_8_4096_16",32,16,"SQ_LDS_BANK_CONFLICT",128.000000
"2__256_8_4096_16",32,16,"SQ_LDS_UNALIGNED_STALL",0.00000000e+00
"2__256_16",32,16,"SQ_LDS_BANK_CONFLICT",256.000000
"2__256_16",32,16,"SQ_LDS_UNALIGNED_STALL",0.00000000e+00
"2__256_16_2048_8",32,16,"SQ_LDS_BANK_CONFLICT",128.000000
"2__256_16_2048_8",32,16,"SQ_LDS_UNALIGNED_STALL",0.00000000e+00
"2__256_16_2048_16",36,16,"SQ_LDS_BANK_CONFLICT",256.000000
"2__256_16_2048_16",36,16,"SQ_LDS_UNALIGNED_STALL",0.00000000e+00
"2__64_8",32,16,"SQ_LDS_BANK_CONFLICT",512.000000
"2__64_8",32,16,"SQ_LDS_UNALIGNED_STALL",0.00000000e+00
"2__64_8_1024_8",32,16,"SQ_LDS_BANK_CONFLICT",128.000000
"2__64_8_1024_8",32,16,"SQ_LDS_UNALIGNED_STALL",0.00000000e+00
"2__64_8_1024_16",32,16,"SQ_LDS_BANK_CONFLICT",256.000000
"2__64_8_1024_16",32,16,"SQ_LDS_UNALIGNED_STALL",0.00000000e+00
"2__64_16",32,16,"SQ_LDS_BANK_CONFLICT",1024.000000
"2__64_16",32,16,"SQ_LDS_UNALIGNED_STALL",0.00000000e+00
"2__64_16_512_8",36,16,"SQ_LDS_BANK_CONFLICT",100.000000
"2__64_16_512_8",36,16,"SQ_LDS_UNALIGNED_STALL",0.00000000e+00
"2__64_16_512_16",36,16,"SQ_LDS_BANK_CONFLICT",256.000000
"2__64_16_512_16",36,16,"SQ_LDS_UNALIGNED_STALL",0.00000000e+00
"2__128_8",32,16,"SQ_LDS_BANK_CONFLICT",192.000000
"2__128_8",32,16,"SQ_LDS_UNALIGNED_STALL",0.00000000e+00
"2__128_8_2048_8",32,16,"SQ_LDS_BANK_CONFLICT",64.000000
"2__128_8_2048_8",32,16,"SQ_LDS_UNALIGNED_STALL",0.00000000e+00
"2__128_8_2048_16",32,16,"SQ_LDS_BANK_CONFLICT",192.000000
"2__128_8_2048_16",32,16,"SQ_LDS_UNALIGNED_STALL",0.00000000e+00
"2__128_16",32,16,"SQ_LDS_BANK_CONFLICT",512.000000
"2__128_16",32,16,"SQ_LDS_UNALIGNED_STALL",0.00000000e+00
"2__128_16_1024_8",32,16,"SQ_LDS_BANK_CONFLICT",128.000000
"2__128_16_1024_8",32,16,"SQ_LDS_UNALIGNED_STALL",0.00000000e+00
"2__128_16_1024_16",36,16,"SQ_LDS_BANK_CONFLICT",256.000000
"2__128_16_1024_16",36,16,"SQ_LDS_UNALIGNED_STALL",0.00000000e+00
"3__32_8",36,16,"SQ_LDS_BANK_CONFLICT",964.000000
"3__32_8",36,16,"SQ_LDS_UNALIGNED_STALL",0.00000000e+00
"3__32_8_512_8",36,16,"SQ_LDS_BANK_CONFLICT",68.000000
"3__32_8_512_8",36,16,"SQ_LDS_UNALIGNED_STALL",0.00000000e+00
"3__32_8_512_16",36,16,"SQ_LDS_BANK_CONFLICT",196.000000
"3__32_8_512_16",36,16,"SQ_LDS_UNALIGNED_STALL",0.00000000e+00
"3__32_16",36,16,"SQ_LDS_BANK_CONFLICT",2040.000000
"3__32_16",36,16,"SQ_LDS_UNALIGNED_STALL",0.00000000e+00
"3__32_16_256_8",36,16,"SQ_LDS_BANK_CONFLICT",96.000000
"3__32_16_256_8",36,16,"SQ_LDS_UNALIGNED_STALL",0.00000000e+00
"3__32_16_256_16",36,16,"SQ_LDS_BANK_CONFLICT",224.000000
"3__32_16_256_16",36,16,"SQ_LDS_UNALIGNED_STALL",0.00000000e+00
"3__256_8",36,16,"SQ_LDS_BANK_CONFLICT",96.000000
"3__256_8",36,16,"SQ_LDS_UNALIGNED_STALL",0.00000000e+00
"3__256_8_4096_8",36,16,"SQ_LDS_BANK_CONFLICT",96.000000
"3__256_8_4096_8",36,16,"SQ_LDS_UNALIGNED_STALL",0.00000000e+00
"3__256_8_4096_16",36,16,"SQ_LDS_BANK_CONFLICT",96.000000
"3__256_8_4096_16",36,16,"SQ_LDS_UNALIGNED_STALL",0.00000000e+00
"3__256_16",36,16,"SQ_LDS_BANK_CONFLICT",192.000000
"3__256_16",36,16,"SQ_LDS_UNALIGNED_STALL",0.00000000e+00
"3__256_16_2048_8",36,16,"SQ_LDS_BANK_CONFLICT",64.000000
"3__256_16_2048_8",36,16,"SQ_LDS_UNALIGNED_STALL",0.00000000e+00
"3__256_16_2048_16",36,16,"SQ_LDS_BANK_CONFLICT",192.000000
"3__256_16_2048_16",36,16,"SQ_LDS_UNALIGNED_STALL",0.00000000e+00
"3__64_8",36,16,"SQ_LDS_BANK_CONFLICT",512.000000
"3__64_8",36,16,"SQ_LDS_UNALIGNED_STALL",0.00000000e+00
"3__64_8_1024_8",36,16,"SQ_LDS_BANK_CONFLICT",128.000000
"3__64_8_1024_8",36,16,"SQ_LDS_UNALIGNED_STALL",0.00000000e+00
"3__64_8_1024_16",36,16,"SQ_LDS_BANK_CONFLICT",256.000000
"3__64_8_1024_16",36,16,"SQ_LDS_UNALIGNED_STALL",0.00000000e+00
"3__64_16",36,16,"SQ_LDS_BANK_CONFLICT",992.000000
"3__64_16",36,16,"SQ_LDS_UNALIGNED_STALL",0.00000000e+00
"3__64_16_512_8",36,16,"SQ_LDS_BANK_CONFLICT",96.000000
"3__64_16_512_8",36,16,"SQ_LDS_UNALIGNED_STALL",0.00000000e+00
"3__64_16_512_16",36,16,"SQ_LDS_BANK_CONFLICT",224.000000
"3__64_16_512_16",36,16,"SQ_LDS_UNALIGNED_STALL",0.00000000e+00
"3__128_8",36,16,"SQ_LDS_BANK_CONFLICT",224.000000
"3__128_8",36,16,"SQ_LDS_UNALIGNED_STALL",0.00000000e+00
"3__128_8_2048_8",36,16,"SQ_LDS_BANK_CONFLICT",96.000000
"3__128_8_2048_8",36,16,"SQ_LDS_UNALIGNED_STALL",0.00000000e+00
"3__128_8_2048_16",36,16,"SQ_LDS_BANK_CONFLICT",224.000000
"3__128_8_2048_16",36,16,"SQ_LDS_UNALIGNED_STALL",0.00000000e+00
"3__128_16",36,16,"SQ_LDS_BANK_CONFLICT",480.000000
"3__128_16",36,16,"SQ_LDS_UNALIGNED_STALL",0.00000000e+00
"3__128_16_1024_8",36,16,"SQ_LDS_BANK_CONFLICT",96.000000
"3__128_16_1024_8",36,16,"SQ_LDS_UNALIGNED_STALL",0.00000000e+00
"3__128_16_1024_16",36,16,"SQ_LDS_BANK_CONFLICT",224.000000
"3__128_16_1024_16",36,16,"SQ_LDS_UNALIGNED_STALL",0.00000000e+00
"4__32_8",36,16,"SQ_LDS_BANK_CONFLICT",448.000000
"4__32_8",36,16,"SQ_LDS_UNALIGNED_STALL",0.00000000e+00
"4__32_8_512_8",36,16,"SQ_LDS_BANK_CONFLICT",28.000000
"4__32_8_512_8",36,16,"SQ_LDS_UNALIGNED_STALL",0.00000000e+00
"4__32_8_512_16",36,16,"SQ_LDS_BANK_CONFLICT",92.000000
"4__32_8_512_16",36,16,"SQ_LDS_UNALIGNED_STALL",0.00000000e+00
"4__32_16",36,16,"SQ_LDS_BANK_CONFLICT",1024.000000
"4__32_16",36,16,"SQ_LDS_UNALIGNED_STALL",0.00000000e+00
"4__32_16_256_8",36,16,"SQ_LDS_BANK_CONFLICT",28.000000
"4__32_16_256_8",36,16,"SQ_LDS_UNALIGNED_STALL",0.00000000e+00
"4__32_16_256_16",36,16,"SQ_LDS_BANK_CONFLICT",128.000000
"4__32_16_256_16",36,16,"SQ_LDS_UNALIGNED_STALL",0.00000000e+00
"4__256_8",36,16,"SQ_LDS_BANK_CONFLICT",64.000000
"4__256_8",36,16,"SQ_LDS_UNALIGNED_STALL",0.00000000e+00
"4__256_8_4096_8",36,16,"SQ_LDS_BANK_CONFLICT",64.000000
"4__256_8_4096_8",36,16,"SQ_LDS_UNALIGNED_STALL",0.00000000e+00
"4__256_8_4096_16",36,16,"SQ_LDS_BANK_CONFLICT",64.000000
"4__256_8_4096_16",36,16,"SQ_LDS_UNALIGNED_STALL",0.00000000e+00
"4__256_16",36,16,"SQ_LDS_BANK_CONFLICT",128.000000
"4__256_16",36,16,"SQ_LDS_UNALIGNED_STALL",0.00000000e+00
"4__256_16_2048_8",36,16,"SQ_LDS_BANK_CONFLICT",64.000000
"4__256_16_2048_8",36,16,"SQ_LDS_UNALIGNED_STALL",0.00000000e+00
"4__256_16_2048_16",36,16,"SQ_LDS_BANK_CONFLICT",128.000000
"4__256_16_2048_16",36,16,"SQ_LDS_UNALIGNED_STALL",0.00000000e+00
"4__64_8",36,16,"SQ_LDS_BANK_CONFLICT",256.000000
"4__64_8",36,16,"SQ_LDS_UNALIGNED_STALL",0.00000000e+00
"4__64_8_1024_8",36,16,"SQ_LDS_BANK_CONFLICT",64.000000
"4__64_8_1024_8",36,16,"SQ_LDS_UNALIGNED_STALL",0.00000000e+00
"4__64_8_1024_16",36,16,"SQ_LDS_BANK_CONFLICT",128.000000
"4__64_8_1024_16",36,16,"SQ_LDS_UNALIGNED_STALL",0.00000000e+00
"4__64_16",36,16,"SQ_LDS_BANK_CONFLICT",512.000000
"4__64_16",36,16,"SQ_LDS_UNALIGNED_STALL",0.00000000e+00
"4__64_16_512_8",36,16,"SQ_LDS_BANK_CONFLICT",36.000000
"4__64_16_512_8",36,16,"SQ_LDS_UNALIGNED_STALL",0.00000000e+00
"4__64_16_512_16",36,16,"SQ_LDS_BANK_CONFLICT",128.000000
"4__64_16_512_16",36,16,"SQ_LDS_UNALIGNED_STALL",0.00000000e+00
"4__128_8",36,16,"SQ_LDS_BANK_CONFLICT",64.000000
"4__128_8",36,16,"SQ_LDS_UNALIGNED_STALL",0.00000000e+00
"4__128_8_2048_8",36,16,"SQ_LDS_BANK_CONFLICT",0.00000000e+00
"4__128_8_2048_8",36,16,"SQ_LDS_UNALIGNED_STALL",0.00000000e+00
"4__128_8_2048_16",36,16,"SQ_LDS_BANK_CONFLICT",64.000000
"4__128_8_2048_16",36,16,"SQ_LDS_UNALIGNED_STALL",0.00000000e+00
"4__128_16",36,16,"SQ_LDS_BANK_CONFLICT",256.000000
"4__128_16",36,16,"SQ_LDS_UNALIGNED_STALL",0.00000000e+00
"4__128_16_1024_8",36,16,"SQ_LDS_BANK_CONFLICT",64.000000
"4__128_16_1024_8",36,16,"SQ_LDS_UNALIGNED_STALL",0.00000000e+00
"4__128_16_1024_16",36,16,"SQ_LDS_BANK_CONFLICT",128.000000
"4__128_16_1024_16",36,16,"SQ_LDS_UNALIGNED_STALL",0.00000000e+00
"5__32_8",36,16,"SQ_LDS_BANK_CONFLICT",452.000000
"5__32_8",36,16,"SQ_LDS_UNALIGNED_STALL",0.00000000e+00
"5__32_8_512_8",36,16,"SQ_LDS_BANK_CONFLICT",4.000000
"5__32_8_512_8",36,16,"SQ_LDS_UNALIGNED_STALL",0.00000000e+00
"5__32_8_512_16",36,16,"SQ_LDS_BANK_CONFLICT",68.000000
"5__32_8_512_16",36,16,"SQ_LDS_UNALIGNED_STALL",0.00000000e+00
"5__32_16",36,16,"SQ_LDS_BANK_CONFLICT",1016.000000
"5__32_16",36,16,"SQ_LDS_UNALIGNED_STALL",0.00000000e+00
"5__32_16_256_8",36,16,"SQ_LDS_BANK_CONFLICT",32.000000
"5__32_16_256_8",36,16,"SQ_LDS_UNALIGNED_STALL",0.00000000e+00
"5__32_16_256_16",36,16,"SQ_LDS_BANK_CONFLICT",96.000000
"5__32_16_256_16",36,16,"SQ_LDS_UNALIGNED_STALL",0.00000000e+00
"5__256_8",36,16,"SQ_LDS_BANK_CONFLICT",32.000000
"5__256_8",36,16,"SQ_LDS_UNALIGNED_STALL",0.00000000e+00
"5__256_8_4096_8",36,16,"SQ_LDS_BANK_CONFLICT",32.000000
"5__256_8_4096_8",36,16,"SQ_LDS_UNALIGNED_STALL",0.00000000e+00
"5__256_8_4096_16",36,16,"SQ_LDS_BANK_CONFLICT",32.000000
"5__256_8_4096_16",36,16,"SQ_LDS_UNALIGNED_STALL",0.00000000e+00
"5__256_16",36,16,"SQ_LDS_BANK_CONFLICT",64.000000
"5__256_16",36,16,"SQ_LDS_UNALIGNED_STALL",0.00000000e+00
"5__256_16_2048_8",36,16,"SQ_LDS_BANK_CONFLICT",0.00000000e+00
"5__256_16_2048_8",36,16,"SQ_LDS_UNALIGNED_STALL",0.00000000e+00
"5__256_16_2048_16",36,16,"SQ_LDS_BANK_CONFLICT",64.000000
"5__256_16_2048_16",36,16,"SQ_LDS_UNALIGNED_STALL",0.00000000e+00
"5__64_8",36,16,"SQ_LDS_BANK_CONFLICT",256.000000
"5__64_8",36,16,"SQ_LDS_UNALIGNED_STALL",0.00000000e+00
"5__64_8_1024_8",36,16,"SQ_LDS_BANK_CONFLICT",64.000000
"5__64_8_1024_8",36,16,"SQ_LDS_UNALIGNED_STALL",0.00000000e+00
"5__64_8_1024_16",36,16,"SQ_LDS_BANK_CONFLICT",128.000000
"5__64_8_1024_16",36,16,"SQ_LDS_UNALIGNED_STALL",0.00000000e+00
"5__64_16",36,16,"SQ_LDS_BANK_CONFLICT",480.000000
"5__64_16",36,16,"SQ_LDS_UNALIGNED_STALL",0.00000000e+00
"5__64_16_512_8",36,16,"SQ_LDS_BANK_CONFLICT",32.000000
"5__64_16_512_8",36,16,"SQ_LDS_UNALIGNED_STALL",0.00000000e+00
"5__64_16_512_16",36,16,"SQ_LDS_BANK_CONFLICT",96.000000
"5__64_16_512_16",36,16,"SQ_LDS_UNALIGNED_STALL",0.00000000e+00
"5__128_8",36,16,"SQ_LDS_BANK_CONFLICT",96.000000
"5__128_8",36,16,"SQ_LDS_UNALIGNED_STALL",0.00000000e+00
"5__128_8_2048_8",36,16,"SQ_LDS_BANK_CONFLICT",32.000000
"5__128_8_2048_8",36,16,"SQ_LDS_UNALIGNED_STALL",0.00000000e+00
"5__128_8_2048_16",36,16,"SQ_LDS_BANK_CONFLICT",96.000000
"5__128_8_2048_16",36,16,"SQ_LDS_UNALIGNED_STALL",0.00000000e+00
"5__128_16",36,16,"SQ_LDS_BANK_CONFLICT",224.000000
"5__128_16",36,16,"SQ_LDS_UNALIGNED_STALL",0.00000000e+00
"5__128_16_1024_8",36,16,"SQ_LDS_BANK_CONFLICT",32.000000
"5__128_16_1024_8",36,16,"SQ_LDS_UNALIGNED_STALL",0.00000000e+00
"5__128_16_1024_16",36,16,"SQ_LDS_BANK_CONFLICT",96.000000
"5__128_16_1024_16",36,16,"SQ_LDS_UNALIGNED_STALL",0.00000000e+00
"6__32_8",36,16,"SQ_LDS_BANK_CONFLICT",448.000000
"6__32_8",36,16,"SQ_LDS_UNALIGNED_STALL",0.00000000e+00
"6__32_8_512_8",32,16,"SQ_LDS_BANK_CONFLICT",12.000000
"6__32_8_512_8",32,16,"SQ_LDS_UNALIGNED_STALL",0.00000000e+00
"6__32_8_512_16",32,16,"SQ_LDS_BANK_CONFLICT",76.000000
"6__32_8_512_16",32,16,"SQ_LDS_UNALIGNED_STALL",0.00000000e+00
"6__32_16",36,16,"SQ_LDS_BANK_CONFLICT",992.000000
"6__32_16",36,16,"SQ_LDS_UNALIGNED_STALL",0.00000000e+00
"6__32_16_256_8",32,16,"SQ_LDS_BANK_CONFLICT",12.000000
"6__32_16_256_8",32,16,"SQ_LDS_UNALIGNED_STALL",0.00000000e+00
"6__32_16_256_16",32,16,"SQ_LDS_BANK_CONFLICT",96.000000
"6__32_16_256_16",32,16,"SQ_LDS_UNALIGNED_STALL",0.00000000e+00
"6__256_8",32,16,"SQ_LDS_BANK_CONFLICT",32.000000
"6__256_8",32,16,"SQ_LDS_UNALIGNED_STALL",0.00000000e+00
"6__256_8_4096_8",32,16,"SQ_LDS_BANK_CONFLICT",32.000000
"6__256_8_4096_8",32,16,"SQ_LDS_UNALIGNED_STALL",0.00000000e+00
"6__256_8_4096_16",32,16,"SQ_LDS_BANK_CONFLICT",32.000000
"6__256_8_4096_16",32,16,"SQ_LDS_UNALIGNED_STALL",0.00000000e+00
"6__256_16",32,16,"SQ_LDS_BANK_CONFLICT",96.000000
"6__256_16",32,16,"SQ_LDS_UNALIGNED_STALL",0.00000000e+00
"6__256_16_2048_8",32,16,"SQ_LDS_BANK_CONFLICT",32.000000
"6__256_16_2048_8",32,16,"SQ_LDS_UNALIGNED_STALL",0.00000000e+00
"6__256_16_2048_16",32,16,"SQ_LDS_BANK_CONFLICT",96.000000
"6__256_16_2048_16",32,16,"SQ_LDS_UNALIGNED_STALL",0.00000000e+00
"6__64_8",32,16,"SQ_LDS_BANK_CONFLICT",224.000000
"6__64_8",32,16,"SQ_LDS_UNALIGNED_STALL",0.00000000e+00
"6__64_8_1024_8",32,16,"SQ_LDS_BANK_CONFLICT",32.000000
"6__64_8_1024_8",32,16,"SQ_LDS_UNALIGNED_STALL",0.00000000e+00
"6__64_8_1024_16",32,16,"SQ_LDS_BANK_CONFLICT",96.000000
"6__64_8_1024_16",32,16,"SQ_LDS_UNALIGNED_STALL",0.00000000e+00
"6__64_16",32,16,"SQ_LDS_BANK_CONFLICT",480.000000
"6__64_16",32,16,"SQ_LDS_UNALIGNED_STALL",0.00000000e+00
"6__64_16_512_8",32,16,"SQ_LDS_BANK_CONFLICT",20.000000
"6__64_16_512_8",32,16,"SQ_LDS_UNALIGNED_STALL",0.00000000e+00
"6__64_16_512_16",32,16,"SQ_LDS_BANK_CONFLICT",96.000000
"6__64_16_512_16",32,16,"SQ_LDS_UNALIGNED_STALL",0.00000000e+00
"6__128_8",32,16,"SQ_LDS_BANK_CONFLICT",64.000000
"6__128_8",32,16,"SQ_LDS_UNALIGNED_STALL",0.00000000e+00
"6__128_8_2048_8",32,16,"SQ_LDS_BANK_CONFLICT",0.00000000e+00
"6__128_8_2048_8",32,16,"SQ_LDS_UNALIGNED_STALL",0.00000000e+00
"6__128_8_2048_16",32,16,"SQ_LDS_BANK_CONFLICT",64.000000
"6__128_8_2048_16",32,16,"SQ_LDS_UNALIGNED_STALL",0.00000000e+00
"6__128_16",32,16,"SQ_LDS_BANK_CONFLICT",224.000000
"6__128_16",32,16,"SQ_LDS_UNALIGNED_STALL",0.00000000e+00
"6__128_16_1024_8",32,16,"SQ_LDS_BANK_CONFLICT",32.000000
"6__128_16_1024_8",32,16,"SQ_LDS_UNALIGNED_STALL",0.00000000e+00
"6__128_16_1024_16",32,16,"SQ_LDS_BANK_CONFLICT",96.000000
"6__128_16_1024_16",32,16,"SQ_LDS_UNALIGNED_STALL",0.00000000e+00
"7__32_8",36,16,"SQ_LDS_BANK_CONFLICT",452.000000
"7__32_8",36,16,"SQ_LDS_UNALIGNED_STALL",0.00000000e+00
"7__32_8_512_8",36,16,"SQ_LDS_BANK_CONFLICT",4.000000
"7__32_8_512_8",36,16,"SQ_LDS_UNALIGNED_STALL",0.00000000e+00
"7__32_8_512_16",36,16,"SQ_LDS_BANK_CONFLICT",68.000000
"7__32_8_512_16",36,16,"SQ_LDS_UNALIGNED_STALL",0.00000000e+00
"7__32_16",36,16,"SQ_LDS_BANK_CONFLICT",984.000000
"7__32_16",36,16,"SQ_LDS_UNALIGNED_STALL",0.00000000e+00
"7__32_16_256_8",32,16,"SQ_LDS_BANK_CONFLICT",16.000000
"7__32_16_256_8",32,16,"SQ_LDS_UNALIGNED_STALL",0.00000000e+00
"7__32_16_256_16",32,16,"SQ_LDS_BANK_CONFLICT",80.000000
"7__32_16_256_16",32,16,"SQ_LDS_UNALIGNED_STALL",0.00000000e+00
"7__256_8",32,16,"SQ_LDS_BANK_CONFLICT",16.000000
"7__256_8",32,16,"SQ_LDS_UNALIGNED_STALL",0.00000000e+00
"7__256_8_4096_8",32,16,"SQ_LDS_BANK_CONFLICT",16.000000
"7__256_8_4096_8",32,16,"SQ_LDS_UNALIGNED_STALL",0.00000000e+00
"7__256_8_4096_16",32,16,"SQ_LDS_BANK_CONFLICT",16.000000
"7__256_8_4096_16",32,16,"SQ_LDS_UNALIGNED_STALL",0.00000000e+00
"7__256_16",32,16,"SQ_LDS_BANK_CONFLICT",64.000000
"7__256_16",32,16,"SQ_LDS_UNALIGNED_STALL",0.00000000e+00
"7__256_16_2048_8",32,16,"SQ_LDS_BANK_CONFLICT",0.00000000e+00
"7__256_16_2048_8",32,16,"SQ_LDS_UNALIGNED_STALL",0.00000000e+00
"7__256_16_2048_16",36,16,"SQ_LDS_BANK_CONFLICT",64.000000
"7__256_16_2048_16",36,16,"SQ_LDS_UNALIGNED_STALL",0.00000000e+00
"7__64_8",32,16,"SQ_LDS_BANK_CONFLICT",224.000000
"7__64_8",32,16,"SQ_LDS_UNALIGNED_STALL",0.00000000e+00
"7__64_8_1024_8",32,16,"SQ_LDS_BANK_CONFLICT",32.000000
"7__64_8_1024_8",32,16,"SQ_LDS_UNALIGNED_STALL",0.00000000e+00
"7__64_8_1024_16",36,16,"SQ_LDS_BANK_CONFLICT",96.000000
"7__64_8_1024_16",36,16,"SQ_LDS_UNALIGNED_STALL",0.00000000e+00
"7__64_16",32,16,"SQ_LDS_BANK_CONFLICT",464.000000
"7__64_16",32,16,"SQ_LDS_UNALIGNED_STALL",0.00000000e+00
"7__64_16_512_8",32,16,"SQ_LDS_BANK_CONFLICT",16.000000
"7__64_16_512_8",32,16,"SQ_LDS_UNALIGNED_STALL",0.00000000e+00
"7__64_16_512_16",36,16,"SQ_LDS_BANK_CONFLICT",80.000000
"7__64_16_512_16",36,16,"SQ_LDS_UNALIGNED_STALL",0.00000000e+00
"7__128_8",32,16,"SQ_LDS_BANK_CONFLICT",80.000000
"7__128_8",32,16,"SQ_LDS_UNALIGNED_STALL",0.00000000e+00
"7__128_8_2048_8",32,16,"SQ_LDS_BANK_CONFLICT",16.000000
"7__128_8_2048_8",32,16,"SQ_LDS_UNALIGNED_STALL",0.00000000e+00
"7__128_8_2048_16",36,16,"SQ_LDS_BANK_CONFLICT",80.000000
"7__128_8_2048_16",36,16,"SQ_LDS_UNALIGNED_STALL",0.00000000e+00
"7__128_16",32,16,"SQ_LDS_BANK_CONFLICT",208.000000
"7__128_16",32,16,"SQ_LDS_UNALIGNED_STALL",0.00000000e+00
"7__128_16_1024_8",32,16,"SQ_LDS_BANK_CONFLICT",16.000000
"7__128_16_1024_8",32,16,"SQ_LDS_UNALIGNED_STALL",0.00000000e+00
"7__128_16_1024_16",36,16,"SQ_LDS_BANK_CONFLICT",80.000000
"7__128_16_1024_16",36,16,"SQ_LDS_UNALIGNED_STALL",0.00000000e+00
"8__32_8",36,16,"SQ_LDS_BANK_CONFLICT",224.000000
"8__32_8",36,16,"SQ_LDS_UNALIGNED_STALL",0.00000000e+00
"8__32_8_512_8",32,16,"SQ_LDS_BANK_CONFLICT",12.000000
"8__32_8_512_8",32,16,"SQ_LDS_UNALIGNED_STALL",0.00000000e+00
"8__32_8_512_16",32,16,"SQ_LDS_BANK_CONFLICT",44.000000
"8__32_8_512_16",32,16,"SQ_LDS_UNALIGNED_STALL",0.00000000e+00
"8__32_16",36,16,"SQ_LDS_BANK_CONFLICT",512.000000
"8__32_16",36,16,"SQ_LDS_UNALIGNED_STALL",0.00000000e+00
"8__32_16_256_8",32,16,"SQ_LDS_BANK_CONFLICT",12.000000
"8__32_16_256_8",32,16,"SQ_LDS_UNALIGNED_STALL",0.00000000e+00
"8__32_16_256_16",32,16,"SQ_LDS_BANK_CONFLICT",64.000000
"8__32_16_256_16",32,16,"SQ_LDS_UNALIGNED_STALL",0.00000000e+00
"8__256_8",32,16,"SQ_LDS_BANK_CONFLICT",32.000000
"8__256_8",32,16,"SQ_LDS_UNALIGNED_STALL",0.00000000e+00
"8__256_8_4096_8",32,16,"SQ_LDS_BANK_CONFLICT",32.000000
"8__256_8_4096_8",32,16,"SQ_LDS_UNALIGNED_STALL",0.00000000e+00
"8__256_8_4096_16",32,16,"SQ_LDS_BANK_CONFLICT",32.000000
"8__256_8_4096_16",32,16,"SQ_LDS_UNALIGNED_STALL",0.00000000e+00
"8__256_16",32,16,"SQ_LDS_BANK_CONFLICT",64.000000
"8__256_16",32,16,"SQ_LDS_UNALIGNED_STALL",0.00000000e+00
"8__256_16_2048_8",32,16,"SQ_LDS_BANK_CONFLICT",32.000000
"8__256_16_2048_8",32,16,"SQ_LDS_UNALIGNED_STALL",0.00000000e+00
"8__256_16_2048_16",32,16,"SQ_LDS_BANK_CONFLICT",64.000000
"8__256_16_2048_16",32,16,"SQ_LDS_UNALIGNED_STALL",0.00000000e+00
"8__64_8",32,16,"SQ_LDS_BANK_CONFLICT",128.000000
"8__64_8",32,16,"SQ_LDS_UNALIGNED_STALL",0.00000000e+00
"8__64_8_1024_8",32,16,"SQ_LDS_BANK_CONFLICT",32.000000
"8__64_8_1024_8",32,16,"SQ_LDS_UNALIGNED_STALL",0.00000000e+00
"8__64_8_1024_16",32,16,"SQ_LDS_BANK_CONFLICT",64.000000
"8__64_8_1024_16",32,16,"SQ_LDS_UNALIGNED_STALL",0.00000000e+00
"8__64_16",32,16,"SQ_LDS_BANK_CONFLICT",256.000000
"8__64_16",32,16,"SQ_LDS_UNALIGNED_STALL",0.00000000e+00
"8__64_16_512_8",32,16,"SQ_LDS_BANK_CONFLICT",20.000000
"8__64_16_512_8",32,16,"SQ_LDS_UNALIGNED_STALL",0.00000000e+00
"8__64_16_512_16",32,16,"SQ_LDS_BANK_CONFLICT",64.000000
"8__64_16_512_16",32,16,"SQ_LDS_UNALIGNED_STALL",0.00000000e+00
"8__128_8",32,16,"SQ_LDS_BANK_CONFLICT",32.000000
"8__128_8",32,16,"SQ_LDS_UNALIGNED_STALL",0.00000000e+00
"8__128_8_2048_8",32,16,"SQ_LDS_BANK_CONFLICT",0.00000000e+00
"8__128_8_2048_8",32,16,"SQ_LDS_UNALIGNED_STALL",0.00000000e+00
"8__128_8_2048_16",32,16,"SQ_LDS_BANK_CONFLICT",32.000000
"8__128_8_2048_16",32,16,"SQ_LDS_UNALIGNED_STALL",0.00000000e+00
"8__128_16",32,16,"SQ_LDS_BANK_CONFLICT",128.000000
"8__128_16",32,16,"SQ_LDS_UNALIGNED_STALL",0.00000000e+00
"8__128_16_1024_8",32,16,"SQ_LDS_BANK_CONFLICT",32.000000
"8__128_16_1024_8",32,16,"SQ_LDS_UNALIGNED_STALL",0.00000000e+00
"8__128_16_1024_16",32,16,"SQ_LDS_BANK_CONFLICT",64.000000
"8__128_16_1024_16",32,16,"SQ_LDS_UNALIGNED_STALL",0.00000000e+00
"9__32_8",36,16,"SQ_LDS_BANK_CONFLICT",228.000000
"9__32_8",36,16,"SQ_LDS_UNALIGNED_STALL",0.00000000e+00
"9__32_8_512_8",36,16,"SQ_LDS_BANK_CONFLICT",4.000000
"9__32_8_512_8",36,16,"SQ_LDS_UNALIGNED_STALL",0.00000000e+00
"9__32_8_512_16",36,16,"SQ_LDS_BANK_CONFLICT",36.000000
"9__32_8_512_16",36,16,"SQ_LDS_UNALIGNED_STALL",0.00000000e+00
"9__32_16",36,16,"SQ_LDS_BANK_CONFLICT",504.000000
"9__32_16",36,16,"SQ_LDS_UNALIGNED_STALL",0.00000000e+00
"9__32_16_256_8",32,16,"SQ_LDS_BANK_CONFLICT",16.000000
"9__32_16_256_8",32,16,"SQ_LDS_UNALIGNED_STALL",0.00000000e+00
"9__32_16_256_16",32,16,"SQ_LDS_BANK_CONFLICT",48.000000
"9__32_16_256_16",32,16,"SQ_LDS_UNALIGNED_STALL",0.00000000e+00
"9__256_8",32,16,"SQ_LDS_BANK_CONFLICT",16.000000
"9__256_8",32,16,"SQ_LDS_UNALIGNED_STALL",0.00000000e+00
"9__256_8_4096_8",32,16,"SQ_LDS_BANK_CONFLICT",16.000000
"9__256_8_4096_8",32,16,"SQ_LDS_UNALIGNED_STALL",0.00000000e+00
"9__256_8_4096_16",32,16,"SQ_LDS_BANK_CONFLICT",16.000000
"9__256_8_4096_16",32,16,"SQ_LDS_UNALIGNED_STALL",0.00000000e+00
"9__256_16",32,16,"SQ_LDS_BANK_CONFLICT",32.000000
"9__256_16",32,16,"SQ_LDS_UNALIGNED_STALL",0.00000000e+00
"9__256_16_2048_8",32,16,"SQ_LDS_BANK_CONFLICT",0.00000000e+00
"9__256_16_2048_8",32,16,"SQ_LDS_UNALIGNED_STALL",0.00000000e+00
"9__256_16_2048_16",32,16,"SQ_LDS_BANK_CONFLICT",32.000000
"9__256_16_2048_16",32,16,"SQ_LDS_UNALIGNED_STALL",0.00000000e+00
"9__64_8",32,16,"SQ_LDS_BANK_CONFLICT",128.000000
"9__64_8",32,16,"SQ_LDS_UNALIGNED_STALL",0.00000000e+00
"9__64_8_1024_8",32,16,"SQ_LDS_BANK_CONFLICT",32.000000
"9__64_8_1024_8",32,16,"SQ_LDS_UNALIGNED_STALL",0.00000000e+00
"9__64_8_1024_16",32,16,"SQ_LDS_BANK_CONFLICT",64.000000
"9__64_8_1024_16",32,16,"SQ_LDS_UNALIGNED_STALL",0.00000000e+00
"9__64_16",32,16,"SQ_LDS_BANK_CONFLICT",240.000000
"9__64_16",32,16,"SQ_LDS_UNALIGNED_STALL",0.00000000e+00
"9__64_16_512_8",32,16,"SQ_LDS_BANK_CONFLICT",16.000000
"9__64_16_512_8",32,16,"SQ_LDS_UNALIGNED_STALL",0.00000000e+00
"9__64_16_512_16",32,16,"SQ_LDS_BANK_CONFLICT",48.000000
"9__64_16_512_16",32,16,"SQ_LDS_UNALIGNED_STALL",0.00000000e+00
"9__128_8",32,16,"SQ_LDS_BANK_CONFLICT",48.000000
"9__128_8",32,16,"SQ_LDS_UNALIGNED_STALL",0.00000000e+00
"9__128_8_2048_8",32,16,"SQ_LDS_BANK_CONFLICT",16.000000
"9__128_8_2048_8",32,16,"SQ_LDS_UNALIGNED_STALL",0.00000000e+00
"9__128_8_2048_16",32,16,"SQ_LDS_BANK_CONFLICT",48.000000
"9__128_8_2048_16",32,16,"SQ_LDS_UNALIGNED_STALL",0.00000000e+00
"9__128_16",32,16,"SQ_LDS_BANK_CONFLICT",112.000000
"9__128_16",32,16,"SQ_LDS_UNALIGNED_STALL",0.00000000e+00
"9__128_16_1024_8",32,16,"SQ_LDS_BANK_CONFLICT",16.000000
"9__128_16_1024_8",32,16,"SQ_LDS_UNALIGNED_STALL",0.00000000e+00
"9__128_16_1024_16",32,16,"SQ_LDS_BANK_CONFLICT",48.000000
"9__128_16_1024_16",32,16,"SQ_LDS_UNALIGNED_STALL",0.00000000e+00
"10__32_8",36,16,"SQ_LDS_BANK_CONFLICT",224.000000
"10__32_8",36,16,"SQ_LDS_UNALIGNED_STALL",0.00000000e+00
"10__32_8_512_8",32,16,"SQ_LDS_BANK_CONFLICT",12.000000
"10__32_8_512_8",32,16,"SQ_LDS_UNALIGNED_STALL",0.00000000e+00
"10__32_8_512_16",32,16,"SQ_LDS_BANK_CONFLICT",44.000000
"10__32_8_512_16",32,16,"SQ_LDS_UNALIGNED_STALL",0.00000000e+00
"10__32_16",36,16,"SQ_LDS_BANK_CONFLICT",512.000000
"10__32_16",36,16,"SQ_LDS_UNALIGNED_STALL",0.00000000e+00
"10__32_16_256_8",32,16,"SQ_LDS_BANK_CONFLICT",12.000000
"10__32_16_256_8",32,16,"SQ_LDS_UNALIGNED_STALL",0.00000000e+00
"10__32_16_256_16",32,16,"SQ_LDS_BANK_CONFLICT",64.000000
"10__32_16_256_16",32,16,"SQ_LDS_UNALIGNED_STALL",0.00000000e+00
"10__256_8",32,16,"SQ_LDS_BANK_CONFLICT",32.000000
"10__256_8",32,16,"SQ_LDS_UNALIGNED_STALL",0.00000000e+00
"10__256_8_4096_8",32,16,"SQ_LDS_BANK_CONFLICT",32.000000
"10__256_8_4096_8",32,16,"SQ_LDS_UNALIGNED_STALL",0.00000000e+00
"10__256_8_4096_16",32,16,"SQ_LDS_BANK_CONFLICT",32.000000
"10__256_8_4096_16",32,16,"SQ_LDS_UNALIGNED_STALL",0.00000000e+00
"10__256_16",32,16,"SQ_LDS_BANK_CONFLICT",64.000000
"10__256_16",32,16,"SQ_LDS_UNALIGNED_STALL",0.00000000e+00
"10__256_16_2048_8",32,16,"SQ_LDS_BANK_CONFLICT",32.000000
"10__256_16_2048_8",32,16,"SQ_LDS_UNALIGNED_STALL",0.00000000e+00
"10__256_16_2048_16",32,16,"SQ_LDS_BANK_CONFLICT",64.000000
"10__256_16_2048_16",32,16,"SQ_LDS_UNALIGNED_STALL",0.00000000e+00
"10__64_8",32,16,"SQ_LDS_BANK_CONFLICT",128.000000
"10__64_8",32,16,"SQ_LDS_UNALIGNED_STALL",0.00000000e+00
"10__64_8_1024_8",32,16,"SQ_LDS_BANK_CONFLICT",32.000000
"10__64_8_1024_8",32,16,"SQ_LDS_UNALIGNED_STALL",0.00000000e+00
"10__64_8_1024_16",32,16,"SQ_LDS_BANK_CONFLICT",64.000000
"10__64_8_1024_16",32,16,"SQ_LDS_UNALIGNED_STALL",0.00000000e+00
"10__64_16",32,16,"SQ_LDS_BANK_CONFLICT",256.000000
"10__64_16",32,16,"SQ_LDS_UNALIGNED_STALL",0.00000000e+00
"10__64_16_512_8",32,16,"SQ_LDS_BANK_CONFLICT",20.000000
"10__64_16_512_8",32,16,"SQ_LDS_UNALIGNED_STALL",0.00000000e+00
"10__64_16_512_16",32,16,"SQ_LDS_BANK_CONFLICT",64.000000
"10__64_16_512_16",32,16,"SQ_LDS_UNALIGNED_STALL",0.00000000e+00
"10__128_8",32,16,"SQ_LDS_BANK_CONFLICT",32.000000
"10__128_8",32,16,"SQ_LDS_UNALIGNED_STALL",0.00000000e+00
"10__128_8_2048_8",32,16,"SQ_LDS_BANK_CONFLICT",0.00000000e+00
"10__128_8_2048_8",32,16,"SQ_LDS_UNALIGNED_STALL",0.00000000e+00
"10__128_8_2048_16",32,16,"SQ_LDS_BANK_CONFLICT",32.000000
"10__128_8_2048_16",32,16,"SQ_LDS_UNALIGNED_STALL",0.00000000e+00
"10__128_16",32,16,"SQ_LDS_BANK_CONFLICT",128.000000
"10__128_16",32,16,"SQ_LDS_UNALIGNED_STALL",0.00000000e+00
"10__128_16_1024_8",32,16,"SQ_LDS_BANK_CONFLICT",32.000000
"10__128_16_1024_8",32,16,"SQ_LDS_UNALIGNED_STALL",0.00000000e+00
"10__128_16_1024_16",32,16,"SQ_LDS_BANK_CONFLICT",64.000000
"10__128_16_1024_16",32,16,"SQ_LDS_UNALIGNED_STALL",0.00000000e+00
"11__32_8",36,16,"SQ_LDS_BANK_CONFLICT",228.000000
"11__32_8",36,16,"SQ_LDS_UNALIGNED_STALL",0.00000000e+00
"11__32_8_512_8",36,16,"SQ_LDS_BANK_CONFLICT",4.000000
"11__32_8_512_8",36,16,"SQ_LDS_UNALIGNED_STALL",0.00000000e+00
"11__32_8_512_16",36,16,"SQ_LDS_BANK_CONFLICT",36.000000
"11__32_8_512_16",36,16,"SQ_LDS_UNALIGNED_STALL",0.00000000e+00
"11__32_16",36,16,"SQ_LDS_BANK_CONFLICT",504.000000
"11__32_16",36,16,"SQ_LDS_UNALIGNED_STALL",0.00000000e+00
"11__32_16_256_8",32,16,"SQ_LDS_BANK_CONFLICT",16.000000
"11__32_16_256_8",32,16,"SQ_LDS_UNALIGNED_STALL",0.00000000e+00
"11__32_16_256_16",32,16,"SQ_LDS_BANK_CONFLICT",48.000000
"11__32_16_256_16",32,16,"SQ_LDS_UNALIGNED_STALL",0.00000000e+00
"11__256_8",32,16,"SQ_LDS_BANK_CONFLICT",16.000000
"11__256_8",32,16,"SQ_LDS_UNALIGNED_STALL",0.00000000e+00
"11__256_8_4096_8",32,16,"SQ_LDS_BANK_CONFLICT",16.000000
"11__256_8_4096_8",32,16,"SQ_LDS_UNALIGNED_STALL",0.00000000e+00
"11__256_8_4096_16",32,16,"SQ_LDS_BANK_CONFLICT",16.000000
"11__256_8_4096_16",32,16,"SQ_LDS_UNALIGNED_STALL",0.00000000e+00
"11__256_16",32,16,"SQ_LDS_BANK_CONFLICT",32.000000
"11__256_16",32,16,"SQ_LDS_UNALIGNED_STALL",0.00000000e+00
"11__256_16_2048_8",32,16,"SQ_LDS_BANK_CONFLICT",0.00000000e+00
"11__256_16_2048_8",32,16,"SQ_LDS_UNALIGNED_STALL",0.00000000e+00
"11__256_16_2048_16",36,16,"SQ_LDS_BANK_CONFLICT",32.000000
"11__256_16_2048_16",36,16,"SQ_LDS_UNALIGNED_STALL",0.00000000e+00
"11__64_8",32,16,"SQ_LDS_BANK_CONFLICT",128.000000
"11__64_8",32,16,"SQ_LDS_UNALIGNED_STALL",0.00000000e+00
"11__64_8_1024_8",32,16,"SQ_LDS_BANK_CONFLICT",32.000000
"11__64_8_1024_8",32,16,"SQ_LDS_UNALIGNED_STALL",0.00000000e+00
"11__64_8_1024_16",36,16,"SQ_LDS_BANK_CONFLICT",64.000000
"11__64_8_1024_16",36,16,"SQ_LDS_UNALIGNED_STALL",0.00000000e+00
"11__64_16",32,16,"SQ_LDS_BANK_CONFLICT",240.000000
"11__64_16",32,16,"SQ_LDS_UNALIGNED_STALL",0.00000000e+00
"11__64_16_512_8",32,16,"SQ_LDS_BANK_CONFLICT",16.000000
"11__64_16_512_8",32,16,"SQ_LDS_UNALIGNED_STALL",0.00000000e+00
"11__64_16_512_16",36,16,"SQ_LDS_BANK_CONFLICT",48.000000
"11__64_16_512_16",36,16,"SQ_LDS_UNALIGNED_STALL",0.00000000e+00
"11__128_8",32,16,"SQ_LDS_BANK_CONFLICT",48.000000
"11__128_8",32,16,"SQ_LDS_UNALIGNED_STALL",0.00000000e+00
"11__128_8_2048_8",32,16,"SQ_LDS_BANK_CONFLICT",16.000000
"11__128_8_2048_8",32,16,"SQ_LDS_UNALIGNED_STALL",0.00000000e+00
"11__128_8_2048_16",36,16,"SQ_LDS_BANK_CONFLICT",48.000000
"11__128_8_2048_16",36,16,"SQ_LDS_UNALIGNED_STALL",0.00000000e+00
"11__128_16",32,16,"SQ_LDS_BANK_CONFLICT",112.000000
"11__128_16",32,16,"SQ_LDS_UNALIGNED_STALL",0.00000000e+00
"11__128_16_1024_8",32,16,"SQ_LDS_BANK_CONFLICT",16.000000
"11__128_16_1024_8",32,16,"SQ_LDS_UNALIGNED_STALL",0.00000000e+00
"11__128_16_1024_16",36,16,"SQ_LDS_BANK_CONFLICT",48.000000
"11__128_16_1024_16",36,16,"SQ_LDS_UNALIGNED_STALL",0.00000000e+00
"12__64_8",36,16,"SQ_LDS_BANK_CONFLICT",896.000000
"12__64_8",36,16,"SQ_LDS_UNALIGNED_STALL",0.00000000e+00
"12__64_8_1024_8",36,16,"SQ_LDS_BANK_CONFLICT",24.000000
"12__64_8_1024_8",36,16,"SQ_LDS_UNALIGNED_STALL",0.00000000e+00
"12__64_8_1024_16",36,16,"SQ_LDS_BANK_CONFLICT",152.000000
"12__64_8_1024_16",36,16,"SQ_LDS_UNALIGNED_STALL",0.00000000e+00
"12__64_16",36,16,"SQ_LDS_BANK_CONFLICT",1984.000000
"12__64_16",36,16,"SQ_LDS_UNALIGNED_STALL",0.00000000e+00
"12__64_16_512_8",36,16,"SQ_LDS_BANK_CONFLICT",24.000000
"12__64_16_512_8",36,16,"SQ_LDS_UNALIGNED_STALL",0.00000000e+00
"12__64_16_512_16",36,16,"SQ_LDS_BANK_CONFLICT",192.000000
"12__64_16_512_16",36,16,"SQ_LDS_UNALIGNED_STALL",0.00000000e+00
"12__512_8",36,16,"SQ_LDS_BANK_CONFLICT",192.000000
"12__512_8",36,16,"SQ_LDS_UNALIGNED_STALL",0.00000000e+00
"12__512_8_8192_8",36,16,"SQ_LDS_BANK_CONFLICT",192.000000
"12__512_8_8192_8",36,16,"SQ_LDS_UNALIGNED_STALL",0.00000000e+00
"12__512_8_8192_16",36,16,"SQ_LDS_BANK_CONFLICT",192.000000
"12__512_8_8192_16",36,16,"SQ_LDS_UNALIGNED_STALL",0.00000000e+00
"12__512_16",36,16,"SQ_LDS_BANK_CONFLICT",320.000000
"12__512_16",36,16,"SQ_LDS_UNALIGNED_STALL",0.00000000e+00
"12__512_16_4096_8",36,16,"SQ_LDS_BANK_CONFLICT",192.000000
"12__512_16_4096_8",36,16,"SQ_LDS_UNALIGNED_STALL",0.00000000e+00
"12__512_16_4096_16",36,16,"SQ_LDS_BANK_CONFLICT",320.000000
"12__512_16_4096_16",36,16,"SQ_LDS_UNALIGNED_STALL",0.00000000e+00
"12__128_8",36,16,"SQ_LDS_BANK_CONFLICT",384.000000
"12__128_8",36,16,"SQ_LDS_UNALIGNED_STALL",0.00000000e+00
"12__128_8_2048_8",36,16,"SQ_LDS_BANK_CONFLICT",0.00000000e+00
"12__128_8_2048_8",36,16,"SQ_LDS_UNALIGNED_STALL",0.00000000e+00
"12__128_8_2048_16",36,16,"SQ_LDS_BANK_CONFLICT",128.000000
"12__128_8_2048_16",36,16,"SQ_LDS_UNALIGNED_STALL",0.00000000e+00
"12__128_16",36,16,"SQ_LDS_BANK_CONFLICT",960.000000
"12__128_16",36,16,"SQ_LDS_UNALIGNED_STALL",0.00000000e+00
"12__128_16_1024_8",36,16,"SQ_LDS_BANK_CONFLICT",40.000000
"12__128_16_1024_8",36,16,"SQ_LDS_UNALIGNED_STALL",0.00000000e+00
"12__128_16_1024_16",36,16,"SQ_LDS_BANK_CONFLICT",216.000000
"12__128_16_1024_16",36,16,"SQ_LDS_UNALIGNED_STALL",0.00000000e+00
"12__256_8",36,16,"SQ_LDS_BANK_CONFLICT",192.000000
"12__256_8",36,16,"SQ_LDS_UNALIGNED_STALL",0.00000000e+00
"12__256_8_4096_8",36,16,"SQ_LDS_BANK_CONFLICT",64.000000
"12__256_8_4096_8",36,16,"SQ_LDS_UNALIGNED_STALL",0.00000000e+00
"12__256_8_4096_16",36,16,"SQ_LDS_BANK_CONFLICT",192.000000
"12__256_8_4096_16",36,16,"SQ_LDS_UNALIGNED_STALL",0.00000000e+00
"12__256_16",36,16,"SQ_LDS_BANK_CONFLICT",448.000000
"12__256_16",36,16,"SQ_LDS_UNALIGNED_STALL",0.00000000e+00
"12__256_16_2048_8",36,16,"SQ_LDS_BANK_CONFLICT",64.000000
"12__256_16_2048_8",36,16,"SQ_LDS_UNALIGNED_STALL",0.00000000e+00
"12__256_16_2048_16",36,16,"SQ_LDS_BANK_CONFLICT",192.000000
"12__256_16_2048_16",36,16,"SQ_LDS_UNALIGNED_STALL",0.00000000e+00
"13__64_8",36,16,"SQ_LDS_BANK_CONFLICT",896.000000
"13__64_8",36,16,"SQ_LDS_UNALIGNED_STALL",0.00000000e+00
"13__64_8_1024_8",36,16,"SQ_LDS_BANK_CONFLICT",0.00000000e+00
"13__64_8_1024_8",36,16,"SQ_LDS_UNALIGNED_STALL",0.00000000e+00
"13__64_8_1024_16",36,16,"SQ_LDS_BANK_CONFLICT",128.000000
"13__64_8_1024_16",36,16,"SQ_LDS_UNALIGNED_STALL",0.00000000e+00
"13__64_16",36,16,"SQ_LDS_BANK_CONFLICT",1984.000000
"13__64_16",36,16,"SQ_LDS_UNALIGNED_STALL",0.00000000e+00
"13__64_16_512_8",36,16,"SQ_LDS_BANK_CONFLICT",28.000000
"13__64_16_512_8",36,16,"SQ_LDS_UNALIGNED_STALL",0.00000000e+00
"13__64_16_512_16",36,16,"SQ_LDS_BANK_CONFLICT",164.000000
"13__64_16_512_16",36,16,"SQ_LDS_UNALIGNED_STALL",0.00000000e+00
"13__512_8",32,16,"SQ_LDS_BANK_CONFLICT",192.000000
"13__512_8",32,16,"SQ_LDS_UNALIGNED_STALL",0.00000000e+00
"13__512_8_8192_8",32,16,"SQ_LDS_BANK_CONFLICT",192.000000
"13__512_8_8192_8",32,16,"SQ_LDS_UNALIGNED_STALL",0.00000000e+00
"13__512_8_8192_16",32,16,"SQ_LDS_BANK_CONFLICT",192.000000
"13__512_8_8192_16",32,16,"SQ_LDS_UNALIGNED_STALL",0.00000000e+00
"13__512_16",32,16,"SQ_LDS_BANK_CONFLICT",320.000000
"13__512_16",32,16,"SQ_LDS_UNALIGNED_STALL",0.00000000e+00
"13__512_16_4096_8",32,16,"SQ_LDS_BANK_CONFLICT",192.000000
"13__512_16_4096_8",32,16,"SQ_LDS_UNALIGNED_STALL",0.00000000e+00
"13__512_16_4096_16",36,16,"SQ_LDS_BANK_CONFLICT",320.000000
"13__512_16_4096_16",36,16,"SQ_LDS_UNALIGNED_STALL",0.00000000e+00
"13__128_8",32,16,"SQ_LDS_BANK_CONFLICT",384.000000
"13__128_8",32,16,"SQ_LDS_UNALIGNED_STALL",0.00000000e+00
"13__128_8_2048_8",32,16,"SQ_LDS_BANK_CONFLICT",0.00000000e+00
"13__128_8_2048_8",32,16,"SQ_LDS_UNALIGNED_STALL",0.00000000e+00
"13__128_8_2048_16",32,16,"SQ_LDS_BANK_CONFLICT",128.000000
"13__128_8_2048_16",32,16,"SQ_LDS_UNALIGNED_STALL",0.00000000e+00
"13__128_16",32,16,"SQ_LDS_BANK_CONFLICT",960.000000
"13__128_16",32,16,"SQ_LDS_UNALIGNED_STALL",0.00000000e+00
"13__128_16_1024_8",32,16,"SQ_LDS_BANK_CONFLICT",64.000000
"13__128_16_1024_8",32,16,"SQ_LDS_UNALIGNED_STALL",0.00000000e+00
"13__128_16_1024_16",36,16,"SQ_LDS_BANK_CONFLICT",192.000000
"13__128_16_1024_16",36,16,"SQ_LDS_UNALIGNED_STALL",0.00000000e+00
"13__256_8",32,16,"SQ_LDS_BANK_CONFLICT",192.000000
"13__256_8",32,16,"SQ_LDS_UNALIGNED_STALL",0.00000000e+00
"13__256_8_4096_8",32,16,"SQ_LDS_BANK_CONFLICT",64.000000
"13__256_8_4096_8",32,16,"SQ_LDS_UNALIGNED_STALL",0.00000000e+00
"13__256_8_4096_16",32,16,"SQ_LDS_BANK_CONFLICT",192.000000
"13__256_8_4096_16",32,16,"SQ_LDS_UNALIGNED_STALL",0.00000000e+00
"13__256_16",32,16,"SQ_LDS_BANK_CONFLICT",448.000000
"13__256_16",32,16,"SQ_LDS_UNALIGNED_STALL",0.00000000e+00
"13__256_16_2048_8",32,16,"SQ_LDS_BANK_CONFLICT",64.000000
"13__256_16_2048_8",32,16,"SQ_LDS_UNALIGNED_STALL",0.00000000e+00
"13__256_16_2048_16",36,16,"SQ_LDS_BANK_CONFLICT",192.000000
"13__256_16_2048_16",36,16,"SQ_LDS_UNALIGNED_STALL",0.00000000e+00
"14__64_8",36,16,"SQ_LDS_BANK_CONFLICT",448.000000
"14__64_8",36,16,"SQ_LDS_UNALIGNED_STALL",0.00000000e+00
"14__64_8_1024_8",36,16,"SQ_LDS_BANK_CONFLICT",24.000000
"14__64_8_1024_8",36,16,"SQ_LDS_UNALIGNED_STALL",0.00000000e+00
"14__64_8_1024_16",36,16,"SQ_LDS_BANK_CONFLICT",88.000000
"14__64_8_1024_16",36,16,"SQ_LDS_UNALIGNED_STALL",0.00000000e+00
"14__64_16",36,16,"SQ_LDS_BANK_CONFLICT",1024.000000
"14__64_16",36,16,"SQ_LDS_UNALIGNED_STALL",0.00000000e+00
"14__64_16_512_8",36,16,"SQ_LDS_BANK_CONFLICT",24.000000
"14__64_16_512_8",36,16,"SQ_LDS_UNALIGNED_STALL",0.00000000e+00
"14__64_16_512_16",36,16,"SQ_LDS_BANK_CONFLICT",128.000000
"14__64_16_512_16",36,16,"SQ_LDS_UNALIGNED_STALL",0.00000000e+00
"14__512_8",36,16,"SQ_LDS_BANK_CONFLICT",192.000000
"14__512_8",36,16,"SQ_LDS_UNALIGNED_STALL",0.00000000e+00
"14__512_8_8192_8",36,16,"SQ_LDS_BANK_CONFLICT",192.000000
"14__512_8_8192_8",36,16,"SQ_LDS_UNALIGNED_STALL",0.00000000e+00
"14__512_8_8192_16",36,16,"SQ_LDS_BANK_CONFLICT",192.000000
"14__512_8_8192_16",36,16,"SQ_LDS_UNALIGNED_STALL",0.00000000e+00
"14__512_16",36,16,"SQ_LDS_BANK_CONFLICT",256.000000
"14__512_16",36,16,"SQ_LDS_UNALIGNED_STALL",0.00000000e+00
"14__512_16_4096_8",36,16,"SQ_LDS_BANK_CONFLICT",192.000000
"14__512_16_4096_8",36,16,"SQ_LDS_UNALIGNED_STALL",0.00000000e+00
"14__512_16_4096_16",36,16,"SQ_LDS_BANK_CONFLICT",256.000000
"14__512_16_4096_16",36,16,"SQ_LDS_UNALIGNED_STALL",0.00000000e+00
"14__128_8",36,16,"SQ_LDS_BANK_CONFLICT",192.000000
"14__128_8",36,16,"SQ_LDS_UNALIGNED_STALL",0.00000000e+00
"14__128_8_2048_8",36,16,"SQ_LDS_BANK_CONFLICT",0.00000000e+00
"14__128_8_2048_8",36,16,"SQ_LDS_UNALIGNED_STALL",0.00000000e+00
"14__128_8_2048_16",36,16,"SQ_LDS_BANK_CONFLICT",64.000000
"14__128_8_2048_16",36,16,"SQ_LDS_UNALIGNED_STALL",0.00000000e+00
"14__128_16",36,16,"SQ_LDS_BANK_CONFLICT",512.000000
"14__128_16",36,16,"SQ_LDS_UNALIGNED_STALL",0.00000000e+00
"14__128_16_1024_8",36,16,"SQ_LDS_BANK_CONFLICT",40.000000
"14__128_16_1024_8",36,16,"SQ_LDS_UNALIGNED_STALL",0.00000000e+00
"14__128_16_1024_16",36,16,"SQ_LDS_BANK_CONFLICT",152.000000
"14__128_16_1024_16",36,16,"SQ_LDS_UNALIGNED_STALL",0.00000000e+00
"14__256_8",36,16,"SQ_LDS_BANK_CONFLICT",128.000000
"14__256_8",36,16,"SQ_LDS_UNALIGNED_STALL",0.00000000e+00
"14__256_8_4096_8",36,16,"SQ_LDS_BANK_CONFLICT",64.000000
"14__256_8_4096_8",36,16,"SQ_LDS_UNALIGNED_STALL",0.00000000e+00
"14__256_8_4096_16",36,16,"SQ_LDS_BANK_CONFLICT",128.000000
"14__256_8_4096_16",36,16,"SQ_LDS_UNALIGNED_STALL",0.00000000e+00
"14__256_16",36,16,"SQ_LDS_BANK_CONFLICT",256.000000
"14__256_16",36,16,"SQ_LDS_UNALIGNED_STALL",0.00000000e+00
"14__256_16_2048_8",36,16,"SQ_LDS_BANK_CONFLICT",64.000000
"14__256_16_2048_8",36,16,"SQ_LDS_UNALIGNED_STALL",0.00000000e+00
"14__256_16_2048_16",36,16,"SQ_LDS_BANK_CONFLICT",128.000000
"14__256_16_2048_16",36,16,"SQ_LDS_UNALIGNED_STALL",0.00000000e+00
"15__64_8",36,16,"SQ_LDS_BANK_CONFLICT",448.000000
"15__64_8",36,16,"SQ_LDS_UNALIGNED_STALL",0.00000000e+00
"15__64_8_1024_8",36,16,"SQ_LDS_BANK_CONFLICT",0.00000000e+00
"15__64_8_1024_8",36,16,"SQ_LDS_UNALIGNED_STALL",0.00000000e+00
"15__64_8_1024_16",36,16,"SQ_LDS_BANK_CONFLICT",64.000000
"15__64_8_1024_16",36,16,"SQ_LDS_UNALIGNED_STALL",0.00000000e+00
"15__64_16",36,16,"SQ_LDS_BANK_CONFLICT",1024.000000
"15__64_16",36,16,"SQ_LDS_UNALIGNED_STALL",0.00000000e+00
"15__64_16_512_8",36,16,"SQ_LDS_BANK_CONFLICT",28.000000
"15__64_16_512_8",36,16,"SQ_LDS_UNALIGNED_STALL",0.00000000e+00
"15__64_16_512_16",36,16,"SQ_LDS_BANK_CONFLICT",100.000000
"15__64_16_512_16",36,16,"SQ_LDS_UNALIGNED_STALL",0.00000000e+00
"15__512_8",32,16,"SQ_LDS_BANK_CONFLICT",192.000000
"15__512_8",32,16,"SQ_LDS_UNALIGNED_STALL",0.00000000e+00
"15__512_8_8192_8",32,16,"SQ_LDS_BANK_CONFLICT",192.000000
"15__512_8_8192_8",32,16,"SQ_LDS_UNALIGNED_STALL",0.00000000e+00
"15__512_8_8192_16",32,16,"SQ_LDS_BANK_CONFLICT",192.000000
"15__512_8_8192_16",32,16,"SQ_LDS_UNALIGNED_STALL",0.00000000e+00
"15__512_16",32,16,"SQ_LDS_BANK_CONFLICT",256.000000
"15__512_16",32,16,"SQ_LDS_UNALIGNED_STALL",0.00000000e+00
"15__512_16_4096_8",32,16,"SQ_LDS_BANK_CONFLICT",192.000000
"15__512_16_4096_8",32,16,"SQ_LDS_UNALIGNED_STALL",0.00000000e+00
"15__512_16_4096_16",36,16,"SQ_LDS_BANK_CONFLICT",256.000000
"15__512_16_4096_16",36,16,"SQ_LDS_UNALIGNED_STALL",0.00000000e+00
"15__128_8",32,16,"SQ_LDS_BANK_CONFLICT",192.000000
"15__128_8",32,16,"SQ_LDS_UNALIGNED_STALL",0.00000000e+00
"15__128_8_2048_8",32,16,"SQ_LDS_BANK_CONFLICT",0.00000000e+00
"15__128_8_2048_8",32,16,"SQ_LDS_UNALIGNED_STALL",0.00000000e+00
"15__128_8_2048_16",32,16,"SQ_LDS_BANK_CONFLICT",64.000000
"15__128_8_2048_16",32,16,"SQ_LDS_UNALIGNED_STALL",0.00000000e+00
"15__128_16",32,16,"SQ_LDS_BANK_CONFLICT",512.000000
"15__128_16",32,16,"SQ_LDS_UNALIGNED_STALL",0.00000000e+00
"15__128_16_1024_8",32,16,"SQ_LDS_BANK_CONFLICT",64.000000
"15__128_16_1024_8",32,16,"SQ_LDS_UNALIGNED_STALL",0.00000000e+00
"15__128_16_1024_16",36,16,"SQ_LDS_BANK_CONFLICT",128.000000
"15__128_16_1024_16",36,16,"SQ_LDS_UNALIGNED_STALL",0.00000000e+00
"15__256_8",36,16,"SQ_LDS_BANK_CONFLICT",128.000000
"15__256_8",36,16,"SQ_LDS_UNALIGNED_STALL",0.00000000e+00
"15__256_8_4096_8",36,16,"SQ_LDS_BANK_CONFLICT",64.000000
"15__256_8_4096_8",36,16,"SQ_LDS_UNALIGNED_STALL",0.00000000e+00
"15__256_8_4096_16",36,16,"SQ_LDS_BANK_CONFLICT",128.000000
"15__256_8_4096_16",36,16,"SQ_LDS_UNALIGNED_STALL",0.00000000e+00
"15__256_16",32,16,"SQ_LDS_BANK_CONFLICT",256.000000
"15__256_16",32,16,"SQ_LDS_UNALIGNED_STALL",0.00000000e+00
"15__256_16_2048_8",32,16,"SQ_LDS_BANK_CONFLICT",64.000000
"15__256_16_2048_8",32,16,"SQ_LDS_UNALIGNED_STALL",0.00000000e+00
"15__256_16_2048_16",36,16,"SQ_LDS_BANK_CONFLICT",128.000000
"15__256_16_2048_16",36,16,"SQ_LDS_UNALIGNED_STALL",0.00000000e+00
"16__64_8",36,16,"SQ_LDS_BANK_CONFLICT",448.000000
"16__64_8",36,16,"SQ_LDS_UNALIGNED_STALL",0.00000000e+00
"16__64_8_1024_8",36,16,"SQ_LDS_BANK_CONFLICT",24.000000
"16__64_8_1024_8",36,16,"SQ_LDS_UNALIGNED_STALL",0.00000000e+00
"16__64_8_1024_16",36,16,"SQ_LDS_BANK_CONFLICT",88.000000
"16__64_8_1024_16",36,16,"SQ_LDS_UNALIGNED_STALL",0.00000000e+00
"16__64_16",36,16,"SQ_LDS_BANK_CONFLICT",1024.000000
"16__64_16",36,16,"SQ_LDS_UNALIGNED_STALL",0.00000000e+00
"16__64_16_512_8",36,16,"SQ_LDS_BANK_CONFLICT",24.000000
"16__64_16_512_8",36,16,"SQ_LDS_UNALIGNED_STALL",0.00000000e+00
"16__64_16_512_16",36,16,"SQ_LDS_BANK_CONFLICT",128.000000
"16__64_16_512_16",36,16,"SQ_LDS_UNALIGNED_STALL",0.00000000e+00
"16__512_8",36,16,"SQ_LDS_BANK_CONFLICT",192.000000
"16__512_8",36,16,"SQ_LDS_UNALIGNED_STALL",0.00000000e+00
"16__512_8_8192_8",36,16,"SQ_LDS_BANK_CONFLICT",192.000000
"16__512_8_8192_8",36,16,"SQ_LDS_UNALIGNED_STALL",0.00000000e+00
"16__512_8_8192_16",36,16,"SQ_LDS_BANK_CONFLICT",192.000000
"16__512_8_8192_16",36,16,"SQ_LDS_UNALIGNED_STALL",0.00000000e+00
"16__512_16",36,16,"SQ_LDS_BANK_CONFLICT",256.000000
"16__512_16",36,16,"SQ_LDS_UNALIGNED_STALL",0.00000000e+00
"16__512_16_4096_8",36,16,"SQ_LDS_BANK_CONFLICT",192.000000
"16__512_16_4096_8",36,16,"SQ_LDS_UNALIGNED_STALL",0.00000000e+00
"16__512_16_4096_16",36,16,"SQ_LDS_BANK_CONFLICT",256.000000
"16__512_16_4096_16",36,16,"SQ_LDS_UNALIGNED_STALL",0.00000000e+00
"16__128_8",36,16,"SQ_LDS_BANK_CONFLICT",192.000000
"16__128_8",36,16,"SQ_LDS_UNALIGNED_STALL",0.00000000e+00
"16__128_8_2048_8",36,16,"SQ_LDS_BANK_CONFLICT",0.00000000e+00
"16__128_8_2048_8",36,16,"SQ_LDS_UNALIGNED_STALL",0.00000000e+00
"16__128_8_2048_16",36,16,"SQ_LDS_BANK_CONFLICT",64.000000
"16__128_8_2048_16",36,16,"SQ_LDS_UNALIGNED_STALL",0.00000000e+00
"16__128_16",36,16,"SQ_LDS_BANK_CONFLICT",512.000000
"16__128_16",36,16,"SQ_LDS_UNALIGNED_STALL",0.00000000e+00
"16__128_16_1024_8",36,16,"SQ_LDS_BANK_CONFLICT",40.000000
"16__128_16_1024_8",36,16,"SQ_LDS_UNALIGNED_STALL",0.00000000e+00
"16__128_16_1024_16",36,16,"SQ_LDS_BANK_CONFLICT",152.000000
"16__128_16_1024_16",36,16,"SQ_LDS_UNALIGNED_STALL",0.00000000e+00
"16__256_8",36,16,"SQ_LDS_BANK_CONFLICT",128.000000
"16__256_8",36,16,"SQ_LDS_UNALIGNED_STALL",0.00000000e+00
"16__256_8_4096_8",36,16,"SQ_LDS_BANK_CONFLICT",64.000000
"16__256_8_4096_8",36,16,"SQ_LDS_UNALIGNED_STALL",0.00000000e+00
"16__256_8_4096_16",36,16,"SQ_LDS_BANK_CONFLICT",128.000000
"16__256_8_4096_16",36,16,"SQ_LDS_UNALIGNED_STALL",0.00000000e+00
"16__256_16",36,16,"SQ_LDS_BANK_CONFLICT",256.000000
"16__256_16",36,16,"SQ_LDS_UNALIGNED_STALL",0.00000000e+00
"16__256_16_2048_8",36,16,"SQ_LDS_BANK_CONFLICT",64.000000
"16__256_16_2048_8",36,16,"SQ_LDS_UNALIGNED_STALL",0.00000000e+00
"16__256_16_2048_16",36,16,"SQ_LDS_BANK_CONFLICT",128.000000
"16__256_16_2048_16",36,16,"SQ_LDS_UNALIGNED_STALL",0.00000000e+00
"17__64_8",36,16,"SQ_LDS_BANK_CONFLICT",448.000000
"17__64_8",36,16,"SQ_LDS_UNALIGNED_STALL",0.00000000e+00
"17__64_8_1024_8",36,16,"SQ_LDS_BANK_CONFLICT",0.00000000e+00
"17__64_8_1024_8",36,16,"SQ_LDS_UNALIGNED_STALL",0.00000000e+00
"17__64_8_1024_16",36,16,"SQ_LDS_BANK_CONFLICT",64.000000
"17__64_8_1024_16",36,16,"SQ_LDS_UNALIGNED_STALL",0.00000000e+00
"17__64_16",36,16,"SQ_LDS_BANK_CONFLICT",1024.000000
"17__64_16",36,16,"SQ_LDS_UNALIGNED_STALL",0.00000000e+00
"17__64_16_512_8",36,16,"SQ_LDS_BANK_CONFLICT",28.000000
"17__64_16_512_8",36,16,"SQ_LDS_UNALIGNED_STALL",0.00000000e+00
"17__64_16_512_16",36,16,"SQ_LDS_BANK_CONFLICT",100.000000
"17__64_16_512_16",36,16,"SQ_LDS_UNALIGNED_STALL",0.00000000e+00
"17__512_8",36,16,"SQ_LDS_BANK_CONFLICT",192.000000
"17__512_8",36,16,"SQ_LDS_UNALIGNED_STALL",0.00000000e+00
"17__512_8_8192_8",36,16,"SQ_LDS_BANK_CONFLICT",192.000000
"17__512_8_8192_8",36,16,"SQ_LDS_UNALIGNED_STALL",0.00000000e+00
"17__512_8_8192_16",36,16,"SQ_LDS_BANK_CONFLICT",192.000000
"17__512_8_8192_16",36,16,"SQ_LDS_UNALIGNED_STALL",0.00000000e+00
"17__512_16",36,16,"SQ_LDS_BANK_CONFLICT",256.000000
"17__512_16",36,16,"SQ_LDS_UNALIGNED_STALL",0.00000000e+00
"17__512_16_4096_8",36,16,"SQ_LDS_BANK_CONFLICT",192.000000
"17__512_16_4096_8",36,16,"SQ_LDS_UNALIGNED_STALL",0.00000000e+00
"17__512_16_4096_16",36,16,"SQ_LDS_BANK_CONFLICT",256.000000
"17__512_16_4096_16",36,16,"SQ_LDS_UNALIGNED_STALL",0.00000000e+00
"17__128_8",36,16,"SQ_LDS_BANK_CONFLICT",192.000000
"17__128_8",36,16,"SQ_LDS_UNALIGNED_STALL",0.00000000e+00
"17__128_8_2048_8",36,16,"SQ_LDS_BANK_CONFLICT",0.00000000e+00
"17__128_8_2048_8",36,16,"SQ_LDS_UNALIGNED_STALL",0.00000000e+00
"17__128_8_2048_16",36,16,"SQ_LDS_BANK_CONFLICT",64.000000
"17__128_8_2048_16",36,16,"SQ_LDS_UNALIGNED_STALL",0.00000000e+00
"17__128_16",36,16,"SQ_LDS_BANK_CONFLICT",512.000000
"17__128_16",36,16,"SQ_LDS_UNALIGNED_STALL",0.00000000e+00
"17__128_16_1024_8",36,16,"SQ_LDS_BANK_CONFLICT",64.000000
"17__128_16_1024_8",36,16,"SQ_LDS_UNALIGNED_STALL",0.00000000e+00
"17__128_16_1024_16",36,16,"SQ_LDS_BANK_CONFLICT",128.000000
"17__128_16_1024_16",36,16,"SQ_LDS_UNALIGNED_STALL",0.00000000e+00
"17__256_8",36,16,"SQ_LDS_BANK_CONFLICT",128.000000
"17__256_8",36,16,"SQ_LDS_UNALIGNED_STALL",0.00000000e+00
"17__256_8_4096_8",36,16,"SQ_LDS_BANK_CONFLICT",64.000000
"17__256_8_4096_8",36,16,"SQ_LDS_UNALIGNED_STALL",0.00000000e+00
"17__256_8_4096_16",36,16,"SQ_LDS_BANK_CONFLICT",128.000000
"17__256_8_4096_16",36,16,"SQ_LDS_UNALIGNED_STALL",0.00000000e+00
"17__256_16",36,16,"SQ_LDS_BANK_CONFLICT",256.000000
"17__256_16",36,16,"SQ_LDS_UNALIGNED_STALL",0.00000000e+00
"17__256_16_2048_8",36,16,"SQ_LDS_BANK_CONFLICT",64.000000
"17__256_16_2048_8",36,16,"SQ_LDS_UNALIGNED_STALL",0.00000000e+00
"17__256_16_2048_16",36,16,"SQ_LDS_BANK_CONFLICT",128.000000
"17__256_16_2048_16",36,16,"SQ_LDS_UNALIGNED_STALL",0.00000000e+00
"18__64_8",36,16,"SQ_LDS_BANK_CONFLICT",3840.000000
"18__64_8",36,16,"SQ_LDS_UNALIGNED_STALL",0.00000000e+00
"18__64_8_1024_8",36,16,"SQ_LDS_BANK_CONFLICT",312.000000
"18__64_8_1024_8",36,16,"SQ_LDS_UNALIGNED_STALL",0.00000000e+00
"18__64_8_1024_16",36,16,"SQ_LDS_BANK_CONFLICT",824.000000
"18__64_8_1024_16",36,16,"SQ_LDS_UNALIGNED_STALL",0.00000000e+00
"18__64_16",36,16,"SQ_LDS_BANK_CONFLICT",8064.000000
"18__64_16",36,16,"SQ_LDS_UNALIGNED_STALL",0.00000000e+00
"18__64_16_512_8",36,16,"SQ_LDS_BANK_CONFLICT",312.000000
"18__64_16_512_8",36,16,"SQ_LDS_UNALIGNED_STALL",0.00000000e+00
"18__64_16_512_16",36,16,"SQ_LDS_BANK_CONFLICT",896.000000
"18__64_16_512_16",36,16,"SQ_LDS_UNALIGNED_STALL",0.00000000e+00
"18__512_8",36,16,"SQ_LDS_BANK_CONFLICT",640.000000
"18__512_8",36,16,"SQ_LDS_UNALIGNED_STALL",0.00000000e+00
"18__512_8_8192_8",36,16,"SQ_LDS_BANK_CONFLICT",640.000000
"18__512_8_8192_8",36,16,"SQ_LDS_UNALIGNED_STALL",0.00000000e+00
"18__512_8_8192_16",36,16,"SQ_LDS_BANK_CONFLICT",640.000000
"18__512_8_8192_16",36,16,"SQ_LDS_UNALIGNED_STALL",0.00000000e+00
"18__512_16",36,16,"SQ_LDS_BANK_CONFLICT",1152.000000
"18__512_16",36,16,"SQ_LDS_UNALIGNED_STALL",0.00000000e+00
"18__512_16_4096_8",36,16,"SQ_LDS_BANK_CONFLICT",640.000000
"18__512_16_4096_8",36,16,"SQ_LDS_UNALIGNED_STALL",0.00000000e+00
"18__512_16_4096_16",36,16,"SQ_LDS_BANK_CONFLICT",1152.000000
"18__512_16_4096_16",36,16,"SQ_LDS_UNALIGNED_STALL",0.00000000e+00
"18__128_8",36,16,"SQ_LDS_BANK_CONFLICT",1792.000000
"18__128_8",36,16,"SQ_LDS_UNALIGNED_STALL",0.00000000e+00
"18__128_8_2048_8",36,16,"SQ_LDS_BANK_CONFLICT",256.000000
"18__128_8_2048_8",36,16,"SQ_LDS_UNALIGNED_STALL",0.00000000e+00
"18__128_8_2048_16",36,16,"SQ_LDS_BANK_CONFLICT",768.000000
"18__128_8_2048_16",36,16,"SQ_LDS_UNALIGNED_STALL",0.00000000e+00
"18__128_16",36,16,"SQ_LDS_BANK_CONFLICT",3968.000000
"18__128_16",36,16,"SQ_LDS_UNALIGNED_STALL",0.00000000e+00
"18__128_16_1024_8",36,16,"SQ_LDS_BANK_CONFLICT",328.000000
"18__128_16_1024_8",36,16,"SQ_LDS_UNALIGNED_STALL",0.00000000e+00
"18__128_16_1024_16",36,16,"SQ_LDS_BANK_CONFLICT",952.000000
"18__128_16_1024_16",36,16,"SQ_LDS_UNALIGNED_STALL",0.00000000e+00
"18__256_8",36,16,"SQ_LDS_BANK_CONFLICT",896.000000
"18__256_8",36,16,"SQ_LDS_UNALIGNED_STALL",0.00000000e+00
"18__256_8_4096_8",36,16,"SQ_LDS_BANK_CONFLICT",384.000000
"18__256_8_4096_8",36,16,"SQ_LDS_UNALIGNED_STALL",0.00000000e+00
"18__256_8_4096_16",36,16,"SQ_LDS_BANK_CONFLICT",896.000000
"18__256_8_4096_16",36,16,"SQ_LDS_UNALIGNED_STALL",0.00000000e+00
"18__256_16",36,16,"SQ_LDS_BANK_CONFLICT",1920.000000
"18__256_16",36,16,"SQ_LDS_UNALIGNED_STALL",0.00000000e+00
"18__256_16_2048_8",36,16,"SQ_LDS_BANK_CONFLICT",384.000000
"18__256_16_2048_8",36,16,"SQ_LDS_UNALIGNED_STALL",0.00000000e+00
"18__256_16_2048_16",36,16,"SQ_LDS_BANK_CONFLICT",896.000000
"18__256_16_2048_16",36,16,"SQ_LDS_UNALIGNED_STALL",0.00000000e+00
"19__64_8",36,16,"SQ_LDS_BANK_CONFLICT",3840.000000
"19__64_8",36,16,"SQ_LDS_UNALIGNED_STALL",0.00000000e+00
"19__64_8_1024_8",36,16,"SQ_LDS_BANK_CONFLICT",256.000000
"19__64_8_1024_8",36,16,"SQ_LDS_UNALIGNED_STALL",0.00000000e+00
"19__64_8_1024_16",36,16,"SQ_LDS_BANK_CONFLICT",768.000000
"19__64_8_1024_16",36,16,"SQ_LDS_UNALIGNED_STALL",0.00000000e+00
"19__64_16",36,16,"SQ_LDS_BANK_CONFLICT",8064.000000
"19__64_16",36,16,"SQ_LDS_UNALIGNED_STALL",0.00000000e+00
"19__64_16_512_8",40,16,"SQ_LDS_BANK_CONFLICT",316.000000
"19__64_16_512_8",40,16,"SQ_LDS_UNALIGNED_STALL",0.00000000e+00
"19__64_16_512_16",40,16,"SQ_LDS_BANK_CONFLICT",836.000000
"19__64_16_512_16",40,16,"SQ_LDS_UNALIGNED_STALL",0.00000000e+00
"19__512_8",36,16,"SQ_LDS_BANK_CONFLICT",640.000000
"19__512_8",36,16,"SQ_LDS_UNALIGNED_STALL",0.00000000e+00
"19__512_8_8192_8",36,16,"SQ_LDS_BANK_CONFLICT",640.000000
"19__512_8_8192_8",36,16,"SQ_LDS_UNALIGNED_STALL",0.00000000e+00
"19__512_8_8192_16",36,16,"SQ_LDS_BANK_CONFLICT",640.000000
"19__512_8_8192_16",36,16,"SQ_LDS_UNALIGNED_STALL",0.00000000e+00
"19__512_16",36,16,"SQ_LDS_BANK_CONFLICT",1152.000000
"19__512_16",36,16,"SQ_LDS_UNALIGNED_STALL",0.00000000e+00
"19__512_16_4096_8",36,16,"SQ_LDS_BANK_CONFLICT",640.000000
"19__512_16_4096_8",36,16,"SQ_LDS_UNALIGNED_STALL",0.00000000e+00
"19__512_16_4096_16",36,16,"SQ_LDS_BANK_CONFLICT",1152.000000
"19__512_16_4096_16",36,16,"SQ_LDS_UNALIGNED_STALL",0.00000000e+00
"19__128_8",36,16,"SQ_LDS_BANK_CONFLICT",1792.000000
"19__128_8",36,16,"SQ_LDS_UNALIGNED_STALL",0.00000000e+00
"19__128_8_2048_8",36,16,"SQ_LDS_BANK_CONFLICT",256.000000
"19__128_8_2048_8",36,16,"SQ_LDS_UNALIGNED_STALL",0.00000000e+00
"19__128_8_2048_16",36,16,"SQ_LDS_BANK_CONFLICT",768.000000
"19__128_8_2048_16",36,16,"SQ_LDS_UNALIGNED_STALL",0.00000000e+00
"19__128_16",36,16,"SQ_LDS_BANK_CONFLICT",3968.000000
"19__128_16",36,16,"SQ_LDS_UNALIGNED_STALL",0.00000000e+00
"19__128_16_1024_8",36,16,"SQ_LDS_BANK_CONFLICT",384.000000
"19__128_16_1024_8",36,16,"SQ_LDS_UNALIGNED_STALL",0.00000000e+00
"19__128_16_1024_16",36,16,"SQ_LDS_BANK_CONFLICT",896.000000
"19__128_16_1024_16",36,16,"SQ_LDS_UNALIGNED_STALL",0.00000000e+00
"19__256_8",36,16,"SQ_LDS_BANK_CONFLICT",896.000000
"19__256_8",36,16,"SQ_LDS_UNALIGNED_STALL",0.00000000e+00
"19__256_8_4096_8",36,16,"SQ_LDS_BANK_CONFLICT",384.000000
"19__256_8_4096_8",36,16,"SQ_LDS_UNALIGNED_STALL",0.00000000e+00
"19__256_8_4096_16",36,16,"SQ_LDS_BANK_CONFLICT",896.000000
"19__256_8_4096_16",36,16,"SQ_LDS_UNALIGNED_STALL",0.00000000e+00
"19__256_16",36,16,"SQ_LDS_BANK_CONFLICT",1920.000000
"19__256_16",36,16,"SQ_LDS_UNALIGNED_STALL",0.00000000e+00
"19__256_16_2048_8",36,16,"SQ_LDS_BANK_CONFLICT",384.000000
"19__256_16_2048_8",36,16,"SQ_LDS_UNALIGNED_STALL",0.00000000e+00
"19__256_16_2048_16",36,16,"SQ_LDS_BANK_CONFLICT",896.000000
"19__256_16_2048_16",36,16,"SQ_LDS_UNALIGNED_STALL",0.00000000e+00
"20__64_8",36,16,"SQ_LDS_BANK_CONFLICT",1920.000000
"20__64_8",36,16,"SQ_LDS_UNALIGNED_STALL",0.00000000e+00
"20__64_8_1024_8",36,16,"SQ_LDS_BANK_CONFLICT",184.000000
"20__64_8_1024_8",36,16,"SQ_LDS_UNALIGNED_STALL",0.00000000e+00
"20__64_8_1024_16",36,16,"SQ_LDS_BANK_CONFLICT",440.000000
"20__64_8_1024_16",36,16,"SQ_LDS_UNALIGNED_STALL",0.00000000e+00
"20__64_16",36,16,"SQ_LDS_BANK_CONFLICT",4096.000000
"20__64_16",36,16,"SQ_LDS_UNALIGNED_STALL",0.00000000e+00
"20__64_16_512_8",36,16,"SQ_LDS_BANK_CONFLICT",184.000000
"20__64_16_512_8",36,16,"SQ_LDS_UNALIGNED_STALL",0.00000000e+00
"20__64_16_512_16",36,16,"SQ_LDS_BANK_CONFLICT",512.000000
"20__64_16_512_16",36,16,"SQ_LDS_UNALIGNED_STALL",0.00000000e+00
"20__512_8",36,16,"SQ_LDS_BANK_CONFLICT",512.000000
"20__512_8",36,16,"SQ_LDS_UNALIGNED_STALL",0.00000000e+00
"20__512_8_8192_8",36,16,"SQ_LDS_BANK_CONFLICT",512.000000
"20__512_8_8192_8",36,16,"SQ_LDS_UNALIGNED_STALL",0.00000000e+00
"20__512_8_8192_16",36,16,"SQ_LDS_BANK_CONFLICT",512.000000
"20__512_8_8192_16",36,16,"SQ_LDS_UNALIGNED_STALL",0.00000000e+00
"20__512_16",36,16,"SQ_LDS_BANK_CONFLICT",768.000000
"20__512_16",36,16,"SQ_LDS_UNALIGNED_STALL",0.00000000e+00
"20__512_16_4096_8",36,16,"SQ_LDS_BANK_CONFLICT",512.000000
"20__512_16_4096_8",36,16,"SQ_LDS_UNALIGNED_STALL",0.00000000e+00
"20__512_16_4096_16",36,16,"SQ_LDS_BANK_CONFLICT",768.000000
"20__512_16_4096_16",36,16,"SQ_LDS_UNALIGNED_STALL",0.00000000e+00
"20__128_8",36,16,"SQ_LDS_BANK_CONFLICT",896.000000
"20__128_8",36,16,"SQ_LDS_UNALIGNED_STALL",0.00000000e+00
"20__128_8_2048_8",36,16,"SQ_LDS_BANK_CONFLICT",128.000000
"20__128_8_2048_8",36,16,"SQ_LDS_UNALIGNED_STALL",0.00000000e+00
"20__128_8_2048_16",36,16,"SQ_LDS_BANK_CONFLICT",384.000000
"20__128_8_2048_16",36,16,"SQ_LDS_UNALIGNED_STALL",0.00000000e+00
"20__128_16",36,16,"SQ_LDS_BANK_CONFLICT",2048.000000
"20__128_16",36,16,"SQ_LDS_UNALIGNED_STALL",0.00000000e+00
"20__128_16_1024_8",36,16,"SQ_LDS_BANK_CONFLICT",200.000000
"20__128_16_1024_8",36,16,"SQ_LDS_UNALIGNED_STALL",0.00000000e+00
"20__128_16_1024_16",36,16,"SQ_LDS_BANK_CONFLICT",568.000000
"20__128_16_1024_16",36,16,"SQ_LDS_UNALIGNED_STALL",0.00000000e+00
"20__256_8",36,16,"SQ_LDS_BANK_CONFLICT",512.000000
"20__256_8",36,16,"SQ_LDS_UNALIGNED_STALL",0.00000000e+00
"20__256_8_4096_8",36,16,"SQ_LDS_BANK_CONFLICT",256.000000
"20__256_8_4096_8",36,16,"SQ_LDS_UNALIGNED_STALL",0.00000000e+00
"20__256_8_4096_16",36,16,"SQ_LDS_BANK_CONFLICT",512.000000
"20__256_8_4096_16",36,16,"SQ_LDS_UNALIGNED_STALL",0.00000000e+00
"20__256_16",36,16,"SQ_LDS_BANK_CONFLICT",1024.000000
"20__256_16",36,16,"SQ_LDS_UNALIGNED_STALL",0.00000000e+00
"20__256_16_2048_8",36,16,"SQ_LDS_BANK_CONFLICT",256.000000
"20__256_16_2048_8",36,16,"SQ_LDS_UNALIGNED_STALL",0.00000000e+00
"20__256_16_2048_16",36,16,"SQ_LDS_BANK_CONFLICT",512.000000
"20__256_16_2048_16",36,16,"SQ_LDS_UNALIGNED_STALL",0.00000000e+00
"21__64_8",36,16,"SQ_LDS_BANK_CONFLICT",1920.000000
"21__64_8",36,16,"SQ_LDS_UNALIGNED_STALL",0.00000000e+00
"21__64_8_1024_8",36,16,"SQ_LDS_BANK_CONFLICT",128.000000
"21__64_8_1024_8",36,16,"SQ_LDS_UNALIGNED_STALL",0.00000000e+00
"21__64_8_1024_16",36,16,"SQ_LDS_BANK_CONFLICT",384.000000
"21__64_8_1024_16",36,16,"SQ_LDS_UNALIGNED_STALL",0.00000000e+00
"21__64_16",36,16,"SQ_LDS_BANK_CONFLICT",4096.000000
"21__64_16",36,16,"SQ_LDS_UNALIGNED_STALL",0.00000000e+00
"21__64_16_512_8",40,16,"SQ_LDS_BANK_CONFLICT",188.000000
"21__64_16_512_8",40,16,"SQ_LDS_UNALIGNED_STALL",0.00000000e+00
"21__64_16_512_16",40,16,"SQ_LDS_BANK_CONFLICT",452.000000
"21__64_16_512_16",40,16,"SQ_LDS_UNALIGNED_STALL",0.00000000e+00
"21__512_8",36,16,"SQ_LDS_BANK_CONFLICT",512.000000
"21__512_8",36,16,"SQ_LDS_UNALIGNED_STALL",0.00000000e+00
"21__512_8_8192_8",36,16,"SQ_LDS_BANK_CONFLICT",512.000000
"21__512_8_8192_8",36,16,"SQ_LDS_UNALIGNED_STALL",0.00000000e+00
"21__512_8_8192_16",36,16,"SQ_LDS_BANK_CONFLICT",512.000000
"21__512_8_8192_16",36,16,"SQ_LDS_UNALIGNED_STALL",0.00000000e+00
"21__512_16",36,16,"SQ_LDS_BANK_CONFLICT",768.000000
"21__512_16",36,16,"SQ_LDS_UNALIGNED_STALL",0.00000000e+00
"21__512_16_4096_8",36,16,"SQ_LDS_BANK_CONFLICT",512.000000
"21__512_16_4096_8",36,16,"SQ_LDS_UNALIGNED_STALL",0.00000000e+00
"21__512_16_4096_16",36,16,"SQ_LDS_BANK_CONFLICT",768.000000
"21__512_16_4096_16",36,16,"SQ_LDS_UNALIGNED_STALL",0.00000000e+00
"21__128_8",36,16,"SQ_LDS_BANK_CONFLICT",896.000000
"21__128_8",36,16,"SQ_LDS_UNALIGNED_STALL",0.00000000e+00
"21__128_8_2048_8",36,16,"SQ_LDS_BANK_CONFLICT",128.000000
"21__128_8_2048_8",36,16,"SQ_LDS_UNALIGNED_STALL",0.00000000e+00
"21__128_8_2048_16",36,16,"SQ_LDS_BANK_CONFLICT",384.000000
"21__128_8_2048_16",36,16,"SQ_LDS_UNALIGNED_STALL",0.00000000e+00
"21__128_16",36,16,"SQ_LDS_BANK_CONFLICT",2048.000000
"21__128_16",36,16,"SQ_LDS_UNALIGNED_STALL",0.00000000e+00
"21__128_16_1024_8",36,16,"SQ_LDS_BANK_CONFLICT",256.000000
"21__128_16_1024_8",36,16,"SQ_LDS_UNALIGNED_STALL",0.00000000e+00
"21__128_16_1024_16",36,16,"SQ_LDS_BANK_CONFLICT",512.000000
"21__128_16_1024_16",36,16,"SQ_LDS_UNALIGNED_STALL",0.00000000e+00
"21__256_8",36,16,"SQ_LDS_BANK_CONFLICT",512.000000
"21__256_8",36,16,"SQ_LDS_UNALIGNED_STALL",0.00000000e+00
"21__256_8_4096_8",36,16,"SQ_LDS_BANK_CONFLICT",256.000000
"21__256_8_4096_8",36,16,"SQ_LDS_UNALIGNED_STALL",0.00000000e+00
"21__256_8_4096_16",36,16,"SQ_LDS_BANK_CONFLICT",512.000000
"21__256_8_4096_16",36,16,"SQ_LDS_UNALIGNED_STALL",0.00000000e+00
"21__256_16",36,16,"SQ_LDS_BANK_CONFLICT",1024.000000
"21__256_16",36,16,"SQ_LDS_UNALIGNED_STALL",0.00000000e+00
"21__256_16_2048_8",36,16,"SQ_LDS_BANK_CONFLICT",256.000000
"21__256_16_2048_8",36,16,"SQ_LDS_UNALIGNED_STALL",0.00000000e+00
"21__256_16_2048_16",36,16,"SQ_LDS_BANK_CONFLICT",512.000000
"21__256_16_2048_16",36,16,"SQ_LDS_UNALIGNED_STALL",0.00000000e+00
"22__64_8",36,16,"SQ_LDS_BANK_CONFLICT",896.000000
"22__64_8",36,16,"SQ_LDS_UNALIGNED_STALL",0.00000000e+00
"22__64_8_1024_8",36,16,"SQ_LDS_BANK_CONFLICT",56.000000
"22__64_8_1024_8",36,16,"SQ_LDS_UNALIGNED_STALL",0.00000000e+00
"22__64_8_1024_16",36,16,"SQ_LDS_BANK_CONFLICT",184.000000
"22__64_8_1024_16",36,16,"SQ_LDS_UNALIGNED_STALL",0.00000000e+00
"22__64_16",36,16,"SQ_LDS_BANK_CONFLICT",2048.000000
"22__64_16",36,16,"SQ_LDS_UNALIGNED_STALL",0.00000000e+00
"22__64_16_512_8",36,16,"SQ_LDS_BANK_CONFLICT",56.000000
"22__64_16_512_8",36,16,"SQ_LDS_UNALIGNED_STALL",0.00000000e+00
"22__64_16_512_16",36,16,"SQ_LDS_BANK_CONFLICT",256.000000
"22__64_16_512_16",36,16,"SQ_LDS_UNALIGNED_STALL",0.00000000e+00
"22__512_8",40,16,"SQ_LDS_BANK_CONFLICT",384.000000
"22__512_8",40,16,"SQ_LDS_UNALIGNED_STALL",0.00000000e+00
"22__512_8_8192_8",40,16,"SQ_LDS_BANK_CONFLICT",384.000000
"22__512_8_8192_8",40,16,"SQ_LDS_UNALIGNED_STALL",0.00000000e+00
"22__512_8_8192_16",40,16,"SQ_LDS_BANK_CONFLICT",384.000000
"22__512_8_8192_16",40,16,"SQ_LDS_UNALIGNED_STALL",0.00000000e+00
"22__512_16",40,16,"SQ_LDS_BANK_CONFLICT",512.000000
"22__512_16",40,16,"SQ_LDS_UNALIGNED_STALL",0.00000000e+00
"22__512_16_4096_8",40,16,"SQ_LDS_BANK_CONFLICT",384.000000
"22__512_16_4096_8",40,16,"SQ_LDS_UNALIGNED_STALL",0.00000000e+00
"22__512_16_4096_16",40,16,"SQ_LDS_BANK_CONFLICT",512.000000
"22__512_16_4096_16",40,16,"SQ_LDS_UNALIGNED_STALL",0.00000000e+00
"22__128_8",36,16,"SQ_LDS_BANK_CONFLICT",384.000000
"22__128_8",36,16,"SQ_LDS_UNALIGNED_STALL",0.00000000e+00
"22__128_8_2048_8",36,16,"SQ_LDS_BANK_CONFLICT",0.00000000e+00
"22__128_8_2048_8",36,16,"SQ_LDS_UNALIGNED_STALL",0.00000000e+00
"22__128_8_2048_16",36,16,"SQ_LDS_BANK_CONFLICT",128.000000
"22__128_8_2048_16",36,16,"SQ_LDS_UNALIGNED_STALL",0.00000000e+00
"22__128_16",36,16,"SQ_LDS_BANK_CONFLICT",1024.000000
"22__128_16",36,16,"SQ_LDS_UNALIGNED_STALL",0.00000000e+00
"22__128_16_1024_8",36,16,"SQ_LDS_BANK_CONFLICT",72.000000
"22__128_16_1024_8",36,16,"SQ_LDS_UNALIGNED_STALL",0.00000000e+00
"22__128_16_1024_16",36,16,"SQ_LDS_BANK_CONFLICT",312.000000
"22__128_16_1024_16",36,16,"SQ_LDS_UNALIGNED_STALL",0.00000000e+00
"22__256_8",36,16,"SQ_LDS_BANK_CONFLICT",256.000000
"22__256_8",36,16,"SQ_LDS_UNALIGNED_STALL",0.00000000e+00
"22__256_8_4096_8",36,16,"SQ_LDS_BANK_CONFLICT",128.000000
"22__256_8_4096_8",36,16,"SQ_LDS_UNALIGNED_STALL",0.00000000e+00
"22__256_8_4096_16",36,16,"SQ_LDS_BANK_CONFLICT",256.000000
"22__256_8_4096_16",36,16,"SQ_LDS_UNALIGNED_STALL",0.00000000e+00
"22__256_16",36,16,"SQ_LDS_BANK_CONFLICT",512.000000
"22__256_16",36,16,"SQ_LDS_UNALIGNED_STALL",0.00000000e+00
"22__256_16_2048_8",36,16,"SQ_LDS_BANK_CONFLICT",128.000000
"22__256_16_2048_8",36,16,"SQ_LDS_UNALIGNED_STALL",0.00000000e+00
"22__256_16_2048_16",36,16,"SQ_LDS_BANK_CONFLICT",256.000000
"22__256_16_2048_16",36,16,"SQ_LDS_UNALIGNED_STALL",0.00000000e+00
"23__64_8",36,16,"SQ_LDS_BANK_CONFLICT",896.000000
"23__64_8",36,16,"SQ_LDS_UNALIGNED_STALL",0.00000000e+00
"23__64_8_1024_8",36,16,"SQ_LDS_BANK_CONFLICT",0.00000000e+00
"23__64_8_1024_8",36,16,"SQ_LDS_UNALIGNED_STALL",0.00000000e+00
"23__64_8_1024_16",36,16,"SQ_LDS_BANK_CONFLICT",128.000000
"23__64_8_1024_16",36,16,"SQ_LDS_UNALIGNED_STALL",0.00000000e+00
"23__64_16",36,16,"SQ_LDS_BANK_CONFLICT",2048.000000
"23__64_16",36,16,"SQ_LDS_UNALIGNED_STALL",0.00000000e+00
"23__64_16_512_8",40,16,"SQ_LDS_BANK_CONFLICT",60.000000
"23__64_16_512_8",40,16,"SQ_LDS_UNALIGNED_STALL",0.00000000e+00
"23__64_16_512_16",40,16,"SQ_LDS_BANK_CONFLICT",196.000000
"23__64_16_512_16",40,16,"SQ_LDS_UNALIGNED_STALL",0.00000000e+00
"23__512_8",36,16,"SQ_LDS_BANK_CONFLICT",384.000000
"23__512_8",36,16,"SQ_LDS_UNALIGNED_STALL",0.00000000e+00
"23__512_8_8192_8",36,16,"SQ_LDS_BANK_CONFLICT",384.000000
"23__512_8_8192_8",36,16,"SQ_LDS_UNALIGNED_STALL",0.00000000e+00
"23__512_8_8192_16",36,16,"SQ_LDS_BANK_CONFLICT",384.000000
"23__512_8_8192_16",36,16,"SQ_LDS_UNALIGNED_STALL",0.00000000e+00
"23__512_16",36,16,"SQ_LDS_BANK_CONFLICT",512.000000
"23__512_16",36,16,"SQ_LDS_UNALIGNED_STALL",0.00000000e+00
"23__512_16_4096_8",36,16,"SQ_LDS_BANK_CONFLICT",384.000000
"23__512_16_4096_8",36,16,"SQ_LDS_UNALIGNED_STALL",0.00000000e+00
"23__512_16_4096_16",36,16,"SQ_LDS_BANK_CONFLICT",512.000000
"23__512_16_4096_16",36,16,"SQ_LDS_UNALIGNED_STALL",0.00000000e+00
"23__128_8",36,16,"SQ_LDS_BANK_CONFLICT",384.000000
"23__128_8",36,16,"SQ_LDS_UNALIGNED_STALL",0.00000000e+00
"23__128_8_2048_8",36,16,"SQ_LDS_BANK_CONFLICT",0.00000000e+00
"23__128_8_2048_8",36,16,"SQ_LDS_UNALIGNED_STALL",0.00000000e+00
"23__128_8_2048_16",36,16,"SQ_LDS_BANK_CONFLICT",128.000000
"23__128_8_2048_16",36,16,"SQ_LDS_UNALIGNED_STALL",0.00000000e+00
"23__128_16",36,16,"SQ_LDS_BANK_CONFLICT",1024.000000
"23__128_16",36,16,"SQ_LDS_UNALIGNED_STALL",0.00000000e+00
"23__128_16_1024_8",36,16,"SQ_LDS_BANK_CONFLICT",128.000000
"23__128_16_1024_8",36,16,"SQ_LDS_UNALIGNED_STALL",0.00000000e+00
"23__128_16_1024_16",36,16,"SQ_LDS_BANK_CONFLICT",256.000000
"23__128_16_1024_16",36,16,"SQ_LDS_UNALIGNED_STALL",0.00000000e+00
"23__256_8",36,16,"SQ_LDS_BANK_CONFLICT",256.000000
"23__256_8",36,16,"SQ_LDS_UNALIGNED_STALL",0.00000000e+00
"23__256_8_4096_8",36,16,"SQ_LDS_BANK_CONFLICT",128.000000
"23__256_8_4096_8",36,16,"SQ_LDS_UNALIGNED_STALL",0.00000000e+00
"23__256_8_4096_16",36,16,"SQ_LDS_BANK_CONFLICT",256.000000
"23__256_8_4096_16",36,16,"SQ_LDS_UNALIGNED_STALL",0.00000000e+00
"23__256_16",36,16,"SQ_LDS_BANK_CONFLICT",512.000000
"23__256_16",36,16,"SQ_LDS_UNALIGNED_STALL",0.00000000e+00
"23__256_16_2048_8",36,16,"SQ_LDS_BANK_CONFLICT",128.000000
"23__256_16_2048_8",36,16,"SQ_LDS_UNALIGNED_STALL",0.00000000e+00
"23__256_16_2048_16",36,16,"SQ_LDS_BANK_CONFLICT",256.000000
"23__256_16_2048_16",36,16,"SQ_LDS_UNALIGNED_STALL",0.00000000e+00
"24__128_8",40,16,"SQ_LDS_BANK_CONFLICT",1792.000000
"24__128_8",40,16,"SQ_LDS_UNALIGNED_STALL",0.00000000e+00
"24__128_8_2048_8",48,16,"SQ_LDS_BANK_CONFLICT",48.000000
"24__128_8_2048_8",48,16,"SQ_LDS_UNALIGNED_STALL",0.00000000e+00
"24__128_8_2048_16",48,16,"SQ_LDS_BANK_CONFLICT",304.000000
"24__128_8_2048_16",48,16,"SQ_LDS_UNALIGNED_STALL",0.00000000e+00
"24__128_16",40,16,"SQ_LDS_BANK_CONFLICT",3968.000000
"24__128_16",40,16,"SQ_LDS_UNALIGNED_STALL",0.00000000e+00
"24__128_16_1024_8",48,16,"SQ_LDS_BANK_CONFLICT",48.000000
"24__128_16_1024_8",48,16,"SQ_LDS_UNALIGNED_STALL",0.00000000e+00
"24__128_16_1024_16",48,16,"SQ_LDS_BANK_CONFLICT",432.000000
"24__128_16_1024_16",48,16,"SQ_LDS_UNALIGNED_STALL",0.00000000e+00
"24__1024_8",40,16,"SQ_LDS_BANK_CONFLICT",896.000000
"24__1024_8",40,16,"SQ_LDS_UNALIGNED_STALL",0.00000000e+00
"24__1024_8_16384_8",40,16,"SQ_LDS_BANK_CONFLICT",896.000000
"24__1024_8_16384_8",40,16,"SQ_LDS_UNALIGNED_STALL",0.00000000e+00
"24__1024_8_16384_16",40,16,"SQ_LDS_BANK_CONFLICT",896.000000
"24__1024_8_16384_16",40,16,"SQ_LDS_UNALIGNED_STALL",0.00000000e+00
"24__1024_16",40,16,"SQ_LDS_BANK_CONFLICT",1152.000000
"24__1024_16",40,16,"SQ_LDS_UNALIGNED_STALL",0.00000000e+00
"24__1024_16_8192_8",40,16,"SQ_LDS_BANK_CONFLICT",896.000000
"24__1024_16_8192_8",40,16,"SQ_LDS_UNALIGNED_STALL",0.00000000e+00
"24__1024_16_8192_16",40,16,"SQ_LDS_BANK_CONFLICT",1152.000000
"24__1024_16_8192_16",40,16,"SQ_LDS_UNALIGNED_STALL",0.00000000e+00
"24__256_8",40,16,"SQ_LDS_BANK_CONFLICT",896.000000
"24__256_8",40,16,"SQ_LDS_UNALIGNED_STALL",0.00000000e+00
"24__256_8_4096_8",40,16,"SQ_LDS_BANK_CONFLICT",128.000000
"24__256_8_4096_8",40,16,"SQ_LDS_UNALIGNED_STALL",0.00000000e+00
"24__256_8_4096_16",40,16,"SQ_LDS_BANK_CONFLICT",384.000000
"24__256_8_4096_16",40,16,"SQ_LDS_UNALIGNED_STALL",0.00000000e+00
"24__256_16",40,16,"SQ_LDS_BANK_CONFLICT",1920.000000
"24__256_16",40,16,"SQ_LDS_UNALIGNED_STALL",0.00000000e+00
"24__256_16_2048_8",48,16,"SQ_LDS_BANK_CONFLICT",32.000000
"24__256_16_2048_8",48,16,"SQ_LDS_UNALIGNED_STALL",0.00000000e+00
"24__256_16_2048_16",48,16,"SQ_LDS_BANK_CONFLICT",336.000000
"24__256_16_2048_16",48,16,"SQ_LDS_UNALIGNED_STALL",0.00000000e+00
"24__512_8",40,16,"SQ_LDS_BANK_CONFLICT",640.000000
"24__512_8",40,16,"SQ_LDS_UNALIGNED_STALL",0.00000000e+00
"24__512_8_8192_8",40,16,"SQ_LDS_BANK_CONFLICT",384.000000
"24__512_8_8192_8",40,16,"SQ_LDS_UNALIGNED_STALL",0.00000000e+00
"24__512_8_8192_16",40,16,"SQ_LDS_BANK_CONFLICT",640.000000
"24__512_8_8192_16",40,16,"SQ_LDS_UNALIGNED_STALL",0.00000000e+00
"24__512_16",40,16,"SQ_LDS_BANK_CONFLICT",1152.000000
"24__512_16",40,16,"SQ_LDS_UNALIGNED_STALL",0.00000000e+00
"24__512_16_4096_8",40,16,"SQ_LDS_BANK_CONFLICT",384.000000
"24__512_16_4096_8",40,16,"SQ_LDS_UNALIGNED_STALL",0.00000000e+00
"24__512_16_4096_16",40,16,"SQ_LDS_BANK_CONFLICT",640.000000
"24__512_16_4096_16",40,16,"SQ_LDS_UNALIGNED_STALL",0.00000000e+00
"25__128_8",36,16,"SQ_LDS_BANK_CONFLICT",1792.000000
"25__128_8",36,16,"SQ_LDS_UNALIGNED_STALL",0.00000000e+00
"25__128_8_2048_8",36,16,"SQ_LDS_BANK_CONFLICT",0.00000000e+00
"25__128_8_2048_8",36,16,"SQ_LDS_UNALIGNED_STALL",0.00000000e+00
"25__128_8_2048_16",36,16,"SQ_LDS_BANK_CONFLICT",256.000000
"25__128_8_2048_16",36,16,"SQ_LDS_UNALIGNED_STALL",0.00000000e+00
"25__128_16",36,16,"SQ_LDS_BANK_CONFLICT",3968.000000
"25__128_16",36,16,"SQ_LDS_UNALIGNED_STALL",0.00000000e+00
"25__128_16_1024_8",36,16,"SQ_LDS_BANK_CONFLICT",56.000000
"25__128_16_1024_8",36,16,"SQ_LDS_UNALIGNED_STALL",0.00000000e+00
"25__128_16_1024_16",36,16,"SQ_LDS_BANK_CONFLICT",328.000000
"25__128_16_1024_16",36,16,"SQ_LDS_UNALIGNED_STALL",0.00000000e+00
"25__1024_8",36,16,"SQ_LDS_BANK_CONFLICT",896.000000
"25__1024_8",36,16,"SQ_LDS_UNALIGNED_STALL",0.00000000e+00
"25__1024_8_16384_8",36,16,"SQ_LDS_BANK_CONFLICT",896.000000
"25__1024_8_16384_8",36,16,"SQ_LDS_UNALIGNED_STALL",0.00000000e+00
"25__1024_8_16384_16",36,16,"SQ_LDS_BANK_CONFLICT",896.000000
"25__1024_8_16384_16",36,16,"SQ_LDS_UNALIGNED_STALL",0.00000000e+00
"25__1024_16",36,16,"SQ_LDS_BANK_CONFLICT",1152.000000
"25__1024_16",36,16,"SQ_LDS_UNALIGNED_STALL",0.00000000e+00
"25__1024_16_8192_8",36,16,"SQ_LDS_BANK_CONFLICT",896.000000
"25__1024_16_8192_8",36,16,"SQ_LDS_UNALIGNED_STALL",0.00000000e+00
"25__1024_16_8192_16",36,16,"SQ_LDS_BANK_CONFLICT",1152.000000
"25__1024_16_8192_16",36,16,"SQ_LDS_UNALIGNED_STALL",0.00000000e+00
"25__256_8",36,16,"SQ_LDS_BANK_CONFLICT",896.000000
"25__256_8",36,16,"SQ_LDS_UNALIGNED_STALL",0.00000000e+00
"25__256_8_4096_8",36,16,"SQ_LDS_BANK_CONFLICT",128.000000
"25__256_8_4096_8",36,16,"SQ_LDS_UNALIGNED_STALL",0.00000000e+00
"25__256_8_4096_16",36,16,"SQ_LDS_BANK_CONFLICT",384.000000
"25__256_8_4096_16",36,16,"SQ_LDS_UNALIGNED_STALL",0.00000000e+00
"25__256_16",36,16,"SQ_LDS_BANK_CONFLICT",1920.000000
"25__256_16",36,16,"SQ_LDS_UNALIGNED_STALL",0.00000000e+00
"25__256_16_2048_8",36,16,"SQ_LDS_BANK_CONFLICT",128.000000
"25__256_16_2048_8",36,16,"SQ_LDS_UNALIGNED_STALL",0.00000000e+00
"25__256_16_2048_16",36,16,"SQ_LDS_BANK_CONFLICT",384.000000
"25__256_16_2048_16",36,16,"SQ_LDS_UNALIGNED_STALL",0.00000000e+00
"25__512_8",36,16,"SQ_LDS_BANK_CONFLICT",640.000000
"25__512_8",36,16,"SQ_LDS_UNALIGNED_STALL",0.00000000e+00
"25__512_8_8192_8",36,16,"SQ_LDS_BANK_CONFLICT",384.000000
"25__512_8_8192_8",36,16,"SQ_LDS_UNALIGNED_STALL",0.00000000e+00
"25__512_8_8192_16",36,16,"SQ_LDS_BANK_CONFLICT",640.000000
"25__512_8_8192_16",36,16,"SQ_LDS_UNALIGNED_STALL",0.00000000e+00
"25__512_16",36,16,"SQ_LDS_BANK_CONFLICT",1152.000000
"25__512_16",36,16,"SQ_LDS_UNALIGNED_STALL",0.00000000e+00
"25__512_16_4096_8",36,16,"SQ_LDS_BANK_CONFLICT",384.000000
"25__512_16_4096_8",36,16,"SQ_LDS_UNALIGNED_STALL",0.00000000e+00
"25__512_16_4096_16",36,16,"SQ_LDS_BANK_CONFLICT",640.000000
"25__512_16_4096_16",36,16,"SQ_LDS_UNALIGNED_STALL",0.00000000e+00
"26__128_8",40,16,"SQ_LDS_BANK_CONFLICT",896.000000
"26__128_8",40,16,"SQ_LDS_UNALIGNED_STALL",0.00000000e+00
"26__128_8_2048_8",48,16,"SQ_LDS_BANK_CONFLICT",48.000000
"26__128_8_2048_8",48,16,"SQ_LDS_UNALIGNED_STALL",0.00000000e+00
"26__128_8_2048_16",48,16,"SQ_LDS_BANK_CONFLICT",176.000000
"26__128_8_2048_16",48,16,"SQ_LDS_UNALIGNED_STALL",0.00000000e+00
"26__128_16",40,16,"SQ_LDS_BANK_CONFLICT",2048.000000
"26__128_16",40,16,"SQ_LDS_UNALIGNED_STALL",0.00000000e+00
"26__128_16_1024_8",48,16,"SQ_LDS_BANK_CONFLICT",48.000000
"26__128_16_1024_8",48,16,"SQ_LDS_UNALIGNED_STALL",0.00000000e+00
"26__128_16_1024_16",48,16,"SQ_LDS_BANK_CONFLICT",304.000000
"26__128_16_1024_16",48,16,"SQ_LDS_UNALIGNED_STALL",0.00000000e+00
"26__1024_8",40,16,"SQ_LDS_BANK_CONFLICT",896.000000
"26__1024_8",40,16,"SQ_LDS_UNALIGNED_STALL",0.00000000e+00
"26__1024_8_16384_8",40,16,"SQ_LDS_BANK_CONFLICT",896.000000
"26__1024_8_16384_8",40,16,"SQ_LDS_UNALIGNED_STALL",0.00000000e+00
"26__1024_8_16384_16",40,16,"SQ_LDS_BANK_CONFLICT",896.000000
"26__1024_8_16384_16",40,16,"SQ_LDS_UNALIGNED_STALL",0.00000000e+00
"26__1024_16",40,16,"SQ_LDS_BANK_CONFLICT",1024.000000
"26__1024_16",40,16,"SQ_LDS_UNALIGNED_STALL",0.00000000e+00
"26__1024_16_8192_8",40,16,"SQ_LDS_BANK_CONFLICT",896.000000
"26__1024_16_8192_8",40,16,"SQ_LDS_UNALIGNED_STALL",0.00000000e+00
"26__1024_16_8192_16",40,16,"SQ_LDS_BANK_CONFLICT",1024.000000
"26__1024_16_8192_16",40,16,"SQ_LDS_UNALIGNED_STALL",0.00000000e+00
"26__256_8",40,16,"SQ_LDS_BANK_CONFLICT",512.000000
"26__256_8",40,16,"SQ_LDS_UNALIGNED_STALL",0.00000000e+00
"26__256_8_4096_8",40,16,"SQ_LDS_BANK_CONFLICT",128.000000
"26__256_8_4096_8",40,16,"SQ_LDS_UNALIGNED_STALL",0.00000000e+00
"26__256_8_4096_16",40,16,"SQ_LDS_BANK_CONFLICT",256.000000
"26__256_8_4096_16",40,16,"SQ_LDS_UNALIGNED_STALL",0.00000000e+00
"26__256_16",40,16,"SQ_LDS_BANK_CONFLICT",1024.000000
"26__256_16",40,16,"SQ_LDS_UNALIGNED_STALL",0.00000000e+00
"26__256_16_2048_8",48,16,"SQ_LDS_BANK_CONFLICT",32.000000
"26__256_16_2048_8",48,16,"SQ_LDS_UNALIGNED_STALL",0.00000000e+00
"26__256_16_2048_16",48,16,"SQ_LDS_BANK_CONFLICT",208.000000
"26__256_16_2048_16",48,16,"SQ_LDS_UNALIGNED_STALL",0.00000000e+00
"26__512_8",40,16,"SQ_LDS_BANK_CONFLICT",512.000000
"26__512_8",40,16,"SQ_LDS_UNALIGNED_STALL",0.00000000e+00
"26__512_8_8192_8",40,16,"SQ_LDS_BANK_CONFLICT",384.000000
"26__512_8_8192_8",40,16,"SQ_LDS_UNALIGNED_STALL",0.00000000e+00
"26__512_8_8192_16",40,16,"SQ_LDS_BANK_CONFLICT",512.000000
"26__512_8_8192_16",40,16,"SQ_LDS_UNALIGNED_STALL",0.00000000e+00
"26__512_16",40,16,"SQ_LDS_BANK_CONFLICT",768.000000
"26__512_16",40,16,"SQ_LDS_UNALIGNED_STALL",0.00000000e+00
"26__512_16_4096_8",40,16,"SQ_LDS_BANK_CONFLICT",384.000000
"26__512_16_4096_8",40,16,"SQ_LDS_UNALIGNED_STALL",0.00000000e+00
"26__512_16_4096_16",40,16,"SQ_LDS_BANK_CONFLICT",512.000000
"26__512_16_4096_16",40,16,"SQ_LDS_UNALIGNED_STALL",0.00000000e+00
"27__128_8",36,16,"SQ_LDS_BANK_CONFLICT",896.000000
"27__128_8",36,16,"SQ_LDS_UNALIGNED_STALL",0.00000000e+00
"27__128_8_2048_8",36,16,"SQ_LDS_BANK_CONFLICT",0.00000000e+00
"27__128_8_2048_8",36,16,"SQ_LDS_UNALIGNED_STALL",0.00000000e+00
"27__128_8_2048_16",36,16,"SQ_LDS_BANK_CONFLICT",128.000000
"27__128_8_2048_16",36,16,"SQ_LDS_UNALIGNED_STALL",0.00000000e+00
"27__128_16",36,16,"SQ_LDS_BANK_CONFLICT",2048.000000
"27__128_16",36,16,"SQ_LDS_UNALIGNED_STALL",0.00000000e+00
"27__128_16_1024_8",36,16,"SQ_LDS_BANK_CONFLICT",56.000000
"27__128_16_1024_8",36,16,"SQ_LDS_UNALIGNED_STALL",0.00000000e+00
"27__128_16_1024_16",36,16,"SQ_LDS_BANK_CONFLICT",200.000000
"27__128_16_1024_16",36,16,"SQ_LDS_UNALIGNED_STALL",0.00000000e+00
"27__1024_8",36,16,"SQ_LDS_BANK_CONFLICT",896.000000
"27__1024_8",36,16,"SQ_LDS_UNALIGNED_STALL",0.00000000e+00
"27__1024_8_16384_8",36,16,"SQ_LDS_BANK_CONFLICT",896.000000
"27__1024_8_16384_8",36,16,"SQ_LDS_UNALIGNED_STALL",0.00000000e+00
"27__1024_8_16384_16",36,16,"SQ_LDS_BANK_CONFLICT",896.000000
"27__1024_8_16384_16",36,16,"SQ_LDS_UNALIGNED_STALL",0.00000000e+00
"27__1024_16",36,16,"SQ_LDS_BANK_CONFLICT",1024.000000
"27__1024_16",36,16,"SQ_LDS_UNALIGNED_STALL",0.00000000e+00
"27__1024_16_8192_8",36,16,"SQ_LDS_BANK_CONFLICT",896.000000
"27__1024_16_8192_8",36,16,"SQ_LDS_UNALIGNED_STALL",0.00000000e+00
"27__1024_16_8192_16",36,16,"SQ_LDS_BANK_CONFLICT",1024.000000
"27__1024_16_8192_16",36,16,"SQ_LDS_UNALIGNED_STALL",0.00000000e+00
"27__256_8",36,16,"SQ_LDS_BANK_CONFLICT",512.000000
"27__256_8",36,16,"SQ_LDS_UNALIGNED_STALL",0.00000000e+00
"27__256_8_4096_8",36,16,"SQ_LDS_BANK_CONFLICT",128.000000
"27__256_8_4096_8",36,16,"SQ_LDS_UNALIGNED_STALL",0.00000000e+00
"27__256_8_4096_16",36,16,"SQ_LDS_BANK_CONFLICT",256.000000
"27__256_8_4096_16",36,16,"SQ_LDS_UNALIGNED_STALL",0.00000000e+00
"27__256_16",36,16,"SQ_LDS_BANK_CONFLICT",1024.000000
"27__256_16",36,16,"SQ_LDS_UNALIGNED_STALL",0.00000000e+00
"27__256_16_2048_8",36,16,"SQ_LDS_BANK_CONFLICT",128.000000
"27__256_16_2048_8",36,16,"SQ_LDS_UNALIGNED_STALL",0.00000000e+00
"27__256_16_2048_16",36,16,"SQ_LDS_BANK_CONFLICT",256.000000
"27__256_16_2048_16",36,16,"SQ_LDS_UNALIGNED_STALL",0.00000000e+00
"27__512_8",36,16,"SQ_LDS_BANK_CONFLICT",512.000000
"27__512_8",36,16,"SQ_LDS_UNALIGNED_STALL",0.00000000e+00
"27__512_8_8192_8",36,16,"SQ_LDS_BANK_CONFLICT",384.000000
"27__512_8_8192_8",36,16,"SQ_LDS_UNALIGNED_STALL",0.00000000e+00
"27__512_8_8192_16",36,16,"SQ_LDS_BANK_CONFLICT",512.000000
"27__512_8_8192_16",36,16,"SQ_LDS_UNALIGNED_STALL",0.00000000e+00
"27__512_16",36,16,"SQ_LDS_BANK_CONFLICT",768.000000
"27__512_16",36,16,"SQ_LDS_UNALIGNED_STALL",0.00000000e+00
"27__512_16_4096_8",36,16,"SQ_LDS_BANK_CONFLICT",384.000000
"27__512_16_4096_8",36,16,"SQ_LDS_UNALIGNED_STALL",0.00000000e+00
"27__512_16_4096_16",36,16,"SQ_LDS_BANK_CONFLICT",512.000000
"27__512_16_4096_16",36,16,"SQ_LDS_UNALIGNED_STALL",0.00000000e+00
"28__128_8",40,16,"SQ_LDS_BANK_CONFLICT",896.000000
"28__128_8",40,16,"SQ_LDS_UNALIGNED_STALL",0.00000000e+00
"28__128_8_2048_8",48,16,"SQ_LDS_BANK_CONFLICT",48.000000
"28__128_8_2048_8",48,16,"SQ_LDS_UNALIGNED_STALL",0.00000000e+00
"28__128_8_2048_16",48,16,"SQ_LDS_BANK_CONFLICT",176.000000
"28__128_8_2048_16",48,16,"SQ_LDS_UNALIGNED_STALL",0.00000000e+00
"28__128_16",40,16,"SQ_LDS_BANK_CONFLICT",2048.000000
"28__128_16",40,16,"SQ_LDS_UNALIGNED_STALL",0.00000000e+00
"28__128_16_1024_8",48,16,"SQ_LDS_BANK_CONFLICT",48.000000
"28__128_16_1024_8",48,16,"SQ_LDS_UNALIGNED_STALL",0.00000000e+00
"28__128_16_1024_16",48,16,"SQ_LDS_BANK_CONFLICT",304.000000
"28__128_16_1024_16",48,16,"SQ_LDS_UNALIGNED_STALL",0.00000000e+00
"28__1024_8",40,16,"SQ_LDS_BANK_CONFLICT",896.000000
"28__1024_8",40,16,"SQ_LDS_UNALIGNED_STALL",0.00000000e+00
"28__1024_8_16384_8",40,16,"SQ_LDS_BANK_CONFLICT",896.000000
"28__1024_8_16384_8",40,16,"SQ_LDS_UNALIGNED_STALL",0.00000000e+00
"28__1024_8_16384_16",40,16,"SQ_LDS_BANK_CONFLICT",896.000000
"28__1024_8_16384_16",40,16,"SQ_LDS_UNALIGNED_STALL",0.00000000e+00
"28__1024_16",40,16,"SQ_LDS_BANK_CONFLICT",1024.000000
"28__1024_16",40,16,"SQ_LDS_UNALIGNED_STALL",0.00000000e+00
"28__1024_16_8192_8",40,16,"SQ_LDS_BANK_CONFLICT",896.000000
"28__1024_16_8192_8",40,16,"SQ_LDS_UNALIGNED_STALL",0.00000000e+00
"28__1024_16_8192_16",40,16,"SQ_LDS_BANK_CONFLICT",1024.000000
"28__1024_16_8192_16",40,16,"SQ_LDS_UNALIGNED_STALL",0.00000000e+00
"28__256_8",40,16,"SQ_LDS_BANK_CONFLICT",512.000000
"28__256_8",40,16,"SQ_LDS_UNALIGNED_STALL",0.00000000e+00
"28__256_8_4096_8",40,16,"SQ_LDS_BANK_CONFLICT",128.000000
"28__256_8_4096_8",40,16,"SQ_LDS_UNALIGNED_STALL",0.00000000e+00
"28__256_8_4096_16",40,16,"SQ_LDS_BANK_CONFLICT",256.000000
"28__256_8_4096_16",40,16,"SQ_LDS_UNALIGNED_STALL",0.00000000e+00
"28__256_16",40,16,"SQ_LDS_BANK_CONFLICT",1024.000000
"28__256_16",40,16,"SQ_LDS_UNALIGNED_STALL",0.00000000e+00
"28__256_16_2048_8",48,16,"SQ_LDS_BANK_CONFLICT",32.000000
"28__256_16_2048_8",48,16,"SQ_LDS_UNALIGNED_STALL",0.00000000e+00
"28__256_16_2048_16",48,16,"SQ_LDS_BANK_CONFLICT",208.000000
"28__256_16_2048_16",48,16,"SQ_LDS_UNALIGNED_STALL",0.00000000e+00
"28__512_8",40,16,"SQ_LDS_BANK_CONFLICT",512.000000
"28__512_8",40,16,"SQ_LDS_UNALIGNED_STALL",0.00000000e+00
"28__512_8_8192_8",40,16,"SQ_LDS_BANK_CONFLICT",384.000000
"28__512_8_8192_8",40,16,"SQ_LDS_UNALIGNED_STALL",0.00000000e+00
"28__512_8_8192_16",40,16,"SQ_LDS_BANK_CONFLICT",512.000000
"28__512_8_8192_16",40,16,"SQ_LDS_UNALIGNED_STALL",0.00000000e+00
"28__512_16",40,16,"SQ_LDS_BANK_CONFLICT",768.000000
"28__512_16",40,16,"SQ_LDS_UNALIGNED_STALL",0.00000000e+00
"28__512_16_4096_8",40,16,"SQ_LDS_BANK_CONFLICT",384.000000
"28__512_16_4096_8",40,16,"SQ_LDS_UNALIGNED_STALL",0.00000000e+00
"28__512_16_4096_16",40,16,"SQ_LDS_BANK_CONFLICT",512.000000
"28__512_16_4096_16",40,16,"SQ_LDS_UNALIGNED_STALL",0.00000000e+00
"29__128_8",36,16,"SQ_LDS_BANK_CONFLICT",896.000000
"29__128_8",36,16,"SQ_LDS_UNALIGNED_STALL",0.00000000e+00
"29__128_8_2048_8",36,16,"SQ_LDS_BANK_CONFLICT",0.00000000e+00
"29__128_8_2048_8",36,16,"SQ_LDS_UNALIGNED_STALL",0.00000000e+00
"29__128_8_2048_16",36,16,"SQ_LDS_BANK_CONFLICT",128.000000
"29__128_8_2048_16",36,16,"SQ_LDS_UNALIGNED_STALL",0.00000000e+00
"29__128_16",36,16,"SQ_LDS_BANK_CONFLICT",2048.000000
"29__128_16",36,16,"SQ_LDS_UNALIGNED_STALL",0.00000000e+00
"29__128_16_1024_8",36,16,"SQ_LDS_BANK_CONFLICT",56.000000
"29__128_16_1024_8",36,16,"SQ_LDS_UNALIGNED_STALL",0.00000000e+00
"29__128_16_1024_16",36,16,"SQ_LDS_BANK_CONFLICT",200.000000
"29__128_16_1024_16",36,16,"SQ_LDS_UNALIGNED_STALL",0.00000000e+00
"29__1024_8",40,16,"SQ_LDS_BANK_CONFLICT",896.000000
"29__1024_8",40,16,"SQ_LDS_UNALIGNED_STALL",0.00000000e+00
"29__1024_8_16384_8",40,16,"SQ_LDS_BANK_CONFLICT",896.000000
"29__1024_8_16384_8",40,16,"SQ_LDS_UNALIGNED_STALL",0.00000000e+00
"29__1024_8_16384_16",40,16,"SQ_LDS_BANK_CONFLICT",896.000000
"29__1024_8_16384_16",40,16,"SQ_LDS_UNALIGNED_STALL",0.00000000e+00
"29__1024_16",40,16,"SQ_LDS_BANK_CONFLICT",1024.000000
"29__1024_16",40,16,"SQ_LDS_UNALIGNED_STALL",0.00000000e+00
"29__1024_16_8192_8",40,16,"SQ_LDS_BANK_CONFLICT",896.000000
"29__1024_16_8192_8",40,16,"SQ_LDS_UNALIGNED_STALL",0.00000000e+00
"29__1024_16_8192_16",40,16,"SQ_LDS_BANK_CONFLICT",1024.000000
"29__1024_16_8192_16",40,16,"SQ_LDS_UNALIGNED_STALL",0.00000000e+00
"29__256_8",36,16,"SQ_LDS_BANK_CONFLICT",512.000000
"29__256_8",36,16,"SQ_LDS_UNALIGNED_STALL",0.00000000e+00
"29__256_8_4096_8",36,16,"SQ_LDS_BANK_CONFLICT",128.000000
"29__256_8_4096_8",36,16,"SQ_LDS_UNALIGNED_STALL",0.00000000e+00
"29__256_8_4096_16",36,16,"SQ_LDS_BANK_CONFLICT",256.000000
"29__256_8_4096_16",36,16,"SQ_LDS_UNALIGNED_STALL",0.00000000e+00
"29__256_16",36,16,"SQ_LDS_BANK_CONFLICT",1024.000000
"29__256_16",36,16,"SQ_LDS_UNALIGNED_STALL",0.00000000e+00
"29__256_16_2048_8",36,16,"SQ_LDS_BANK_CONFLICT",128.000000
"29__256_16_2048_8",36,16,"SQ_LDS_UNALIGNED_STALL",0.00000000e+00
"29__256_16_2048_16",36,16,"SQ_LDS_BANK_CONFLICT",256.000000
"29__256_16_2048_16",36,16,"SQ_LDS_UNALIGNED_STALL",0.00000000e+00
"29__512_8",44,16,"SQ_LDS_BANK_CONFLICT",512.000000
"29__512_8",44,16,"SQ_LDS_UNALIGNED_STALL",0.00000000e+00
"29__512_8_8192_8",44,16,"SQ_LDS_BANK_CONFLICT",384.000000
"29__512_8_8192_8",44,16,"SQ_LDS_UNALIGNED_STALL",0.00000000e+00
"29__512_8_8192_16",44,16,"SQ_LDS_BANK_CONFLICT",512.000000
"29__512_8_8192_16",44,16,"SQ_LDS_UNALIGNED_STALL",0.00000000e+00
"29__512_16",40,16,"SQ_LDS_BANK_CONFLICT",768.000000
"29__512_16",40,16,"SQ_LDS_UNALIGNED_STALL",0.00000000e+00
"29__512_16_4096_8",40,16,"SQ_LDS_BANK_CONFLICT",384.000000
"29__512_16_4096_8",40,16,"SQ_LDS_UNALIGNED_STALL",0.00000000e+00
"29__512_16_4096_16",40,16,"SQ_LDS_BANK_CONFLICT",512.000000
"29__512_16_4096_16",40,16,"SQ_LDS_UNALIGNED_STALL",0.00000000e+00
"30__256_8",68,16,"SQ_LDS_BANK_CONFLICT",768.000000
"30__256_8",68,16,"SQ_LDS_UNALIGNED_STALL",0.00000000e+00
"30__256_8_4096_8",76,16,"SQ_LDS_BANK_CONFLICT",32.000000
"30__256_8_4096_8",76,16,"SQ_LDS_UNALIGNED_STALL",0.00000000e+00
"30__256_8_4096_16",76,16,"SQ_LDS_BANK_CONFLICT",32.000000
"30__256_8_4096_16",76,16,"SQ_LDS_UNALIGNED_STALL",0.00000000e+00
"30__256_16",68,16,"SQ_LDS_BANK_CONFLICT",1920.000000
"30__256_16",68,16,"SQ_LDS_UNALIGNED_STALL",0.00000000e+00
"30__256_16_2048_8",76,16,"SQ_LDS_BANK_CONFLICT",32.000000
"30__256_16_2048_8",76,16,"SQ_LDS_UNALIGNED_STALL",0.00000000e+00
"30__256_16_2048_16",76,16,"SQ_LDS_BANK_CONFLICT",128.000000
"30__256_16_2048_16",76,16,"SQ_LDS_UNALIGNED_STALL",0.00000000e+00
"30__2048_8",68,16,"SQ_LDS_BANK_CONFLICT",896.000000
"30__2048_8",68,16,"SQ_LDS_UNALIGNED_STALL",0.00000000e+00
"30__2048_8_32768_8",68,16,"SQ_LDS_BANK_CONFLICT",896.000000
"30__2048_8_32768_8",68,16,"SQ_LDS_UNALIGNED_STALL",0.00000000e+00
"30__2048_8_32768_16",68,16,"SQ_LDS_BANK_CONFLICT",896.000000
"30__2048_8_32768_16",68,16,"SQ_LDS_UNALIGNED_STALL",0.00000000e+00
"30__2048_16",68,16,"SQ_LDS_BANK_CONFLICT",896.000000
"30__2048_16",68,16,"SQ_LDS_UNALIGNED_STALL",0.00000000e+00
"30__2048_16_16384_8",68,16,"SQ_LDS_BANK_CONFLICT",896.000000
"30__2048_16_16384_8",68,16,"SQ_LDS_UNALIGNED_STALL",0.00000000e+00
"30__2048_16_16384_16",68,16,"SQ_LDS_BANK_CONFLICT",896.000000
"30__2048_16_16384_16",68,16,"SQ_LDS_UNALIGNED_STALL",0.00000000e+00
"30__128_8",68,16,"SQ_LDS_BANK_CONFLICT",1920.000000
"30__128_8",68,16,"SQ_LDS_UNALIGNED_STALL",0.00000000e+00
"30__128_8_2048_8",76,16,"SQ_LDS_BANK_CONFLICT",32.000000
"30__128_8_2048_8",76,16,"SQ_LDS_UNALIGNED_STALL",0.00000000e+00
"30__128_8_2048_16",76,16,"SQ_LDS_BANK_CONFLICT",128.000000
"30__128_8_2048_16",76,16,"SQ_LDS_UNALIGNED_STALL",0.00000000e+00
"30__128_16",68,16,"SQ_LDS_BANK_CONFLICT",2176.000000
"30__128_16",68,16,"SQ_LDS_UNALIGNED_STALL",0.00000000e+00
"30__128_16_1024_8",76,16,"SQ_LDS_BANK_CONFLICT",32.000000
"30__128_16_1024_8",76,16,"SQ_LDS_UNALIGNED_STALL",0.00000000e+00
"30__128_16_1024_16",76,16,"SQ_LDS_BANK_CONFLICT",416.000000
"30__128_16_1024_16",76,16,"SQ_LDS_UNALIGNED_STALL",0.00000000e+00
"30__512_8",68,16,"SQ_LDS_BANK_CONFLICT",384.000000
"30__512_8",68,16,"SQ_LDS_UNALIGNED_STALL",0.00000000e+00
"30__512_8_8192_8",68,16,"SQ_LDS_BANK_CONFLICT",128.000000
"30__512_8_8192_8",68,16,"SQ_LDS_UNALIGNED_STALL",0.00000000e+00
"30__512_8_8192_16",68,16,"SQ_LDS_BANK_CONFLICT",128.000000
"30__512_8_8192_16",68,16,"SQ_LDS_UNALIGNED_STALL",0.00000000e+00
"30__512_16",68,16,"SQ_LDS_BANK_CONFLICT",896.000000
"30__512_16",68,16,"SQ_LDS_UNALIGNED_STALL",0.00000000e+00
"30__512_16_4096_8",76,16,"SQ_LDS_BANK_CONFLICT",96.000000
"30__512_16_4096_8",76,16,"SQ_LDS_UNALIGNED_STALL",0.00000000e+00
"30__512_16_4096_16",76,16,"SQ_LDS_BANK_CONFLICT",160.000000
"30__512_16_4096_16",76,16,"SQ_LDS_UNALIGNED_STALL",0.00000000e+00
"30__1024_8",68,16,"SQ_LDS_BANK_CONFLICT",384.000000
"30__1024_8",68,16,"SQ_LDS_UNALIGNED_STALL",0.00000000e+00
"30__1024_8_16384_8",68,16,"SQ_LDS_BANK_CONFLICT",384.000000
"30__1024_8_16384_8",68,16,"SQ_LDS_UNALIGNED_STALL",0.00000000e+00
"30__1024_8_16384_16",68,16,"SQ_LDS_BANK_CONFLICT",384.000000
"30__1024_8_16384_16",68,16,"SQ_LDS_UNALIGNED_STALL",0.00000000e+00
"30__1024_16",68,16,"SQ_LDS_BANK_CONFLICT",640.000000
"30__1024_16",68,16,"SQ_LDS_UNALIGNED_STALL",0.00000000e+00
"30__1024_16_8192_8",68,16,"SQ_LDS_BANK_CONFLICT",384.000000
"30__1024_16_8192_8",68,16,"SQ_LDS_UNALIGNED_STALL",0.00000000e+00
"30__1024_16_8192_16",68,16,"SQ_LDS_BANK_CONFLICT",384.000000
"30__1024_16_8192_16",68,16,"SQ_LDS_UNALIGNED_STALL",0.00000000e+00
"31__256_8",40,16,"SQ_LDS_BANK_CONFLICT",768.000000
"31__256_8",40,16,"SQ_LDS_UNALIGNED_STALL",0.00000000e+00
"31__256_8_4096_8",40,16,"SQ_LDS_BANK_CONFLICT",0.00000000e+00
"31__256_8_4096_8",40,16,"SQ_LDS_UNALIGNED_STALL",0.00000000e+00
"31__256_8_4096_16",40,16,"SQ_LDS_BANK_CONFLICT",0.00000000e+00
"31__256_8_4096_16",40,16,"SQ_LDS_UNALIGNED_STALL",0.00000000e+00
"31__256_16",40,16,"SQ_LDS_BANK_CONFLICT",1920.000000
"31__256_16",40,16,"SQ_LDS_UNALIGNED_STALL",0.00000000e+00
"31__256_16_2048_8",48,16,"SQ_LDS_BANK_CONFLICT",48.000000
"31__256_16_2048_8",48,16,"SQ_LDS_UNALIGNED_STALL",0.00000000e+00
"31__256_16_2048_16",48,16,"SQ_LDS_BANK_CONFLICT",80.000000
"31__256_16_2048_16",48,16,"SQ_LDS_UNALIGNED_STALL",0.00000000e+00
"31__2048_8",40,16,"SQ_LDS_BANK_CONFLICT",896.000000
"31__2048_8",40,16,"SQ_LDS_UNALIGNED_STALL",0.00000000e+00
"31__2048_8_32768_8",40,16,"SQ_LDS_BANK_CONFLICT",896.000000
"31__2048_8_32768_8",40,16,"SQ_LDS_UNALIGNED_STALL",0.00000000e+00
"31__2048_8_32768_16",40,16,"SQ_LDS_BANK_CONFLICT",896.000000
"31__2048_8_32768_16",40,16,"SQ_LDS_UNALIGNED_STALL",0.00000000e+00
"31__2048_16",40,16,"SQ_LDS_BANK_CONFLICT",896.000000
"31__2048_16",40,16,"SQ_LDS_UNALIGNED_STALL",0.00000000e+00
"31__2048_16_16384_8",40,16,"SQ_LDS_BANK_CONFLICT",896.000000
"31__2048_16_16384_8",40,16,"SQ_LDS_UNALIGNED_STALL",0.00000000e+00
"31__2048_16_16384_16",40,16,"SQ_LDS_BANK_CONFLICT",896.000000
"31__2048_16_16384_16",40,16,"SQ_LDS_UNALIGNED_STALL",0.00000000e+00
"31__128_8",40,16,"SQ_LDS_BANK_CONFLICT",1920.000000
"31__128_8",40,16,"SQ_LDS_UNALIGNED_STALL",0.00000000e+00
"31__128_8_2048_8",48,16,"SQ_LDS_BANK_CONFLICT",48.000000
"31__128_8_2048_8",48,16,"SQ_LDS_UNALIGNED_STALL",0.00000000e+00
"31__128_8_2048_16",48,16,"SQ_LDS_BANK_CONFLICT",80.000000
"31__128_8_2048_16",48,16,"SQ_LDS_UNALIGNED_STALL",0.00000000e+00
"31__128_16",40,16,"SQ_LDS_BANK_CONFLICT",2176.000000
"31__128_16",40,16,"SQ_LDS_UNALIGNED_STALL",0.00000000e+00
"31__128_16_1024_8",48,16,"SQ_LDS_BANK_CONFLICT",48.000000
"31__128_16_1024_8",48,16,"SQ_LDS_UNALIGNED_STALL",0.00000000e+00
"31__128_16_1024_16",48,16,"SQ_LDS_BANK_CONFLICT",336.000000
"31__128_16_1024_16",48,16,"SQ_LDS_UNALIGNED_STALL",0.00000000e+00
"31__512_8",40,16,"SQ_LDS_BANK_CONFLICT",384.000000
"31__512_8",40,16,"SQ_LDS_UNALIGNED_STALL",0.00000000e+00
"31__512_8_8192_8",40,16,"SQ_LDS_BANK_CONFLICT",128.000000
"31__512_8_8192_8",40,16,"SQ_LDS_UNALIGNED_STALL",0.00000000e+00
"31__512_8_8192_16",40,16,"SQ_LDS_BANK_CONFLICT",128.000000
"31__512_8_8192_16",40,16,"SQ_LDS_UNALIGNED_STALL",0.00000000e+00
"31__512_16",40,16,"SQ_LDS_BANK_CONFLICT",896.000000
"31__512_16",40,16,"SQ_LDS_UNALIGNED_STALL",0.00000000e+00
"31__512_16_4096_8",40,16,"SQ_LDS_BANK_CONFLICT",128.000000
"31__512_16_4096_8",40,16,"SQ_LDS_UNALIGNED_STALL",0.00000000e+00
"31__512_16_4096_16",40,16,"SQ_LDS_BANK_CONFLICT",128.000000
"31__512_16_4096_16",40,16,"SQ_LDS_UNALIGNED_STALL",0.00000000e+00
"31__1024_8",40,16,"SQ_LDS_BANK_CONFLICT",384.000000
"31__1024_8",40,16,"SQ_LDS_UNALIGNED_STALL",0.00000000e+00
"31__1024_8_16384_8",40,16,"SQ_LDS_BANK_CONFLICT",384.000000
"31__1024_8_16384_8",40,16,"SQ_LDS_UNALIGNED_STALL",0.00000000e+00
"31__1024_8_16384_16",40,16,"SQ_LDS_BANK_CONFLICT",384.000000
"31__1024_8_16384_16",40,16,"SQ_LDS_UNALIGNED_STALL",0.00000000e+00
"31__1024_16",40,16,"SQ_LDS_BANK_CONFLICT",640.000000
"31__1024_16",40,16,"SQ_LDS_UNALIGNED_STALL",0.00000000e+00
"31__1024_16_8192_8",40,16,"SQ_LDS_BANK_CONFLICT",384.000000
"31__1024_16_8192_8",40,16,"SQ_LDS_UNALIGNED_STALL",0.00000000e+00
"31__1024_16_8192_16",40,16,"SQ_LDS_BANK_CONFLICT",384.000000
"31__1024_16_8192_16",40,16,"SQ_LDS_UNALIGNED_STALL",0.00000000e+00
"32__256_8",68,16,"SQ_LDS_BANK_CONFLICT",384.000000
"32__256_8",68,16,"SQ_LDS_UNALIGNED_STALL",0.00000000e+00
"32__256_8_4096_8",76,16,"SQ_LDS_BANK_CONFLICT",160.000000
"32__256_8_4096_8",76,16,"SQ_LDS_UNALIGNED_STALL",0.00000000e+00
"32__256_8_4096_16",76,16,"SQ_LDS_BANK_CONFLICT",32.000000
"32__256_8_4096_16",76,16,"SQ_LDS_UNALIGNED_STALL",0.00000000e+00
"32__256_16",68,16,"SQ_LDS_BANK_CONFLICT",1024.000000
"32__256_16",68,16,"SQ_LDS_UNALIGNED_STALL",0.00000000e+00
"32__256_16_2048_8",76,16,"SQ_LDS_BANK_CONFLICT",160.000000
"32__256_16_2048_8",76,16,"SQ_LDS_UNALIGNED_STALL",0.00000000e+00
"32__256_16_2048_16",76,16,"SQ_LDS_BANK_CONFLICT",128.000000
"32__256_16_2048_16",76,16,"SQ_LDS_UNALIGNED_STALL",0.00000000e+00
"32__2048_8",68,16,"SQ_LDS_BANK_CONFLICT",1024.000000
"32__2048_8",68,16,"SQ_LDS_UNALIGNED_STALL",0.00000000e+00
"32__2048_8_32768_8",68,16,"SQ_LDS_BANK_CONFLICT",1024.000000
"32__2048_8_32768_8",68,16,"SQ_LDS_UNALIGNED_STALL",0.00000000e+00
"32__2048_8_32768_16",68,16,"SQ_LDS_BANK_CONFLICT",1024.000000
"32__2048_8_32768_16",68,16,"SQ_LDS_UNALIGNED_STALL",0.00000000e+00
"32__2048_16",68,16,"SQ_LDS_BANK_CONFLICT",896.000000
"32__2048_16",68,16,"SQ_LDS_UNALIGNED_STALL",0.00000000e+00
"32__2048_16_16384_8",68,16,"SQ_LDS_BANK_CONFLICT",896.000000
"32__2048_16_16384_8",68,16,"SQ_LDS_UNALIGNED_STALL",0.00000000e+00
"32__2048_16_16384_16",68,16,"SQ_LDS_BANK_CONFLICT",896.000000
"32__2048_16_16384_16",68,16,"SQ_LDS_UNALIGNED_STALL",0.00000000e+00
"32__128_8",68,16,"SQ_LDS_BANK_CONFLICT",1024.000000
"32__128_8",68,16,"SQ_LDS_UNALIGNED_STALL",0.00000000e+00
"32__128_8_2048_8",76,16,"SQ_LDS_BANK_CONFLICT",160.000000
"32__128_8_2048_8",76,16,"SQ_LDS_UNALIGNED_STALL",0.00000000e+00
"32__128_8_2048_16",76,16,"SQ_LDS_BANK_CONFLICT",128.000000
"32__128_8_2048_16",76,16,"SQ_LDS_UNALIGNED_STALL",0.00000000e+00
"32__128_16",68,16,"SQ_LDS_BANK_CONFLICT",1280.000000
"32__128_16",68,16,"SQ_LDS_UNALIGNED_STALL",0.00000000e+00
"32__128_16_1024_8",76,16,"SQ_LDS_BANK_CONFLICT",32.000000
"32__128_16_1024_8",76,16,"SQ_LDS_UNALIGNED_STALL",0.00000000e+00
"32__128_16_1024_16",76,16,"SQ_LDS_BANK_CONFLICT",288.000000
"32__128_16_1024_16",76,16,"SQ_LDS_UNALIGNED_STALL",0.00000000e+00
"32__512_8",68,16,"SQ_LDS_BANK_CONFLICT",256.000000
"32__512_8",68,16,"SQ_LDS_UNALIGNED_STALL",0.00000000e+00
"32__512_8_8192_8",68,16,"SQ_LDS_BANK_CONFLICT",256.000000
"32__512_8_8192_8",68,16,"SQ_LDS_UNALIGNED_STALL",0.00000000e+00
"32__512_8_8192_16",68,16,"SQ_LDS_BANK_CONFLICT",128.000000
"32__512_8_8192_16",68,16,"SQ_LDS_UNALIGNED_STALL",0.00000000e+00
"32__512_16",68,16,"SQ_LDS_BANK_CONFLICT",512.000000
"32__512_16",68,16,"SQ_LDS_UNALIGNED_STALL",0.00000000e+00
"32__512_16_4096_8",76,16,"SQ_LDS_BANK_CONFLICT",224.000000
"32__512_16_4096_8",76,16,"SQ_LDS_UNALIGNED_STALL",0.00000000e+00
"32__512_16_4096_16",76,16,"SQ_LDS_BANK_CONFLICT",160.000000
"32__512_16_4096_16",76,16,"SQ_LDS_UNALIGNED_STALL",0.00000000e+00
"32__1024_8",68,16,"SQ_LDS_BANK_CONFLICT",384.000000
"32__1024_8",68,16,"SQ_LDS_UNALIGNED_STALL",0.00000000e+00
"32__1024_8_16384_8",68,16,"SQ_LDS_BANK_CONFLICT",384.000000
"32__1024_8_16384_8",68,16,"SQ_LDS_UNALIGNED_STALL",0.00000000e+00
"32__1024_8_16384_16",68,16,"SQ_LDS_BANK_CONFLICT",384.000000
"32__1024_8_16384_16",68,16,"SQ_LDS_UNALIGNED_STALL",0.00000000e+00
"32__1024_16",68,16,"SQ_LDS_BANK_CONFLICT",512.000000
"32__1024_16",68,16,"SQ_LDS_UNALIGNED_STALL",0.00000000e+00
"32__1024_16_8192_8",68,16,"SQ_LDS_BANK_CONFLICT",512.000000
"32__1024_16_8192_8",68,16,"SQ_LDS_UNALIGNED_STALL",0.00000000e+00
"32__1024_16_8192_16",68,16,"SQ_LDS_BANK_CONFLICT",384.000000
"32__1024_16_8192_16",68,16,"SQ_LDS_UNALIGNED_STALL",0.00000000e+00
"33__256_8",40,16,"SQ_LDS_BANK_CONFLICT",384.000000
"33__256_8",40,16,"SQ_LDS_UNALIGNED_STALL",0.00000000e+00
"33__256_8_4096_8",40,16,"SQ_LDS_BANK_CONFLICT",128.000000
"33__256_8_4096_8",40,16,"SQ_LDS_UNALIGNED_STALL",0.00000000e+00
"33__256_8_4096_16",40,16,"SQ_LDS_BANK_CONFLICT",0.00000000e+00
"33__256_8_4096_16",40,16,"SQ_LDS_UNALIGNED_STALL",0.00000000e+00
"33__256_16",40,16,"SQ_LDS_BANK_CONFLICT",1024.000000
"33__256_16",40,16,"SQ_LDS_UNALIGNED_STALL",0.00000000e+00
"33__256_16_2048_8",48,16,"SQ_LDS_BANK_CONFLICT",176.000000
"33__256_16_2048_8",48,16,"SQ_LDS_UNALIGNED_STALL",0.00000000e+00
"33__256_16_2048_16",48,16,"SQ_LDS_BANK_CONFLICT",80.000000
"33__256_16_2048_16",48,16,"SQ_LDS_UNALIGNED_STALL",0.00000000e+00
"33__2048_8",40,16,"SQ_LDS_BANK_CONFLICT",1024.000000
"33__2048_8",40,16,"SQ_LDS_UNALIGNED_STALL",0.00000000e+00
"33__2048_8_32768_8",40,16,"SQ_LDS_BANK_CONFLICT",1024.000000
"33__2048_8_32768_8",40,16,"SQ_LDS_UNALIGNED_STALL",0.00000000e+00
"33__2048_8_32768_16",40,16,"SQ_LDS_BANK_CONFLICT",1024.000000
"33__2048_8_32768_16",40,16,"SQ_LDS_UNALIGNED_STALL",0.00000000e+00
"33__2048_16",40,16,"SQ_LDS_BANK_CONFLICT",896.000000
"33__2048_16",40,16,"SQ_LDS_UNALIGNED_STALL",0.00000000e+00
"33__2048_16_16384_8",40,16,"SQ_LDS_BANK_CONFLICT",896.000000
"33__2048_16_16384_8",40,16,"SQ_LDS_UNALIGNED_STALL",0.00000000e+00
"33__2048_16_16384_16",40,16,"SQ_LDS_BANK_CONFLICT",896.000000
"33__2048_16_16384_16",40,16,"SQ_LDS_UNALIGNED_STALL",0.00000000e+00
"33__128_8",40,16,"SQ_LDS_BANK_CONFLICT",1024.000000
"33__128_8",40,16,"SQ_LDS_UNALIGNED_STALL",0.00000000e+00
"33__128_8_2048_8",48,16,"SQ_LDS_BANK_CONFLICT",176.000000
"33__128_8_2048_8",48,16,"SQ_LDS_UNALIGNED_STALL",0.00000000e+00
"33__128_8_2048_16",48,16,"SQ_LDS_BANK_CONFLICT",80.000000
"33__128_8_2048_16",48,16,"SQ_LDS_UNALIGNED_STALL",0.00000000e+00
"33__128_16",40,16,"SQ_LDS_BANK_CONFLICT",1280.000000
"33__128_16",40,16,"SQ_LDS_UNALIGNED_STALL",0.00000000e+00
"33__128_16_1024_8",48,16,"SQ_LDS_BANK_CONFLICT",48.000000
"33__128_16_1024_8",48,16,"SQ_LDS_UNALIGNED_STALL",0.00000000e+00
"33__128_16_1024_16",48,16,"SQ_LDS_BANK_CONFLICT",208.000000
"33__128_16_1024_16",48,16,"SQ_LDS_UNALIGNED_STALL",0.00000000e+00
"33__512_8",40,16,"SQ_LDS_BANK_CONFLICT",256.000000
"33__512_8",40,16,"SQ_LDS_UNALIGNED_STALL",0.00000000e+00
"33__512_8_8192_8",40,16,"SQ_LDS_BANK_CONFLICT",256.000000
"33__512_8_8192_8",40,16,"SQ_LDS_UNALIGNED_STALL",0.00000000e+00
"33__512_8_8192_16",40,16,"SQ_LDS_BANK_CONFLICT",128.000000
"33__512_8_8192_16",40,16,"SQ_LDS_UNALIGNED_STALL",0.00000000e+00
"33__512_16",40,16,"SQ_LDS_BANK_CONFLICT",512.000000
"33__512_16",40,16,"SQ_LDS_UNALIGNED_STALL",0.00000000e+00
"33__512_16_4096_8",40,16,"SQ_LDS_BANK_CONFLICT",256.000000
"33__512_16_4096_8",40,16,"SQ_LDS_UNALIGNED_STALL",0.00000000e+00
"33__512_16_4096_16",40,16,"SQ_LDS_BANK_CONFLICT",128.000000
"33__512_16_4096_16",40,16,"SQ_LDS_UNALIGNED_STALL",0.00000000e+00
"33__1024_8",40,16,"SQ_LDS_BANK_CONFLICT",384.000000
"33__1024_8",40,16,"SQ_LDS_UNALIGNED_STALL",0.00000000e+00
"33__1024_8_16384_8",40,16,"SQ_LDS_BANK_CONFLICT",384.000000
"33__1024_8_16384_8",40,16,"SQ_LDS_UNALIGNED_STALL",0.00000000e+00
"33__1024_8_16384_16",40,16,"SQ_LDS_BANK_CONFLICT",384.000000
"33__1024_8_16384_16",40,16,"SQ_LDS_UNALIGNED_STALL",0.00000000e+00
"33__1024_16",40,16,"SQ_LDS_BANK_CONFLICT",512.000000
"33__1024_16",40,16,"SQ_LDS_UNALIGNED_STALL",0.00000000e+00
"33__1024_16_8192_8",40,16,"SQ_LDS_BANK_CONFLICT",512.000000
"33__1024_16_8192_8",40,16,"SQ_LDS_UNALIGNED_STALL",0.00000000e+00
"33__1024_16_8192_16",40,16,"SQ_LDS_BANK_CONFLICT",384.000000
"33__1024_16_8192_16",40,16,"SQ_LDS_UNALIGNED_STALL",0.00000000e+00
"34__256_8",68,16,"SQ_LDS_BANK_CONFLICT",384.000000
"34__256_8",68,16,"SQ_LDS_UNALIGNED_STALL",0.00000000e+00
"34__256_8_4096_8",76,16,"SQ_LDS_BANK_CONFLICT",160.000000
"34__256_8_4096_8",76,16,"SQ_LDS_UNALIGNED_STALL",0.00000000e+00
"34__256_8_4096_16",76,16,"SQ_LDS_BANK_CONFLICT",32.000000
"34__256_8_4096_16",76,16,"SQ_LDS_UNALIGNED_STALL",0.00000000e+00
"34__256_16",68,16,"SQ_LDS_BANK_CONFLICT",1024.000000
"34__256_16",68,16,"SQ_LDS_UNALIGNED_STALL",0.00000000e+00
"34__256_16_2048_8",76,16,"SQ_LDS_BANK_CONFLICT",160.000000
"34__256_16_2048_8",76,16,"SQ_LDS_UNALIGNED_STALL",0.00000000e+00
"34__256_16_2048_16",76,16,"SQ_LDS_BANK_CONFLICT",128.000000
"34__256_16_2048_16",76,16,"SQ_LDS_UNALIGNED_STALL",0.00000000e+00
"34__2048_8",68,16,"SQ_LDS_BANK_CONFLICT",1024.000000
"34__2048_8",68,16,"SQ_LDS_UNALIGNED_STALL",0.00000000e+00
"34__2048_8_32768_8",68,16,"SQ_LDS_BANK_CONFLICT",1024.000000
"34__2048_8_32768_8",68,16,"SQ_LDS_UNALIGNED_STALL",0.00000000e+00
"34__2048_8_32768_16",68,16,"SQ_LDS_BANK_CONFLICT",1024.000000
"34__2048_8_32768_16",68,16,"SQ_LDS_UNALIGNED_STALL",0.00000000e+00
"34__2048_16",68,16,"SQ_LDS_BANK_CONFLICT",896.000000
"34__2048_16",68,16,"SQ_LDS_UNALIGNED_STALL",0.00000000e+00
"34__2048_16_16384_8",68,16,"SQ_LDS_BANK_CONFLICT",896.000000
"34__2048_16_16384_8",68,16,"SQ_LDS_UNALIGNED_STALL",0.00000000e+00
"34__2048_16_16384_16",68,16,"SQ_LDS_BANK_CONFLICT",896.000000
"34__2048_16_16384_16",68,16,"SQ_LDS_UNALIGNED_STALL",0.00000000e+00
"34__128_8",68,16,"SQ_LDS_BANK_CONFLICT",1024.000000
"34__128_8",68,16,"SQ_LDS_UNALIGNED_STALL",0.00000000e+00
"34__128_8_2048_8",76,16,"SQ_LDS_BANK_CONFLICT",160.000000
"34__128_8_2048_8",76,16,"SQ_LDS_UNALIGNED_STALL",0.00000000e+00
"34__128_8_2048_16",76,16,"SQ_LDS_BANK_CONFLICT",128.000000
"34__128_8_2048_16",76,16,"SQ_LDS_UNALIGNED_STALL",0.00000000e+00
"34__128_16",68,16,"SQ_LDS_BANK_CONFLICT",1280.000000
"34__128_16",68,16,"SQ_LDS_UNALIGNED_STALL",0.00000000e+00
"34__128_16_1024_8",76,16,"SQ_LDS_BANK_CONFLICT",32.000000
"34__128_16_1024_8",76,16,"SQ_LDS_UNALIGNED_STALL",0.00000000e+00
"34__128_16_1024_16",76,16,"SQ_LDS_BANK_CONFLICT",288.000000
"34__128_16_1024_16",76,16,"SQ_LDS_UNALIGNED_STALL",0.00000000e+00
"34__512_8",68,16,"SQ_LDS_BANK_CONFLICT",256.000000
"34__512_8",68,16,"SQ_LDS_UNALIGNED_STALL",0.00000000e+00
"34__512_8_8192_8",68,16,"SQ_LDS_BANK_CONFLICT",256.000000
"34__512_8_8192_8",68,16,"SQ_LDS_UNALIGNED_STALL",0.00000000e+00
"34__512_8_8192_16",68,16,"SQ_LDS_BANK_CONFLICT",128.000000
"34__512_8_8192_16",68,16,"SQ_LDS_UNALIGNED_STALL",0.00000000e+00
"34__512_16",68,16,"SQ_LDS_BANK_CONFLICT",512.000000
"34__512_16",68,16,"SQ_LDS_UNALIGNED_STALL",0.00000000e+00
"34__512_16_4096_8",76,16,"SQ_LDS_BANK_CONFLICT",224.000000
"34__512_16_4096_8",76,16,"SQ_LDS_UNALIGNED_STALL",0.00000000e+00
"34__512_16_4096_16",76,16,"SQ_LDS_BANK_CONFLICT",160.000000
"34__512_16_4096_16",76,16,"SQ_LDS_UNALIGNED_STALL",0.00000000e+00
"34__1024_8",68,16,"SQ_LDS_BANK_CONFLICT",384.000000
"34__1024_8",68,16,"SQ_LDS_UNALIGNED_STALL",0.00000000e+00
"34__1024_8_16384_8",68,16,"SQ_LDS_BANK_CONFLICT",384.000000
"34__1024_8_16384_8",68,16,"SQ_LDS_UNALIGNED_STALL",0.00000000e+00
"34__1024_8_16384_16",68,16,"SQ_LDS_BANK_CONFLICT",384.000000
"34__1024_8_16384_16",68,16,"SQ_LDS_UNALIGNED_STALL",0.00000000e+00
"34__1024_16",68,16,"SQ_LDS_BANK_CONFLICT",512.000000
"34__1024_16",68,16,"SQ_LDS_UNALIGNED_STALL",0.00000000e+00
"34__1024_16_8192_8",68,16,"SQ_LDS_BANK_CONFLICT",512.000000
"34__1024_16_8192_8",68,16,"SQ_LDS_UNALIGNED_STALL",0.00000000e+00
"34__1024_16_8192_16",68,16,"SQ_LDS_BANK_CONFLICT",384.000000
"34__1024_16_8192_16",68,16,"SQ_LDS_UNALIGNED_STALL",0.00000000e+00
"35__256_8",40,16,"SQ_LDS_BANK_CONFLICT",384.000000
"35__256_8",40,16,"SQ_LDS_UNALIGNED_STALL",0.00000000e+00
"35__256_8_4096_8",40,16,"SQ_LDS_BANK_CONFLICT",128.000000
"35__256_8_4096_8",40,16,"SQ_LDS_UNALIGNED_STALL",0.00000000e+00
"35__256_8_4096_16",40,16,"SQ_LDS_BANK_CONFLICT",0.00000000e+00
"35__256_8_4096_16",40,16,"SQ_LDS_UNALIGNED_STALL",0.00000000e+00
"35__256_16",40,16,"SQ_LDS_BANK_CONFLICT",1024.000000
"35__256_16",40,16,"SQ_LDS_UNALIGNED_STALL",0.00000000e+00
"35__256_16_2048_8",48,16,"SQ_LDS_BANK_CONFLICT",176.000000
"35__256_16_2048_8",48,16,"SQ_LDS_UNALIGNED_STALL",0.00000000e+00
"35__256_16_2048_16",48,16,"SQ_LDS_BANK_CONFLICT",80.000000
"35__256_16_2048_16",48,16,"SQ_LDS_UNALIGNED_STALL",0.00000000e+00
"35__2048_8",40,16,"SQ_LDS_BANK_CONFLICT",1024.000000
"35__2048_8",40,16,"SQ_LDS_UNALIGNED_STALL",0.00000000e+00
"35__2048_8_32768_8",40,16,"SQ_LDS_BANK_CONFLICT",1024.000000
"35__2048_8_32768_8",40,16,"SQ_LDS_UNALIGNED_STALL",0.00000000e+00
"35__2048_8_32768_16",40,16,"SQ_LDS_BANK_CONFLICT",1024.000000
"35__2048_8_32768_16",40,16,"SQ_LDS_UNALIGNED_STALL",0.00000000e+00
"35__2048_16",40,16,"SQ_LDS_BANK_CONFLICT",896.000000
"35__2048_16",40,16,"SQ_LDS_UNALIGNED_STALL",0.00000000e+00
"35__2048_16_16384_8",40,16,"SQ_LDS_BANK_CONFLICT",896.000000
"35__2048_16_16384_8",40,16,"SQ_LDS_UNALIGNED_STALL",0.00000000e+00
"35__2048_16_16384_16",40,16,"SQ_LDS_BANK_CONFLICT",896.000000
"35__2048_16_16384_16",40,16,"SQ_LDS_UNALIGNED_STALL",0.00000000e+00
"35__128_8",40,16,"SQ_LDS_BANK_CONFLICT",1024.000000
"35__128_8",40,16,"SQ_LDS_UNALIGNED_STALL",0.00000000e+00
"35__128_8_2048_8",48,16,"SQ_LDS_BANK_CONFLICT",176.000000
"35__128_8_2048_8",48,16,"SQ_LDS_UNALIGNED_STALL",0.00000000e+00
"35__128_8_2048_16",48,16,"SQ_LDS_BANK_CONFLICT",80.000000
"35__128_8_2048_16",48,16,"SQ_LDS_UNALIGNED_STALL",0.00000000e+00
"35__128_16",40,16,"SQ_LDS_BANK_CONFLICT",1280.000000
"35__128_16",40,16,"SQ_LDS_UNALIGNED_STALL",0.00000000e+00
"35__128_16_1024_8",48,16,"SQ_LDS_BANK_CONFLICT",48.000000
"35__128_16_1024_8",48,16,"SQ_LDS_UNALIGNED_STALL",0.00000000e+00
"35__128_16_1024_16",48,16,"SQ_LDS_BANK_CONFLICT",208.000000
"35__128_16_1024_16",48,16,"SQ_LDS_UNALIGNED_STALL",0.00000000e+00
"35__512_8",40,16,"SQ_LDS_BANK_CONFLICT",256.000000
"35__512_8",40,16,"SQ_LDS_UNALIGNED_STALL",0.00000000e+00
"35__512_8_8192_8",40,16,"SQ_LDS_BANK_CONFLICT",256.000000
"35__512_8_8192_8",40,16,"SQ_LDS_UNALIGNED_STALL",0.00000000e+00
"35__512_8_8192_16",40,16,"SQ_LDS_BANK_CONFLICT",128.000000
"35__512_8_8192_16",40,16,"SQ_LDS_UNALIGNED_STALL",0.00000000e+00
"35__512_16",40,16,"SQ_LDS_BANK_CONFLICT",512.000000
"35__512_16",40,16,"SQ_LDS_UNALIGNED_STALL",0.00000000e+00
"35__512_16_4096_8",40,16,"SQ_LDS_BANK_CONFLICT",256.000000
"35__512_16_4096_8",40,16,"SQ_LDS_UNALIGNED_STALL",0.00000000e+00
"35__512_16_4096_16",40,16,"SQ_LDS_BANK_CONFLICT",128.000000
"35__512_16_4096_16",40,16,"SQ_LDS_UNALIGNED_STALL",0.00000000e+00
"35__1024_8",40,16,"SQ_LDS_BANK_CONFLICT",384.000000
"35__1024_8",40,16,"SQ_LDS_UNALIGNED_STALL",0.00000000e+00
"35__1024_8_16384_8",40,16,"SQ_LDS_BANK_CONFLICT",384.000000
"35__1024_8_16384_8",40,16,"SQ_LDS_UNALIGNED_STALL",0.00000000e+00
"35__1024_8_16384_16",40,16,"SQ_LDS_BANK_CONFLICT",384.000000
"35__1024_8_16384_16",40,16,"SQ_LDS_UNALIGNED_STALL",0.00000000e+00
"35__1024_16",40,16,"SQ_LDS_BANK_CONFLICT",512.000000
"35__1024_16",40,16,"SQ_LDS_UNALIGNED_STALL",0.00000000e+00
"35__1024_16_8192_8",40,16,"SQ_LDS_BANK_CONFLICT",512.000000
"35__1024_16_8192_8",40,16,"SQ_LDS_UNALIGNED_STALL",0.00000000e+00
"35__1024_16_8192_16",40,16,"SQ_LDS_BANK_CONFLICT",384.000000
"35__1024_16_8192_16",40,16,"SQ_LDS_UNALIGNED_STALL",0.00000000e+00
"36__128_8",36,16,"SQ_LDS_BANK_CONFLICT",384.000000
"36__128_8",36,16,"SQ_LDS_UNALIGNED_STALL",0.00000000e+00
"36__128_8_2048_8",40,16,"SQ_LDS_BANK_CONFLICT",16.000000
"36__128_8_2048_8",40,16,"SQ_LDS_UNALIGNED_STALL",0.00000000e+00
"36__128_8_2048_16",40,16,"SQ_LDS_BANK_CONFLICT",16.000000
"36__128_8_2048_16",40,16,"SQ_LDS_UNALIGNED_STALL",0.00000000e+00
"36__128_16",36,16,"SQ_LDS_BANK_CONFLICT",960.000000
"36__128_16",36,16,"SQ_LDS_UNALIGNED_STALL",0.00000000e+00
"36__128_16_1024_8",40,16,"SQ_LDS_BANK_CONFLICT",16.000000
"36__128_16_1024_8",40,16,"SQ_LDS_UNALIGNED_STALL",0.00000000e+00
"36__128_16_1024_16",40,16,"SQ_LDS_BANK_CONFLICT",80.000000
"36__128_16_1024_16",40,16,"SQ_LDS_UNALIGNED_STALL",0.00000000e+00
"36__1024_8",36,16,"SQ_LDS_BANK_CONFLICT",448.000000
"36__1024_8",36,16,"SQ_LDS_UNALIGNED_STALL",0.00000000e+00
"36__1024_8_16384_8",36,16,"SQ_LDS_BANK_CONFLICT",448.000000
"36__1024_8_16384_8",36,16,"SQ_LDS_UNALIGNED_STALL",0.00000000e+00
"36__1024_8_16384_16",36,16,"SQ_LDS_BANK_CONFLICT",448.000000
"36__1024_8_16384_16",36,16,"SQ_LDS_UNALIGNED_STALL",0.00000000e+00
"36__1024_16",36,16,"SQ_LDS_BANK_CONFLICT",448.000000
"36__1024_16",36,16,"SQ_LDS_UNALIGNED_STALL",0.00000000e+00
"36__1024_16_8192_8",36,16,"SQ_LDS_BANK_CONFLICT",448.000000
"36__1024_16_8192_8",36,16,"SQ_LDS_UNALIGNED_STALL",0.00000000e+00
"36__1024_16_8192_16",36,16,"SQ_LDS_BANK_CONFLICT",448.000000
"36__1024_16_8192_16",36,16,"SQ_LDS_UNALIGNED_STALL",0.00000000e+00
"36__256_8",36,16,"SQ_LDS_BANK_CONFLICT",192.000000
"36__256_8",36,16,"SQ_LDS_UNALIGNED_STALL",0.00000000e+00
"36__256_8_4096_8",36,16,"SQ_LDS_BANK_CONFLICT",64.000000
"36__256_8_4096_8",36,16,"SQ_LDS_UNALIGNED_STALL",0.00000000e+00
"36__256_8_4096_16",36,16,"SQ_LDS_BANK_CONFLICT",64.000000
"36__256_8_4096_16",36,16,"SQ_LDS_UNALIGNED_STALL",0.00000000e+00
"36__256_16",36,16,"SQ_LDS_BANK_CONFLICT",448.000000
"36__256_16",36,16,"SQ_LDS_UNALIGNED_STALL",0.00000000e+00
"36__256_16_2048_8",40,16,"SQ_LDS_BANK_CONFLICT",32.000000
"36__256_16_2048_8",40,16,"SQ_LDS_UNALIGNED_STALL",0.00000000e+00
"36__256_16_2048_16",40,16,"SQ_LDS_BANK_CONFLICT",48.000000
"36__256_16_2048_16",40,16,"SQ_LDS_UNALIGNED_STALL",0.00000000e+00
"36__512_8",36,16,"SQ_LDS_BANK_CONFLICT",192.000000
"36__512_8",36,16,"SQ_LDS_UNALIGNED_STALL",0.00000000e+00
"36__512_8_8192_8",36,16,"SQ_LDS_BANK_CONFLICT",192.000000
"36__512_8_8192_8",36,16,"SQ_LDS_UNALIGNED_STALL",0.00000000e+00
"36__512_8_8192_16",36,16,"SQ_LDS_BANK_CONFLICT",192.000000
"36__512_8_8192_16",36,16,"SQ_LDS_UNALIGNED_STALL",0.00000000e+00
"36__512_16",36,16,"SQ_LDS_BANK_CONFLICT",320.000000
"36__512_16",36,16,"SQ_LDS_UNALIGNED_STALL",0.00000000e+00
"36__512_16_4096_8",36,16,"SQ_LDS_BANK_CONFLICT",192.000000
"36__512_16_4096_8",36,16,"SQ_LDS_UNALIGNED_STALL",0.00000000e+00
"36__512_16_4096_16",36,16,"SQ_LDS_BANK_CONFLICT",192.000000
"36__512_16_4096_16",36,16,"SQ_LDS_UNALIGNED_STALL",0.00000000e+00
"37__128_8",36,16,"SQ_LDS_BANK_CONFLICT",384.000000
"37__128_8",36,16,"SQ_LDS_UNALIGNED_STALL",0.00000000e+00
"37__128_8_2048_8",36,16,"SQ_LDS_BANK_CONFLICT",0.00000000e+00
"37__128_8_2048_8",36,16,"SQ_LDS_UNALIGNED_STALL",0.00000000e+00
"37__128_8_2048_16",36,16,"SQ_LDS_BANK_CONFLICT",0.00000000e+00
"37__128_8_2048_16",36,16,"SQ_LDS_UNALIGNED_STALL",0.00000000e+00
"37__128_16",36,16,"SQ_LDS_BANK_CONFLICT",960.000000
"37__128_16",36,16,"SQ_LDS_UNALIGNED_STALL",0.00000000e+00
"37__128_16_1024_8",36,16,"SQ_LDS_BANK_CONFLICT",24.000000
"37__128_16_1024_8",36,16,"SQ_LDS_UNALIGNED_STALL",0.00000000e+00
"37__128_16_1024_16",36,16,"SQ_LDS_BANK_CONFLICT",40.000000
"37__128_16_1024_16",36,16,"SQ_LDS_UNALIGNED_STALL",0.00000000e+00
"37__1024_8",36,16,"SQ_LDS_BANK_CONFLICT",448.000000
"37__1024_8",36,16,"SQ_LDS_UNALIGNED_STALL",0.00000000e+00
"37__1024_8_16384_8",36,16,"SQ_LDS_BANK_CONFLICT",448.000000
"37__1024_8_16384_8",36,16,"SQ_LDS_UNALIGNED_STALL",0.00000000e+00
"37__1024_8_16384_16",36,16,"SQ_LDS_BANK_CONFLICT",448.000000
"37__1024_8_16384_16",36,16,"SQ_LDS_UNALIGNED_STALL",0.00000000e+00
"37__1024_16",36,16,"SQ_LDS_BANK_CONFLICT",448.000000
"37__1024_16",36,16,"SQ_LDS_UNALIGNED_STALL",0.00000000e+00
"37__1024_16_8192_8",36,16,"SQ_LDS_BANK_CONFLICT",448.000000
"37__1024_16_8192_8",36,16,"SQ_LDS_UNALIGNED_STALL",0.00000000e+00
"37__1024_16_8192_16",36,16,"SQ_LDS_BANK_CONFLICT",448.000000
"37__1024_16_8192_16",36,16,"SQ_LDS_UNALIGNED_STALL",0.00000000e+00
"37__256_8",36,16,"SQ_LDS_BANK_CONFLICT",192.000000
"37__256_8",36,16,"SQ_LDS_UNALIGNED_STALL",0.00000000e+00
"37__256_8_4096_8",36,16,"SQ_LDS_BANK_CONFLICT",64.000000
"37__256_8_4096_8",36,16,"SQ_LDS_UNALIGNED_STALL",0.00000000e+00
"37__256_8_4096_16",36,16,"SQ_LDS_BANK_CONFLICT",64.000000
"37__256_8_4096_16",36,16,"SQ_LDS_UNALIGNED_STALL",0.00000000e+00
"37__256_16",36,16,"SQ_LDS_BANK_CONFLICT",448.000000
"37__256_16",36,16,"SQ_LDS_UNALIGNED_STALL",0.00000000e+00
"37__256_16_2048_8",36,16,"SQ_LDS_BANK_CONFLICT",64.000000
"37__256_16_2048_8",36,16,"SQ_LDS_UNALIGNED_STALL",0.00000000e+00
"37__256_16_2048_16",36,16,"SQ_LDS_BANK_CONFLICT",64.000000
"37__256_16_2048_16",36,16,"SQ_LDS_UNALIGNED_STALL",0.00000000e+00
"37__512_8",36,16,"SQ_LDS_BANK_CONFLICT",192.000000
"37__512_8",36,16,"SQ_LDS_UNALIGNED_STALL",0.00000000e+00
"37__512_8_8192_8",36,16,"SQ_LDS_BANK_CONFLICT",192.000000
"37__512_8_8192_8",36,16,"SQ_LDS_UNALIGNED_STALL",0.00000000e+00
"37__512_8_8192_16",36,16,"SQ_LDS_BANK_CONFLICT",192.000000
"37__512_8_8192_16",36,16,"SQ_LDS_UNALIGNED_STALL",0.00000000e+00
"37__512_16",36,16,"SQ_LDS_BANK_CONFLICT",320.000000
"37__512_16",36,16,"SQ_LDS_UNALIGNED_STALL",0.00000000e+00
"37__512_16_4096_8",36,16,"SQ_LDS_BANK_CONFLICT",192.000000
"37__512_16_4096_8",36,16,"SQ_LDS_UNALIGNED_STALL",0.00000000e+00
"37__512_16_4096_16",36,16,"SQ_LDS_BANK_CONFLICT",192.000000
"37__512_16_4096_16",36,16,"SQ_LDS_UNALIGNED_STALL",0.00000000e+00
"38__128_8",36,16,"SQ_LDS_BANK_CONFLICT",192.000000
"38__128_8",36,16,"SQ_LDS_UNALIGNED_STALL",0.00000000e+00
"38__128_8_2048_8",40,16,"SQ_LDS_BANK_CONFLICT",80.000000
"38__128_8_2048_8",40,16,"SQ_LDS_UNALIGNED_STALL",0.00000000e+00
"38__128_8_2048_16",40,16,"SQ_LDS_BANK_CONFLICT",16.000000
"38__128_8_2048_16",40,16,"SQ_LDS_UNALIGNED_STALL",0.00000000e+00
"38__128_16",36,16,"SQ_LDS_BANK_CONFLICT",512.000000
"38__128_16",36,16,"SQ_LDS_UNALIGNED_STALL",0.00000000e+00
"38__128_16_1024_8",40,16,"SQ_LDS_BANK_CONFLICT",80.000000
"38__128_16_1024_8",40,16,"SQ_LDS_UNALIGNED_STALL",0.00000000e+00
"38__128_16_1024_16",40,16,"SQ_LDS_BANK_CONFLICT",80.000000
"38__128_16_1024_16",40,16,"SQ_LDS_UNALIGNED_STALL",0.00000000e+00
"38__1024_8",36,16,"SQ_LDS_BANK_CONFLICT",512.000000
"38__1024_8",36,16,"SQ_LDS_UNALIGNED_STALL",0.00000000e+00
"38__1024_8_16384_8",36,16,"SQ_LDS_BANK_CONFLICT",512.000000
"38__1024_8_16384_8",36,16,"SQ_LDS_UNALIGNED_STALL",0.00000000e+00
"38__1024_8_16384_16",36,16,"SQ_LDS_BANK_CONFLICT",512.000000
"38__1024_8_16384_16",36,16,"SQ_LDS_UNALIGNED_STALL",0.00000000e+00
"38__1024_16",36,16,"SQ_LDS_BANK_CONFLICT",448.000000
"38__1024_16",36,16,"SQ_LDS_UNALIGNED_STALL",0.00000000e+00
"38__1024_16_8192_8",36,16,"SQ_LDS_BANK_CONFLICT",448.000000
"38__1024_16_8192_8",36,16,"SQ_LDS_UNALIGNED_STALL",0.00000000e+00
"38__1024_16_8192_16",36,16,"SQ_LDS_BANK_CONFLICT",448.000000
"38__1024_16_8192_16",36,16,"SQ_LDS_UNALIGNED_STALL",0.00000000e+00
"38__256_8",36,16,"SQ_LDS_BANK_CONFLICT",128.000000
"38__256_8",36,16,"SQ_LDS_UNALIGNED_STALL",0.00000000e+00
"38__256_8_4096_8",36,16,"SQ_LDS_BANK_CONFLICT",128.000000
"38__256_8_4096_8",36,16,"SQ_LDS_UNALIGNED_STALL",0.00000000e+00
"38__256_8_4096_16",36,16,"SQ_LDS_BANK_CONFLICT",64.000000
"38__256_8_4096_16",36,16,"SQ_LDS_UNALIGNED_STALL",0.00000000e+00
"38__256_16",36,16,"SQ_LDS_BANK_CONFLICT",256.000000
"38__256_16",36,16,"SQ_LDS_UNALIGNED_STALL",0.00000000e+00
"38__256_16_2048_8",40,16,"SQ_LDS_BANK_CONFLICT",96.000000
"38__256_16_2048_8",40,16,"SQ_LDS_UNALIGNED_STALL",0.00000000e+00
"38__256_16_2048_16",40,16,"SQ_LDS_BANK_CONFLICT",48.000000
"38__256_16_2048_16",40,16,"SQ_LDS_UNALIGNED_STALL",0.00000000e+00
"38__512_8",36,16,"SQ_LDS_BANK_CONFLICT",192.000000
"38__512_8",36,16,"SQ_LDS_UNALIGNED_STALL",0.00000000e+00
"38__512_8_8192_8",36,16,"SQ_LDS_BANK_CONFLICT",192.000000
"38__512_8_8192_8",36,16,"SQ_LDS_UNALIGNED_STALL",0.00000000e+00
"38__512_8_8192_16",36,16,"SQ_LDS_BANK_CONFLICT",192.000000
"38__512_8_8192_16",36,16,"SQ_LDS_UNALIGNED_STALL",0.00000000e+00
"38__512_16",36,16,"SQ_LDS_BANK_CONFLICT",256.000000
"38__512_16",36,16,"SQ_LDS_UNALIGNED_STALL",0.00000000e+00
"38__512_16_4096_8",36,16,"SQ_LDS_BANK_CONFLICT",256.000000
"38__512_16_4096_8",36,16,"SQ_LDS_UNALIGNED_STALL",0.00000000e+00
"38__512_16_4096_16",36,16,"SQ_LDS_BANK_CONFLICT",192.000000
"38__512_16_4096_16",36,16,"SQ_LDS_UNALIGNED_STALL",0.00000000e+00
"39__128_8",36,16,"SQ_LDS_BANK_CONFLICT",192.000000
"39__128_8",36,16,"SQ_LDS_UNALIGNED_STALL",0.00000000e+00
"39__128_8_2048_8",36,16,"SQ_LDS_BANK_CONFLICT",64.000000
"39__128_8_2048_8",36,16,"SQ_LDS_UNALIGNED_STALL",0.00000000e+00
"39__128_8_2048_16",36,16,"SQ_LDS_BANK_CONFLICT",0.00000000e+00
"39__128_8_2048_16",36,16,"SQ_LDS_UNALIGNED_STALL",0.00000000e+00
"39__128_16",36,16,"SQ_LDS_BANK_CONFLICT",512.000000
"39__128_16",36,16,"SQ_LDS_UNALIGNED_STALL",0.00000000e+00
"39__128_16_1024_8",36,16,"SQ_LDS_BANK_CONFLICT",88.000000
"39__128_16_1024_8",36,16,"SQ_LDS_UNALIGNED_STALL",0.00000000e+00
"39__128_16_1024_16",36,16,"SQ_LDS_BANK_CONFLICT",40.000000
"39__128_16_1024_16",36,16,"SQ_LDS_UNALIGNED_STALL",0.00000000e+00
"39__1024_8",36,16,"SQ_LDS_BANK_CONFLICT",512.000000
"39__1024_8",36,16,"SQ_LDS_UNALIGNED_STALL",0.00000000e+00
"39__1024_8_16384_8",36,16,"SQ_LDS_BANK_CONFLICT",512.000000
"39__1024_8_16384_8",36,16,"SQ_LDS_UNALIGNED_STALL",0.00000000e+00
"39__1024_8_16384_16",36,16,"SQ_LDS_BANK_CONFLICT",512.000000
"39__1024_8_16384_16",36,16,"SQ_LDS_UNALIGNED_STALL",0.00000000e+00
"39__1024_16",36,16,"SQ_LDS_BANK_CONFLICT",448.000000
"39__1024_16",36,16,"SQ_LDS_UNALIGNED_STALL",0.00000000e+00
"39__1024_16_8192_8",36,16,"SQ_LDS_BANK_CONFLICT",448.000000
"39__1024_16_8192_8",36,16,"SQ_LDS_UNALIGNED_STALL",0.00000000e+00
"39__1024_16_8192_16",36,16,"SQ_LDS_BANK_CONFLICT",448.000000
"39__1024_16_8192_16",36,16,"SQ_LDS_UNALIGNED_STALL",0.00000000e+00
"39__256_8",36,16,"SQ_LDS_BANK_CONFLICT",128.000000
"39__256_8",36,16,"SQ_LDS_UNALIGNED_STALL",0.00000000e+00
"39__256_8_4096_8",36,16,"SQ_LDS_BANK_CONFLICT",128.000000
"39__256_8_4096_8",36,16,"SQ_LDS_UNALIGNED_STALL",0.00000000e+00
"39__256_8_4096_16",36,16,"SQ_LDS_BANK_CONFLICT",64.000000
"39__256_8_4096_16",36,16,"SQ_LDS_UNALIGNED_STALL",0.00000000e+00
"39__256_16",36,16,"SQ_LDS_BANK_CONFLICT",256.000000
"39__256_16",36,16,"SQ_LDS_UNALIGNED_STALL",0.00000000e+00
"39__256_16_2048_8",36,16,"SQ_LDS_BANK_CONFLICT",128.000000
"39__256_16_2048_8",36,16,"SQ_LDS_UNALIGNED_STALL",0.00000000e+00
"39__256_16_2048_16",36,16,"SQ_LDS_BANK_CONFLICT",64.000000
"39__256_16_2048_16",36,16,"SQ_LDS_UNALIGNED_STALL",0.00000000e+00
"39__512_8",36,16,"SQ_LDS_BANK_CONFLICT",192.000000
"39__512_8",36,16,"SQ_LDS_UNALIGNED_STALL",0.00000000e+00
"39__512_8_8192_8",36,16,"SQ_LDS_BANK_CONFLICT",192.000000
"39__512_8_8192_8",36,16,"SQ_LDS_UNALIGNED_STALL",0.00000000e+00
"39__512_8_8192_16",36,16,"SQ_LDS_BANK_CONFLICT",192.000000
"39__512_8_8192_16",36,16,"SQ_LDS_UNALIGNED_STALL",0.00000000e+00
"39__512_16",36,16,"SQ_LDS_BANK_CONFLICT",256.000000
"39__512_16",36,16,"SQ_LDS_UNALIGNED_STALL",0.00000000e+00
"39__512_16_4096_8",36,16,"SQ_LDS_BANK_CONFLICT",256.000000
"39__512_16_4096_8",36,16,"SQ_LDS_UNALIGNED_STALL",0.00000000e+00
"39__512_16_4096_16",36,16,"SQ_LDS_BANK_CONFLICT",192.000000
"39__512_16_4096_16",36,16,"SQ_LDS_UNALIGNED_STALL",0.00000000e+00
"40__128_8",36,16,"SQ_LDS_BANK_CONFLICT",192.000000
"40__128_8",36,16,"SQ_LDS_UNALIGNED_STALL",0.00000000e+00
"40__128_8_2048_8",40,16,"SQ_LDS_BANK_CONFLICT",80.000000
"40__128_8_2048_8",40,16,"SQ_LDS_UNALIGNED_STALL",0.00000000e+00
"40__128_8_2048_16",40,16,"SQ_LDS_BANK_CONFLICT",16.000000
"40__128_8_2048_16",40,16,"SQ_LDS_UNALIGNED_STALL",0.00000000e+00
"40__128_16",36,16,"SQ_LDS_BANK_CONFLICT",512.000000
"40__128_16",36,16,"SQ_LDS_UNALIGNED_STALL",0.00000000e+00
"40__128_16_1024_8",40,16,"SQ_LDS_BANK_CONFLICT",80.000000
"40__128_16_1024_8",40,16,"SQ_LDS_UNALIGNED_STALL",0.00000000e+00
"40__128_16_1024_16",40,16,"SQ_LDS_BANK_CONFLICT",80.000000
"40__128_16_1024_16",40,16,"SQ_LDS_UNALIGNED_STALL",0.00000000e+00
"40__1024_8",36,16,"SQ_LDS_BANK_CONFLICT",512.000000
"40__1024_8",36,16,"SQ_LDS_UNALIGNED_STALL",0.00000000e+00
"40__1024_8_16384_8",36,16,"SQ_LDS_BANK_CONFLICT",512.000000
"40__1024_8_16384_8",36,16,"SQ_LDS_UNALIGNED_STALL",0.00000000e+00
"40__1024_8_16384_16",36,16,"SQ_LDS_BANK_CONFLICT",512.000000
"40__1024_8_16384_16",36,16,"SQ_LDS_UNALIGNED_STALL",0.00000000e+00
"40__1024_16",36,16,"SQ_LDS_BANK_CONFLICT",448.000000
"40__1024_16",36,16,"SQ_LDS_UNALIGNED_STALL",0.00000000e+00
"40__1024_16_8192_8",36,16,"SQ_LDS_BANK_CONFLICT",448.000000
"40__1024_16_8192_8",36,16,"SQ_LDS_UNALIGNED_STALL",0.00000000e+00
"40__1024_16_8192_16",36,16,"SQ_LDS_BANK_CONFLICT",448.000000
"40__1024_16_8192_16",36,16,"SQ_LDS_UNALIGNED_STALL",0.00000000e+00
"40__256_8",36,16,"SQ_LDS_BANK_CONFLICT",128.000000
"40__256_8",36,16,"SQ_LDS_UNALIGNED_STALL",0.00000000e+00
"40__256_8_4096_8",36,16,"SQ_LDS_BANK_CONFLICT",128.000000
"40__256_8_4096_8",36,16,"SQ_LDS_UNALIGNED_STALL",0.00000000e+00
"40__256_8_4096_16",36,16,"SQ_LDS_BANK_CONFLICT",64.000000
"40__256_8_4096_16",36,16,"SQ_LDS_UNALIGNED_STALL",0.00000000e+00
"40__256_16",36,16,"SQ_LDS_BANK_CONFLICT",256.000000
"40__256_16",36,16,"SQ_LDS_UNALIGNED_STALL",0.00000000e+00
"40__256_16_2048_8",40,16,"SQ_LDS_BANK_CONFLICT",96.000000
"40__256_16_2048_8",40,16,"SQ_LDS_UNALIGNED_STALL",0.00000000e+00
"40__256_16_2048_16",40,16,"SQ_LDS_BANK_CONFLICT",48.000000
"40__256_16_2048_16",40,16,"SQ_LDS_UNALIGNED_STALL",0.00000000e+00
"40__512_8",36,16,"SQ_LDS_BANK_CONFLICT",192.000000
"40__512_8",36,16,"SQ_LDS_UNALIGNED_STALL",0.00000000e+00
"40__512_8_8192_8",36,16,"SQ_LDS_BANK_CONFLICT",192.000000
"40__512_8_8192_8",36,16,"SQ_LDS_UNALIGNED_STALL",0.00000000e+00
"40__512_8_8192_16",36,16,"SQ_LDS_BANK_CONFLICT",192.000000
"40__512_8_8192_16",36,16,"SQ_LDS_UNALIGNED_STALL",0.00000000e+00
"40__512_16",36,16,"SQ_LDS_BANK_CONFLICT",256.000000
"40__512_16",36,16,"SQ_LDS_UNALIGNED_STALL",0.00000000e+00
"40__512_16_4096_8",36,16,"SQ_LDS_BANK_CONFLICT",256.000000
"40__512_16_4096_8",36,16,"SQ_LDS_UNALIGNED_STALL",0.00000000e+00
"40__512_16_4096_16",36,16,"SQ_LDS_BANK_CONFLICT",192.000000
"40__512_16_4096_16",36,16,"SQ_LDS_UNALIGNED_STALL",0.00000000e+00
"41__128_8",36,16,"SQ_LDS_BANK_CONFLICT",192.000000
"41__128_8",36,16,"SQ_LDS_UNALIGNED_STALL",0.00000000e+00
"41__128_8_2048_8",36,16,"SQ_LDS_BANK_CONFLICT",64.000000
"41__128_8_2048_8",36,16,"SQ_LDS_UNALIGNED_STALL",0.00000000e+00
"41__128_8_2048_16",36,16,"SQ_LDS_BANK_CONFLICT",0.00000000e+00
"41__128_8_2048_16",36,16,"SQ_LDS_UNALIGNED_STALL",0.00000000e+00
"41__128_16",36,16,"SQ_LDS_BANK_CONFLICT",512.000000
"41__128_16",36,16,"SQ_LDS_UNALIGNED_STALL",0.00000000e+00
"41__128_16_1024_8",36,16,"SQ_LDS_BANK_CONFLICT",88.000000
"41__128_16_1024_8",36,16,"SQ_LDS_UNALIGNED_STALL",0.00000000e+00
"41__128_16_1024_16",36,16,"SQ_LDS_BANK_CONFLICT",40.000000
"41__128_16_1024_16",36,16,"SQ_LDS_UNALIGNED_STALL",0.00000000e+00
"41__1024_8",36,16,"SQ_LDS_BANK_CONFLICT",512.000000
"41__1024_8",36,16,"SQ_LDS_UNALIGNED_STALL",0.00000000e+00
"41__1024_8_16384_8",36,16,"SQ_LDS_BANK_CONFLICT",512.000000
"41__1024_8_16384_8",36,16,"SQ_LDS_UNALIGNED_STALL",0.00000000e+00
"41__1024_8_16384_16",36,16,"SQ_LDS_BANK_CONFLICT",512.000000
"41__1024_8_16384_16",36,16,"SQ_LDS_UNALIGNED_STALL",0.00000000e+00
"41__1024_16",36,16,"SQ_LDS_BANK_CONFLICT",448.000000
"41__1024_16",36,16,"SQ_LDS_UNALIGNED_STALL",0.00000000e+00
"41__1024_16_8192_8",36,16,"SQ_LDS_BANK_CONFLICT",448.000000
"41__1024_16_8192_8",36,16,"SQ_LDS_UNALIGNED_STALL",0.00000000e+00
"41__1024_16_8192_16",36,16,"SQ_LDS_BANK_CONFLICT",448.000000
"41__1024_16_8192_16",36,16,"SQ_LDS_UNALIGNED_STALL",0.00000000e+00
"41__256_8",36,16,"SQ_LDS_BANK_CONFLICT",128.000000
"41__256_8",36,16,"SQ_LDS_UNALIGNED_STALL",0.00000000e+00
"41__256_8_4096_8",36,16,"SQ_LDS_BANK_CONFLICT",128.000000
"41__256_8_4096_8",36,16,"SQ_LDS_UNALIGNED_STALL",0.00000000e+00
"41__256_8_4096_16",36,16,"SQ_LDS_BANK_CONFLICT",64.000000
"41__256_8_4096_16",36,16,"SQ_LDS_UNALIGNED_STALL",0.00000000e+00
"41__256_16",36,16,"SQ_LDS_BANK_CONFLICT",256.000000
"41__256_16",36,16,"SQ_LDS_UNALIGNED_STALL",0.00000000e+00
"41__256_16_2048_8",36,16,"SQ_LDS_BANK_CONFLICT",128.000000
"41__256_16_2048_8",36,16,"SQ_LDS_UNALIGNED_STALL",0.00000000e+00
"41__256_16_2048_16",36,16,"SQ_LDS_BANK_CONFLICT",64.000000
"41__256_16_2048_16",36,16,"SQ_LDS_UNALIGNED_STALL",0.00000000e+00
"41__512_8",36,16,"SQ_LDS_BANK_CONFLICT",192.000000
"41__512_8",36,16,"SQ_LDS_UNALIGNED_STALL",0.00000000e+00
"41__512_8_8192_8",36,16,"SQ_LDS_BANK_CONFLICT",192.000000
"41__512_8_8192_8",36,16,"SQ_LDS_UNALIGNED_STALL",0.00000000e+00
"41__512_8_8192_16",36,16,"SQ_LDS_BANK_CONFLICT",192.000000
"41__512_8_8192_16",36,16,"SQ_LDS_UNALIGNED_STALL",0.00000000e+00
"41__512_16",36,16,"SQ_LDS_BANK_CONFLICT",256.000000
"41__512_16",36,16,"SQ_LDS_UNALIGNED_STALL",0.00000000e+00
"41__512_16_4096_8",36,16,"SQ_LDS_BANK_CONFLICT",256.000000
"41__512_16_4096_8",36,16,"SQ_LDS_UNALIGNED_STALL",0.00000000e+00
"41__512_16_4096_16",36,16,"SQ_LDS_BANK_CONFLICT",192.000000
"41__512_16_4096_16",36,16,"SQ_LDS_UNALIGNED_STALL",0.00000000e+00
"42__128_8",20,16,"SQ_LDS_BANK_CONFLICT",64.000000
"42__128_8",20,16,"SQ_LDS_UNALIGNED_STALL",0.00000000e+00
"42__128_8_2048_8",20,16,"SQ_LDS_BANK_CONFLICT",64.000000
"42__128_8_2048_8",20,16,"SQ_LDS_UNALIGNED_STALL",0.00000000e+00
"42__128_8_2048_16",20,16,"SQ_LDS_BANK_CONFLICT",0.00000000e+00
"42__128_8_2048_16",20,16,"SQ_LDS_UNALIGNED_STALL",0.00000000e+00
"42__128_16",20,16,"SQ_LDS_BANK_CONFLICT",224.000000
"42__128_16",20,16,"SQ_LDS_UNALIGNED_STALL",0.00000000e+00
"42__128_16_1024_8",20,16,"SQ_LDS_BANK_CONFLICT",64.000000
"42__128_16_1024_8",20,16,"SQ_LDS_UNALIGNED_STALL",0.00000000e+00
"42__128_16_1024_16",20,16,"SQ_LDS_BANK_CONFLICT",32.000000
"42__128_16_1024_16",20,16,"SQ_LDS_UNALIGNED_STALL",0.00000000e+00
"42__1024_8",20,16,"SQ_LDS_BANK_CONFLICT",288.000000
"42__1024_8",20,16,"SQ_LDS_UNALIGNED_STALL",0.00000000e+00
"42__1024_8_16384_8",20,16,"SQ_LDS_BANK_CONFLICT",288.000000
"42__1024_8_16384_8",20,16,"SQ_LDS_UNALIGNED_STALL",0.00000000e+00
"42__1024_8_16384_16",20,16,"SQ_LDS_BANK_CONFLICT",288.000000
"42__1024_8_16384_16",20,16,"SQ_LDS_UNALIGNED_STALL",0.00000000e+00
"42__1024_16",20,16,"SQ_LDS_BANK_CONFLICT",224.000000
"42__1024_16",20,16,"SQ_LDS_UNALIGNED_STALL",0.00000000e+00
"42__1024_16_8192_8",20,16,"SQ_LDS_BANK_CONFLICT",224.000000
"42__1024_16_8192_8",20,16,"SQ_LDS_UNALIGNED_STALL",0.00000000e+00
"42__1024_16_8192_16",20,16,"SQ_LDS_BANK_CONFLICT",224.000000
"42__1024_16_8192_16",20,16,"SQ_LDS_UNALIGNED_STALL",0.00000000e+00
"42__256_8",20,16,"SQ_LDS_BANK_CONFLICT",32.000000
"42__256_8",20,16,"SQ_LDS_UNALIGNED_STALL",0.00000000e+00
"42__256_8_4096_8",20,16,"SQ_LDS_BANK_CONFLICT",32.000000
"42__256_8_4096_8",20,16,"SQ_LDS_UNALIGNED_STALL",0.00000000e+00
"42__256_8_4096_16",20,16,"SQ_LDS_BANK_CONFLICT",32.000000
"42__256_8_4096_16",20,16,"SQ_LDS_UNALIGNED_STALL",0.00000000e+00
"42__256_16",20,16,"SQ_LDS_BANK_CONFLICT",96.000000
"42__256_16",20,16,"SQ_LDS_UNALIGNED_STALL",0.00000000e+00
"42__256_16_2048_8",20,16,"SQ_LDS_BANK_CONFLICT",96.000000
"42__256_16_2048_8",20,16,"SQ_LDS_UNALIGNED_STALL",0.00000000e+00
"42__256_16_2048_16",20,16,"SQ_LDS_BANK_CONFLICT",32.000000
"42__256_16_2048_16",20,16,"SQ_LDS_UNALIGNED_STALL",0.00000000e+00
"42__512_8",20,16,"SQ_LDS_BANK_CONFLICT",96.000000
"42__512_8",20,16,"SQ_LDS_UNALIGNED_STALL",0.00000000e+00
"42__512_8_8192_8",20,16,"SQ_LDS_BANK_CONFLICT",96.000000
"42__512_8_8192_8",20,16,"SQ_LDS_UNALIGNED_STALL",0.00000000e+00
"42__512_8_8192_16",20,16,"SQ_LDS_BANK_CONFLICT",96.000000
"42__512_8_8192_16",20,16,"SQ_LDS_UNALIGNED_STALL",0.00000000e+00
"42__512_16",20,16,"SQ_LDS_BANK_CONFLICT",96.000000
"42__512_16",20,16,"SQ_LDS_UNALIGNED_STALL",0.00000000e+00
"42__512_16_4096_8",20,16,"SQ_LDS_BANK_CONFLICT",96.000000
"42__512_16_4096_8",20,16,"SQ_LDS_UNALIGNED_STALL",0.00000000e+00
"42__512_16_4096_16",20,16,"SQ_LDS_BANK_CONFLICT",96.000000
"42__512_16_4096_16",20,16,"SQ_LDS_UNALIGNED_STALL",0.00000000e+00
"43__128_8",36,16,"SQ_LDS_BANK_CONFLICT",64.000000
"43__128_8",36,16,"SQ_LDS_UNALIGNED_STALL",0.00000000e+00
"43__128_8_2048_8",36,16,"SQ_LDS_BANK_CONFLICT",64.000000
"43__128_8_2048_8",36,16,"SQ_LDS_UNALIGNED_STALL",0.00000000e+00
"43__128_8_2048_16",36,16,"SQ_LDS_BANK_CONFLICT",0.00000000e+00
"43__128_8_2048_16",36,16,"SQ_LDS_UNALIGNED_STALL",0.00000000e+00
"43__128_16",36,16,"SQ_LDS_BANK_CONFLICT",224.000000
"43__128_16",36,16,"SQ_LDS_UNALIGNED_STALL",0.00000000e+00
"43__128_16_1024_8",32,16,"SQ_LDS_BANK_CONFLICT",72.000000
"43__128_16_1024_8",32,16,"SQ_LDS_UNALIGNED_STALL",0.00000000e+00
"43__128_16_1024_16",32,16,"SQ_LDS_BANK_CONFLICT",24.000000
"43__128_16_1024_16",32,16,"SQ_LDS_UNALIGNED_STALL",0.00000000e+00
"43__1024_8",36,16,"SQ_LDS_BANK_CONFLICT",288.000000
"43__1024_8",36,16,"SQ_LDS_UNALIGNED_STALL",0.00000000e+00
"43__1024_8_16384_8",36,16,"SQ_LDS_BANK_CONFLICT",288.000000
"43__1024_8_16384_8",36,16,"SQ_LDS_UNALIGNED_STALL",0.00000000e+00
"43__1024_8_16384_16",36,16,"SQ_LDS_BANK_CONFLICT",288.000000
"43__1024_8_16384_16",36,16,"SQ_LDS_UNALIGNED_STALL",0.00000000e+00
"43__1024_16",36,16,"SQ_LDS_BANK_CONFLICT",224.000000
"43__1024_16",36,16,"SQ_LDS_UNALIGNED_STALL",0.00000000e+00
"43__1024_16_8192_8",36,16,"SQ_LDS_BANK_CONFLICT",224.000000
"43__1024_16_8192_8",36,16,"SQ_LDS_UNALIGNED_STALL",0.00000000e+00
"43__1024_16_8192_16",36,16,"SQ_LDS_BANK_CONFLICT",224.000000
"43__1024_16_8192_16",36,16,"SQ_LDS_UNALIGNED_STALL",0.00000000e+00
"43__256_8",36,16,"SQ_LDS_BANK_CONFLICT",32.000000
"43__256_8",36,16,"SQ_LDS_UNALIGNED_STALL",0.00000000e+00
"43__256_8_4096_8",36,16,"SQ_LDS_BANK_CONFLICT",32.000000
"43__256_8_4096_8",36,16,"SQ_LDS_UNALIGNED_STALL",0.00000000e+00
"43__256_8_4096_16",36,16,"SQ_LDS_BANK_CONFLICT",32.000000
"43__256_8_4096_16",36,16,"SQ_LDS_UNALIGNED_STALL",0.00000000e+00
"43__256_16",36,16,"SQ_LDS_BANK_CONFLICT",96.000000
"43__256_16",36,16,"SQ_LDS_UNALIGNED_STALL",0.00000000e+00
"43__256_16_2048_8",36,16,"SQ_LDS_BANK_CONFLICT",96.000000
"43__256_16_2048_8",36,16,"SQ_LDS_UNALIGNED_STALL",0.00000000e+00
"43__256_16_2048_16",36,16,"SQ_LDS_BANK_CONFLICT",32.000000
"43__256_16_2048_16",36,16,"SQ_LDS_UNALIGNED_STALL",0.00000000e+00
"43__512_8",36,16,"SQ_LDS_BANK_CONFLICT",96.000000
"43__512_8",36,16,"SQ_LDS_UNALIGNED_STALL",0.00000000e+00
"43__512_8_8192_8",36,16,"SQ_LDS_BANK_CONFLICT",96.000000
"43__512_8_8192_8",36,16,"SQ_LDS_UNALIGNED_STALL",0.00000000e+00
"43__512_8_8192_16",36,16,"SQ_LDS_BANK_CONFLICT",96.000000
"43__512_8_8192_16",36,16,"SQ_LDS_UNALIGNED_STALL",0.00000000e+00
"43__512_16",36,16,"SQ_LDS_BANK_CONFLICT",96.000000
"43__512_16",36,16,"SQ_LDS_UNALIGNED_STALL",0.00000000e+00
"43__512_16_4096_8",36,16,"SQ_LDS_BANK_CONFLICT",96.000000
"43__512_16_4096_8",36,16,"SQ_LDS_UNALIGNED_STALL",0.00000000e+00
"43__512_16_4096_16",36,16,"SQ_LDS_BANK_CONFLICT",96.000000
"43__512_16_4096_16",36,16,"SQ_LDS_UNALIGNED_STALL",0.00000000e+00
"44__128_8",32,16,"SQ_LDS_BANK_CONFLICT",32.000000
"44__128_8",32,16,"SQ_LDS_UNALIGNED_STALL",0.00000000e+00
"44__128_8_2048_8",32,16,"SQ_LDS_BANK_CONFLICT",32.000000
"44__128_8_2048_8",32,16,"SQ_LDS_UNALIGNED_STALL",0.00000000e+00
"44__128_8_2048_16",32,16,"SQ_LDS_BANK_CONFLICT",32.000000
"44__128_8_2048_16",32,16,"SQ_LDS_UNALIGNED_STALL",0.00000000e+00
"44__128_16",32,16,"SQ_LDS_BANK_CONFLICT",128.000000
"44__128_16",32,16,"SQ_LDS_UNALIGNED_STALL",0.00000000e+00
"44__128_16_1024_8",32,16,"SQ_LDS_BANK_CONFLICT",96.000000
"44__128_16_1024_8",32,16,"SQ_LDS_UNALIGNED_STALL",0.00000000e+00
"44__128_16_1024_16",32,16,"SQ_LDS_BANK_CONFLICT",64.000000
"44__128_16_1024_16",32,16,"SQ_LDS_UNALIGNED_STALL",0.00000000e+00
"44__1024_8",32,16,"SQ_LDS_BANK_CONFLICT",320.000000
"44__1024_8",32,16,"SQ_LDS_UNALIGNED_STALL",0.00000000e+00
"44__1024_8_16384_8",32,16,"SQ_LDS_BANK_CONFLICT",320.000000
"44__1024_8_16384_8",32,16,"SQ_LDS_UNALIGNED_STALL",0.00000000e+00
"44__1024_8_16384_16",32,16,"SQ_LDS_BANK_CONFLICT",320.000000
"44__1024_8_16384_16",32,16,"SQ_LDS_UNALIGNED_STALL",0.00000000e+00
"44__1024_16",32,16,"SQ_LDS_BANK_CONFLICT",256.000000
"44__1024_16",32,16,"SQ_LDS_UNALIGNED_STALL",0.00000000e+00
"44__1024_16_8192_8",32,16,"SQ_LDS_BANK_CONFLICT",256.000000
"44__1024_16_8192_8",32,16,"SQ_LDS_UNALIGNED_STALL",0.00000000e+00
"44__1024_16_8192_16",32,16,"SQ_LDS_BANK_CONFLICT",256.000000
"44__1024_16_8192_16",32,16,"SQ_LDS_UNALIGNED_STALL",0.00000000e+00
"44__256_8",32,16,"SQ_LDS_BANK_CONFLICT",32.000000
"44__256_8",32,16,"SQ_LDS_UNALIGNED_STALL",0.00000000e+00
"44__256_8_4096_8",32,16,"SQ_LDS_BANK_CONFLICT",32.000000
"44__256_8_4096_8",32,16,"SQ_LDS_UNALIGNED_STALL",0.00000000e+00
"44__256_8_4096_16",32,16,"SQ_LDS_BANK_CONFLICT",32.000000
"44__256_8_4096_16",32,16,"SQ_LDS_UNALIGNED_STALL",0.00000000e+00
"44__256_16",32,16,"SQ_LDS_BANK_CONFLICT",64.000000
"44__256_16",32,16,"SQ_LDS_UNALIGNED_STALL",0.00000000e+00
"44__256_16_2048_8",32,16,"SQ_LDS_BANK_CONFLICT",64.000000
"44__256_16_2048_8",32,16,"SQ_LDS_UNALIGNED_STALL",0.00000000e+00
"44__256_16_2048_16",32,16,"SQ_LDS_BANK_CONFLICT",64.000000
"44__256_16_2048_16",32,16,"SQ_LDS_UNALIGNED_STALL",0.00000000e+00
"44__512_8",32,16,"SQ_LDS_BANK_CONFLICT",128.000000
"44__512_8",32,16,"SQ_LDS_UNALIGNED_STALL",0.00000000e+00
"44__512_8_8192_8",32,16,"SQ_LDS_BANK_CONFLICT",128.000000
"44__512_8_8192_8",32,16,"SQ_LDS_UNALIGNED_STALL",0.00000000e+00
"44__512_8_8192_16",32,16,"SQ_LDS_BANK_CONFLICT",128.000000
"44__512_8_8192_16",32,16,"SQ_LDS_UNALIGNED_STALL",0.00000000e+00
"44__512_16",32,16,"SQ_LDS_BANK_CONFLICT",96.000000
"44__512_16",32,16,"SQ_LDS_UNALIGNED_STALL",0.00000000e+00
"44__512_16_4096_8",32,16,"SQ_LDS_BANK_CONFLICT",96.000000
"44__512_16_4096_8",32,16,"SQ_LDS_UNALIGNED_STALL",0.00000000e+00
"44__512_16_4096_16",32,16,"SQ_LDS_BANK_CONFLICT",96.000000
"44__512_16_4096_16",32,16,"SQ_LDS_UNALIGNED_STALL",0.00000000e+00
"45__128_8",36,16,"SQ_LDS_BANK_CONFLICT",32.000000
"45__128_8",36,16,"SQ_LDS_UNALIGNED_STALL",0.00000000e+00
"45__128_8_2048_8",36,16,"SQ_LDS_BANK_CONFLICT",32.000000
"45__128_8_2048_8",36,16,"SQ_LDS_UNALIGNED_STALL",0.00000000e+00
"45__128_8_2048_16",36,16,"SQ_LDS_BANK_CONFLICT",32.000000
"45__128_8_2048_16",36,16,"SQ_LDS_UNALIGNED_STALL",0.00000000e+00
"45__128_16",36,16,"SQ_LDS_BANK_CONFLICT",128.000000
"45__128_16",36,16,"SQ_LDS_UNALIGNED_STALL",0.00000000e+00
"45__128_16_1024_8",32,16,"SQ_LDS_BANK_CONFLICT",104.000000
"45__128_16_1024_8",32,16,"SQ_LDS_UNALIGNED_STALL",0.00000000e+00
"45__128_16_1024_16",32,16,"SQ_LDS_BANK_CONFLICT",56.000000
"45__128_16_1024_16",32,16,"SQ_LDS_UNALIGNED_STALL",0.00000000e+00
"45__1024_8",36,16,"SQ_LDS_BANK_CONFLICT",320.000000
"45__1024_8",36,16,"SQ_LDS_UNALIGNED_STALL",0.00000000e+00
"45__1024_8_16384_8",36,16,"SQ_LDS_BANK_CONFLICT",320.000000
"45__1024_8_16384_8",36,16,"SQ_LDS_UNALIGNED_STALL",0.00000000e+00
"45__1024_8_16384_16",36,16,"SQ_LDS_BANK_CONFLICT",320.000000
"45__1024_8_16384_16",36,16,"SQ_LDS_UNALIGNED_STALL",0.00000000e+00
"45__1024_16",36,16,"SQ_LDS_BANK_CONFLICT",256.000000
"45__1024_16",36,16,"SQ_LDS_UNALIGNED_STALL",0.00000000e+00
"45__1024_16_8192_8",36,16,"SQ_LDS_BANK_CONFLICT",256.000000
"45__1024_16_8192_8",36,16,"SQ_LDS_UNALIGNED_STALL",0.00000000e+00
"45__1024_16_8192_16",36,16,"SQ_LDS_BANK_CONFLICT",256.000000
"45__1024_16_8192_16",36,16,"SQ_LDS_UNALIGNED_STALL",0.00000000e+00
"45__256_8",36,16,"SQ_LDS_BANK_CONFLICT",32.000000
"45__256_8",36,16,"SQ_LDS_UNALIGNED_STALL",0.00000000e+00
"45__256_8_4096_8",36,16,"SQ_LDS_BANK_CONFLICT",32.000000
"45__256_8_4096_8",36,16,"SQ_LDS_UNALIGNED_STALL",0.00000000e+00
"45__256_8_4096_16",36,16,"SQ_LDS_BANK_CONFLICT",32.000000
"45__256_8_4096_16",36,16,"SQ_LDS_UNALIGNED_STALL",0.00000000e+00
"45__256_16",36,16,"SQ_LDS_BANK_CONFLICT",64.000000
"45__256_16",36,16,"SQ_LDS_UNALIGNED_STALL",0.00000000e+00
"45__256_16_2048_8",36,16,"SQ_LDS_BANK_CONFLICT",64.000000
"45__256_16_2048_8",36,16,"SQ_LDS_UNALIGNED_STALL",0.00000000e+00
"45__256_16_2048_16",36,16,"SQ_LDS_BANK_CONFLICT",64.000000
"45__256_16_2048_16",36,16,"SQ_LDS_UNALIGNED_STALL",0.00000000e+00
"45__512_8",36,16,"SQ_LDS_BANK_CONFLICT",128.000000
"45__512_8",36,16,"SQ_LDS_UNALIGNED_STALL",0.00000000e+00
"45__512_8_8192_8",36,16,"SQ_LDS_BANK_CONFLICT",128.000000
"45__512_8_8192_8",36,16,"SQ_LDS_UNALIGNED_STALL",0.00000000e+00
"45__512_8_8192_16",36,16,"SQ_LDS_BANK_CONFLICT",128.000000
"45__512_8_8192_16",36,16,"SQ_LDS_UNALIGNED_STALL",0.00000000e+00
"45__512_16",36,16,"SQ_LDS_BANK_CONFLICT",96.000000
"45__512_16",36,16,"SQ_LDS_UNALIGNED_STALL",0.00000000e+00
"45__512_16_4096_8",36,16,"SQ_LDS_BANK_CONFLICT",96.000000
"45__512_16_4096_8",36,16,"SQ_LDS_UNALIGNED_STALL",0.00000000e+00
"45__512_16_4096_16",36,16,"SQ_LDS_BANK_CONFLICT",96.000000
"45__512_16_4096_16",36,16,"SQ_LDS_UNALIGNED_STALL",0.00000000e+00
"46__128_8",28,16,"SQ_LDS_BANK_CONFLICT",32.000000
"46__128_8",28,16,"SQ_LDS_UNALIGNED_STALL",0.00000000e+00
"46__128_8_2048_8",28,16,"SQ_LDS_BANK_CONFLICT",32.000000
"46__128_8_2048_8",28,16,"SQ_LDS_UNALIGNED_STALL",0.00000000e+00
"46__128_8_2048_16",28,16,"SQ_LDS_BANK_CONFLICT",32.000000
"46__128_8_2048_16",28,16,"SQ_LDS_UNALIGNED_STALL",0.00000000e+00
"46__128_16",28,16,"SQ_LDS_BANK_CONFLICT",128.000000
"46__128_16",28,16,"SQ_LDS_UNALIGNED_STALL",0.00000000e+00
"46__128_16_1024_8",28,16,"SQ_LDS_BANK_CONFLICT",96.000000
"46__128_16_1024_8",28,16,"SQ_LDS_UNALIGNED_STALL",0.00000000e+00
"46__128_16_1024_16",28,16,"SQ_LDS_BANK_CONFLICT",64.000000
"46__128_16_1024_16",28,16,"SQ_LDS_UNALIGNED_STALL",0.00000000e+00
"46__1024_8",28,16,"SQ_LDS_BANK_CONFLICT",320.000000
"46__1024_8",28,16,"SQ_LDS_UNALIGNED_STALL",0.00000000e+00
"46__1024_8_16384_8",28,16,"SQ_LDS_BANK_CONFLICT",320.000000
"46__1024_8_16384_8",28,16,"SQ_LDS_UNALIGNED_STALL",0.00000000e+00
"46__1024_8_16384_16",28,16,"SQ_LDS_BANK_CONFLICT",320.000000
"46__1024_8_16384_16",28,16,"SQ_LDS_UNALIGNED_STALL",0.00000000e+00
"46__1024_16",28,16,"SQ_LDS_BANK_CONFLICT",256.000000
"46__1024_16",28,16,"SQ_LDS_UNALIGNED_STALL",0.00000000e+00
"46__1024_16_8192_8",28,16,"SQ_LDS_BANK_CONFLICT",256.000000
"46__1024_16_8192_8",28,16,"SQ_LDS_UNALIGNED_STALL",0.00000000e+00
"46__1024_16_8192_16",28,16,"SQ_LDS_BANK_CONFLICT",256.000000
"46__1024_16_8192_16",28,16,"SQ_LDS_UNALIGNED_STALL",0.00000000e+00
"46__256_8",28,16,"SQ_LDS_BANK_CONFLICT",32.000000
"46__256_8",28,16,"SQ_LDS_UNALIGNED_STALL",0.00000000e+00
"46__256_8_4096_8",28,16,"SQ_LDS_BANK_CONFLICT",32.000000
"46__256_8_4096_8",28,16,"SQ_LDS_UNALIGNED_STALL",0.00000000e+00
"46__256_8_4096_16",28,16,"SQ_LDS_BANK_CONFLICT",32.000000
"46__256_8_4096_16",28,16,"SQ_LDS_UNALIGNED_STALL",0.00000000e+00
"46__256_16",28,16,"SQ_LDS_BANK_CONFLICT",64.000000
"46__256_16",28,16,"SQ_LDS_UNALIGNED_STALL",0.00000000e+00
"46__256_16_2048_8",28,16,"SQ_LDS_BANK_CONFLICT",64.000000
"46__256_16_2048_8",28,16,"SQ_LDS_UNALIGNED_STALL",0.00000000e+00
"46__256_16_2048_16",28,16,"SQ_LDS_BANK_CONFLICT",64.000000
"46__256_16_2048_16",28,16,"SQ_LDS_UNALIGNED_STALL",0.00000000e+00
"46__512_8",28,16,"SQ_LDS_BANK_CONFLICT",128.000000
"46__512_8",28,16,"SQ_LDS_UNALIGNED_STALL",0.00000000e+00
"46__512_8_8192_8",28,16,"SQ_LDS_BANK_CONFLICT",128.000000
"46__512_8_8192_8",28,16,"SQ_LDS_UNALIGNED_STALL",0.00000000e+00
"46__512_8_8192_16",28,16,"SQ_LDS_BANK_CONFLICT",128.000000
"46__512_8_8192_16",28,16,"SQ_LDS_UNALIGNED_STALL",0.00000000e+00
"46__512_16",28,16,"SQ_LDS_BANK_CONFLICT",96.000000
"46__512_16",28,16,"SQ_LDS_UNALIGNED_STALL",0.00000000e+00
"46__512_16_4096_8",28,16,"SQ_LDS_BANK_CONFLICT",96.000000
"46__512_16_4096_8",28,16,"SQ_LDS_UNALIGNED_STALL",0.00000000e+00
"46__512_16_4096_16",28,16,"SQ_LDS_BANK_CONFLICT",96.000000
"46__512_16_4096_16",28,16,"SQ_LDS_UNALIGNED_STALL",0.00000000e+00
"47__128_8",36,16,"SQ_LDS_BANK_CONFLICT",32.000000
"47__128_8",36,16,"SQ_LDS_UNALIGNED_STALL",0.00000000e+00
"47__128_8_2048_8",36,16,"SQ_LDS_BANK_CONFLICT",32.000000
"47__128_8_2048_8",36,16,"SQ_LDS_UNALIGNED_STALL",0.00000000e+00
"47__128_8_2048_16",36,16,"SQ_LDS_BANK_CONFLICT",32.000000
"47__128_8_2048_16",36,16,"SQ_LDS_UNALIGNED_STALL",0.00000000e+00
"47__128_16",36,16,"SQ_LDS_BANK_CONFLICT",128.000000
"47__128_16",36,16,"SQ_LDS_UNALIGNED_STALL",0.00000000e+00
"47__128_16_1024_8",32,16,"SQ_LDS_BANK_CONFLICT",104.000000
"47__128_16_1024_8",32,16,"SQ_LDS_UNALIGNED_STALL",0.00000000e+00
"47__128_16_1024_16",32,16,"SQ_LDS_BANK_CONFLICT",56.000000
"47__128_16_1024_16",32,16,"SQ_LDS_UNALIGNED_STALL",0.00000000e+00
"47__1024_8",36,16,"SQ_LDS_BANK_CONFLICT",320.000000
"47__1024_8",36,16,"SQ_LDS_UNALIGNED_STALL",0.00000000e+00
"47__1024_8_16384_8",36,16,"SQ_LDS_BANK_CONFLICT",320.000000
"47__1024_8_16384_8",36,16,"SQ_LDS_UNALIGNED_STALL",0.00000000e+00
"47__1024_8_16384_16",36,16,"SQ_LDS_BANK_CONFLICT",320.000000
"47__1024_8_16384_16",36,16,"SQ_LDS_UNALIGNED_STALL",0.00000000e+00
"47__1024_16",36,16,"SQ_LDS_BANK_CONFLICT",256.000000
"47__1024_16",36,16,"SQ_LDS_UNALIGNED_STALL",0.00000000e+00
"47__1024_16_8192_8",36,16,"SQ_LDS_BANK_CONFLICT",256.000000
"47__1024_16_8192_8",36,16,"SQ_LDS_UNALIGNED_STALL",0.00000000e+00
"47__1024_16_8192_16",36,16,"SQ_LDS_BANK_CONFLICT",256.000000
"47__1024_16_8192_16",36,16,"SQ_LDS_UNALIGNED_STALL",0.00000000e+00
"47__256_8",36,16,"SQ_LDS_BANK_CONFLICT",32.000000
"47__256_8",36,16,"SQ_LDS_UNALIGNED_STALL",0.00000000e+00
"47__256_8_4096_8",36,16,"SQ_LDS_BANK_CONFLICT",32.000000
"47__256_8_4096_8",36,16,"SQ_LDS_UNALIGNED_STALL",0.00000000e+00
"47__256_8_4096_16",36,16,"SQ_LDS_BANK_CONFLICT",32.000000
"47__256_8_4096_16",36,16,"SQ_LDS_UNALIGNED_STALL",0.00000000e+00
"47__256_16",36,16,"SQ_LDS_BANK_CONFLICT",64.000000
"47__256_16",36,16,"SQ_LDS_UNALIGNED_STALL",0.00000000e+00
"47__256_16_2048_8",36,16,"SQ_LDS_BANK_CONFLICT",64.000000
"47__256_16_2048_8",36,16,"SQ_LDS_UNALIGNED_STALL",0.00000000e+00
"47__256_16_2048_16",36,16,"SQ_LDS_BANK_CONFLICT",64.000000
"47__256_16_2048_16",36,16,"SQ_LDS_UNALIGNED_STALL",0.00000000e+00
"47__512_8",36,16,"SQ_LDS_BANK_CONFLICT",128.000000
"47__512_8",36,16,"SQ_LDS_UNALIGNED_STALL",0.00000000e+00
"47__512_8_8192_8",36,16,"SQ_LDS_BANK_CONFLICT",128.000000
"47__512_8_8192_8",36,16,"SQ_LDS_UNALIGNED_STALL",0.00000000e+00
"47__512_8_8192_16",36,16,"SQ_LDS_BANK_CONFLICT",128.000000
"47__512_8_8192_16",36,16,"SQ_LDS_UNALIGNED_STALL",0.00000000e+00
"47__512_16",36,16,"SQ_LDS_BANK_CONFLICT",96.000000
"47__512_16",36,16,"SQ_LDS_UNALIGNED_STALL",0.00000000e+00
"47__512_16_4096_8",36,16,"SQ_LDS_BANK_CONFLICT",96.000000
"47__512_16_4096_8",36,16,"SQ_LDS_UNALIGNED_STALL",0.00000000e+00
"47__512_16_4096_16",36,16,"SQ_LDS_BANK_CONFLICT",96.000000
"47__512_16_4096_16",36,16,"SQ_LDS_UNALIGNED_STALL",0.00000000e+00
"48__256_8",28,16,"SQ_LDS_BANK_CONFLICT",128.000000
"48__256_8",28,16,"SQ_LDS_UNALIGNED_STALL",0.00000000e+00
"48__256_8_4096_8",28,16,"SQ_LDS_BANK_CONFLICT",128.000000
"48__256_8_4096_8",28,16,"SQ_LDS_UNALIGNED_STALL",0.00000000e+00
"48__256_8_4096_16",28,16,"SQ_LDS_BANK_CONFLICT",0.00000000e+00
"48__256_8_4096_16",28,16,"SQ_LDS_UNALIGNED_STALL",0.00000000e+00
"48__256_16",28,16,"SQ_LDS_BANK_CONFLICT",448.000000
"48__256_16",28,16,"SQ_LDS_UNALIGNED_STALL",0.00000000e+00
"48__256_16_2048_8",28,16,"SQ_LDS_BANK_CONFLICT",128.000000
"48__256_16_2048_8",28,16,"SQ_LDS_UNALIGNED_STALL",0.00000000e+00
"48__256_16_2048_16",28,16,"SQ_LDS_BANK_CONFLICT",64.000000
"48__256_16_2048_16",28,16,"SQ_LDS_UNALIGNED_STALL",0.00000000e+00
"48__2048_8",28,16,"SQ_LDS_BANK_CONFLICT",576.000000
"48__2048_8",28,16,"SQ_LDS_UNALIGNED_STALL",0.00000000e+00
"48__2048_8_32768_8",28,16,"SQ_LDS_BANK_CONFLICT",576.000000
"48__2048_8_32768_8",28,16,"SQ_LDS_UNALIGNED_STALL",0.00000000e+00
"48__2048_8_32768_16",28,16,"SQ_LDS_BANK_CONFLICT",576.000000
"48__2048_8_32768_16",28,16,"SQ_LDS_UNALIGNED_STALL",0.00000000e+00
"48__2048_16",28,16,"SQ_LDS_BANK_CONFLICT",448.000000
"48__2048_16",28,16,"SQ_LDS_UNALIGNED_STALL",0.00000000e+00
"48__2048_16_16384_8",28,16,"SQ_LDS_BANK_CONFLICT",448.000000
"48__2048_16_16384_8",28,16,"SQ_LDS_UNALIGNED_STALL",0.00000000e+00
"48__2048_16_16384_16",28,16,"SQ_LDS_BANK_CONFLICT",448.000000
"48__2048_16_16384_16",28,16,"SQ_LDS_UNALIGNED_STALL",0.00000000e+00
"48__128_8",28,16,"SQ_LDS_BANK_CONFLICT",448.000000
"48__128_8",28,16,"SQ_LDS_UNALIGNED_STALL",0.00000000e+00
"48__128_8_2048_8",28,16,"SQ_LDS_BANK_CONFLICT",128.000000
"48__128_8_2048_8",28,16,"SQ_LDS_UNALIGNED_STALL",0.00000000e+00
"48__128_8_2048_16",28,16,"SQ_LDS_BANK_CONFLICT",64.000000
"48__128_8_2048_16",28,16,"SQ_LDS_UNALIGNED_STALL",0.00000000e+00
"48__128_16",28,16,"SQ_LDS_BANK_CONFLICT",576.000000
"48__128_16",28,16,"SQ_LDS_UNALIGNED_STALL",0.00000000e+00
"48__128_16_1024_8",32,16,"SQ_LDS_BANK_CONFLICT",0.00000000e+00
"48__128_16_1024_8",32,16,"SQ_LDS_UNALIGNED_STALL",0.00000000e+00
"48__128_16_1024_16",32,16,"SQ_LDS_BANK_CONFLICT",64.000000
"48__128_16_1024_16",32,16,"SQ_LDS_UNALIGNED_STALL",0.00000000e+00
"48__512_8",28,16,"SQ_LDS_BANK_CONFLICT",64.000000
"48__512_8",28,16,"SQ_LDS_UNALIGNED_STALL",0.00000000e+00
"48__512_8_8192_8",28,16,"SQ_LDS_BANK_CONFLICT",64.000000
"48__512_8_8192_8",28,16,"SQ_LDS_UNALIGNED_STALL",0.00000000e+00
"48__512_8_8192_16",28,16,"SQ_LDS_BANK_CONFLICT",64.000000
"48__512_8_8192_16",28,16,"SQ_LDS_UNALIGNED_STALL",0.00000000e+00
"48__512_16",28,16,"SQ_LDS_BANK_CONFLICT",192.000000
"48__512_16",28,16,"SQ_LDS_UNALIGNED_STALL",0.00000000e+00
"48__512_16_4096_8",28,16,"SQ_LDS_BANK_CONFLICT",192.000000
"48__512_16_4096_8",28,16,"SQ_LDS_UNALIGNED_STALL",0.00000000e+00
"48__512_16_4096_16",28,16,"SQ_LDS_BANK_CONFLICT",64.000000
"48__512_16_4096_16",28,16,"SQ_LDS_UNALIGNED_STALL",0.00000000e+00
"48__1024_8",28,16,"SQ_LDS_BANK_CONFLICT",192.000000
"48__1024_8",28,16,"SQ_LDS_UNALIGNED_STALL",0.00000000e+00
"48__1024_8_16384_8",28,16,"SQ_LDS_BANK_CONFLICT",192.000000
"48__1024_8_16384_8",28,16,"SQ_LDS_UNALIGNED_STALL",0.00000000e+00
"48__1024_8_16384_16",28,16,"SQ_LDS_BANK_CONFLICT",192.000000
"48__1024_8_16384_16",28,16,"SQ_LDS_UNALIGNED_STALL",0.00000000e+00
"48__1024_16",28,16,"SQ_LDS_BANK_CONFLICT",192.000000
"48__1024_16",28,16,"SQ_LDS_UNALIGNED_STALL",0.00000000e+00
"48__1024_16_8192_8",28,16,"SQ_LDS_BANK_CONFLICT",192.000000
"48__1024_16_8192_8",28,16,"SQ_LDS_UNALIGNED_STALL",0.00000000e+00
"48__1024_16_8192_16",28,16,"SQ_LDS_BANK_CONFLICT",192.000000
"48__1024_16_8192_16",28,16,"SQ_LDS_UNALIGNED_STALL",0.00000000e+00
"49__256_8",36,16,"SQ_LDS_BANK_CONFLICT",128.000000
"49__256_8",36,16,"SQ_LDS_UNALIGNED_STALL",0.00000000e+00
"49__256_8_4096_8",36,16,"SQ_LDS_BANK_CONFLICT",128.000000
"49__256_8_4096_8",36,16,"SQ_LDS_UNALIGNED_STALL",0.00000000e+00
"49__256_8_4096_16",36,16,"SQ_LDS_BANK_CONFLICT",0.00000000e+00
"49__256_8_4096_16",36,16,"SQ_LDS_UNALIGNED_STALL",0.00000000e+00
"49__256_16",36,16,"SQ_LDS_BANK_CONFLICT",448.000000
"49__256_16",36,16,"SQ_LDS_UNALIGNED_STALL",0.00000000e+00
"49__256_16_2048_8",40,16,"SQ_LDS_BANK_CONFLICT",144.000000
"49__256_16_2048_8",40,16,"SQ_LDS_UNALIGNED_STALL",0.00000000e+00
"49__256_16_2048_16",40,16,"SQ_LDS_BANK_CONFLICT",48.000000
"49__256_16_2048_16",40,16,"SQ_LDS_UNALIGNED_STALL",0.00000000e+00
"49__2048_8",36,16,"SQ_LDS_BANK_CONFLICT",576.000000
"49__2048_8",36,16,"SQ_LDS_UNALIGNED_STALL",0.00000000e+00
"49__2048_8_32768_8",36,16,"SQ_LDS_BANK_CONFLICT",576.000000
"49__2048_8_32768_8",36,16,"SQ_LDS_UNALIGNED_STALL",0.00000000e+00
"49__2048_8_32768_16",36,16,"SQ_LDS_BANK_CONFLICT",576.000000
"49__2048_8_32768_16",36,16,"SQ_LDS_UNALIGNED_STALL",0.00000000e+00
"49__2048_16",36,16,"SQ_LDS_BANK_CONFLICT",448.000000
"49__2048_16",36,16,"SQ_LDS_UNALIGNED_STALL",0.00000000e+00
"49__2048_16_16384_8",36,16,"SQ_LDS_BANK_CONFLICT",448.000000
"49__2048_16_16384_8",36,16,"SQ_LDS_UNALIGNED_STALL",0.00000000e+00
"49__2048_16_16384_16",36,16,"SQ_LDS_BANK_CONFLICT",448.000000
"49__2048_16_16384_16",36,16,"SQ_LDS_UNALIGNED_STALL",0.00000000e+00
"49__128_8",36,16,"SQ_LDS_BANK_CONFLICT",448.000000
"49__128_8",36,16,"SQ_LDS_UNALIGNED_STALL",0.00000000e+00
"49__128_8_2048_8",40,16,"SQ_LDS_BANK_CONFLICT",144.000000
"49__128_8_2048_8",40,16,"SQ_LDS_UNALIGNED_STALL",0.00000000e+00
"49__128_8_2048_16",40,16,"SQ_LDS_BANK_CONFLICT",48.000000
"49__128_8_2048_16",40,16,"SQ_LDS_UNALIGNED_STALL",0.00000000e+00
"49__128_16",36,16,"SQ_LDS_BANK_CONFLICT",576.000000
"49__128_16",36,16,"SQ_LDS_UNALIGNED_STALL",0.00000000e+00
"49__128_16_1024_8",40,16,"SQ_LDS_BANK_CONFLICT",16.000000
"49__128_16_1024_8",40,16,"SQ_LDS_UNALIGNED_STALL",0.00000000e+00
"49__128_16_1024_16",40,16,"SQ_LDS_BANK_CONFLICT",48.000000
"49__128_16_1024_16",40,16,"SQ_LDS_UNALIGNED_STALL",0.00000000e+00
"49__512_8",36,16,"SQ_LDS_BANK_CONFLICT",64.000000
"49__512_8",36,16,"SQ_LDS_UNALIGNED_STALL",0.00000000e+00
"49__512_8_8192_8",36,16,"SQ_LDS_BANK_CONFLICT",64.000000
"49__512_8_8192_8",36,16,"SQ_LDS_UNALIGNED_STALL",0.00000000e+00
"49__512_8_8192_16",36,16,"SQ_LDS_BANK_CONFLICT",64.000000
"49__512_8_8192_16",36,16,"SQ_LDS_UNALIGNED_STALL",0.00000000e+00
"49__512_16",36,16,"SQ_LDS_BANK_CONFLICT",192.000000
"49__512_16",36,16,"SQ_LDS_UNALIGNED_STALL",0.00000000e+00
"49__512_16_4096_8",36,16,"SQ_LDS_BANK_CONFLICT",192.000000
"49__512_16_4096_8",36,16,"SQ_LDS_UNALIGNED_STALL",0.00000000e+00
"49__512_16_4096_16",36,16,"SQ_LDS_BANK_CONFLICT",64.000000
"49__512_16_4096_16",36,16,"SQ_LDS_UNALIGNED_STALL",0.00000000e+00
"49__1024_8",36,16,"SQ_LDS_BANK_CONFLICT",192.000000
"49__1024_8",36,16,"SQ_LDS_UNALIGNED_STALL",0.00000000e+00
"49__1024_8_16384_8",36,16,"SQ_LDS_BANK_CONFLICT",192.000000
"49__1024_8_16384_8",36,16,"SQ_LDS_UNALIGNED_STALL",0.00000000e+00
"49__1024_8_16384_16",36,16,"SQ_LDS_BANK_CONFLICT",192.000000
"49__1024_8_16384_16",36,16,"SQ_LDS_UNALIGNED_STALL",0.00000000e+00
"49__1024_16",36,16,"SQ_LDS_BANK_CONFLICT",192.000000
"49__1024_16",36,16,"SQ_LDS_UNALIGNED_STALL",0.00000000e+00
"49__1024_16_8192_8",36,16,"SQ_LDS_BANK_CONFLICT",192.000000
"49__1024_16_8192_8",36,16,"SQ_LDS_UNALIGNED_STALL",0.00000000e+00
"49__1024_16_8192_16",36,16,"SQ_LDS_BANK_CONFLICT",192.000000
"49__1024_16_8192_16",36,16,"SQ_LDS_UNALIGNED_STALL",0.00000000e+00
"50__256_8",32,16,"SQ_LDS_BANK_CONFLICT",64.000000
"50__256_8",32,16,"SQ_LDS_UNALIGNED_STALL",0.00000000e+00
"50__256_8_4096_8",32,16,"SQ_LDS_BANK_CONFLICT",64.000000
"50__256_8_4096_8",32,16,"SQ_LDS_UNALIGNED_STALL",0.00000000e+00
"50__256_8_4096_16",32,16,"SQ_LDS_BANK_CONFLICT",64.000000
"50__256_8_4096_16",32,16,"SQ_LDS_UNALIGNED_STALL",0.00000000e+00
"50__256_16",32,16,"SQ_LDS_BANK_CONFLICT",256.000000
"50__256_16",32,16,"SQ_LDS_UNALIGNED_STALL",0.00000000e+00
"50__256_16_2048_8",32,16,"SQ_LDS_BANK_CONFLICT",192.000000
"50__256_16_2048_8",32,16,"SQ_LDS_UNALIGNED_STALL",0.00000000e+00
"50__256_16_2048_16",32,16,"SQ_LDS_BANK_CONFLICT",128.000000
"50__256_16_2048_16",32,16,"SQ_LDS_UNALIGNED_STALL",0.00000000e+00
"50__2048_8",32,16,"SQ_LDS_BANK_CONFLICT",640.000000
"50__2048_8",32,16,"SQ_LDS_UNALIGNED_STALL",0.00000000e+00
"50__2048_8_32768_8",32,16,"SQ_LDS_BANK_CONFLICT",640.000000
"50__2048_8_32768_8",32,16,"SQ_LDS_UNALIGNED_STALL",0.00000000e+00
"50__2048_8_32768_16",32,16,"SQ_LDS_BANK_CONFLICT",640.000000
"50__2048_8_32768_16",32,16,"SQ_LDS_UNALIGNED_STALL",0.00000000e+00
"50__2048_16",32,16,"SQ_LDS_BANK_CONFLICT",512.000000
"50__2048_16",32,16,"SQ_LDS_UNALIGNED_STALL",0.00000000e+00
"50__2048_16_16384_8",32,16,"SQ_LDS_BANK_CONFLICT",512.000000
"50__2048_16_16384_8",32,16,"SQ_LDS_UNALIGNED_STALL",0.00000000e+00
"50__2048_16_16384_16",32,16,"SQ_LDS_BANK_CONFLICT",512.000000
"50__2048_16_16384_16",32,16,"SQ_LDS_UNALIGNED_STALL",0.00000000e+00
"50__128_8",32,16,"SQ_LDS_BANK_CONFLICT",256.000000
"50__128_8",32,16,"SQ_LDS_UNALIGNED_STALL",0.00000000e+00
"50__128_8_2048_8",32,16,"SQ_LDS_BANK_CONFLICT",192.000000
"50__128_8_2048_8",32,16,"SQ_LDS_UNALIGNED_STALL",0.00000000e+00
"50__128_8_2048_16",32,16,"SQ_LDS_BANK_CONFLICT",128.000000
"50__128_8_2048_16",32,16,"SQ_LDS_UNALIGNED_STALL",0.00000000e+00
"50__128_16",32,16,"SQ_LDS_BANK_CONFLICT",384.000000
"50__128_16",32,16,"SQ_LDS_UNALIGNED_STALL",0.00000000e+00
"50__128_16_1024_8",32,16,"SQ_LDS_BANK_CONFLICT",64.000000
"50__128_16_1024_8",32,16,"SQ_LDS_UNALIGNED_STALL",0.00000000e+00
"50__128_16_1024_16",32,16,"SQ_LDS_BANK_CONFLICT",64.000000
"50__128_16_1024_16",32,16,"SQ_LDS_UNALIGNED_STALL",0.00000000e+00
"50__512_8",32,16,"SQ_LDS_BANK_CONFLICT",64.000000
"50__512_8",32,16,"SQ_LDS_UNALIGNED_STALL",0.00000000e+00
"50__512_8_8192_8",32,16,"SQ_LDS_BANK_CONFLICT",64.000000
"50__512_8_8192_8",32,16,"SQ_LDS_UNALIGNED_STALL",0.00000000e+00
"50__512_8_8192_16",32,16,"SQ_LDS_BANK_CONFLICT",64.000000
"50__512_8_8192_16",32,16,"SQ_LDS_UNALIGNED_STALL",0.00000000e+00
"50__512_16",32,16,"SQ_LDS_BANK_CONFLICT",128.000000
"50__512_16",32,16,"SQ_LDS_UNALIGNED_STALL",0.00000000e+00
"50__512_16_4096_8",32,16,"SQ_LDS_BANK_CONFLICT",128.000000
"50__512_16_4096_8",32,16,"SQ_LDS_UNALIGNED_STALL",0.00000000e+00
"50__512_16_4096_16",32,16,"SQ_LDS_BANK_CONFLICT",128.000000
"50__512_16_4096_16",32,16,"SQ_LDS_UNALIGNED_STALL",0.00000000e+00
"50__1024_8",32,16,"SQ_LDS_BANK_CONFLICT",256.000000
"50__1024_8",32,16,"SQ_LDS_UNALIGNED_STALL",0.00000000e+00
"50__1024_8_16384_8",32,16,"SQ_LDS_BANK_CONFLICT",256.000000
"50__1024_8_16384_8",32,16,"SQ_LDS_UNALIGNED_STALL",0.00000000e+00
"50__1024_8_16384_16",32,16,"SQ_LDS_BANK_CONFLICT",256.000000
"50__1024_8_16384_16",32,16,"SQ_LDS_UNALIGNED_STALL",0.00000000e+00
"50__1024_16",32,16,"SQ_LDS_BANK_CONFLICT",192.000000
"50__1024_16",32,16,"SQ_LDS_UNALIGNED_STALL",0.00000000e+00
"50__1024_16_8192_8",32,16,"SQ_LDS_BANK_CONFLICT",192.000000
"50__1024_16_8192_8",32,16,"SQ_LDS_UNALIGNED_STALL",0.00000000e+00
"50__1024_16_8192_16",32,16,"SQ_LDS_BANK_CONFLICT",192.000000
"50__1024_16_8192_16",32,16,"SQ_LDS_UNALIGNED_STALL",0.00000000e+00
"51__256_8",36,16,"SQ_LDS_BANK_CONFLICT",64.000000
"51__256_8",36,16,"SQ_LDS_UNALIGNED_STALL",0.00000000e+00
"51__256_8_4096_8",36,16,"SQ_LDS_BANK_CONFLICT",64.000000
"51__256_8_4096_8",36,16,"SQ_LDS_UNALIGNED_STALL",0.00000000e+00
"51__256_8_4096_16",36,16,"SQ_LDS_BANK_CONFLICT",64.000000
"51__256_8_4096_16",36,16,"SQ_LDS_UNALIGNED_STALL",0.00000000e+00
"51__256_16",36,16,"SQ_LDS_BANK_CONFLICT",256.000000
"51__256_16",36,16,"SQ_LDS_UNALIGNED_STALL",0.00000000e+00
"51__256_16_2048_8",40,16,"SQ_LDS_BANK_CONFLICT",208.000000
"51__256_16_2048_8",40,16,"SQ_LDS_UNALIGNED_STALL",0.00000000e+00
"51__256_16_2048_16",40,16,"SQ_LDS_BANK_CONFLICT",112.000000
"51__256_16_2048_16",40,16,"SQ_LDS_UNALIGNED_STALL",0.00000000e+00
"51__2048_8",36,16,"SQ_LDS_BANK_CONFLICT",640.000000
"51__2048_8",36,16,"SQ_LDS_UNALIGNED_STALL",0.00000000e+00
"51__2048_8_32768_8",36,16,"SQ_LDS_BANK_CONFLICT",640.000000
"51__2048_8_32768_8",36,16,"SQ_LDS_UNALIGNED_STALL",0.00000000e+00
"51__2048_8_32768_16",36,16,"SQ_LDS_BANK_CONFLICT",640.000000
"51__2048_8_32768_16",36,16,"SQ_LDS_UNALIGNED_STALL",0.00000000e+00
"51__2048_16",36,16,"SQ_LDS_BANK_CONFLICT",512.000000
"51__2048_16",36,16,"SQ_LDS_UNALIGNED_STALL",0.00000000e+00
"51__2048_16_16384_8",36,16,"SQ_LDS_BANK_CONFLICT",512.000000
"51__2048_16_16384_8",36,16,"SQ_LDS_UNALIGNED_STALL",0.00000000e+00
"51__2048_16_16384_16",36,16,"SQ_LDS_BANK_CONFLICT",512.000000
"51__2048_16_16384_16",36,16,"SQ_LDS_UNALIGNED_STALL",0.00000000e+00
"51__128_8",36,16,"SQ_LDS_BANK_CONFLICT",256.000000
"51__128_8",36,16,"SQ_LDS_UNALIGNED_STALL",0.00000000e+00
"51__128_8_2048_8",40,16,"SQ_LDS_BANK_CONFLICT",208.000000
"51__128_8_2048_8",40,16,"SQ_LDS_UNALIGNED_STALL",0.00000000e+00
"51__128_8_2048_16",40,16,"SQ_LDS_BANK_CONFLICT",112.000000
"51__128_8_2048_16",40,16,"SQ_LDS_UNALIGNED_STALL",0.00000000e+00
"51__128_16",36,16,"SQ_LDS_BANK_CONFLICT",384.000000
"51__128_16",36,16,"SQ_LDS_UNALIGNED_STALL",0.00000000e+00
"51__128_16_1024_8",40,16,"SQ_LDS_BANK_CONFLICT",80.000000
"51__128_16_1024_8",40,16,"SQ_LDS_UNALIGNED_STALL",0.00000000e+00
"51__128_16_1024_16",40,16,"SQ_LDS_BANK_CONFLICT",48.000000
"51__128_16_1024_16",40,16,"SQ_LDS_UNALIGNED_STALL",0.00000000e+00
"51__512_8",36,16,"SQ_LDS_BANK_CONFLICT",64.000000
"51__512_8",36,16,"SQ_LDS_UNALIGNED_STALL",0.00000000e+00
"51__512_8_8192_8",36,16,"SQ_LDS_BANK_CONFLICT",64.000000
"51__512_8_8192_8",36,16,"SQ_LDS_UNALIGNED_STALL",0.00000000e+00
"51__512_8_8192_16",36,16,"SQ_LDS_BANK_CONFLICT",64.000000
"51__512_8_8192_16",36,16,"SQ_LDS_UNALIGNED_STALL",0.00000000e+00
"51__512_16",36,16,"SQ_LDS_BANK_CONFLICT",128.000000
"51__512_16",36,16,"SQ_LDS_UNALIGNED_STALL",0.00000000e+00
"51__512_16_4096_8",36,16,"SQ_LDS_BANK_CONFLICT",128.000000
"51__512_16_4096_8",36,16,"SQ_LDS_UNALIGNED_STALL",0.00000000e+00
"51__512_16_4096_16",36,16,"SQ_LDS_BANK_CONFLICT",128.000000
"51__512_16_4096_16",36,16,"SQ_LDS_UNALIGNED_STALL",0.00000000e+00
"51__1024_8",36,16,"SQ_LDS_BANK_CONFLICT",256.000000
"51__1024_8",36,16,"SQ_LDS_UNALIGNED_STALL",0.00000000e+00
"51__1024_8_16384_8",36,16,"SQ_LDS_BANK_CONFLICT",256.000000
"51__1024_8_16384_8",36,16,"SQ_LDS_UNALIGNED_STALL",0.00000000e+00
"51__1024_8_16384_16",36,16,"SQ_LDS_BANK_CONFLICT",256.000000
"51__1024_8_16384_16",36,16,"SQ_LDS_UNALIGNED_STALL",0.00000000e+00
"51__1024_16",36,16,"SQ_LDS_BANK_CONFLICT",192.000000
"51__1024_16",36,16,"SQ_LDS_UNALIGNED_STALL",0.00000000e+00
"51__1024_16_8192_8",36,16,"SQ_LDS_BANK_CONFLICT",192.000000
"51__1024_16_8192_8",36,16,"SQ_LDS_UNALIGNED_STALL",0.00000000e+00
"51__1024_16_8192_16",36,16,"SQ_LDS_BANK_CONFLICT",192.000000
"51__1024_16_8192_16",36,16,"SQ_LDS_UNALIGNED_STALL",0.00000000e+00
"52__256_8",36,16,"SQ_LDS_BANK_CONFLICT",64.000000
"52__256_8",36,16,"SQ_LDS_UNALIGNED_STALL",0.00000000e+00
"52__256_8_4096_8",36,16,"SQ_LDS_BANK_CONFLICT",64.000000
"52__256_8_4096_8",36,16,"SQ_LDS_UNALIGNED_STALL",0.00000000e+00
"52__256_8_4096_16",36,16,"SQ_LDS_BANK_CONFLICT",64.000000
"52__256_8_4096_16",36,16,"SQ_LDS_UNALIGNED_STALL",0.00000000e+00
"52__256_16",36,16,"SQ_LDS_BANK_CONFLICT",256.000000
"52__256_16",36,16,"SQ_LDS_UNALIGNED_STALL",0.00000000e+00
"52__256_16_2048_8",32,16,"SQ_LDS_BANK_CONFLICT",192.000000
"52__256_16_2048_8",32,16,"SQ_LDS_UNALIGNED_STALL",0.00000000e+00
"52__256_16_2048_16",32,16,"SQ_LDS_BANK_CONFLICT",128.000000
"52__256_16_2048_16",32,16,"SQ_LDS_UNALIGNED_STALL",0.00000000e+00
"52__2048_8",36,16,"SQ_LDS_BANK_CONFLICT",640.000000
"52__2048_8",36,16,"SQ_LDS_UNALIGNED_STALL",0.00000000e+00
"52__2048_8_32768_8",36,16,"SQ_LDS_BANK_CONFLICT",640.000000
"52__2048_8_32768_8",36,16,"SQ_LDS_UNALIGNED_STALL",0.00000000e+00
"52__2048_8_32768_16",36,16,"SQ_LDS_BANK_CONFLICT",640.000000
"52__2048_8_32768_16",36,16,"SQ_LDS_UNALIGNED_STALL",0.00000000e+00
"52__2048_16",36,16,"SQ_LDS_BANK_CONFLICT",512.000000
"52__2048_16",36,16,"SQ_LDS_UNALIGNED_STALL",0.00000000e+00
"52__2048_16_16384_8",36,16,"SQ_LDS_BANK_CONFLICT",512.000000
"52__2048_16_16384_8",36,16,"SQ_LDS_UNALIGNED_STALL",0.00000000e+00
"52__2048_16_16384_16",36,16,"SQ_LDS_BANK_CONFLICT",512.000000
"52__2048_16_16384_16",36,16,"SQ_LDS_UNALIGNED_STALL",0.00000000e+00
"52__128_8",28,16,"SQ_LDS_BANK_CONFLICT",256.000000
"52__128_8",28,16,"SQ_LDS_UNALIGNED_STALL",0.00000000e+00
"52__128_8_2048_8",36,16,"SQ_LDS_BANK_CONFLICT",192.000000
"52__128_8_2048_8",36,16,"SQ_LDS_UNALIGNED_STALL",0.00000000e+00
"52__128_8_2048_16",36,16,"SQ_LDS_BANK_CONFLICT",128.000000
"52__128_8_2048_16",36,16,"SQ_LDS_UNALIGNED_STALL",0.00000000e+00
"52__128_16",32,16,"SQ_LDS_BANK_CONFLICT",384.000000
"52__128_16",32,16,"SQ_LDS_UNALIGNED_STALL",0.00000000e+00
"52__128_16_1024_8",32,16,"SQ_LDS_BANK_CONFLICT",64.000000
"52__128_16_1024_8",32,16,"SQ_LDS_UNALIGNED_STALL",0.00000000e+00
"52__128_16_1024_16",32,16,"SQ_LDS_BANK_CONFLICT",64.000000
"52__128_16_1024_16",32,16,"SQ_LDS_UNALIGNED_STALL",0.00000000e+00
"52__512_8",36,16,"SQ_LDS_BANK_CONFLICT",64.000000
"52__512_8",36,16,"SQ_LDS_UNALIGNED_STALL",0.00000000e+00
"52__512_8_8192_8",36,16,"SQ_LDS_BANK_CONFLICT",64.000000
"52__512_8_8192_8",36,16,"SQ_LDS_UNALIGNED_STALL",0.00000000e+00
"52__512_8_8192_16",36,16,"SQ_LDS_BANK_CONFLICT",64.000000
"52__512_8_8192_16",36,16,"SQ_LDS_UNALIGNED_STALL",0.00000000e+00
"52__512_16",36,16,"SQ_LDS_BANK_CONFLICT",128.000000
"52__512_16",36,16,"SQ_LDS_UNALIGNED_STALL",0.00000000e+00
"52__512_16_4096_8",36,16,"SQ_LDS_BANK_CONFLICT",128.000000
"52__512_16_4096_8",36,16,"SQ_LDS_UNALIGNED_STALL",0.00000000e+00
"52__512_16_4096_16",36,16,"SQ_LDS_BANK_CONFLICT",128.000000
"52__512_16_4096_16",36,16,"SQ_LDS_UNALIGNED_STALL",0.00000000e+00
"52__1024_8",36,16,"SQ_LDS_BANK_CONFLICT",256.000000
"52__1024_8",36,16,"SQ_LDS_UNALIGNED_STALL",0.00000000e+00
"52__1024_8_16384_8",36,16,"SQ_LDS_BANK_CONFLICT",256.000000
"52__1024_8_16384_8",36,16,"SQ_LDS_UNALIGNED_STALL",0.00000000e+00
"52__1024_8_16384_16",36,16,"SQ_LDS_BANK_CONFLICT",256.000000
"52__1024_8_16384_16",36,16,"SQ_LDS_UNALIGNED_STALL",0.00000000e+00
"52__1024_16",36,16,"SQ_LDS_BANK_CONFLICT",192.000000
"52__1024_16",36,16,"SQ_LDS_UNALIGNED_STALL",0.00000000e+00
"52__1024_16_8192_8",36,16,"SQ_LDS_BANK_CONFLICT",192.000000
"52__1024_16_8192_8",36,16,"SQ_LDS_UNALIGNED_STALL",0.00000000e+00
"52__1024_16_8192_16",36,16,"SQ_LDS_BANK_CONFLICT",192.000000
"52__1024_16_8192_16",36,16,"SQ_LDS_UNALIGNED_STALL",0.00000000e+00
"53__256_8",36,16,"SQ_LDS_BANK_CONFLICT",64.000000
"53__256_8",36,16,"SQ_LDS_UNALIGNED_STALL",0.00000000e+00
"53__256_8_4096_8",36,16,"SQ_LDS_BANK_CONFLICT",64.000000
"53__256_8_4096_8",36,16,"SQ_LDS_UNALIGNED_STALL",0.00000000e+00
"53__256_8_4096_16",36,16,"SQ_LDS_BANK_CONFLICT",64.000000
"53__256_8_4096_16",36,16,"SQ_LDS_UNALIGNED_STALL",0.00000000e+00
"53__256_16",36,16,"SQ_LDS_BANK_CONFLICT",256.000000
"53__256_16",36,16,"SQ_LDS_UNALIGNED_STALL",0.00000000e+00
"53__256_16_2048_8",40,16,"SQ_LDS_BANK_CONFLICT",208.000000
"53__256_16_2048_8",40,16,"SQ_LDS_UNALIGNED_STALL",0.00000000e+00
"53__256_16_2048_16",40,16,"SQ_LDS_BANK_CONFLICT",112.000000
"53__256_16_2048_16",40,16,"SQ_LDS_UNALIGNED_STALL",0.00000000e+00
"53__2048_8",36,16,"SQ_LDS_BANK_CONFLICT",640.000000
"53__2048_8",36,16,"SQ_LDS_UNALIGNED_STALL",0.00000000e+00
"53__2048_8_32768_8",36,16,"SQ_LDS_BANK_CONFLICT",640.000000
"53__2048_8_32768_8",36,16,"SQ_LDS_UNALIGNED_STALL",0.00000000e+00
"53__2048_8_32768_16",36,16,"SQ_LDS_BANK_CONFLICT",640.000000
"53__2048_8_32768_16",36,16,"SQ_LDS_UNALIGNED_STALL",0.00000000e+00
"53__2048_16",36,16,"SQ_LDS_BANK_CONFLICT",512.000000
"53__2048_16",36,16,"SQ_LDS_UNALIGNED_STALL",0.00000000e+00
"53__2048_16_16384_8",36,16,"SQ_LDS_BANK_CONFLICT",512.000000
"53__2048_16_16384_8",36,16,"SQ_LDS_UNALIGNED_STALL",0.00000000e+00
"53__2048_16_16384_16",36,16,"SQ_LDS_BANK_CONFLICT",512.000000
"53__2048_16_16384_16",36,16,"SQ_LDS_UNALIGNED_STALL",0.00000000e+00
"53__128_8",36,16,"SQ_LDS_BANK_CONFLICT",256.000000
"53__128_8",36,16,"SQ_LDS_UNALIGNED_STALL",0.00000000e+00
"53__128_8_2048_8",40,16,"SQ_LDS_BANK_CONFLICT",208.000000
"53__128_8_2048_8",40,16,"SQ_LDS_UNALIGNED_STALL",0.00000000e+00
"53__128_8_2048_16",40,16,"SQ_LDS_BANK_CONFLICT",112.000000
"53__128_8_2048_16",40,16,"SQ_LDS_UNALIGNED_STALL",0.00000000e+00
"53__128_16",36,16,"SQ_LDS_BANK_CONFLICT",384.000000
"53__128_16",36,16,"SQ_LDS_UNALIGNED_STALL",0.00000000e+00
"53__128_16_1024_8",40,16,"SQ_LDS_BANK_CONFLICT",80.000000
"53__128_16_1024_8",40,16,"SQ_LDS_UNALIGNED_STALL",0.00000000e+00
"53__128_16_1024_16",40,16,"SQ_LDS_BANK_CONFLICT",48.000000
"53__128_16_1024_16",40,16,"SQ_LDS_UNALIGNED_STALL",0.00000000e+00
"53__512_8",36,16,"SQ_LDS_BANK_CONFLICT",64.000000
"53__512_8",36,16,"SQ_LDS_UNALIGNED_STALL",0.00000000e+00
"53__512_8_8192_8",36,16,"SQ_LDS_BANK_CONFLICT",64.000000
"53__512_8_8192_8",36,16,"SQ_LDS_UNALIGNED_STALL",0.00000000e+00
"53__512_8_8192_16",36,16,"SQ_LDS_BANK_CONFLICT",64.000000
"53__512_8_8192_16",36,16,"SQ_LDS_UNALIGNED_STALL",0.00000000e+00
"53__512_16",36,16,"SQ_LDS_BANK_CONFLICT",128.000000
"53__512_16",36,16,"SQ_LDS_UNALIGNED_STALL",0.00000000e+00
"53__512_16_4096_8",36,16,"SQ_LDS_BANK_CONFLICT",128.000000
"53__512_16_4096_8",36,16,"SQ_LDS_UNALIGNED_STALL",0.00000000e+00
"53__512_16_4096_16",36,16,"SQ_LDS_BANK_CONFLICT",128.000000
"53__512_16_4096_16",36,16,"SQ_LDS_UNALIGNED_STALL",0.00000000e+00
"53__1024_8",36,16,"SQ_LDS_BANK_CONFLICT",256.000000
"53__1024_8",36,16,"SQ_LDS_UNALIGNED_STALL",0.00000000e+00
"53__1024_8_16384_8",36,16,"SQ_LDS_BANK_CONFLICT",256.000000
"53__1024_8_16384_8",36,16,"SQ_LDS_UNALIGNED_STALL",0.00000000e+00
"53__1024_8_16384_16",36,16,"SQ_LDS_BANK_CONFLICT",256.000000
"53__1024_8_16384_16",36,16,"SQ_LDS_UNALIGNED_STALL",0.00000000e+00
"53__1024_16",36,16,"SQ_LDS_BANK_CONFLICT",192.000000
"53__1024_16",36,16,"SQ_LDS_UNALIGNED_STALL",0.00000000e+00
"53__1024_16_8192_8",36,16,"SQ_LDS_BANK_CONFLICT",192.000000
"53__1024_16_8192_8",36,16,"SQ_LDS_UNALIGNED_STALL",0.00000000e+00
"53__1024_16_8192_16",36,16,"SQ_LDS_BANK_CONFLICT",192.000000
"53__1024_16_8192_16",36,16,"SQ_LDS_UNALIGNED_STALL",0.00000000e+00
