"0__32_2",40,16,"SQ_LDS_BANK_CONFLICT",896.000000
"0__32_2",40,16,"SQ_LDS_UNALIGNED_STALL",1920.000000
"0__32_2_2048_2",40,16,"SQ_LDS_BANK_CONFLICT",128.000000
"0__32_2_2048_2",40,16,"SQ_LDS_UNALIGNED_STALL",1952.000000
"0__32_2_2048_4",40,16,"SQ_LDS_BANK_CONFLICT",128.000000
"0__32_2_2048_4",40,16,"SQ_LDS_UNALIGNED_STALL",1920.000000
"0__32_2_2048_8",40,16,"SQ_LDS_BANK_CONFLICT",384.000000
"0__32_2_2048_8",40,16,"SQ_LDS_UNALIGNED_STALL",1920.000000
"0__32_2_2048_16",40,16,"SQ_LDS_BANK_CONFLICT",896.000000
"0__32_2_2048_16",40,16,"SQ_LDS_UNALIGNED_STALL",1920.000000
"0__32_4",40,16,"SQ_LDS_BANK_CONFLICT",1920.000000
"0__32_4",40,16,"SQ_LDS_UNALIGNED_STALL",0.00000000e+00
"0__32_4_1024_2",40,16,"SQ_LDS_BANK_CONFLICT",128.000000
"0__32_4_1024_2",40,16,"SQ_LDS_UNALIGNED_STALL",992.000000
"0__32_4_1024_4",40,16,"SQ_LDS_BANK_CONFLICT",128.000000
"0__32_4_1024_4",40,16,"SQ_LDS_UNALIGNED_STALL",0.00000000e+00
"0__32_4_1024_8",40,16,"SQ_LDS_BANK_CONFLICT",384.000000
"0__32_4_1024_8",40,16,"SQ_LDS_UNALIGNED_STALL",0.00000000e+00
"0__32_4_1024_16",40,16,"SQ_LDS_BANK_CONFLICT",896.000000
"0__32_4_1024_16",40,16,"SQ_LDS_UNALIGNED_STALL",0.00000000e+00
"0__32_8",40,16,"SQ_LDS_BANK_CONFLICT",4096.000000
"0__32_8",40,16,"SQ_LDS_UNALIGNED_STALL",0.00000000e+00
"0__32_8_512_2",36,16,"SQ_LDS_BANK_CONFLICT",136.000000
"0__32_8_512_2",36,16,"SQ_LDS_UNALIGNED_STALL",1856.000000
"0__32_8_512_4",36,16,"SQ_LDS_BANK_CONFLICT",144.000000
"0__32_8_512_4",36,16,"SQ_LDS_UNALIGNED_STALL",0.00000000e+00
"0__32_8_512_8",36,16,"SQ_LDS_BANK_CONFLICT",456.000000
"0__32_8_512_8",36,16,"SQ_LDS_UNALIGNED_STALL",0.00000000e+00
"0__32_8_512_16",36,16,"SQ_LDS_BANK_CONFLICT",968.000000
"0__32_8_512_16",36,16,"SQ_LDS_UNALIGNED_STALL",0.00000000e+00
"0__32_16",40,16,"SQ_LDS_BANK_CONFLICT",4352.000000
"0__32_16",40,16,"SQ_LDS_UNALIGNED_STALL",0.00000000e+00
"0__32_16_256_2",36,16,"SQ_LDS_BANK_CONFLICT",0.00000000e+00
"0__32_16_256_2",36,16,"SQ_LDS_UNALIGNED_STALL",1976.000000
"0__32_16_256_4",36,16,"SQ_LDS_BANK_CONFLICT",144.000000
"0__32_16_256_4",36,16,"SQ_LDS_UNALIGNED_STALL",0.00000000e+00
"0__32_16_256_8",36,16,"SQ_LDS_BANK_CONFLICT",456.000000
"0__32_16_256_8",36,16,"SQ_LDS_UNALIGNED_STALL",0.00000000e+00
"0__32_16_256_16",36,16,"SQ_LDS_BANK_CONFLICT",1112.000000
"0__32_16_256_16",36,16,"SQ_LDS_UNALIGNED_STALL",0.00000000e+00
"0__128_2",40,16,"SQ_LDS_BANK_CONFLICT",128.000000
"0__128_2",40,16,"SQ_LDS_UNALIGNED_STALL",1920.000000
"0__128_2_8192_2",40,16,"SQ_LDS_BANK_CONFLICT",128.000000
"0__128_2_8192_2",40,16,"SQ_LDS_UNALIGNED_STALL",1920.000000
"0__128_2_8192_4",40,16,"SQ_LDS_BANK_CONFLICT",128.000000
"0__128_2_8192_4",40,16,"SQ_LDS_UNALIGNED_STALL",1920.000000
"0__128_2_8192_8",40,16,"SQ_LDS_BANK_CONFLICT",128.000000
"0__128_2_8192_8",40,16,"SQ_LDS_UNALIGNED_STALL",1920.000000
"0__128_2_8192_16",40,16,"SQ_LDS_BANK_CONFLICT",128.000000
"0__128_2_8192_16",40,16,"SQ_LDS_UNALIGNED_STALL",1920.000000
"0__128_4",40,16,"SQ_LDS_BANK_CONFLICT",512.000000
"0__128_4",40,16,"SQ_LDS_UNALIGNED_STALL",0.00000000e+00
"0__128_4_4096_2",36,16,"SQ_LDS_BANK_CONFLICT",192.000000
"0__128_4_4096_2",36,16,"SQ_LDS_UNALIGNED_STALL",992.000000
"0__128_4_4096_4",40,16,"SQ_LDS_BANK_CONFLICT",256.000000
"0__128_4_4096_4",40,16,"SQ_LDS_UNALIGNED_STALL",0.00000000e+00
"0__128_4_4096_8",40,16,"SQ_LDS_BANK_CONFLICT",512.000000
"0__128_4_4096_8",40,16,"SQ_LDS_UNALIGNED_STALL",0.00000000e+00
"0__128_4_4096_16",40,16,"SQ_LDS_BANK_CONFLICT",512.000000
"0__128_4_4096_16",40,16,"SQ_LDS_UNALIGNED_STALL",0.00000000e+00
"0__128_8",40,16,"SQ_LDS_BANK_CONFLICT",1024.000000
"0__128_8",40,16,"SQ_LDS_UNALIGNED_STALL",0.00000000e+00
"0__128_8_2048_2",36,16,"SQ_LDS_BANK_CONFLICT",192.000000
"0__128_8_2048_2",36,16,"SQ_LDS_UNALIGNED_STALL",992.000000
"0__128_8_2048_4",40,16,"SQ_LDS_BANK_CONFLICT",256.000000
"0__128_8_2048_4",40,16,"SQ_LDS_UNALIGNED_STALL",0.00000000e+00
"0__128_8_2048_8",40,16,"SQ_LDS_BANK_CONFLICT",512.000000
"0__128_8_2048_8",40,16,"SQ_LDS_UNALIGNED_STALL",0.00000000e+00
"0__128_8_2048_16",40,16,"SQ_LDS_BANK_CONFLICT",1024.000000
"0__128_8_2048_16",40,16,"SQ_LDS_UNALIGNED_STALL",0.00000000e+00
"0__128_16",40,16,"SQ_LDS_BANK_CONFLICT",2304.000000
"0__128_16",40,16,"SQ_LDS_UNALIGNED_STALL",0.00000000e+00
"0__128_16_1024_2",36,16,"SQ_LDS_BANK_CONFLICT",320.000000
"0__128_16_1024_2",36,16,"SQ_LDS_UNALIGNED_STALL",988.000000
"0__128_16_1024_4",40,16,"SQ_LDS_BANK_CONFLICT",512.000000
"0__128_16_1024_4",40,16,"SQ_LDS_UNALIGNED_STALL",0.00000000e+00
"0__128_16_1024_8",40,16,"SQ_LDS_BANK_CONFLICT",768.000000
"0__128_16_1024_8",40,16,"SQ_LDS_UNALIGNED_STALL",0.00000000e+00
"0__128_16_1024_16",40,16,"SQ_LDS_BANK_CONFLICT",1280.000000
"0__128_16_1024_16",40,16,"SQ_LDS_UNALIGNED_STALL",0.00000000e+00
"0__256_2",40,16,"SQ_LDS_BANK_CONFLICT",0.00000000e+00
"0__256_2",40,16,"SQ_LDS_UNALIGNED_STALL",1920.000000
"0__256_2_16384_2",40,16,"SQ_LDS_BANK_CONFLICT",0.00000000e+00
"0__256_2_16384_2",40,16,"SQ_LDS_UNALIGNED_STALL",1920.000000
"0__256_2_16384_4",40,16,"SQ_LDS_BANK_CONFLICT",0.00000000e+00
"0__256_2_16384_4",40,16,"SQ_LDS_UNALIGNED_STALL",1920.000000
"0__256_2_16384_8",40,16,"SQ_LDS_BANK_CONFLICT",0.00000000e+00
"0__256_2_16384_8",40,16,"SQ_LDS_UNALIGNED_STALL",1920.000000
"0__256_2_16384_16",40,16,"SQ_LDS_BANK_CONFLICT",0.00000000e+00
"0__256_2_16384_16",40,16,"SQ_LDS_UNALIGNED_STALL",1920.000000
"0__256_4",40,16,"SQ_LDS_BANK_CONFLICT",512.000000
"0__256_4",40,16,"SQ_LDS_UNALIGNED_STALL",0.00000000e+00
"0__256_4_8192_2",40,16,"SQ_LDS_BANK_CONFLICT",512.000000
"0__256_4_8192_2",40,16,"SQ_LDS_UNALIGNED_STALL",0.00000000e+00
"0__256_4_8192_4",40,16,"SQ_LDS_BANK_CONFLICT",512.000000
"0__256_4_8192_4",40,16,"SQ_LDS_UNALIGNED_STALL",0.00000000e+00
"0__256_4_8192_8",40,16,"SQ_LDS_BANK_CONFLICT",512.000000
"0__256_4_8192_8",40,16,"SQ_LDS_UNALIGNED_STALL",0.00000000e+00
"0__256_4_8192_16",40,16,"SQ_LDS_BANK_CONFLICT",512.000000
"0__256_4_8192_16",40,16,"SQ_LDS_UNALIGNED_STALL",0.00000000e+00
"0__256_8",40,16,"SQ_LDS_BANK_CONFLICT",768.000000
"0__256_8",40,16,"SQ_LDS_UNALIGNED_STALL",0.00000000e+00
"0__256_8_4096_2",36,16,"SQ_LDS_BANK_CONFLICT",320.000000
"0__256_8_4096_2",36,16,"SQ_LDS_UNALIGNED_STALL",992.000000
"0__256_8_4096_4",40,16,"SQ_LDS_BANK_CONFLICT",512.000000
"0__256_8_4096_4",40,16,"SQ_LDS_UNALIGNED_STALL",0.00000000e+00
"0__256_8_4096_8",40,16,"SQ_LDS_BANK_CONFLICT",768.000000
"0__256_8_4096_8",40,16,"SQ_LDS_UNALIGNED_STALL",0.00000000e+00
"0__256_8_4096_16",40,16,"SQ_LDS_BANK_CONFLICT",768.000000
"0__256_8_4096_16",40,16,"SQ_LDS_UNALIGNED_STALL",0.00000000e+00
"0__256_16",40,16,"SQ_LDS_BANK_CONFLICT",1280.000000
"0__256_16",40,16,"SQ_LDS_UNALIGNED_STALL",0.00000000e+00
"0__256_16_2048_2",36,16,"SQ_LDS_BANK_CONFLICT",320.000000
"0__256_16_2048_2",36,16,"SQ_LDS_UNALIGNED_STALL",992.000000
"0__256_16_2048_4",40,16,"SQ_LDS_BANK_CONFLICT",512.000000
"0__256_16_2048_4",40,16,"SQ_LDS_UNALIGNED_STALL",0.00000000e+00
"0__256_16_2048_8",40,16,"SQ_LDS_BANK_CONFLICT",768.000000
"0__256_16_2048_8",40,16,"SQ_LDS_UNALIGNED_STALL",0.00000000e+00
"0__256_16_2048_16",40,16,"SQ_LDS_BANK_CONFLICT",1280.000000
"0__256_16_2048_16",40,16,"SQ_LDS_UNALIGNED_STALL",0.00000000e+00
"1__32_2",40,16,"SQ_LDS_BANK_CONFLICT",896.000000
"1__32_2",40,16,"SQ_LDS_UNALIGNED_STALL",1920.000000
"1__32_2_2048_2",36,16,"SQ_LDS_BANK_CONFLICT",128.000000
"1__32_2_2048_2",36,16,"SQ_LDS_UNALIGNED_STALL",1952.000000
"1__32_2_2048_4",40,16,"SQ_LDS_BANK_CONFLICT",128.000000
"1__32_2_2048_4",40,16,"SQ_LDS_UNALIGNED_STALL",1920.000000
"1__32_2_2048_8",40,16,"SQ_LDS_BANK_CONFLICT",384.000000
"1__32_2_2048_8",40,16,"SQ_LDS_UNALIGNED_STALL",1920.000000
"1__32_2_2048_16",40,16,"SQ_LDS_BANK_CONFLICT",896.000000
"1__32_2_2048_16",40,16,"SQ_LDS_UNALIGNED_STALL",1920.000000
"1__32_4",40,16,"SQ_LDS_BANK_CONFLICT",1920.000000
"1__32_4",40,16,"SQ_LDS_UNALIGNED_STALL",0.00000000e+00
"1__32_4_1024_2",40,16,"SQ_LDS_BANK_CONFLICT",128.000000
"1__32_4_1024_2",40,16,"SQ_LDS_UNALIGNED_STALL",992.000000
"1__32_4_1024_4",40,16,"SQ_LDS_BANK_CONFLICT",128.000000
"1__32_4_1024_4",40,16,"SQ_LDS_UNALIGNED_STALL",0.00000000e+00
"1__32_4_1024_8",40,16,"SQ_LDS_BANK_CONFLICT",384.000000
"1__32_4_1024_8",40,16,"SQ_LDS_UNALIGNED_STALL",0.00000000e+00
"1__32_4_1024_16",40,16,"SQ_LDS_BANK_CONFLICT",896.000000
"1__32_4_1024_16",40,16,"SQ_LDS_UNALIGNED_STALL",0.00000000e+00
"1__32_8",40,16,"SQ_LDS_BANK_CONFLICT",4096.000000
"1__32_8",40,16,"SQ_LDS_UNALIGNED_STALL",0.00000000e+00
"1__32_8_512_2",36,16,"SQ_LDS_BANK_CONFLICT",192.000000
"1__32_8_512_2",36,16,"SQ_LDS_UNALIGNED_STALL",992.000000
"1__32_8_512_4",40,16,"SQ_LDS_BANK_CONFLICT",256.000000
"1__32_8_512_4",40,16,"SQ_LDS_UNALIGNED_STALL",0.00000000e+00
"1__32_8_512_8",40,16,"SQ_LDS_BANK_CONFLICT",512.000000
"1__32_8_512_8",40,16,"SQ_LDS_UNALIGNED_STALL",0.00000000e+00
"1__32_8_512_16",40,16,"SQ_LDS_BANK_CONFLICT",1024.000000
"1__32_8_512_16",40,16,"SQ_LDS_UNALIGNED_STALL",0.00000000e+00
"1__32_16",40,16,"SQ_LDS_BANK_CONFLICT",4352.000000
"1__32_16",40,16,"SQ_LDS_UNALIGNED_STALL",0.00000000e+00
"1__32_16_256_2",36,16,"SQ_LDS_BANK_CONFLICT",0.00000000e+00
"1__32_16_256_2",36,16,"SQ_LDS_UNALIGNED_STALL",1980.000000
"1__32_16_256_4",36,16,"SQ_LDS_BANK_CONFLICT",196.000000
"1__32_16_256_4",36,16,"SQ_LDS_UNALIGNED_STALL",0.00000000e+00
"1__32_16_256_8",36,16,"SQ_LDS_BANK_CONFLICT",392.000000
"1__32_16_256_8",36,16,"SQ_LDS_UNALIGNED_STALL",0.00000000e+00
"1__32_16_256_16",36,16,"SQ_LDS_BANK_CONFLICT",980.000000
"1__32_16_256_16",36,16,"SQ_LDS_UNALIGNED_STALL",0.00000000e+00
"1__128_2",36,16,"SQ_LDS_BANK_CONFLICT",128.000000
"1__128_2",36,16,"SQ_LDS_UNALIGNED_STALL",1920.000000
"1__128_2_8192_2",36,16,"SQ_LDS_BANK_CONFLICT",128.000000
"1__128_2_8192_2",36,16,"SQ_LDS_UNALIGNED_STALL",1920.000000
"1__128_2_8192_4",36,16,"SQ_LDS_BANK_CONFLICT",128.000000
"1__128_2_8192_4",36,16,"SQ_LDS_UNALIGNED_STALL",1920.000000
"1__128_2_8192_8",36,16,"SQ_LDS_BANK_CONFLICT",128.000000
"1__128_2_8192_8",36,16,"SQ_LDS_UNALIGNED_STALL",1920.000000
"1__128_2_8192_16",36,16,"SQ_LDS_BANK_CONFLICT",128.000000
"1__128_2_8192_16",36,16,"SQ_LDS_UNALIGNED_STALL",1920.000000
"1__128_4",36,16,"SQ_LDS_BANK_CONFLICT",512.000000
"1__128_4",36,16,"SQ_LDS_UNALIGNED_STALL",0.00000000e+00
"1__128_4_4096_2",36,16,"SQ_LDS_BANK_CONFLICT",192.000000
"1__128_4_4096_2",36,16,"SQ_LDS_UNALIGNED_STALL",992.000000
"1__128_4_4096_4",36,16,"SQ_LDS_BANK_CONFLICT",256.000000
"1__128_4_4096_4",36,16,"SQ_LDS_UNALIGNED_STALL",0.00000000e+00
"1__128_4_4096_8",36,16,"SQ_LDS_BANK_CONFLICT",512.000000
"1__128_4_4096_8",36,16,"SQ_LDS_UNALIGNED_STALL",0.00000000e+00
"1__128_4_4096_16",36,16,"SQ_LDS_BANK_CONFLICT",512.000000
"1__128_4_4096_16",36,16,"SQ_LDS_UNALIGNED_STALL",0.00000000e+00
"1__128_8",36,16,"SQ_LDS_BANK_CONFLICT",1024.000000
"1__128_8",36,16,"SQ_LDS_UNALIGNED_STALL",0.00000000e+00
"1__128_8_2048_2",36,16,"SQ_LDS_BANK_CONFLICT",192.000000
"1__128_8_2048_2",36,16,"SQ_LDS_UNALIGNED_STALL",992.000000
"1__128_8_2048_4",36,16,"SQ_LDS_BANK_CONFLICT",256.000000
"1__128_8_2048_4",36,16,"SQ_LDS_UNALIGNED_STALL",0.00000000e+00
"1__128_8_2048_8",36,16,"SQ_LDS_BANK_CONFLICT",512.000000
"1__128_8_2048_8",36,16,"SQ_LDS_UNALIGNED_STALL",0.00000000e+00
"1__128_8_2048_16",36,16,"SQ_LDS_BANK_CONFLICT",1024.000000
"1__128_8_2048_16",36,16,"SQ_LDS_UNALIGNED_STALL",0.00000000e+00
"1__128_16",36,16,"SQ_LDS_BANK_CONFLICT",2304.000000
"1__128_16",36,16,"SQ_LDS_UNALIGNED_STALL",0.00000000e+00
"1__128_16_1024_2",36,16,"SQ_LDS_BANK_CONFLICT",320.000000
"1__128_16_1024_2",36,16,"SQ_LDS_UNALIGNED_STALL",992.000000
"1__128_16_1024_4",36,16,"SQ_LDS_BANK_CONFLICT",512.000000
"1__128_16_1024_4",36,16,"SQ_LDS_UNALIGNED_STALL",0.00000000e+00
"1__128_16_1024_8",36,16,"SQ_LDS_BANK_CONFLICT",768.000000
"1__128_16_1024_8",36,16,"SQ_LDS_UNALIGNED_STALL",0.00000000e+00
"1__128_16_1024_16",36,16,"SQ_LDS_BANK_CONFLICT",1280.000000
"1__128_16_1024_16",36,16,"SQ_LDS_UNALIGNED_STALL",0.00000000e+00
"1__256_2",36,16,"SQ_LDS_BANK_CONFLICT",0.00000000e+00
"1__256_2",36,16,"SQ_LDS_UNALIGNED_STALL",1920.000000
"1__256_2_16384_2",36,16,"SQ_LDS_BANK_CONFLICT",0.00000000e+00
"1__256_2_16384_2",36,16,"SQ_LDS_UNALIGNED_STALL",1920.000000
"1__256_2_16384_4",36,16,"SQ_LDS_BANK_CONFLICT",0.00000000e+00
"1__256_2_16384_4",36,16,"SQ_LDS_UNALIGNED_STALL",1920.000000
"1__256_2_16384_8",36,16,"SQ_LDS_BANK_CONFLICT",0.00000000e+00
"1__256_2_16384_8",36,16,"SQ_LDS_UNALIGNED_STALL",1920.000000
"1__256_2_16384_16",36,16,"SQ_LDS_BANK_CONFLICT",0.00000000e+00
"1__256_2_16384_16",36,16,"SQ_LDS_UNALIGNED_STALL",1920.000000
"1__256_4",36,16,"SQ_LDS_BANK_CONFLICT",512.000000
"1__256_4",36,16,"SQ_LDS_UNALIGNED_STALL",0.00000000e+00
"1__256_4_8192_2",36,16,"SQ_LDS_BANK_CONFLICT",512.000000
"1__256_4_8192_2",36,16,"SQ_LDS_UNALIGNED_STALL",0.00000000e+00
"1__256_4_8192_4",36,16,"SQ_LDS_BANK_CONFLICT",512.000000
"1__256_4_8192_4",36,16,"SQ_LDS_UNALIGNED_STALL",0.00000000e+00
"1__256_4_8192_8",36,16,"SQ_LDS_BANK_CONFLICT",512.000000
"1__256_4_8192_8",36,16,"SQ_LDS_UNALIGNED_STALL",0.00000000e+00
"1__256_4_8192_16",36,16,"SQ_LDS_BANK_CONFLICT",512.000000
"1__256_4_8192_16",36,16,"SQ_LDS_UNALIGNED_STALL",0.00000000e+00
"1__256_8",36,16,"SQ_LDS_BANK_CONFLICT",768.000000
"1__256_8",36,16,"SQ_LDS_UNALIGNED_STALL",0.00000000e+00
"1__256_8_4096_2",36,16,"SQ_LDS_BANK_CONFLICT",320.000000
"1__256_8_4096_2",36,16,"SQ_LDS_UNALIGNED_STALL",992.000000
"1__256_8_4096_4",36,16,"SQ_LDS_BANK_CONFLICT",512.000000
"1__256_8_4096_4",36,16,"SQ_LDS_UNALIGNED_STALL",0.00000000e+00
"1__256_8_4096_8",36,16,"SQ_LDS_BANK_CONFLICT",768.000000
"1__256_8_4096_8",36,16,"SQ_LDS_UNALIGNED_STALL",0.00000000e+00
"1__256_8_4096_16",36,16,"SQ_LDS_BANK_CONFLICT",768.000000
"1__256_8_4096_16",36,16,"SQ_LDS_UNALIGNED_STALL",0.00000000e+00
"1__256_16",36,16,"SQ_LDS_BANK_CONFLICT",1280.000000
"1__256_16",36,16,"SQ_LDS_UNALIGNED_STALL",0.00000000e+00
"1__256_16_2048_2",36,16,"SQ_LDS_BANK_CONFLICT",320.000000
"1__256_16_2048_2",36,16,"SQ_LDS_UNALIGNED_STALL",992.000000
"1__256_16_2048_4",36,16,"SQ_LDS_BANK_CONFLICT",512.000000
"1__256_16_2048_4",36,16,"SQ_LDS_UNALIGNED_STALL",0.00000000e+00
"1__256_16_2048_8",36,16,"SQ_LDS_BANK_CONFLICT",768.000000
"1__256_16_2048_8",36,16,"SQ_LDS_UNALIGNED_STALL",0.00000000e+00
"1__256_16_2048_16",36,16,"SQ_LDS_BANK_CONFLICT",1280.000000
"1__256_16_2048_16",36,16,"SQ_LDS_UNALIGNED_STALL",0.00000000e+00
"2__32_2",40,16,"SQ_LDS_BANK_CONFLICT",192.000000
"2__32_2",40,16,"SQ_LDS_UNALIGNED_STALL",2880.000000
"2__32_2_2048_2",40,16,"SQ_LDS_BANK_CONFLICT",0.00000000e+00
"2__32_2_2048_2",40,16,"SQ_LDS_UNALIGNED_STALL",3872.000000
"2__32_2_2048_4",40,16,"SQ_LDS_BANK_CONFLICT",64.000000
"2__32_2_2048_4",40,16,"SQ_LDS_UNALIGNED_STALL",2880.000000
"2__32_2_2048_8",40,16,"SQ_LDS_BANK_CONFLICT",64.000000
"2__32_2_2048_8",40,16,"SQ_LDS_UNALIGNED_STALL",2880.000000
"2__32_2_2048_16",40,16,"SQ_LDS_BANK_CONFLICT",192.000000
"2__32_2_2048_16",40,16,"SQ_LDS_UNALIGNED_STALL",2880.000000
"2__32_4",40,16,"SQ_LDS_BANK_CONFLICT",896.000000
"2__32_4",40,16,"SQ_LDS_UNALIGNED_STALL",0.00000000e+00
"2__32_4_1024_2",40,16,"SQ_LDS_BANK_CONFLICT",0.00000000e+00
"2__32_4_1024_2",40,16,"SQ_LDS_UNALIGNED_STALL",2912.000000
"2__32_4_1024_4",40,16,"SQ_LDS_BANK_CONFLICT",128.000000
"2__32_4_1024_4",40,16,"SQ_LDS_UNALIGNED_STALL",0.00000000e+00
"2__32_4_1024_8",40,16,"SQ_LDS_BANK_CONFLICT",128.000000
"2__32_4_1024_8",40,16,"SQ_LDS_UNALIGNED_STALL",0.00000000e+00
"2__32_4_1024_16",40,16,"SQ_LDS_BANK_CONFLICT",384.000000
"2__32_4_1024_16",40,16,"SQ_LDS_UNALIGNED_STALL",0.00000000e+00
"2__32_8",44,16,"SQ_LDS_BANK_CONFLICT",2048.000000
"2__32_8",44,16,"SQ_LDS_UNALIGNED_STALL",0.00000000e+00
"2__32_8_512_2",40,16,"SQ_LDS_BANK_CONFLICT",8.000000
"2__32_8_512_2",40,16,"SQ_LDS_UNALIGNED_STALL",3776.000000
"2__32_8_512_4",40,16,"SQ_LDS_BANK_CONFLICT",144.000000
"2__32_8_512_4",40,16,"SQ_LDS_UNALIGNED_STALL",0.00000000e+00
"2__32_8_512_8",40,16,"SQ_LDS_BANK_CONFLICT",200.000000
"2__32_8_512_8",40,16,"SQ_LDS_UNALIGNED_STALL",0.00000000e+00
"2__32_8_512_16",40,16,"SQ_LDS_BANK_CONFLICT",456.000000
"2__32_8_512_16",40,16,"SQ_LDS_UNALIGNED_STALL",0.00000000e+00
"2__32_16",40,16,"SQ_LDS_BANK_CONFLICT",2304.000000
"2__32_16",40,16,"SQ_LDS_UNALIGNED_STALL",0.00000000e+00
"2__32_16_256_2",40,16,"SQ_LDS_BANK_CONFLICT",0.00000000e+00
"2__32_16_256_2",40,16,"SQ_LDS_UNALIGNED_STALL",3896.000000
"2__32_16_256_4",40,16,"SQ_LDS_BANK_CONFLICT",16.000000
"2__32_16_256_4",40,16,"SQ_LDS_UNALIGNED_STALL",0.00000000e+00
"2__32_16_256_8",40,16,"SQ_LDS_BANK_CONFLICT",200.000000
"2__32_16_256_8",40,16,"SQ_LDS_UNALIGNED_STALL",0.00000000e+00
"2__32_16_256_16",40,16,"SQ_LDS_BANK_CONFLICT",600.000000
"2__32_16_256_16",40,16,"SQ_LDS_UNALIGNED_STALL",0.00000000e+00
"2__128_2",40,16,"SQ_LDS_BANK_CONFLICT",0.00000000e+00
"2__128_2",40,16,"SQ_LDS_UNALIGNED_STALL",2880.000000
"2__128_2_8192_2",40,16,"SQ_LDS_BANK_CONFLICT",0.00000000e+00
"2__128_2_8192_2",40,16,"SQ_LDS_UNALIGNED_STALL",2880.000000
"2__128_2_8192_4",40,16,"SQ_LDS_BANK_CONFLICT",0.00000000e+00
"2__128_2_8192_4",40,16,"SQ_LDS_UNALIGNED_STALL",2880.000000
"2__128_2_8192_8",40,16,"SQ_LDS_BANK_CONFLICT",0.00000000e+00
"2__128_2_8192_8",40,16,"SQ_LDS_UNALIGNED_STALL",2880.000000
"2__128_2_8192_16",40,16,"SQ_LDS_BANK_CONFLICT",0.00000000e+00
"2__128_2_8192_16",40,16,"SQ_LDS_UNALIGNED_STALL",2880.000000
"2__128_4",40,16,"SQ_LDS_BANK_CONFLICT",256.000000
"2__128_4",40,16,"SQ_LDS_UNALIGNED_STALL",0.00000000e+00
"2__128_4_4096_2",40,16,"SQ_LDS_BANK_CONFLICT",128.000000
"2__128_4_4096_2",40,16,"SQ_LDS_UNALIGNED_STALL",1952.000000
"2__128_4_4096_4",40,16,"SQ_LDS_BANK_CONFLICT",256.000000
"2__128_4_4096_4",40,16,"SQ_LDS_UNALIGNED_STALL",0.00000000e+00
"2__128_4_4096_8",40,16,"SQ_LDS_BANK_CONFLICT",256.000000
"2__128_4_4096_8",40,16,"SQ_LDS_UNALIGNED_STALL",0.00000000e+00
"2__128_4_4096_16",40,16,"SQ_LDS_BANK_CONFLICT",256.000000
"2__128_4_4096_16",40,16,"SQ_LDS_UNALIGNED_STALL",0.00000000e+00
"2__128_8",40,16,"SQ_LDS_BANK_CONFLICT",512.000000
"2__128_8",40,16,"SQ_LDS_UNALIGNED_STALL",0.00000000e+00
"2__128_8_2048_2",40,16,"SQ_LDS_BANK_CONFLICT",64.000000
"2__128_8_2048_2",40,16,"SQ_LDS_UNALIGNED_STALL",2912.000000
"2__128_8_2048_4",40,16,"SQ_LDS_BANK_CONFLICT",256.000000
"2__128_8_2048_4",40,16,"SQ_LDS_UNALIGNED_STALL",0.00000000e+00
"2__128_8_2048_8",40,16,"SQ_LDS_BANK_CONFLICT",256.000000
"2__128_8_2048_8",40,16,"SQ_LDS_UNALIGNED_STALL",0.00000000e+00
"2__128_8_2048_16",40,16,"SQ_LDS_BANK_CONFLICT",512.000000
"2__128_8_2048_16",40,16,"SQ_LDS_UNALIGNED_STALL",0.00000000e+00
"2__128_16",40,16,"SQ_LDS_BANK_CONFLICT",1280.000000
"2__128_16",40,16,"SQ_LDS_UNALIGNED_STALL",0.00000000e+00
"2__128_16_1024_2",40,16,"SQ_LDS_BANK_CONFLICT",192.000000
"2__128_16_1024_2",40,16,"SQ_LDS_UNALIGNED_STALL",2908.000000
"2__128_16_1024_4",40,16,"SQ_LDS_BANK_CONFLICT",512.000000
"2__128_16_1024_4",40,16,"SQ_LDS_UNALIGNED_STALL",0.00000000e+00
"2__128_16_1024_8",40,16,"SQ_LDS_BANK_CONFLICT",512.000000
"2__128_16_1024_8",40,16,"SQ_LDS_UNALIGNED_STALL",0.00000000e+00
"2__128_16_1024_16",40,16,"SQ_LDS_BANK_CONFLICT",768.000000
"2__128_16_1024_16",40,16,"SQ_LDS_UNALIGNED_STALL",0.00000000e+00
"2__256_2",40,16,"SQ_LDS_BANK_CONFLICT",0.00000000e+00
"2__256_2",40,16,"SQ_LDS_UNALIGNED_STALL",3840.000000
"2__256_2_16384_2",40,16,"SQ_LDS_BANK_CONFLICT",0.00000000e+00
"2__256_2_16384_2",40,16,"SQ_LDS_UNALIGNED_STALL",3840.000000
"2__256_2_16384_4",40,16,"SQ_LDS_BANK_CONFLICT",0.00000000e+00
"2__256_2_16384_4",40,16,"SQ_LDS_UNALIGNED_STALL",3840.000000
"2__256_2_16384_8",40,16,"SQ_LDS_BANK_CONFLICT",0.00000000e+00
"2__256_2_16384_8",40,16,"SQ_LDS_UNALIGNED_STALL",3840.000000
"2__256_2_16384_16",40,16,"SQ_LDS_BANK_CONFLICT",0.00000000e+00
"2__256_2_16384_16",40,16,"SQ_LDS_UNALIGNED_STALL",3840.000000
"2__256_4",40,16,"SQ_LDS_BANK_CONFLICT",384.000000
"2__256_4",40,16,"SQ_LDS_UNALIGNED_STALL",0.00000000e+00
"2__256_4_8192_2",40,16,"SQ_LDS_BANK_CONFLICT",384.000000
"2__256_4_8192_2",40,16,"SQ_LDS_UNALIGNED_STALL",0.00000000e+00
"2__256_4_8192_4",40,16,"SQ_LDS_BANK_CONFLICT",384.000000
"2__256_4_8192_4",40,16,"SQ_LDS_UNALIGNED_STALL",0.00000000e+00
"2__256_4_8192_8",40,16,"SQ_LDS_BANK_CONFLICT",384.000000
"2__256_4_8192_8",40,16,"SQ_LDS_UNALIGNED_STALL",0.00000000e+00
"2__256_4_8192_16",40,16,"SQ_LDS_BANK_CONFLICT",384.000000
"2__256_4_8192_16",40,16,"SQ_LDS_UNALIGNED_STALL",0.00000000e+00
"2__256_8",40,16,"SQ_LDS_BANK_CONFLICT",512.000000
"2__256_8",40,16,"SQ_LDS_UNALIGNED_STALL",0.00000000e+00
"2__256_8_4096_2",40,16,"SQ_LDS_BANK_CONFLICT",256.000000
"2__256_8_4096_2",40,16,"SQ_LDS_UNALIGNED_STALL",1952.000000
"2__256_8_4096_4",40,16,"SQ_LDS_BANK_CONFLICT",512.000000
"2__256_8_4096_4",40,16,"SQ_LDS_UNALIGNED_STALL",0.00000000e+00
"2__256_8_4096_8",40,16,"SQ_LDS_BANK_CONFLICT",512.000000
"2__256_8_4096_8",40,16,"SQ_LDS_UNALIGNED_STALL",0.00000000e+00
"2__256_8_4096_16",40,16,"SQ_LDS_BANK_CONFLICT",512.000000
"2__256_8_4096_16",40,16,"SQ_LDS_UNALIGNED_STALL",0.00000000e+00
"2__256_16",40,16,"SQ_LDS_BANK_CONFLICT",768.000000
"2__256_16",40,16,"SQ_LDS_UNALIGNED_STALL",0.00000000e+00
"2__256_16_2048_2",40,16,"SQ_LDS_BANK_CONFLICT",192.000000
"2__256_16_2048_2",40,16,"SQ_LDS_UNALIGNED_STALL",2912.000000
"2__256_16_2048_4",40,16,"SQ_LDS_BANK_CONFLICT",512.000000
"2__256_16_2048_4",40,16,"SQ_LDS_UNALIGNED_STALL",0.00000000e+00
"2__256_16_2048_8",40,16,"SQ_LDS_BANK_CONFLICT",512.000000
"2__256_16_2048_8",40,16,"SQ_LDS_UNALIGNED_STALL",0.00000000e+00
"2__256_16_2048_16",40,16,"SQ_LDS_BANK_CONFLICT",768.000000
"2__256_16_2048_16",40,16,"SQ_LDS_UNALIGNED_STALL",0.00000000e+00
"3__32_2",40,16,"SQ_LDS_BANK_CONFLICT",192.000000
"3__32_2",40,16,"SQ_LDS_UNALIGNED_STALL",2880.000000
"3__32_2_2048_2",36,16,"SQ_LDS_BANK_CONFLICT",0.00000000e+00
"3__32_2_2048_2",36,16,"SQ_LDS_UNALIGNED_STALL",3872.000000
"3__32_2_2048_4",40,16,"SQ_LDS_BANK_CONFLICT",64.000000
"3__32_2_2048_4",40,16,"SQ_LDS_UNALIGNED_STALL",2880.000000
"3__32_2_2048_8",40,16,"SQ_LDS_BANK_CONFLICT",64.000000
"3__32_2_2048_8",40,16,"SQ_LDS_UNALIGNED_STALL",2880.000000
"3__32_2_2048_16",40,16,"SQ_LDS_BANK_CONFLICT",192.000000
"3__32_2_2048_16",40,16,"SQ_LDS_UNALIGNED_STALL",2880.000000
"3__32_4",40,16,"SQ_LDS_BANK_CONFLICT",896.000000
"3__32_4",40,16,"SQ_LDS_UNALIGNED_STALL",0.00000000e+00
"3__32_4_1024_2",40,16,"SQ_LDS_BANK_CONFLICT",0.00000000e+00
"3__32_4_1024_2",40,16,"SQ_LDS_UNALIGNED_STALL",2912.000000
"3__32_4_1024_4",40,16,"SQ_LDS_BANK_CONFLICT",128.000000
"3__32_4_1024_4",40,16,"SQ_LDS_UNALIGNED_STALL",0.00000000e+00
"3__32_4_1024_8",40,16,"SQ_LDS_BANK_CONFLICT",128.000000
"3__32_4_1024_8",40,16,"SQ_LDS_UNALIGNED_STALL",0.00000000e+00
"3__32_4_1024_16",40,16,"SQ_LDS_BANK_CONFLICT",384.000000
"3__32_4_1024_16",40,16,"SQ_LDS_UNALIGNED_STALL",0.00000000e+00
"3__32_8",40,16,"SQ_LDS_BANK_CONFLICT",2048.000000
"3__32_8",40,16,"SQ_LDS_UNALIGNED_STALL",0.00000000e+00
"3__32_8_512_2",36,16,"SQ_LDS_BANK_CONFLICT",64.000000
"3__32_8_512_2",36,16,"SQ_LDS_UNALIGNED_STALL",2912.000000
"3__32_8_512_4",40,16,"SQ_LDS_BANK_CONFLICT",256.000000
"3__32_8_512_4",40,16,"SQ_LDS_UNALIGNED_STALL",0.00000000e+00
"3__32_8_512_8",40,16,"SQ_LDS_BANK_CONFLICT",256.000000
"3__32_8_512_8",40,16,"SQ_LDS_UNALIGNED_STALL",0.00000000e+00
"3__32_8_512_16",40,16,"SQ_LDS_BANK_CONFLICT",512.000000
"3__32_8_512_16",40,16,"SQ_LDS_UNALIGNED_STALL",0.00000000e+00
"3__32_16",40,16,"SQ_LDS_BANK_CONFLICT",2304.000000
"3__32_16",40,16,"SQ_LDS_UNALIGNED_STALL",0.00000000e+00
"3__32_16_256_2",36,16,"SQ_LDS_BANK_CONFLICT",0.00000000e+00
"3__32_16_256_2",36,16,"SQ_LDS_UNALIGNED_STALL",3900.000000
"3__32_16_256_4",36,16,"SQ_LDS_BANK_CONFLICT",68.000000
"3__32_16_256_4",36,16,"SQ_LDS_UNALIGNED_STALL",0.00000000e+00
"3__32_16_256_8",36,16,"SQ_LDS_BANK_CONFLICT",136.000000
"3__32_16_256_8",36,16,"SQ_LDS_UNALIGNED_STALL",0.00000000e+00
"3__32_16_256_16",36,16,"SQ_LDS_BANK_CONFLICT",468.000000
"3__32_16_256_16",36,16,"SQ_LDS_UNALIGNED_STALL",0.00000000e+00
"3__128_2",36,16,"SQ_LDS_BANK_CONFLICT",0.00000000e+00
"3__128_2",36,16,"SQ_LDS_UNALIGNED_STALL",2880.000000
"3__128_2_8192_2",36,16,"SQ_LDS_BANK_CONFLICT",0.00000000e+00
"3__128_2_8192_2",36,16,"SQ_LDS_UNALIGNED_STALL",2880.000000
"3__128_2_8192_4",36,16,"SQ_LDS_BANK_CONFLICT",0.00000000e+00
"3__128_2_8192_4",36,16,"SQ_LDS_UNALIGNED_STALL",2880.000000
"3__128_2_8192_8",36,16,"SQ_LDS_BANK_CONFLICT",0.00000000e+00
"3__128_2_8192_8",36,16,"SQ_LDS_UNALIGNED_STALL",2880.000000
"3__128_2_8192_16",36,16,"SQ_LDS_BANK_CONFLICT",0.00000000e+00
"3__128_2_8192_16",36,16,"SQ_LDS_UNALIGNED_STALL",2880.000000
"3__128_4",36,16,"SQ_LDS_BANK_CONFLICT",256.000000
"3__128_4",36,16,"SQ_LDS_UNALIGNED_STALL",0.00000000e+00
"3__128_4_4096_2",36,16,"SQ_LDS_BANK_CONFLICT",128.000000
"3__128_4_4096_2",36,16,"SQ_LDS_UNALIGNED_STALL",1952.000000
"3__128_4_4096_4",36,16,"SQ_LDS_BANK_CONFLICT",256.000000
"3__128_4_4096_4",36,16,"SQ_LDS_UNALIGNED_STALL",0.00000000e+00
"3__128_4_4096_8",36,16,"SQ_LDS_BANK_CONFLICT",256.000000
"3__128_4_4096_8",36,16,"SQ_LDS_UNALIGNED_STALL",0.00000000e+00
"3__128_4_4096_16",36,16,"SQ_LDS_BANK_CONFLICT",256.000000
"3__128_4_4096_16",36,16,"SQ_LDS_UNALIGNED_STALL",0.00000000e+00
"3__128_8",36,16,"SQ_LDS_BANK_CONFLICT",512.000000
"3__128_8",36,16,"SQ_LDS_UNALIGNED_STALL",0.00000000e+00
"3__128_8_2048_2",36,16,"SQ_LDS_BANK_CONFLICT",64.000000
"3__128_8_2048_2",36,16,"SQ_LDS_UNALIGNED_STALL",2912.000000
"3__128_8_2048_4",36,16,"SQ_LDS_BANK_CONFLICT",256.000000
"3__128_8_2048_4",36,16,"SQ_LDS_UNALIGNED_STALL",0.00000000e+00
"3__128_8_2048_8",36,16,"SQ_LDS_BANK_CONFLICT",256.000000
"3__128_8_2048_8",36,16,"SQ_LDS_UNALIGNED_STALL",0.00000000e+00
"3__128_8_2048_16",36,16,"SQ_LDS_BANK_CONFLICT",512.000000
"3__128_8_2048_16",36,16,"SQ_LDS_UNALIGNED_STALL",0.00000000e+00
"3__128_16",36,16,"SQ_LDS_BANK_CONFLICT",1280.000000
"3__128_16",36,16,"SQ_LDS_UNALIGNED_STALL",0.00000000e+00
"3__128_16_1024_2",36,16,"SQ_LDS_BANK_CONFLICT",192.000000
"3__128_16_1024_2",36,16,"SQ_LDS_UNALIGNED_STALL",2912.000000
"3__128_16_1024_4",36,16,"SQ_LDS_BANK_CONFLICT",512.000000
"3__128_16_1024_4",36,16,"SQ_LDS_UNALIGNED_STALL",0.00000000e+00
"3__128_16_1024_8",36,16,"SQ_LDS_BANK_CONFLICT",512.000000
"3__128_16_1024_8",36,16,"SQ_LDS_UNALIGNED_STALL",0.00000000e+00
"3__128_16_1024_16",36,16,"SQ_LDS_BANK_CONFLICT",768.000000
"3__128_16_1024_16",36,16,"SQ_LDS_UNALIGNED_STALL",0.00000000e+00
"3__256_2",40,16,"SQ_LDS_BANK_CONFLICT",0.00000000e+00
"3__256_2",40,16,"SQ_LDS_UNALIGNED_STALL",3840.000000
"3__256_2_16384_2",40,16,"SQ_LDS_BANK_CONFLICT",0.00000000e+00
"3__256_2_16384_2",40,16,"SQ_LDS_UNALIGNED_STALL",3840.000000
"3__256_2_16384_4",40,16,"SQ_LDS_BANK_CONFLICT",0.00000000e+00
"3__256_2_16384_4",40,16,"SQ_LDS_UNALIGNED_STALL",3840.000000
"3__256_2_16384_8",40,16,"SQ_LDS_BANK_CONFLICT",0.00000000e+00
"3__256_2_16384_8",40,16,"SQ_LDS_UNALIGNED_STALL",3840.000000
"3__256_2_16384_16",40,16,"SQ_LDS_BANK_CONFLICT",0.00000000e+00
"3__256_2_16384_16",40,16,"SQ_LDS_UNALIGNED_STALL",3840.000000
"3__256_4",40,16,"SQ_LDS_BANK_CONFLICT",384.000000
"3__256_4",40,16,"SQ_LDS_UNALIGNED_STALL",0.00000000e+00
"3__256_4_8192_2",40,16,"SQ_LDS_BANK_CONFLICT",384.000000
"3__256_4_8192_2",40,16,"SQ_LDS_UNALIGNED_STALL",0.00000000e+00
"3__256_4_8192_4",40,16,"SQ_LDS_BANK_CONFLICT",384.000000
"3__256_4_8192_4",40,16,"SQ_LDS_UNALIGNED_STALL",0.00000000e+00
"3__256_4_8192_8",40,16,"SQ_LDS_BANK_CONFLICT",384.000000
"3__256_4_8192_8",40,16,"SQ_LDS_UNALIGNED_STALL",0.00000000e+00
"3__256_4_8192_16",40,16,"SQ_LDS_BANK_CONFLICT",384.000000
"3__256_4_8192_16",40,16,"SQ_LDS_UNALIGNED_STALL",0.00000000e+00
"3__256_8",40,16,"SQ_LDS_BANK_CONFLICT",512.000000
"3__256_8",40,16,"SQ_LDS_UNALIGNED_STALL",0.00000000e+00
"3__256_8_4096_2",40,16,"SQ_LDS_BANK_CONFLICT",256.000000
"3__256_8_4096_2",40,16,"SQ_LDS_UNALIGNED_STALL",1952.000000
"3__256_8_4096_4",40,16,"SQ_LDS_BANK_CONFLICT",512.000000
"3__256_8_4096_4",40,16,"SQ_LDS_UNALIGNED_STALL",0.00000000e+00
"3__256_8_4096_8",40,16,"SQ_LDS_BANK_CONFLICT",512.000000
"3__256_8_4096_8",40,16,"SQ_LDS_UNALIGNED_STALL",0.00000000e+00
"3__256_8_4096_16",40,16,"SQ_LDS_BANK_CONFLICT",512.000000
"3__256_8_4096_16",40,16,"SQ_LDS_UNALIGNED_STALL",0.00000000e+00
"3__256_16",40,16,"SQ_LDS_BANK_CONFLICT",768.000000
"3__256_16",40,16,"SQ_LDS_UNALIGNED_STALL",0.00000000e+00
"3__256_16_2048_2",40,16,"SQ_LDS_BANK_CONFLICT",192.000000
"3__256_16_2048_2",40,16,"SQ_LDS_UNALIGNED_STALL",2912.000000
"3__256_16_2048_4",40,16,"SQ_LDS_BANK_CONFLICT",512.000000
"3__256_16_2048_4",40,16,"SQ_LDS_UNALIGNED_STALL",0.00000000e+00
"3__256_16_2048_8",40,16,"SQ_LDS_BANK_CONFLICT",512.000000
"3__256_16_2048_8",40,16,"SQ_LDS_UNALIGNED_STALL",0.00000000e+00
"3__256_16_2048_16",40,16,"SQ_LDS_BANK_CONFLICT",768.000000
"3__256_16_2048_16",40,16,"SQ_LDS_UNALIGNED_STALL",0.00000000e+00
"4__32_2",40,16,"SQ_LDS_BANK_CONFLICT",32.000000
"4__32_2",40,16,"SQ_LDS_UNALIGNED_STALL",2592.000000
"4__32_2_2048_2",40,16,"SQ_LDS_BANK_CONFLICT",32.000000
"4__32_2_2048_2",40,16,"SQ_LDS_UNALIGNED_STALL",2624.000000
"4__32_2_2048_4",40,16,"SQ_LDS_BANK_CONFLICT",32.000000
"4__32_2_2048_4",40,16,"SQ_LDS_UNALIGNED_STALL",2592.000000
"4__32_2_2048_8",40,16,"SQ_LDS_BANK_CONFLICT",32.000000
"4__32_2_2048_8",40,16,"SQ_LDS_UNALIGNED_STALL",2592.000000
"4__32_2_2048_16",40,16,"SQ_LDS_BANK_CONFLICT",32.000000
"4__32_2_2048_16",40,16,"SQ_LDS_UNALIGNED_STALL",2592.000000
"4__32_4",40,16,"SQ_LDS_BANK_CONFLICT",192.000000
"4__32_4",40,16,"SQ_LDS_UNALIGNED_STALL",448.000000
"4__32_4_1024_2",40,16,"SQ_LDS_BANK_CONFLICT",0.00000000e+00
"4__32_4_1024_2",40,16,"SQ_LDS_UNALIGNED_STALL",1888.000000
"4__32_4_1024_4",40,16,"SQ_LDS_BANK_CONFLICT",0.00000000e+00
"4__32_4_1024_4",40,16,"SQ_LDS_UNALIGNED_STALL",896.000000
"4__32_4_1024_8",40,16,"SQ_LDS_BANK_CONFLICT",64.000000
"4__32_4_1024_8",40,16,"SQ_LDS_UNALIGNED_STALL",448.000000
"4__32_4_1024_16",40,16,"SQ_LDS_BANK_CONFLICT",64.000000
"4__32_4_1024_16",40,16,"SQ_LDS_UNALIGNED_STALL",448.000000
"4__32_8",40,16,"SQ_LDS_BANK_CONFLICT",1024.000000
"4__32_8",40,16,"SQ_LDS_UNALIGNED_STALL",0.00000000e+00
"4__32_8_512_2",36,16,"SQ_LDS_BANK_CONFLICT",8.000000
"4__32_8_512_2",36,16,"SQ_LDS_UNALIGNED_STALL",2752.000000
"4__32_8_512_4",36,16,"SQ_LDS_BANK_CONFLICT",16.000000
"4__32_8_512_4",36,16,"SQ_LDS_UNALIGNED_STALL",896.000000
"4__32_8_512_8",36,16,"SQ_LDS_BANK_CONFLICT",200.000000
"4__32_8_512_8",36,16,"SQ_LDS_UNALIGNED_STALL",0.00000000e+00
"4__32_8_512_16",36,16,"SQ_LDS_BANK_CONFLICT",200.000000
"4__32_8_512_16",36,16,"SQ_LDS_UNALIGNED_STALL",0.00000000e+00
"4__32_16",40,16,"SQ_LDS_BANK_CONFLICT",1280.000000
"4__32_16",40,16,"SQ_LDS_UNALIGNED_STALL",0.00000000e+00
"4__32_16_256_2",36,16,"SQ_LDS_BANK_CONFLICT",0.00000000e+00
"4__32_16_256_2",36,16,"SQ_LDS_UNALIGNED_STALL",2872.000000
"4__32_16_256_4",36,16,"SQ_LDS_BANK_CONFLICT",16.000000
"4__32_16_256_4",36,16,"SQ_LDS_UNALIGNED_STALL",896.000000
"4__32_16_256_8",36,16,"SQ_LDS_BANK_CONFLICT",72.000000
"4__32_16_256_8",36,16,"SQ_LDS_UNALIGNED_STALL",0.00000000e+00
"4__32_16_256_16",36,16,"SQ_LDS_BANK_CONFLICT",344.000000
"4__32_16_256_16",36,16,"SQ_LDS_UNALIGNED_STALL",0.00000000e+00
"4__128_2",36,16,"SQ_LDS_BANK_CONFLICT",0.00000000e+00
"4__128_2",36,16,"SQ_LDS_UNALIGNED_STALL",2816.000000
"4__128_2_8192_2",36,16,"SQ_LDS_BANK_CONFLICT",0.00000000e+00
"4__128_2_8192_2",36,16,"SQ_LDS_UNALIGNED_STALL",2816.000000
"4__128_2_8192_4",36,16,"SQ_LDS_BANK_CONFLICT",0.00000000e+00
"4__128_2_8192_4",36,16,"SQ_LDS_UNALIGNED_STALL",2816.000000
"4__128_2_8192_8",36,16,"SQ_LDS_BANK_CONFLICT",0.00000000e+00
"4__128_2_8192_8",36,16,"SQ_LDS_UNALIGNED_STALL",2816.000000
"4__128_2_8192_16",36,16,"SQ_LDS_BANK_CONFLICT",0.00000000e+00
"4__128_2_8192_16",36,16,"SQ_LDS_UNALIGNED_STALL",2816.000000
"4__128_4",36,16,"SQ_LDS_BANK_CONFLICT",128.000000
"4__128_4",36,16,"SQ_LDS_UNALIGNED_STALL",448.000000
"4__128_4_4096_2",36,16,"SQ_LDS_BANK_CONFLICT",64.000000
"4__128_4_4096_2",36,16,"SQ_LDS_UNALIGNED_STALL",1664.000000
"4__128_4_4096_4",36,16,"SQ_LDS_BANK_CONFLICT",128.000000
"4__128_4_4096_4",36,16,"SQ_LDS_UNALIGNED_STALL",448.000000
"4__128_4_4096_8",36,16,"SQ_LDS_BANK_CONFLICT",128.000000
"4__128_4_4096_8",36,16,"SQ_LDS_UNALIGNED_STALL",448.000000
"4__128_4_4096_16",36,16,"SQ_LDS_BANK_CONFLICT",128.000000
"4__128_4_4096_16",36,16,"SQ_LDS_UNALIGNED_STALL",448.000000
"4__128_8",36,16,"SQ_LDS_BANK_CONFLICT",256.000000
"4__128_8",36,16,"SQ_LDS_UNALIGNED_STALL",0.00000000e+00
"4__128_8_2048_2",36,16,"SQ_LDS_BANK_CONFLICT",96.000000
"4__128_8_2048_2",36,16,"SQ_LDS_UNALIGNED_STALL",1664.000000
"4__128_8_2048_4",36,16,"SQ_LDS_BANK_CONFLICT",192.000000
"4__128_8_2048_4",36,16,"SQ_LDS_UNALIGNED_STALL",448.000000
"4__128_8_2048_8",36,16,"SQ_LDS_BANK_CONFLICT",256.000000
"4__128_8_2048_8",36,16,"SQ_LDS_UNALIGNED_STALL",0.00000000e+00
"4__128_8_2048_16",36,16,"SQ_LDS_BANK_CONFLICT",256.000000
"4__128_8_2048_16",36,16,"SQ_LDS_UNALIGNED_STALL",0.00000000e+00
"4__128_16",36,16,"SQ_LDS_BANK_CONFLICT",768.000000
"4__128_16",36,16,"SQ_LDS_UNALIGNED_STALL",0.00000000e+00
"4__128_16_1024_2",36,16,"SQ_LDS_BANK_CONFLICT",192.000000
"4__128_16_1024_2",36,16,"SQ_LDS_UNALIGNED_STALL",1884.000000
"4__128_16_1024_4",36,16,"SQ_LDS_BANK_CONFLICT",384.000000
"4__128_16_1024_4",36,16,"SQ_LDS_UNALIGNED_STALL",896.000000
"4__128_16_1024_8",36,16,"SQ_LDS_BANK_CONFLICT",512.000000
"4__128_16_1024_8",36,16,"SQ_LDS_UNALIGNED_STALL",0.00000000e+00
"4__128_16_1024_16",36,16,"SQ_LDS_BANK_CONFLICT",512.000000
"4__128_16_1024_16",36,16,"SQ_LDS_UNALIGNED_STALL",0.00000000e+00
"4__256_2",36,16,"SQ_LDS_BANK_CONFLICT",0.00000000e+00
"4__256_2",36,16,"SQ_LDS_UNALIGNED_STALL",2816.000000
"4__256_2_16384_2",36,16,"SQ_LDS_BANK_CONFLICT",0.00000000e+00
"4__256_2_16384_2",36,16,"SQ_LDS_UNALIGNED_STALL",2816.000000
"4__256_2_16384_4",36,16,"SQ_LDS_BANK_CONFLICT",0.00000000e+00
"4__256_2_16384_4",36,16,"SQ_LDS_UNALIGNED_STALL",2816.000000
"4__256_2_16384_8",36,16,"SQ_LDS_BANK_CONFLICT",0.00000000e+00
"4__256_2_16384_8",36,16,"SQ_LDS_UNALIGNED_STALL",2816.000000
"4__256_2_16384_16",36,16,"SQ_LDS_BANK_CONFLICT",0.00000000e+00
"4__256_2_16384_16",36,16,"SQ_LDS_UNALIGNED_STALL",2816.000000
"4__256_4",36,16,"SQ_LDS_BANK_CONFLICT",384.000000
"4__256_4",36,16,"SQ_LDS_UNALIGNED_STALL",896.000000
"4__256_4_8192_2",36,16,"SQ_LDS_BANK_CONFLICT",384.000000
"4__256_4_8192_2",36,16,"SQ_LDS_UNALIGNED_STALL",896.000000
"4__256_4_8192_4",36,16,"SQ_LDS_BANK_CONFLICT",384.000000
"4__256_4_8192_4",36,16,"SQ_LDS_UNALIGNED_STALL",896.000000
"4__256_4_8192_8",36,16,"SQ_LDS_BANK_CONFLICT",384.000000
"4__256_4_8192_8",36,16,"SQ_LDS_UNALIGNED_STALL",896.000000
"4__256_4_8192_16",36,16,"SQ_LDS_BANK_CONFLICT",384.000000
"4__256_4_8192_16",36,16,"SQ_LDS_UNALIGNED_STALL",896.000000
"4__256_8",36,16,"SQ_LDS_BANK_CONFLICT",384.000000
"4__256_8",36,16,"SQ_LDS_UNALIGNED_STALL",0.00000000e+00
"4__256_8_4096_2",36,16,"SQ_LDS_BANK_CONFLICT",192.000000
"4__256_8_4096_2",36,16,"SQ_LDS_UNALIGNED_STALL",1440.000000
"4__256_8_4096_4",36,16,"SQ_LDS_BANK_CONFLICT",384.000000
"4__256_8_4096_4",36,16,"SQ_LDS_UNALIGNED_STALL",448.000000
"4__256_8_4096_8",36,16,"SQ_LDS_BANK_CONFLICT",384.000000
"4__256_8_4096_8",36,16,"SQ_LDS_UNALIGNED_STALL",0.00000000e+00
"4__256_8_4096_16",36,16,"SQ_LDS_BANK_CONFLICT",384.000000
"4__256_8_4096_16",36,16,"SQ_LDS_UNALIGNED_STALL",0.00000000e+00
"4__256_16",36,16,"SQ_LDS_BANK_CONFLICT",512.000000
"4__256_16",36,16,"SQ_LDS_UNALIGNED_STALL",0.00000000e+00
"4__256_16_2048_2",36,16,"SQ_LDS_BANK_CONFLICT",224.000000
"4__256_16_2048_2",36,16,"SQ_LDS_UNALIGNED_STALL",1664.000000
"4__256_16_2048_4",36,16,"SQ_LDS_BANK_CONFLICT",448.000000
"4__256_16_2048_4",36,16,"SQ_LDS_UNALIGNED_STALL",448.000000
"4__256_16_2048_8",36,16,"SQ_LDS_BANK_CONFLICT",512.000000
"4__256_16_2048_8",36,16,"SQ_LDS_UNALIGNED_STALL",0.00000000e+00
"4__256_16_2048_16",36,16,"SQ_LDS_BANK_CONFLICT",512.000000
"4__256_16_2048_16",36,16,"SQ_LDS_UNALIGNED_STALL",0.00000000e+00
"5__32_2",40,16,"SQ_LDS_BANK_CONFLICT",32.000000
"5__32_2",40,16,"SQ_LDS_UNALIGNED_STALL",2592.000000
"5__32_2_2048_2",36,16,"SQ_LDS_BANK_CONFLICT",32.000000
"5__32_2_2048_2",36,16,"SQ_LDS_UNALIGNED_STALL",2624.000000
"5__32_2_2048_4",40,16,"SQ_LDS_BANK_CONFLICT",32.000000
"5__32_2_2048_4",40,16,"SQ_LDS_UNALIGNED_STALL",2592.000000
"5__32_2_2048_8",40,16,"SQ_LDS_BANK_CONFLICT",32.000000
"5__32_2_2048_8",40,16,"SQ_LDS_UNALIGNED_STALL",2592.000000
"5__32_2_2048_16",40,16,"SQ_LDS_BANK_CONFLICT",32.000000
"5__32_2_2048_16",40,16,"SQ_LDS_UNALIGNED_STALL",2592.000000
"5__32_4",40,16,"SQ_LDS_BANK_CONFLICT",192.000000
"5__32_4",40,16,"SQ_LDS_UNALIGNED_STALL",448.000000
"5__32_4_1024_2",40,16,"SQ_LDS_BANK_CONFLICT",0.00000000e+00
"5__32_4_1024_2",40,16,"SQ_LDS_UNALIGNED_STALL",1888.000000
"5__32_4_1024_4",40,16,"SQ_LDS_BANK_CONFLICT",0.00000000e+00
"5__32_4_1024_4",40,16,"SQ_LDS_UNALIGNED_STALL",896.000000
"5__32_4_1024_8",40,16,"SQ_LDS_BANK_CONFLICT",64.000000
"5__32_4_1024_8",40,16,"SQ_LDS_UNALIGNED_STALL",448.000000
"5__32_4_1024_16",40,16,"SQ_LDS_BANK_CONFLICT",64.000000
"5__32_4_1024_16",40,16,"SQ_LDS_UNALIGNED_STALL",448.000000
"5__32_8",40,16,"SQ_LDS_BANK_CONFLICT",1024.000000
"5__32_8",40,16,"SQ_LDS_UNALIGNED_STALL",0.00000000e+00
"5__32_8_512_2",36,16,"SQ_LDS_BANK_CONFLICT",64.000000
"5__32_8_512_2",36,16,"SQ_LDS_UNALIGNED_STALL",1888.000000
"5__32_8_512_4",40,16,"SQ_LDS_BANK_CONFLICT",128.000000
"5__32_8_512_4",40,16,"SQ_LDS_UNALIGNED_STALL",896.000000
"5__32_8_512_8",40,16,"SQ_LDS_BANK_CONFLICT",256.000000
"5__32_8_512_8",40,16,"SQ_LDS_UNALIGNED_STALL",0.00000000e+00
"5__32_8_512_16",40,16,"SQ_LDS_BANK_CONFLICT",256.000000
"5__32_8_512_16",40,16,"SQ_LDS_UNALIGNED_STALL",0.00000000e+00
"5__32_16",40,16,"SQ_LDS_BANK_CONFLICT",1280.000000
"5__32_16",40,16,"SQ_LDS_UNALIGNED_STALL",0.00000000e+00
"5__32_16_256_2",36,16,"SQ_LDS_BANK_CONFLICT",0.00000000e+00
"5__32_16_256_2",36,16,"SQ_LDS_UNALIGNED_STALL",2876.000000
"5__32_16_256_4",36,16,"SQ_LDS_BANK_CONFLICT",68.000000
"5__32_16_256_4",36,16,"SQ_LDS_UNALIGNED_STALL",896.000000
"5__32_16_256_8",36,16,"SQ_LDS_BANK_CONFLICT",8.000000
"5__32_16_256_8",36,16,"SQ_LDS_UNALIGNED_STALL",0.00000000e+00
"5__32_16_256_16",36,16,"SQ_LDS_BANK_CONFLICT",212.000000
"5__32_16_256_16",36,16,"SQ_LDS_UNALIGNED_STALL",0.00000000e+00
"5__128_2",36,16,"SQ_LDS_BANK_CONFLICT",0.00000000e+00
"5__128_2",36,16,"SQ_LDS_UNALIGNED_STALL",2816.000000
"5__128_2_8192_2",36,16,"SQ_LDS_BANK_CONFLICT",0.00000000e+00
"5__128_2_8192_2",36,16,"SQ_LDS_UNALIGNED_STALL",2816.000000
"5__128_2_8192_4",36,16,"SQ_LDS_BANK_CONFLICT",0.00000000e+00
"5__128_2_8192_4",36,16,"SQ_LDS_UNALIGNED_STALL",2816.000000
"5__128_2_8192_8",36,16,"SQ_LDS_BANK_CONFLICT",0.00000000e+00
"5__128_2_8192_8",36,16,"SQ_LDS_UNALIGNED_STALL",2816.000000
"5__128_2_8192_16",36,16,"SQ_LDS_BANK_CONFLICT",0.00000000e+00
"5__128_2_8192_16",36,16,"SQ_LDS_UNALIGNED_STALL",2816.000000
"5__128_4",36,16,"SQ_LDS_BANK_CONFLICT",128.000000
"5__128_4",36,16,"SQ_LDS_UNALIGNED_STALL",448.000000
"5__128_4_4096_2",36,16,"SQ_LDS_BANK_CONFLICT",64.000000
"5__128_4_4096_2",36,16,"SQ_LDS_UNALIGNED_STALL",1664.000000
"5__128_4_4096_4",36,16,"SQ_LDS_BANK_CONFLICT",128.000000
"5__128_4_4096_4",36,16,"SQ_LDS_UNALIGNED_STALL",448.000000
"5__128_4_4096_8",36,16,"SQ_LDS_BANK_CONFLICT",128.000000
"5__128_4_4096_8",36,16,"SQ_LDS_UNALIGNED_STALL",448.000000
"5__128_4_4096_16",36,16,"SQ_LDS_BANK_CONFLICT",128.000000
"5__128_4_4096_16",36,16,"SQ_LDS_UNALIGNED_STALL",448.000000
"5__128_8",36,16,"SQ_LDS_BANK_CONFLICT",256.000000
"5__128_8",36,16,"SQ_LDS_UNALIGNED_STALL",0.00000000e+00
"5__128_8_2048_2",36,16,"SQ_LDS_BANK_CONFLICT",96.000000
"5__128_8_2048_2",36,16,"SQ_LDS_UNALIGNED_STALL",1664.000000
"5__128_8_2048_4",36,16,"SQ_LDS_BANK_CONFLICT",192.000000
"5__128_8_2048_4",36,16,"SQ_LDS_UNALIGNED_STALL",448.000000
"5__128_8_2048_8",36,16,"SQ_LDS_BANK_CONFLICT",256.000000
"5__128_8_2048_8",36,16,"SQ_LDS_UNALIGNED_STALL",0.00000000e+00
"5__128_8_2048_16",36,16,"SQ_LDS_BANK_CONFLICT",256.000000
"5__128_8_2048_16",36,16,"SQ_LDS_UNALIGNED_STALL",0.00000000e+00
"5__128_16",36,16,"SQ_LDS_BANK_CONFLICT",768.000000
"5__128_16",36,16,"SQ_LDS_UNALIGNED_STALL",0.00000000e+00
"5__128_16_1024_2",36,16,"SQ_LDS_BANK_CONFLICT",192.000000
"5__128_16_1024_2",36,16,"SQ_LDS_UNALIGNED_STALL",1888.000000
"5__128_16_1024_4",36,16,"SQ_LDS_BANK_CONFLICT",384.000000
"5__128_16_1024_4",36,16,"SQ_LDS_UNALIGNED_STALL",896.000000
"5__128_16_1024_8",36,16,"SQ_LDS_BANK_CONFLICT",512.000000
"5__128_16_1024_8",36,16,"SQ_LDS_UNALIGNED_STALL",0.00000000e+00
"5__128_16_1024_16",36,16,"SQ_LDS_BANK_CONFLICT",512.000000
"5__128_16_1024_16",36,16,"SQ_LDS_UNALIGNED_STALL",0.00000000e+00
"5__256_2",36,16,"SQ_LDS_BANK_CONFLICT",0.00000000e+00
"5__256_2",36,16,"SQ_LDS_UNALIGNED_STALL",2816.000000
"5__256_2_16384_2",36,16,"SQ_LDS_BANK_CONFLICT",0.00000000e+00
"5__256_2_16384_2",36,16,"SQ_LDS_UNALIGNED_STALL",2816.000000
"5__256_2_16384_4",36,16,"SQ_LDS_BANK_CONFLICT",0.00000000e+00
"5__256_2_16384_4",36,16,"SQ_LDS_UNALIGNED_STALL",2816.000000
"5__256_2_16384_8",36,16,"SQ_LDS_BANK_CONFLICT",0.00000000e+00
"5__256_2_16384_8",36,16,"SQ_LDS_UNALIGNED_STALL",2816.000000
"5__256_2_16384_16",36,16,"SQ_LDS_BANK_CONFLICT",0.00000000e+00
"5__256_2_16384_16",36,16,"SQ_LDS_UNALIGNED_STALL",2816.000000
"5__256_4",36,16,"SQ_LDS_BANK_CONFLICT",384.000000
"5__256_4",36,16,"SQ_LDS_UNALIGNED_STALL",896.000000
"5__256_4_8192_2",36,16,"SQ_LDS_BANK_CONFLICT",384.000000
"5__256_4_8192_2",36,16,"SQ_LDS_UNALIGNED_STALL",896.000000
"5__256_4_8192_4",36,16,"SQ_LDS_BANK_CONFLICT",384.000000
"5__256_4_8192_4",36,16,"SQ_LDS_UNALIGNED_STALL",896.000000
"5__256_4_8192_8",36,16,"SQ_LDS_BANK_CONFLICT",384.000000
"5__256_4_8192_8",36,16,"SQ_LDS_UNALIGNED_STALL",896.000000
"5__256_4_8192_16",36,16,"SQ_LDS_BANK_CONFLICT",384.000000
"5__256_4_8192_16",36,16,"SQ_LDS_UNALIGNED_STALL",896.000000
"5__256_8",36,16,"SQ_LDS_BANK_CONFLICT",384.000000
"5__256_8",36,16,"SQ_LDS_UNALIGNED_STALL",0.00000000e+00
"5__256_8_4096_2",36,16,"SQ_LDS_BANK_CONFLICT",192.000000
"5__256_8_4096_2",36,16,"SQ_LDS_UNALIGNED_STALL",1440.000000
"5__256_8_4096_4",36,16,"SQ_LDS_BANK_CONFLICT",384.000000
"5__256_8_4096_4",36,16,"SQ_LDS_UNALIGNED_STALL",448.000000
"5__256_8_4096_8",36,16,"SQ_LDS_BANK_CONFLICT",384.000000
"5__256_8_4096_8",36,16,"SQ_LDS_UNALIGNED_STALL",0.00000000e+00
"5__256_8_4096_16",36,16,"SQ_LDS_BANK_CONFLICT",384.000000
"5__256_8_4096_16",36,16,"SQ_LDS_UNALIGNED_STALL",0.00000000e+00
"5__256_16",36,16,"SQ_LDS_BANK_CONFLICT",512.000000
"5__256_16",36,16,"SQ_LDS_UNALIGNED_STALL",0.00000000e+00
"5__256_16_2048_2",36,16,"SQ_LDS_BANK_CONFLICT",224.000000
"5__256_16_2048_2",36,16,"SQ_LDS_UNALIGNED_STALL",1664.000000
"5__256_16_2048_4",36,16,"SQ_LDS_BANK_CONFLICT",448.000000
"5__256_16_2048_4",36,16,"SQ_LDS_UNALIGNED_STALL",448.000000
"5__256_16_2048_8",36,16,"SQ_LDS_BANK_CONFLICT",512.000000
"5__256_16_2048_8",36,16,"SQ_LDS_UNALIGNED_STALL",0.00000000e+00
"5__256_16_2048_16",36,16,"SQ_LDS_BANK_CONFLICT",512.000000
"5__256_16_2048_16",36,16,"SQ_LDS_UNALIGNED_STALL",0.00000000e+00
"6__32_2",40,16,"SQ_LDS_BANK_CONFLICT",192.000000
"6__32_2",40,16,"SQ_LDS_UNALIGNED_STALL",960.000000
"6__32_2_2048_2",40,16,"SQ_LDS_BANK_CONFLICT",192.000000
"6__32_2_2048_2",40,16,"SQ_LDS_UNALIGNED_STALL",976.000000
"6__32_2_2048_4",40,16,"SQ_LDS_BANK_CONFLICT",64.000000
"6__32_2_2048_4",40,16,"SQ_LDS_UNALIGNED_STALL",960.000000
"6__32_2_2048_8",40,16,"SQ_LDS_BANK_CONFLICT",64.000000
"6__32_2_2048_8",40,16,"SQ_LDS_UNALIGNED_STALL",960.000000
"6__32_2_2048_16",40,16,"SQ_LDS_BANK_CONFLICT",192.000000
"6__32_2_2048_16",40,16,"SQ_LDS_UNALIGNED_STALL",960.000000
"6__32_4",40,16,"SQ_LDS_BANK_CONFLICT",448.000000
"6__32_4",40,16,"SQ_LDS_UNALIGNED_STALL",0.00000000e+00
"6__32_4_1024_2",40,16,"SQ_LDS_BANK_CONFLICT",192.000000
"6__32_4_1024_2",40,16,"SQ_LDS_UNALIGNED_STALL",496.000000
"6__32_4_1024_4",40,16,"SQ_LDS_BANK_CONFLICT",64.000000
"6__32_4_1024_4",40,16,"SQ_LDS_UNALIGNED_STALL",0.00000000e+00
"6__32_4_1024_8",40,16,"SQ_LDS_BANK_CONFLICT",64.000000
"6__32_4_1024_8",40,16,"SQ_LDS_UNALIGNED_STALL",0.00000000e+00
"6__32_4_1024_16",40,16,"SQ_LDS_BANK_CONFLICT",192.000000
"6__32_4_1024_16",40,16,"SQ_LDS_UNALIGNED_STALL",0.00000000e+00
"6__32_8",40,16,"SQ_LDS_BANK_CONFLICT",1024.000000
"6__32_8",40,16,"SQ_LDS_UNALIGNED_STALL",0.00000000e+00
"6__32_8_512_2",36,16,"SQ_LDS_BANK_CONFLICT",200.000000
"6__32_8_512_2",36,16,"SQ_LDS_UNALIGNED_STALL",864.000000
"6__32_8_512_4",36,16,"SQ_LDS_BANK_CONFLICT",80.000000
"6__32_8_512_4",36,16,"SQ_LDS_UNALIGNED_STALL",0.00000000e+00
"6__32_8_512_8",36,16,"SQ_LDS_BANK_CONFLICT",104.000000
"6__32_8_512_8",36,16,"SQ_LDS_UNALIGNED_STALL",0.00000000e+00
"6__32_8_512_16",36,16,"SQ_LDS_BANK_CONFLICT",232.000000
"6__32_8_512_16",36,16,"SQ_LDS_UNALIGNED_STALL",0.00000000e+00
"6__32_16",40,16,"SQ_LDS_BANK_CONFLICT",1152.000000
"6__32_16",40,16,"SQ_LDS_UNALIGNED_STALL",0.00000000e+00
"6__32_16_256_2",36,16,"SQ_LDS_BANK_CONFLICT",64.000000
"6__32_16_256_2",36,16,"SQ_LDS_UNALIGNED_STALL",984.000000
"6__32_16_256_4",36,16,"SQ_LDS_BANK_CONFLICT",16.000000
"6__32_16_256_4",36,16,"SQ_LDS_UNALIGNED_STALL",0.00000000e+00
"6__32_16_256_8",36,16,"SQ_LDS_BANK_CONFLICT",104.000000
"6__32_16_256_8",36,16,"SQ_LDS_UNALIGNED_STALL",0.00000000e+00
"6__32_16_256_16",36,16,"SQ_LDS_BANK_CONFLICT",312.000000
"6__32_16_256_16",36,16,"SQ_LDS_UNALIGNED_STALL",0.00000000e+00
"6__128_2",36,16,"SQ_LDS_BANK_CONFLICT",0.00000000e+00
"6__128_2",36,16,"SQ_LDS_UNALIGNED_STALL",960.000000
"6__128_2_8192_2",36,16,"SQ_LDS_BANK_CONFLICT",0.00000000e+00
"6__128_2_8192_2",36,16,"SQ_LDS_UNALIGNED_STALL",960.000000
"6__128_2_8192_4",36,16,"SQ_LDS_BANK_CONFLICT",0.00000000e+00
"6__128_2_8192_4",36,16,"SQ_LDS_UNALIGNED_STALL",960.000000
"6__128_2_8192_8",36,16,"SQ_LDS_BANK_CONFLICT",0.00000000e+00
"6__128_2_8192_8",36,16,"SQ_LDS_UNALIGNED_STALL",960.000000
"6__128_2_8192_16",36,16,"SQ_LDS_BANK_CONFLICT",0.00000000e+00
"6__128_2_8192_16",36,16,"SQ_LDS_UNALIGNED_STALL",960.000000
"6__128_4",36,16,"SQ_LDS_BANK_CONFLICT",128.000000
"6__128_4",36,16,"SQ_LDS_UNALIGNED_STALL",0.00000000e+00
"6__128_4_4096_2",36,16,"SQ_LDS_BANK_CONFLICT",128.000000
"6__128_4_4096_2",36,16,"SQ_LDS_UNALIGNED_STALL",0.00000000e+00
"6__128_4_4096_4",36,16,"SQ_LDS_BANK_CONFLICT",128.000000
"6__128_4_4096_4",36,16,"SQ_LDS_UNALIGNED_STALL",0.00000000e+00
"6__128_4_4096_8",36,16,"SQ_LDS_BANK_CONFLICT",128.000000
"6__128_4_4096_8",36,16,"SQ_LDS_UNALIGNED_STALL",0.00000000e+00
"6__128_4_4096_16",36,16,"SQ_LDS_BANK_CONFLICT",128.000000
"6__128_4_4096_16",36,16,"SQ_LDS_UNALIGNED_STALL",0.00000000e+00
"6__128_8",36,16,"SQ_LDS_BANK_CONFLICT",256.000000
"6__128_8",36,16,"SQ_LDS_UNALIGNED_STALL",0.00000000e+00
"6__128_8_2048_2",36,16,"SQ_LDS_BANK_CONFLICT",224.000000
"6__128_8_2048_2",36,16,"SQ_LDS_UNALIGNED_STALL",496.000000
"6__128_8_2048_4",36,16,"SQ_LDS_BANK_CONFLICT",128.000000
"6__128_8_2048_4",36,16,"SQ_LDS_UNALIGNED_STALL",0.00000000e+00
"6__128_8_2048_8",36,16,"SQ_LDS_BANK_CONFLICT",128.000000
"6__128_8_2048_8",36,16,"SQ_LDS_UNALIGNED_STALL",0.00000000e+00
"6__128_8_2048_16",36,16,"SQ_LDS_BANK_CONFLICT",256.000000
"6__128_8_2048_16",36,16,"SQ_LDS_UNALIGNED_STALL",0.00000000e+00
"6__128_16",36,16,"SQ_LDS_BANK_CONFLICT",640.000000
"6__128_16",36,16,"SQ_LDS_UNALIGNED_STALL",0.00000000e+00
"6__128_16_1024_2",36,16,"SQ_LDS_BANK_CONFLICT",288.000000
"6__128_16_1024_2",36,16,"SQ_LDS_UNALIGNED_STALL",492.000000
"6__128_16_1024_4",36,16,"SQ_LDS_BANK_CONFLICT",256.000000
"6__128_16_1024_4",36,16,"SQ_LDS_UNALIGNED_STALL",0.00000000e+00
"6__128_16_1024_8",36,16,"SQ_LDS_BANK_CONFLICT",256.000000
"6__128_16_1024_8",36,16,"SQ_LDS_UNALIGNED_STALL",0.00000000e+00
"6__128_16_1024_16",36,16,"SQ_LDS_BANK_CONFLICT",384.000000
"6__128_16_1024_16",36,16,"SQ_LDS_UNALIGNED_STALL",0.00000000e+00
"6__256_2",40,16,"SQ_LDS_BANK_CONFLICT",64.000000
"6__256_2",40,16,"SQ_LDS_UNALIGNED_STALL",960.000000
"6__256_2_16384_2",40,16,"SQ_LDS_BANK_CONFLICT",64.000000
"6__256_2_16384_2",40,16,"SQ_LDS_UNALIGNED_STALL",960.000000
"6__256_2_16384_4",40,16,"SQ_LDS_BANK_CONFLICT",64.000000
"6__256_2_16384_4",40,16,"SQ_LDS_UNALIGNED_STALL",960.000000
"6__256_2_16384_8",40,16,"SQ_LDS_BANK_CONFLICT",64.000000
"6__256_2_16384_8",40,16,"SQ_LDS_UNALIGNED_STALL",960.000000
"6__256_2_16384_16",40,16,"SQ_LDS_BANK_CONFLICT",64.000000
"6__256_2_16384_16",40,16,"SQ_LDS_UNALIGNED_STALL",960.000000
"6__256_4",40,16,"SQ_LDS_BANK_CONFLICT",192.000000
"6__256_4",40,16,"SQ_LDS_UNALIGNED_STALL",0.00000000e+00
"6__256_4_8192_2",40,16,"SQ_LDS_BANK_CONFLICT",192.000000
"6__256_4_8192_2",40,16,"SQ_LDS_UNALIGNED_STALL",0.00000000e+00
"6__256_4_8192_4",40,16,"SQ_LDS_BANK_CONFLICT",192.000000
"6__256_4_8192_4",40,16,"SQ_LDS_UNALIGNED_STALL",0.00000000e+00
"6__256_4_8192_8",40,16,"SQ_LDS_BANK_CONFLICT",192.000000
"6__256_4_8192_8",40,16,"SQ_LDS_UNALIGNED_STALL",0.00000000e+00
"6__256_4_8192_16",40,16,"SQ_LDS_BANK_CONFLICT",192.000000
"6__256_4_8192_16",40,16,"SQ_LDS_UNALIGNED_STALL",0.00000000e+00
"6__256_8",40,16,"SQ_LDS_BANK_CONFLICT",256.000000
"6__256_8",40,16,"SQ_LDS_UNALIGNED_STALL",0.00000000e+00
"6__256_8_4096_2",40,16,"SQ_LDS_BANK_CONFLICT",256.000000
"6__256_8_4096_2",40,16,"SQ_LDS_UNALIGNED_STALL",0.00000000e+00
"6__256_8_4096_4",40,16,"SQ_LDS_BANK_CONFLICT",256.000000
"6__256_8_4096_4",40,16,"SQ_LDS_UNALIGNED_STALL",0.00000000e+00
"6__256_8_4096_8",40,16,"SQ_LDS_BANK_CONFLICT",256.000000
"6__256_8_4096_8",40,16,"SQ_LDS_UNALIGNED_STALL",0.00000000e+00
"6__256_8_4096_16",40,16,"SQ_LDS_BANK_CONFLICT",256.000000
"6__256_8_4096_16",40,16,"SQ_LDS_UNALIGNED_STALL",0.00000000e+00
"6__256_16",36,16,"SQ_LDS_BANK_CONFLICT",384.000000
"6__256_16",36,16,"SQ_LDS_UNALIGNED_STALL",0.00000000e+00
"6__256_16_2048_2",36,16,"SQ_LDS_BANK_CONFLICT",288.000000
"6__256_16_2048_2",36,16,"SQ_LDS_UNALIGNED_STALL",496.000000
"6__256_16_2048_4",36,16,"SQ_LDS_BANK_CONFLICT",256.000000
"6__256_16_2048_4",36,16,"SQ_LDS_UNALIGNED_STALL",0.00000000e+00
"6__256_16_2048_8",36,16,"SQ_LDS_BANK_CONFLICT",256.000000
"6__256_16_2048_8",36,16,"SQ_LDS_UNALIGNED_STALL",0.00000000e+00
"6__256_16_2048_16",36,16,"SQ_LDS_BANK_CONFLICT",384.000000
"6__256_16_2048_16",36,16,"SQ_LDS_UNALIGNED_STALL",0.00000000e+00
"7__32_2",40,16,"SQ_LDS_BANK_CONFLICT",192.000000
"7__32_2",40,16,"SQ_LDS_UNALIGNED_STALL",960.000000
"7__32_2_2048_2",40,16,"SQ_LDS_BANK_CONFLICT",192.000000
"7__32_2_2048_2",40,16,"SQ_LDS_UNALIGNED_STALL",976.000000
"7__32_2_2048_4",40,16,"SQ_LDS_BANK_CONFLICT",64.000000
"7__32_2_2048_4",40,16,"SQ_LDS_UNALIGNED_STALL",960.000000
"7__32_2_2048_8",40,16,"SQ_LDS_BANK_CONFLICT",64.000000
"7__32_2_2048_8",40,16,"SQ_LDS_UNALIGNED_STALL",960.000000
"7__32_2_2048_16",40,16,"SQ_LDS_BANK_CONFLICT",192.000000
"7__32_2_2048_16",40,16,"SQ_LDS_UNALIGNED_STALL",960.000000
"7__32_4",40,16,"SQ_LDS_BANK_CONFLICT",448.000000
"7__32_4",40,16,"SQ_LDS_UNALIGNED_STALL",0.00000000e+00
"7__32_4_1024_2",40,16,"SQ_LDS_BANK_CONFLICT",192.000000
"7__32_4_1024_2",40,16,"SQ_LDS_UNALIGNED_STALL",496.000000
"7__32_4_1024_4",40,16,"SQ_LDS_BANK_CONFLICT",64.000000
"7__32_4_1024_4",40,16,"SQ_LDS_UNALIGNED_STALL",0.00000000e+00
"7__32_4_1024_8",40,16,"SQ_LDS_BANK_CONFLICT",64.000000
"7__32_4_1024_8",40,16,"SQ_LDS_UNALIGNED_STALL",0.00000000e+00
"7__32_4_1024_16",40,16,"SQ_LDS_BANK_CONFLICT",192.000000
"7__32_4_1024_16",40,16,"SQ_LDS_UNALIGNED_STALL",0.00000000e+00
"7__32_8",40,16,"SQ_LDS_BANK_CONFLICT",1024.000000
"7__32_8",40,16,"SQ_LDS_UNALIGNED_STALL",0.00000000e+00
"7__32_8_512_2",36,16,"SQ_LDS_BANK_CONFLICT",224.000000
"7__32_8_512_2",36,16,"SQ_LDS_UNALIGNED_STALL",496.000000
"7__32_8_512_4",40,16,"SQ_LDS_BANK_CONFLICT",128.000000
"7__32_8_512_4",40,16,"SQ_LDS_UNALIGNED_STALL",0.00000000e+00
"7__32_8_512_8",40,16,"SQ_LDS_BANK_CONFLICT",128.000000
"7__32_8_512_8",40,16,"SQ_LDS_UNALIGNED_STALL",0.00000000e+00
"7__32_8_512_16",40,16,"SQ_LDS_BANK_CONFLICT",256.000000
"7__32_8_512_16",40,16,"SQ_LDS_UNALIGNED_STALL",0.00000000e+00
"7__32_16",40,16,"SQ_LDS_BANK_CONFLICT",1152.000000
"7__32_16",40,16,"SQ_LDS_UNALIGNED_STALL",0.00000000e+00
"7__32_16_256_2",36,16,"SQ_LDS_BANK_CONFLICT",64.000000
"7__32_16_256_2",36,16,"SQ_LDS_UNALIGNED_STALL",988.000000
"7__32_16_256_4",36,16,"SQ_LDS_BANK_CONFLICT",36.000000
"7__32_16_256_4",36,16,"SQ_LDS_UNALIGNED_STALL",0.00000000e+00
"7__32_16_256_8",36,16,"SQ_LDS_BANK_CONFLICT",72.000000
"7__32_16_256_8",36,16,"SQ_LDS_UNALIGNED_STALL",0.00000000e+00
"7__32_16_256_16",36,16,"SQ_LDS_BANK_CONFLICT",244.000000
"7__32_16_256_16",36,16,"SQ_LDS_UNALIGNED_STALL",0.00000000e+00
"7__128_2",36,16,"SQ_LDS_BANK_CONFLICT",0.00000000e+00
"7__128_2",36,16,"SQ_LDS_UNALIGNED_STALL",960.000000
"7__128_2_8192_2",36,16,"SQ_LDS_BANK_CONFLICT",0.00000000e+00
"7__128_2_8192_2",36,16,"SQ_LDS_UNALIGNED_STALL",960.000000
"7__128_2_8192_4",36,16,"SQ_LDS_BANK_CONFLICT",0.00000000e+00
"7__128_2_8192_4",36,16,"SQ_LDS_UNALIGNED_STALL",960.000000
"7__128_2_8192_8",36,16,"SQ_LDS_BANK_CONFLICT",0.00000000e+00
"7__128_2_8192_8",36,16,"SQ_LDS_UNALIGNED_STALL",960.000000
"7__128_2_8192_16",36,16,"SQ_LDS_BANK_CONFLICT",0.00000000e+00
"7__128_2_8192_16",36,16,"SQ_LDS_UNALIGNED_STALL",960.000000
"7__128_4",36,16,"SQ_LDS_BANK_CONFLICT",128.000000
"7__128_4",36,16,"SQ_LDS_UNALIGNED_STALL",0.00000000e+00
"7__128_4_4096_2",36,16,"SQ_LDS_BANK_CONFLICT",128.000000
"7__128_4_4096_2",36,16,"SQ_LDS_UNALIGNED_STALL",0.00000000e+00
"7__128_4_4096_4",36,16,"SQ_LDS_BANK_CONFLICT",128.000000
"7__128_4_4096_4",36,16,"SQ_LDS_UNALIGNED_STALL",0.00000000e+00
"7__128_4_4096_8",36,16,"SQ_LDS_BANK_CONFLICT",128.000000
"7__128_4_4096_8",36,16,"SQ_LDS_UNALIGNED_STALL",0.00000000e+00
"7__128_4_4096_16",36,16,"SQ_LDS_BANK_CONFLICT",128.000000
"7__128_4_4096_16",36,16,"SQ_LDS_UNALIGNED_STALL",0.00000000e+00
"7__128_8",36,16,"SQ_LDS_BANK_CONFLICT",256.000000
"7__128_8",36,16,"SQ_LDS_UNALIGNED_STALL",0.00000000e+00
"7__128_8_2048_2",36,16,"SQ_LDS_BANK_CONFLICT",224.000000
"7__128_8_2048_2",36,16,"SQ_LDS_UNALIGNED_STALL",496.000000
"7__128_8_2048_4",36,16,"SQ_LDS_BANK_CONFLICT",128.000000
"7__128_8_2048_4",36,16,"SQ_LDS_UNALIGNED_STALL",0.00000000e+00
"7__128_8_2048_8",36,16,"SQ_LDS_BANK_CONFLICT",128.000000
"7__128_8_2048_8",36,16,"SQ_LDS_UNALIGNED_STALL",0.00000000e+00
"7__128_8_2048_16",36,16,"SQ_LDS_BANK_CONFLICT",256.000000
"7__128_8_2048_16",36,16,"SQ_LDS_UNALIGNED_STALL",0.00000000e+00
"7__128_16",36,16,"SQ_LDS_BANK_CONFLICT",640.000000
"7__128_16",36,16,"SQ_LDS_UNALIGNED_STALL",0.00000000e+00
"7__128_16_1024_2",36,16,"SQ_LDS_BANK_CONFLICT",288.000000
"7__128_16_1024_2",36,16,"SQ_LDS_UNALIGNED_STALL",496.000000
"7__128_16_1024_4",36,16,"SQ_LDS_BANK_CONFLICT",256.000000
"7__128_16_1024_4",36,16,"SQ_LDS_UNALIGNED_STALL",0.00000000e+00
"7__128_16_1024_8",36,16,"SQ_LDS_BANK_CONFLICT",256.000000
"7__128_16_1024_8",36,16,"SQ_LDS_UNALIGNED_STALL",0.00000000e+00
"7__128_16_1024_16",36,16,"SQ_LDS_BANK_CONFLICT",384.000000
"7__128_16_1024_16",36,16,"SQ_LDS_UNALIGNED_STALL",0.00000000e+00
"7__256_2",36,16,"SQ_LDS_BANK_CONFLICT",64.000000
"7__256_2",36,16,"SQ_LDS_UNALIGNED_STALL",960.000000
"7__256_2_16384_2",36,16,"SQ_LDS_BANK_CONFLICT",64.000000
"7__256_2_16384_2",36,16,"SQ_LDS_UNALIGNED_STALL",960.000000
"7__256_2_16384_4",36,16,"SQ_LDS_BANK_CONFLICT",64.000000
"7__256_2_16384_4",36,16,"SQ_LDS_UNALIGNED_STALL",960.000000
"7__256_2_16384_8",36,16,"SQ_LDS_BANK_CONFLICT",64.000000
"7__256_2_16384_8",36,16,"SQ_LDS_UNALIGNED_STALL",960.000000
"7__256_2_16384_16",36,16,"SQ_LDS_BANK_CONFLICT",64.000000
"7__256_2_16384_16",36,16,"SQ_LDS_UNALIGNED_STALL",960.000000
"7__256_4",36,16,"SQ_LDS_BANK_CONFLICT",192.000000
"7__256_4",36,16,"SQ_LDS_UNALIGNED_STALL",0.00000000e+00
"7__256_4_8192_2",36,16,"SQ_LDS_BANK_CONFLICT",192.000000
"7__256_4_8192_2",36,16,"SQ_LDS_UNALIGNED_STALL",0.00000000e+00
"7__256_4_8192_4",36,16,"SQ_LDS_BANK_CONFLICT",192.000000
"7__256_4_8192_4",36,16,"SQ_LDS_UNALIGNED_STALL",0.00000000e+00
"7__256_4_8192_8",36,16,"SQ_LDS_BANK_CONFLICT",192.000000
"7__256_4_8192_8",36,16,"SQ_LDS_UNALIGNED_STALL",0.00000000e+00
"7__256_4_8192_16",36,16,"SQ_LDS_BANK_CONFLICT",192.000000
"7__256_4_8192_16",36,16,"SQ_LDS_UNALIGNED_STALL",0.00000000e+00
"7__256_8",36,16,"SQ_LDS_BANK_CONFLICT",256.000000
"7__256_8",36,16,"SQ_LDS_UNALIGNED_STALL",0.00000000e+00
"7__256_8_4096_2",36,16,"SQ_LDS_BANK_CONFLICT",256.000000
"7__256_8_4096_2",36,16,"SQ_LDS_UNALIGNED_STALL",0.00000000e+00
"7__256_8_4096_4",36,16,"SQ_LDS_BANK_CONFLICT",256.000000
"7__256_8_4096_4",36,16,"SQ_LDS_UNALIGNED_STALL",0.00000000e+00
"7__256_8_4096_8",36,16,"SQ_LDS_BANK_CONFLICT",256.000000
"7__256_8_4096_8",36,16,"SQ_LDS_UNALIGNED_STALL",0.00000000e+00
"7__256_8_4096_16",36,16,"SQ_LDS_BANK_CONFLICT",256.000000
"7__256_8_4096_16",36,16,"SQ_LDS_UNALIGNED_STALL",0.00000000e+00
"7__256_16",36,16,"SQ_LDS_BANK_CONFLICT",384.000000
"7__256_16",36,16,"SQ_LDS_UNALIGNED_STALL",0.00000000e+00
"7__256_16_2048_2",36,16,"SQ_LDS_BANK_CONFLICT",288.000000
"7__256_16_2048_2",36,16,"SQ_LDS_UNALIGNED_STALL",496.000000
"7__256_16_2048_4",36,16,"SQ_LDS_BANK_CONFLICT",256.000000
"7__256_16_2048_4",36,16,"SQ_LDS_UNALIGNED_STALL",0.00000000e+00
"7__256_16_2048_8",36,16,"SQ_LDS_BANK_CONFLICT",256.000000
"7__256_16_2048_8",36,16,"SQ_LDS_UNALIGNED_STALL",0.00000000e+00
"7__256_16_2048_16",36,16,"SQ_LDS_BANK_CONFLICT",384.000000
"7__256_16_2048_16",36,16,"SQ_LDS_UNALIGNED_STALL",0.00000000e+00
"8__32_2",40,16,"SQ_LDS_BANK_CONFLICT",96.000000
"8__32_2",40,16,"SQ_LDS_UNALIGNED_STALL",1440.000000
"8__32_2_2048_2",40,16,"SQ_LDS_BANK_CONFLICT",0.00000000e+00
"8__32_2_2048_2",40,16,"SQ_LDS_UNALIGNED_STALL",1936.000000
"8__32_2_2048_4",40,16,"SQ_LDS_BANK_CONFLICT",32.000000
"8__32_2_2048_4",40,16,"SQ_LDS_UNALIGNED_STALL",1440.000000
"8__32_2_2048_8",40,16,"SQ_LDS_BANK_CONFLICT",32.000000
"8__32_2_2048_8",40,16,"SQ_LDS_UNALIGNED_STALL",1440.000000
"8__32_2_2048_16",40,16,"SQ_LDS_BANK_CONFLICT",96.000000
"8__32_2_2048_16",40,16,"SQ_LDS_UNALIGNED_STALL",1440.000000
"8__32_4",40,16,"SQ_LDS_BANK_CONFLICT",448.000000
"8__32_4",40,16,"SQ_LDS_UNALIGNED_STALL",0.00000000e+00
"8__32_4_1024_2",40,16,"SQ_LDS_BANK_CONFLICT",0.00000000e+00
"8__32_4_1024_2",40,16,"SQ_LDS_UNALIGNED_STALL",1456.000000
"8__32_4_1024_4",40,16,"SQ_LDS_BANK_CONFLICT",64.000000
"8__32_4_1024_4",40,16,"SQ_LDS_UNALIGNED_STALL",0.00000000e+00
"8__32_4_1024_8",40,16,"SQ_LDS_BANK_CONFLICT",64.000000
"8__32_4_1024_8",40,16,"SQ_LDS_UNALIGNED_STALL",0.00000000e+00
"8__32_4_1024_16",40,16,"SQ_LDS_BANK_CONFLICT",192.000000
"8__32_4_1024_16",40,16,"SQ_LDS_UNALIGNED_STALL",0.00000000e+00
"8__32_8",40,16,"SQ_LDS_BANK_CONFLICT",1024.000000
"8__32_8",40,16,"SQ_LDS_UNALIGNED_STALL",0.00000000e+00
"8__32_8_512_2",36,16,"SQ_LDS_BANK_CONFLICT",8.000000
"8__32_8_512_2",36,16,"SQ_LDS_UNALIGNED_STALL",1824.000000
"8__32_8_512_4",36,16,"SQ_LDS_BANK_CONFLICT",80.000000
"8__32_8_512_4",36,16,"SQ_LDS_UNALIGNED_STALL",0.00000000e+00
"8__32_8_512_8",36,16,"SQ_LDS_BANK_CONFLICT",104.000000
"8__32_8_512_8",36,16,"SQ_LDS_UNALIGNED_STALL",0.00000000e+00
"8__32_8_512_16",36,16,"SQ_LDS_BANK_CONFLICT",232.000000
"8__32_8_512_16",36,16,"SQ_LDS_UNALIGNED_STALL",0.00000000e+00
"8__32_16",40,16,"SQ_LDS_BANK_CONFLICT",1152.000000
"8__32_16",40,16,"SQ_LDS_UNALIGNED_STALL",0.00000000e+00
"8__32_16_256_2",36,16,"SQ_LDS_BANK_CONFLICT",0.00000000e+00
"8__32_16_256_2",36,16,"SQ_LDS_UNALIGNED_STALL",1944.000000
"8__32_16_256_4",36,16,"SQ_LDS_BANK_CONFLICT",16.000000
"8__32_16_256_4",36,16,"SQ_LDS_UNALIGNED_STALL",0.00000000e+00
"8__32_16_256_8",36,16,"SQ_LDS_BANK_CONFLICT",104.000000
"8__32_16_256_8",36,16,"SQ_LDS_UNALIGNED_STALL",0.00000000e+00
"8__32_16_256_16",36,16,"SQ_LDS_BANK_CONFLICT",312.000000
"8__32_16_256_16",36,16,"SQ_LDS_UNALIGNED_STALL",0.00000000e+00
"8__128_2",40,16,"SQ_LDS_BANK_CONFLICT",0.00000000e+00
"8__128_2",40,16,"SQ_LDS_UNALIGNED_STALL",1440.000000
"8__128_2_8192_2",40,16,"SQ_LDS_BANK_CONFLICT",0.00000000e+00
"8__128_2_8192_2",40,16,"SQ_LDS_UNALIGNED_STALL",1440.000000
"8__128_2_8192_4",40,16,"SQ_LDS_BANK_CONFLICT",0.00000000e+00
"8__128_2_8192_4",40,16,"SQ_LDS_UNALIGNED_STALL",1440.000000
"8__128_2_8192_8",40,16,"SQ_LDS_BANK_CONFLICT",0.00000000e+00
"8__128_2_8192_8",40,16,"SQ_LDS_UNALIGNED_STALL",1440.000000
"8__128_2_8192_16",40,16,"SQ_LDS_BANK_CONFLICT",0.00000000e+00
"8__128_2_8192_16",40,16,"SQ_LDS_UNALIGNED_STALL",1440.000000
"8__128_4",36,16,"SQ_LDS_BANK_CONFLICT",128.000000
"8__128_4",36,16,"SQ_LDS_UNALIGNED_STALL",0.00000000e+00
"8__128_4_4096_2",36,16,"SQ_LDS_BANK_CONFLICT",128.000000
"8__128_4_4096_2",36,16,"SQ_LDS_UNALIGNED_STALL",0.00000000e+00
"8__128_4_4096_4",36,16,"SQ_LDS_BANK_CONFLICT",128.000000
"8__128_4_4096_4",36,16,"SQ_LDS_UNALIGNED_STALL",0.00000000e+00
"8__128_4_4096_8",36,16,"SQ_LDS_BANK_CONFLICT",128.000000
"8__128_4_4096_8",36,16,"SQ_LDS_UNALIGNED_STALL",0.00000000e+00
"8__128_4_4096_16",36,16,"SQ_LDS_BANK_CONFLICT",128.000000
"8__128_4_4096_16",36,16,"SQ_LDS_UNALIGNED_STALL",0.00000000e+00
"8__128_8",36,16,"SQ_LDS_BANK_CONFLICT",256.000000
"8__128_8",36,16,"SQ_LDS_UNALIGNED_STALL",0.00000000e+00
"8__128_8_2048_2",36,16,"SQ_LDS_BANK_CONFLICT",32.000000
"8__128_8_2048_2",36,16,"SQ_LDS_UNALIGNED_STALL",1456.000000
"8__128_8_2048_4",36,16,"SQ_LDS_BANK_CONFLICT",128.000000
"8__128_8_2048_4",36,16,"SQ_LDS_UNALIGNED_STALL",0.00000000e+00
"8__128_8_2048_8",36,16,"SQ_LDS_BANK_CONFLICT",128.000000
"8__128_8_2048_8",36,16,"SQ_LDS_UNALIGNED_STALL",0.00000000e+00
"8__128_8_2048_16",36,16,"SQ_LDS_BANK_CONFLICT",256.000000
"8__128_8_2048_16",36,16,"SQ_LDS_UNALIGNED_STALL",0.00000000e+00
"8__128_16",36,16,"SQ_LDS_BANK_CONFLICT",640.000000
"8__128_16",36,16,"SQ_LDS_UNALIGNED_STALL",0.00000000e+00
"8__128_16_1024_2",36,16,"SQ_LDS_BANK_CONFLICT",96.000000
"8__128_16_1024_2",36,16,"SQ_LDS_UNALIGNED_STALL",1452.000000
"8__128_16_1024_4",36,16,"SQ_LDS_BANK_CONFLICT",256.000000
"8__128_16_1024_4",36,16,"SQ_LDS_UNALIGNED_STALL",0.00000000e+00
"8__128_16_1024_8",36,16,"SQ_LDS_BANK_CONFLICT",256.000000
"8__128_16_1024_8",36,16,"SQ_LDS_UNALIGNED_STALL",0.00000000e+00
"8__128_16_1024_16",36,16,"SQ_LDS_BANK_CONFLICT",384.000000
"8__128_16_1024_16",36,16,"SQ_LDS_UNALIGNED_STALL",0.00000000e+00
"8__256_2",40,16,"SQ_LDS_BANK_CONFLICT",0.00000000e+00
"8__256_2",40,16,"SQ_LDS_UNALIGNED_STALL",1920.000000
"8__256_2_16384_2",40,16,"SQ_LDS_BANK_CONFLICT",0.00000000e+00
"8__256_2_16384_2",40,16,"SQ_LDS_UNALIGNED_STALL",1920.000000
"8__256_2_16384_4",40,16,"SQ_LDS_BANK_CONFLICT",0.00000000e+00
"8__256_2_16384_4",40,16,"SQ_LDS_UNALIGNED_STALL",1920.000000
"8__256_2_16384_8",40,16,"SQ_LDS_BANK_CONFLICT",0.00000000e+00
"8__256_2_16384_8",40,16,"SQ_LDS_UNALIGNED_STALL",1920.000000
"8__256_2_16384_16",40,16,"SQ_LDS_BANK_CONFLICT",0.00000000e+00
"8__256_2_16384_16",40,16,"SQ_LDS_UNALIGNED_STALL",1920.000000
"8__256_4",40,16,"SQ_LDS_BANK_CONFLICT",192.000000
"8__256_4",40,16,"SQ_LDS_UNALIGNED_STALL",0.00000000e+00
"8__256_4_8192_2",40,16,"SQ_LDS_BANK_CONFLICT",192.000000
"8__256_4_8192_2",40,16,"SQ_LDS_UNALIGNED_STALL",0.00000000e+00
"8__256_4_8192_4",40,16,"SQ_LDS_BANK_CONFLICT",192.000000
"8__256_4_8192_4",40,16,"SQ_LDS_UNALIGNED_STALL",0.00000000e+00
"8__256_4_8192_8",40,16,"SQ_LDS_BANK_CONFLICT",192.000000
"8__256_4_8192_8",40,16,"SQ_LDS_UNALIGNED_STALL",0.00000000e+00
"8__256_4_8192_16",40,16,"SQ_LDS_BANK_CONFLICT",192.000000
"8__256_4_8192_16",40,16,"SQ_LDS_UNALIGNED_STALL",0.00000000e+00
"8__256_8",40,16,"SQ_LDS_BANK_CONFLICT",256.000000
"8__256_8",40,16,"SQ_LDS_UNALIGNED_STALL",0.00000000e+00
"8__256_8_4096_2",40,16,"SQ_LDS_BANK_CONFLICT",256.000000
"8__256_8_4096_2",40,16,"SQ_LDS_UNALIGNED_STALL",0.00000000e+00
"8__256_8_4096_4",40,16,"SQ_LDS_BANK_CONFLICT",256.000000
"8__256_8_4096_4",40,16,"SQ_LDS_UNALIGNED_STALL",0.00000000e+00
"8__256_8_4096_8",40,16,"SQ_LDS_BANK_CONFLICT",256.000000
"8__256_8_4096_8",40,16,"SQ_LDS_UNALIGNED_STALL",0.00000000e+00
"8__256_8_4096_16",40,16,"SQ_LDS_BANK_CONFLICT",256.000000
"8__256_8_4096_16",40,16,"SQ_LDS_UNALIGNED_STALL",0.00000000e+00
"8__256_16",40,16,"SQ_LDS_BANK_CONFLICT",384.000000
"8__256_16",40,16,"SQ_LDS_UNALIGNED_STALL",0.00000000e+00
"8__256_16_2048_2",40,16,"SQ_LDS_BANK_CONFLICT",96.000000
"8__256_16_2048_2",40,16,"SQ_LDS_UNALIGNED_STALL",1456.000000
"8__256_16_2048_4",40,16,"SQ_LDS_BANK_CONFLICT",256.000000
"8__256_16_2048_4",40,16,"SQ_LDS_UNALIGNED_STALL",0.00000000e+00
"8__256_16_2048_8",40,16,"SQ_LDS_BANK_CONFLICT",256.000000
"8__256_16_2048_8",40,16,"SQ_LDS_UNALIGNED_STALL",0.00000000e+00
"8__256_16_2048_16",40,16,"SQ_LDS_BANK_CONFLICT",384.000000
"8__256_16_2048_16",40,16,"SQ_LDS_UNALIGNED_STALL",0.00000000e+00
"9__32_2",40,16,"SQ_LDS_BANK_CONFLICT",96.000000
"9__32_2",40,16,"SQ_LDS_UNALIGNED_STALL",1440.000000
"9__32_2_2048_2",40,16,"SQ_LDS_BANK_CONFLICT",0.00000000e+00
"9__32_2_2048_2",40,16,"SQ_LDS_UNALIGNED_STALL",1936.000000
"9__32_2_2048_4",40,16,"SQ_LDS_BANK_CONFLICT",32.000000
"9__32_2_2048_4",40,16,"SQ_LDS_UNALIGNED_STALL",1440.000000
"9__32_2_2048_8",40,16,"SQ_LDS_BANK_CONFLICT",32.000000
"9__32_2_2048_8",40,16,"SQ_LDS_UNALIGNED_STALL",1440.000000
"9__32_2_2048_16",40,16,"SQ_LDS_BANK_CONFLICT",96.000000
"9__32_2_2048_16",40,16,"SQ_LDS_UNALIGNED_STALL",1440.000000
"9__32_4",40,16,"SQ_LDS_BANK_CONFLICT",448.000000
"9__32_4",40,16,"SQ_LDS_UNALIGNED_STALL",0.00000000e+00
"9__32_4_1024_2",40,16,"SQ_LDS_BANK_CONFLICT",0.00000000e+00
"9__32_4_1024_2",40,16,"SQ_LDS_UNALIGNED_STALL",1456.000000
"9__32_4_1024_4",40,16,"SQ_LDS_BANK_CONFLICT",64.000000
"9__32_4_1024_4",40,16,"SQ_LDS_UNALIGNED_STALL",0.00000000e+00
"9__32_4_1024_8",40,16,"SQ_LDS_BANK_CONFLICT",64.000000
"9__32_4_1024_8",40,16,"SQ_LDS_UNALIGNED_STALL",0.00000000e+00
"9__32_4_1024_16",40,16,"SQ_LDS_BANK_CONFLICT",192.000000
"9__32_4_1024_16",40,16,"SQ_LDS_UNALIGNED_STALL",0.00000000e+00
"9__32_8",40,16,"SQ_LDS_BANK_CONFLICT",1024.000000
"9__32_8",40,16,"SQ_LDS_UNALIGNED_STALL",0.00000000e+00
"9__32_8_512_2",36,16,"SQ_LDS_BANK_CONFLICT",32.000000
"9__32_8_512_2",36,16,"SQ_LDS_UNALIGNED_STALL",1456.000000
"9__32_8_512_4",40,16,"SQ_LDS_BANK_CONFLICT",128.000000
"9__32_8_512_4",40,16,"SQ_LDS_UNALIGNED_STALL",0.00000000e+00
"9__32_8_512_8",40,16,"SQ_LDS_BANK_CONFLICT",128.000000
"9__32_8_512_8",40,16,"SQ_LDS_UNALIGNED_STALL",0.00000000e+00
"9__32_8_512_16",40,16,"SQ_LDS_BANK_CONFLICT",256.000000
"9__32_8_512_16",40,16,"SQ_LDS_UNALIGNED_STALL",0.00000000e+00
"9__32_16",36,16,"SQ_LDS_BANK_CONFLICT",1152.000000
"9__32_16",36,16,"SQ_LDS_UNALIGNED_STALL",0.00000000e+00
"9__32_16_256_2",36,16,"SQ_LDS_BANK_CONFLICT",0.00000000e+00
"9__32_16_256_2",36,16,"SQ_LDS_UNALIGNED_STALL",1948.000000
"9__32_16_256_4",36,16,"SQ_LDS_BANK_CONFLICT",36.000000
"9__32_16_256_4",36,16,"SQ_LDS_UNALIGNED_STALL",0.00000000e+00
"9__32_16_256_8",36,16,"SQ_LDS_BANK_CONFLICT",72.000000
"9__32_16_256_8",36,16,"SQ_LDS_UNALIGNED_STALL",0.00000000e+00
"9__32_16_256_16",36,16,"SQ_LDS_BANK_CONFLICT",244.000000
"9__32_16_256_16",36,16,"SQ_LDS_UNALIGNED_STALL",0.00000000e+00
"9__128_2",36,16,"SQ_LDS_BANK_CONFLICT",0.00000000e+00
"9__128_2",36,16,"SQ_LDS_UNALIGNED_STALL",1440.000000
"9__128_2_8192_2",36,16,"SQ_LDS_BANK_CONFLICT",0.00000000e+00
"9__128_2_8192_2",36,16,"SQ_LDS_UNALIGNED_STALL",1440.000000
"9__128_2_8192_4",36,16,"SQ_LDS_BANK_CONFLICT",0.00000000e+00
"9__128_2_8192_4",36,16,"SQ_LDS_UNALIGNED_STALL",1440.000000
"9__128_2_8192_8",36,16,"SQ_LDS_BANK_CONFLICT",0.00000000e+00
"9__128_2_8192_8",36,16,"SQ_LDS_UNALIGNED_STALL",1440.000000
"9__128_2_8192_16",36,16,"SQ_LDS_BANK_CONFLICT",0.00000000e+00
"9__128_2_8192_16",36,16,"SQ_LDS_UNALIGNED_STALL",1440.000000
"9__128_4",36,16,"SQ_LDS_BANK_CONFLICT",128.000000
"9__128_4",36,16,"SQ_LDS_UNALIGNED_STALL",0.00000000e+00
"9__128_4_4096_2",36,16,"SQ_LDS_BANK_CONFLICT",128.000000
"9__128_4_4096_2",36,16,"SQ_LDS_UNALIGNED_STALL",0.00000000e+00
"9__128_4_4096_4",36,16,"SQ_LDS_BANK_CONFLICT",128.000000
"9__128_4_4096_4",36,16,"SQ_LDS_UNALIGNED_STALL",0.00000000e+00
"9__128_4_4096_8",36,16,"SQ_LDS_BANK_CONFLICT",128.000000
"9__128_4_4096_8",36,16,"SQ_LDS_UNALIGNED_STALL",0.00000000e+00
"9__128_4_4096_16",36,16,"SQ_LDS_BANK_CONFLICT",128.000000
"9__128_4_4096_16",36,16,"SQ_LDS_UNALIGNED_STALL",0.00000000e+00
"9__128_8",36,16,"SQ_LDS_BANK_CONFLICT",256.000000
"9__128_8",36,16,"SQ_LDS_UNALIGNED_STALL",0.00000000e+00
"9__128_8_2048_2",36,16,"SQ_LDS_BANK_CONFLICT",32.000000
"9__128_8_2048_2",36,16,"SQ_LDS_UNALIGNED_STALL",1456.000000
"9__128_8_2048_4",36,16,"SQ_LDS_BANK_CONFLICT",128.000000
"9__128_8_2048_4",36,16,"SQ_LDS_UNALIGNED_STALL",0.00000000e+00
"9__128_8_2048_8",36,16,"SQ_LDS_BANK_CONFLICT",128.000000
"9__128_8_2048_8",36,16,"SQ_LDS_UNALIGNED_STALL",0.00000000e+00
"9__128_8_2048_16",36,16,"SQ_LDS_BANK_CONFLICT",256.000000
"9__128_8_2048_16",36,16,"SQ_LDS_UNALIGNED_STALL",0.00000000e+00
"9__128_16",36,16,"SQ_LDS_BANK_CONFLICT",640.000000
"9__128_16",36,16,"SQ_LDS_UNALIGNED_STALL",0.00000000e+00
"9__128_16_1024_2",36,16,"SQ_LDS_BANK_CONFLICT",96.000000
"9__128_16_1024_2",36,16,"SQ_LDS_UNALIGNED_STALL",1456.000000
"9__128_16_1024_4",36,16,"SQ_LDS_BANK_CONFLICT",256.000000
"9__128_16_1024_4",36,16,"SQ_LDS_UNALIGNED_STALL",0.00000000e+00
"9__128_16_1024_8",36,16,"SQ_LDS_BANK_CONFLICT",256.000000
"9__128_16_1024_8",36,16,"SQ_LDS_UNALIGNED_STALL",0.00000000e+00
"9__128_16_1024_16",36,16,"SQ_LDS_BANK_CONFLICT",384.000000
"9__128_16_1024_16",36,16,"SQ_LDS_UNALIGNED_STALL",0.00000000e+00
"9__256_2",36,16,"SQ_LDS_BANK_CONFLICT",0.00000000e+00
"9__256_2",36,16,"SQ_LDS_UNALIGNED_STALL",1920.000000
"9__256_2_16384_2",36,16,"SQ_LDS_BANK_CONFLICT",0.00000000e+00
"9__256_2_16384_2",36,16,"SQ_LDS_UNALIGNED_STALL",1920.000000
"9__256_2_16384_4",36,16,"SQ_LDS_BANK_CONFLICT",0.00000000e+00
"9__256_2_16384_4",36,16,"SQ_LDS_UNALIGNED_STALL",1920.000000
"9__256_2_16384_8",36,16,"SQ_LDS_BANK_CONFLICT",0.00000000e+00
"9__256_2_16384_8",36,16,"SQ_LDS_UNALIGNED_STALL",1920.000000
"9__256_2_16384_16",36,16,"SQ_LDS_BANK_CONFLICT",0.00000000e+00
"9__256_2_16384_16",36,16,"SQ_LDS_UNALIGNED_STALL",1920.000000
"9__256_4",36,16,"SQ_LDS_BANK_CONFLICT",192.000000
"9__256_4",36,16,"SQ_LDS_UNALIGNED_STALL",0.00000000e+00
"9__256_4_8192_2",36,16,"SQ_LDS_BANK_CONFLICT",192.000000
"9__256_4_8192_2",36,16,"SQ_LDS_UNALIGNED_STALL",0.00000000e+00
"9__256_4_8192_4",36,16,"SQ_LDS_BANK_CONFLICT",192.000000
"9__256_4_8192_4",36,16,"SQ_LDS_UNALIGNED_STALL",0.00000000e+00
"9__256_4_8192_8",36,16,"SQ_LDS_BANK_CONFLICT",192.000000
"9__256_4_8192_8",36,16,"SQ_LDS_UNALIGNED_STALL",0.00000000e+00
"9__256_4_8192_16",36,16,"SQ_LDS_BANK_CONFLICT",192.000000
"9__256_4_8192_16",36,16,"SQ_LDS_UNALIGNED_STALL",0.00000000e+00
"9__256_8",36,16,"SQ_LDS_BANK_CONFLICT",256.000000
"9__256_8",36,16,"SQ_LDS_UNALIGNED_STALL",0.00000000e+00
"9__256_8_4096_2",36,16,"SQ_LDS_BANK_CONFLICT",256.000000
"9__256_8_4096_2",36,16,"SQ_LDS_UNALIGNED_STALL",0.00000000e+00
"9__256_8_4096_4",36,16,"SQ_LDS_BANK_CONFLICT",256.000000
"9__256_8_4096_4",36,16,"SQ_LDS_UNALIGNED_STALL",0.00000000e+00
"9__256_8_4096_8",36,16,"SQ_LDS_BANK_CONFLICT",256.000000
"9__256_8_4096_8",36,16,"SQ_LDS_UNALIGNED_STALL",0.00000000e+00
"9__256_8_4096_16",36,16,"SQ_LDS_BANK_CONFLICT",256.000000
"9__256_8_4096_16",36,16,"SQ_LDS_UNALIGNED_STALL",0.00000000e+00
"9__256_16",36,16,"SQ_LDS_BANK_CONFLICT",384.000000
"9__256_16",36,16,"SQ_LDS_UNALIGNED_STALL",0.00000000e+00
"9__256_16_2048_2",36,16,"SQ_LDS_BANK_CONFLICT",96.000000
"9__256_16_2048_2",36,16,"SQ_LDS_UNALIGNED_STALL",1456.000000
"9__256_16_2048_4",36,16,"SQ_LDS_BANK_CONFLICT",256.000000
"9__256_16_2048_4",36,16,"SQ_LDS_UNALIGNED_STALL",0.00000000e+00
"9__256_16_2048_8",36,16,"SQ_LDS_BANK_CONFLICT",256.000000
"9__256_16_2048_8",36,16,"SQ_LDS_UNALIGNED_STALL",0.00000000e+00
"9__256_16_2048_16",36,16,"SQ_LDS_BANK_CONFLICT",384.000000
"9__256_16_2048_16",36,16,"SQ_LDS_UNALIGNED_STALL",0.00000000e+00
"10__32_2",40,16,"SQ_LDS_BANK_CONFLICT",16.000000
"10__32_2",40,16,"SQ_LDS_UNALIGNED_STALL",1296.000000
"10__32_2_2048_2",40,16,"SQ_LDS_BANK_CONFLICT",16.000000
"10__32_2_2048_2",40,16,"SQ_LDS_UNALIGNED_STALL",1312.000000
"10__32_2_2048_4",40,16,"SQ_LDS_BANK_CONFLICT",16.000000
"10__32_2_2048_4",40,16,"SQ_LDS_UNALIGNED_STALL",1296.000000
"10__32_2_2048_8",40,16,"SQ_LDS_BANK_CONFLICT",16.000000
"10__32_2_2048_8",40,16,"SQ_LDS_UNALIGNED_STALL",1296.000000
"10__32_2_2048_16",40,16,"SQ_LDS_BANK_CONFLICT",16.000000
"10__32_2_2048_16",40,16,"SQ_LDS_UNALIGNED_STALL",1296.000000
"10__32_4",40,16,"SQ_LDS_BANK_CONFLICT",96.000000
"10__32_4",40,16,"SQ_LDS_UNALIGNED_STALL",224.000000
"10__32_4_1024_2",40,16,"SQ_LDS_BANK_CONFLICT",0.00000000e+00
"10__32_4_1024_2",40,16,"SQ_LDS_UNALIGNED_STALL",944.000000
"10__32_4_1024_4",40,16,"SQ_LDS_BANK_CONFLICT",0.00000000e+00
"10__32_4_1024_4",40,16,"SQ_LDS_UNALIGNED_STALL",448.000000
"10__32_4_1024_8",40,16,"SQ_LDS_BANK_CONFLICT",32.000000
"10__32_4_1024_8",40,16,"SQ_LDS_UNALIGNED_STALL",224.000000
"10__32_4_1024_16",40,16,"SQ_LDS_BANK_CONFLICT",32.000000
"10__32_4_1024_16",40,16,"SQ_LDS_UNALIGNED_STALL",224.000000
"10__32_8",40,16,"SQ_LDS_BANK_CONFLICT",512.000000
"10__32_8",40,16,"SQ_LDS_UNALIGNED_STALL",0.00000000e+00
"10__32_8_512_2",36,16,"SQ_LDS_BANK_CONFLICT",8.000000
"10__32_8_512_2",36,16,"SQ_LDS_UNALIGNED_STALL",1312.000000
"10__32_8_512_4",36,16,"SQ_LDS_BANK_CONFLICT",16.000000
"10__32_8_512_4",36,16,"SQ_LDS_UNALIGNED_STALL",448.000000
"10__32_8_512_8",36,16,"SQ_LDS_BANK_CONFLICT",104.000000
"10__32_8_512_8",36,16,"SQ_LDS_UNALIGNED_STALL",0.00000000e+00
"10__32_8_512_16",36,16,"SQ_LDS_BANK_CONFLICT",104.000000
"10__32_8_512_16",36,16,"SQ_LDS_UNALIGNED_STALL",0.00000000e+00
"10__32_16",40,16,"SQ_LDS_BANK_CONFLICT",640.000000
"10__32_16",40,16,"SQ_LDS_UNALIGNED_STALL",0.00000000e+00
"10__32_16_256_2",36,16,"SQ_LDS_BANK_CONFLICT",0.00000000e+00
"10__32_16_256_2",36,16,"SQ_LDS_UNALIGNED_STALL",1432.000000
"10__32_16_256_4",36,16,"SQ_LDS_BANK_CONFLICT",16.000000
"10__32_16_256_4",36,16,"SQ_LDS_UNALIGNED_STALL",448.000000
"10__32_16_256_8",36,16,"SQ_LDS_BANK_CONFLICT",40.000000
"10__32_16_256_8",36,16,"SQ_LDS_UNALIGNED_STALL",0.00000000e+00
"10__32_16_256_16",36,16,"SQ_LDS_BANK_CONFLICT",184.000000
"10__32_16_256_16",36,16,"SQ_LDS_UNALIGNED_STALL",0.00000000e+00
"10__128_2",36,16,"SQ_LDS_BANK_CONFLICT",0.00000000e+00
"10__128_2",36,16,"SQ_LDS_UNALIGNED_STALL",1408.000000
"10__128_2_8192_2",36,16,"SQ_LDS_BANK_CONFLICT",0.00000000e+00
"10__128_2_8192_2",36,16,"SQ_LDS_UNALIGNED_STALL",1408.000000
"10__128_2_8192_4",36,16,"SQ_LDS_BANK_CONFLICT",0.00000000e+00
"10__128_2_8192_4",36,16,"SQ_LDS_UNALIGNED_STALL",1408.000000
"10__128_2_8192_8",36,16,"SQ_LDS_BANK_CONFLICT",0.00000000e+00
"10__128_2_8192_8",36,16,"SQ_LDS_UNALIGNED_STALL",1408.000000
"10__128_2_8192_16",36,16,"SQ_LDS_BANK_CONFLICT",0.00000000e+00
"10__128_2_8192_16",36,16,"SQ_LDS_UNALIGNED_STALL",1408.000000
"10__128_4",36,16,"SQ_LDS_BANK_CONFLICT",64.000000
"10__128_4",36,16,"SQ_LDS_UNALIGNED_STALL",224.000000
"10__128_4_4096_2",36,16,"SQ_LDS_BANK_CONFLICT",64.000000
"10__128_4_4096_2",36,16,"SQ_LDS_UNALIGNED_STALL",224.000000
"10__128_4_4096_4",36,16,"SQ_LDS_BANK_CONFLICT",64.000000
"10__128_4_4096_4",36,16,"SQ_LDS_UNALIGNED_STALL",224.000000
"10__128_4_4096_8",36,16,"SQ_LDS_BANK_CONFLICT",64.000000
"10__128_4_4096_8",36,16,"SQ_LDS_UNALIGNED_STALL",224.000000
"10__128_4_4096_16",36,16,"SQ_LDS_BANK_CONFLICT",64.000000
"10__128_4_4096_16",36,16,"SQ_LDS_UNALIGNED_STALL",224.000000
"10__128_8",36,16,"SQ_LDS_BANK_CONFLICT",128.000000
"10__128_8",36,16,"SQ_LDS_UNALIGNED_STALL",0.00000000e+00
"10__128_8_2048_2",36,16,"SQ_LDS_BANK_CONFLICT",64.000000
"10__128_8_2048_2",36,16,"SQ_LDS_UNALIGNED_STALL",720.000000
"10__128_8_2048_4",36,16,"SQ_LDS_BANK_CONFLICT",96.000000
"10__128_8_2048_4",36,16,"SQ_LDS_UNALIGNED_STALL",224.000000
"10__128_8_2048_8",36,16,"SQ_LDS_BANK_CONFLICT",128.000000
"10__128_8_2048_8",36,16,"SQ_LDS_UNALIGNED_STALL",0.00000000e+00
"10__128_8_2048_16",36,16,"SQ_LDS_BANK_CONFLICT",128.000000
"10__128_8_2048_16",36,16,"SQ_LDS_UNALIGNED_STALL",0.00000000e+00
"10__128_16",36,16,"SQ_LDS_BANK_CONFLICT",384.000000
"10__128_16",36,16,"SQ_LDS_UNALIGNED_STALL",0.00000000e+00
"10__128_16_1024_2",36,16,"SQ_LDS_BANK_CONFLICT",96.000000
"10__128_16_1024_2",36,16,"SQ_LDS_UNALIGNED_STALL",940.000000
"10__128_16_1024_4",36,16,"SQ_LDS_BANK_CONFLICT",192.000000
"10__128_16_1024_4",36,16,"SQ_LDS_UNALIGNED_STALL",448.000000
"10__128_16_1024_8",36,16,"SQ_LDS_BANK_CONFLICT",256.000000
"10__128_16_1024_8",36,16,"SQ_LDS_UNALIGNED_STALL",0.00000000e+00
"10__128_16_1024_16",36,16,"SQ_LDS_BANK_CONFLICT",256.000000
"10__128_16_1024_16",36,16,"SQ_LDS_UNALIGNED_STALL",0.00000000e+00
"10__256_2",40,16,"SQ_LDS_BANK_CONFLICT",0.00000000e+00
"10__256_2",40,16,"SQ_LDS_UNALIGNED_STALL",1408.000000
"10__256_2_16384_2",40,16,"SQ_LDS_BANK_CONFLICT",0.00000000e+00
"10__256_2_16384_2",40,16,"SQ_LDS_UNALIGNED_STALL",1408.000000
"10__256_2_16384_4",40,16,"SQ_LDS_BANK_CONFLICT",0.00000000e+00
"10__256_2_16384_4",40,16,"SQ_LDS_UNALIGNED_STALL",1408.000000
"10__256_2_16384_8",40,16,"SQ_LDS_BANK_CONFLICT",0.00000000e+00
"10__256_2_16384_8",40,16,"SQ_LDS_UNALIGNED_STALL",1408.000000
"10__256_2_16384_16",40,16,"SQ_LDS_BANK_CONFLICT",0.00000000e+00
"10__256_2_16384_16",40,16,"SQ_LDS_UNALIGNED_STALL",1408.000000
"10__256_4",36,16,"SQ_LDS_BANK_CONFLICT",192.000000
"10__256_4",36,16,"SQ_LDS_UNALIGNED_STALL",448.000000
"10__256_4_8192_2",36,16,"SQ_LDS_BANK_CONFLICT",192.000000
"10__256_4_8192_2",36,16,"SQ_LDS_UNALIGNED_STALL",448.000000
"10__256_4_8192_4",36,16,"SQ_LDS_BANK_CONFLICT",192.000000
"10__256_4_8192_4",36,16,"SQ_LDS_UNALIGNED_STALL",448.000000
"10__256_4_8192_8",36,16,"SQ_LDS_BANK_CONFLICT",192.000000
"10__256_4_8192_8",36,16,"SQ_LDS_UNALIGNED_STALL",448.000000
"10__256_4_8192_16",36,16,"SQ_LDS_BANK_CONFLICT",192.000000
"10__256_4_8192_16",36,16,"SQ_LDS_UNALIGNED_STALL",448.000000
"10__256_8",36,16,"SQ_LDS_BANK_CONFLICT",192.000000
"10__256_8",36,16,"SQ_LDS_UNALIGNED_STALL",0.00000000e+00
"10__256_8_4096_2",36,16,"SQ_LDS_BANK_CONFLICT",192.000000
"10__256_8_4096_2",36,16,"SQ_LDS_UNALIGNED_STALL",0.00000000e+00
"10__256_8_4096_4",36,16,"SQ_LDS_BANK_CONFLICT",192.000000
"10__256_8_4096_4",36,16,"SQ_LDS_UNALIGNED_STALL",0.00000000e+00
"10__256_8_4096_8",36,16,"SQ_LDS_BANK_CONFLICT",192.000000
"10__256_8_4096_8",36,16,"SQ_LDS_UNALIGNED_STALL",0.00000000e+00
"10__256_8_4096_16",36,16,"SQ_LDS_BANK_CONFLICT",192.000000
"10__256_8_4096_16",36,16,"SQ_LDS_UNALIGNED_STALL",0.00000000e+00
"10__256_16",36,16,"SQ_LDS_BANK_CONFLICT",256.000000
"10__256_16",36,16,"SQ_LDS_UNALIGNED_STALL",0.00000000e+00
"10__256_16_2048_2",36,16,"SQ_LDS_BANK_CONFLICT",128.000000
"10__256_16_2048_2",36,16,"SQ_LDS_UNALIGNED_STALL",720.000000
"10__256_16_2048_4",36,16,"SQ_LDS_BANK_CONFLICT",224.000000
"10__256_16_2048_4",36,16,"SQ_LDS_UNALIGNED_STALL",224.000000
"10__256_16_2048_8",36,16,"SQ_LDS_BANK_CONFLICT",256.000000
"10__256_16_2048_8",36,16,"SQ_LDS_UNALIGNED_STALL",0.00000000e+00
"10__256_16_2048_16",36,16,"SQ_LDS_BANK_CONFLICT",256.000000
"10__256_16_2048_16",36,16,"SQ_LDS_UNALIGNED_STALL",0.00000000e+00
"11__32_2",40,16,"SQ_LDS_BANK_CONFLICT",16.000000
"11__32_2",40,16,"SQ_LDS_UNALIGNED_STALL",1296.000000
"11__32_2_2048_2",40,16,"SQ_LDS_BANK_CONFLICT",16.000000
"11__32_2_2048_2",40,16,"SQ_LDS_UNALIGNED_STALL",1312.000000
"11__32_2_2048_4",40,16,"SQ_LDS_BANK_CONFLICT",16.000000
"11__32_2_2048_4",40,16,"SQ_LDS_UNALIGNED_STALL",1296.000000
"11__32_2_2048_8",40,16,"SQ_LDS_BANK_CONFLICT",16.000000
"11__32_2_2048_8",40,16,"SQ_LDS_UNALIGNED_STALL",1296.000000
"11__32_2_2048_16",40,16,"SQ_LDS_BANK_CONFLICT",16.000000
"11__32_2_2048_16",40,16,"SQ_LDS_UNALIGNED_STALL",1296.000000
"11__32_4",40,16,"SQ_LDS_BANK_CONFLICT",96.000000
"11__32_4",40,16,"SQ_LDS_UNALIGNED_STALL",224.000000
"11__32_4_1024_2",40,16,"SQ_LDS_BANK_CONFLICT",0.00000000e+00
"11__32_4_1024_2",40,16,"SQ_LDS_UNALIGNED_STALL",944.000000
"11__32_4_1024_4",40,16,"SQ_LDS_BANK_CONFLICT",0.00000000e+00
"11__32_4_1024_4",40,16,"SQ_LDS_UNALIGNED_STALL",448.000000
"11__32_4_1024_8",40,16,"SQ_LDS_BANK_CONFLICT",32.000000
"11__32_4_1024_8",40,16,"SQ_LDS_UNALIGNED_STALL",224.000000
"11__32_4_1024_16",40,16,"SQ_LDS_BANK_CONFLICT",32.000000
"11__32_4_1024_16",40,16,"SQ_LDS_UNALIGNED_STALL",224.000000
"11__32_8",40,16,"SQ_LDS_BANK_CONFLICT",512.000000
"11__32_8",40,16,"SQ_LDS_UNALIGNED_STALL",0.00000000e+00
"11__32_8_512_2",40,16,"SQ_LDS_BANK_CONFLICT",32.000000
"11__32_8_512_2",40,16,"SQ_LDS_UNALIGNED_STALL",944.000000
"11__32_8_512_4",40,16,"SQ_LDS_BANK_CONFLICT",64.000000
"11__32_8_512_4",40,16,"SQ_LDS_UNALIGNED_STALL",448.000000
"11__32_8_512_8",40,16,"SQ_LDS_BANK_CONFLICT",128.000000
"11__32_8_512_8",40,16,"SQ_LDS_UNALIGNED_STALL",0.00000000e+00
"11__32_8_512_16",40,16,"SQ_LDS_BANK_CONFLICT",128.000000
"11__32_8_512_16",40,16,"SQ_LDS_UNALIGNED_STALL",0.00000000e+00
"11__32_16",40,16,"SQ_LDS_BANK_CONFLICT",640.000000
"11__32_16",40,16,"SQ_LDS_UNALIGNED_STALL",0.00000000e+00
"11__32_16_256_2",36,16,"SQ_LDS_BANK_CONFLICT",0.00000000e+00
"11__32_16_256_2",36,16,"SQ_LDS_UNALIGNED_STALL",1436.000000
"11__32_16_256_4",36,16,"SQ_LDS_BANK_CONFLICT",36.000000
"11__32_16_256_4",36,16,"SQ_LDS_UNALIGNED_STALL",448.000000
"11__32_16_256_8",36,16,"SQ_LDS_BANK_CONFLICT",8.000000
"11__32_16_256_8",36,16,"SQ_LDS_UNALIGNED_STALL",0.00000000e+00
"11__32_16_256_16",36,16,"SQ_LDS_BANK_CONFLICT",116.000000
"11__32_16_256_16",36,16,"SQ_LDS_UNALIGNED_STALL",0.00000000e+00
"11__128_2",36,16,"SQ_LDS_BANK_CONFLICT",0.00000000e+00
"11__128_2",36,16,"SQ_LDS_UNALIGNED_STALL",1408.000000
"11__128_2_8192_2",36,16,"SQ_LDS_BANK_CONFLICT",0.00000000e+00
"11__128_2_8192_2",36,16,"SQ_LDS_UNALIGNED_STALL",1408.000000
"11__128_2_8192_4",36,16,"SQ_LDS_BANK_CONFLICT",0.00000000e+00
"11__128_2_8192_4",36,16,"SQ_LDS_UNALIGNED_STALL",1408.000000
"11__128_2_8192_8",36,16,"SQ_LDS_BANK_CONFLICT",0.00000000e+00
"11__128_2_8192_8",36,16,"SQ_LDS_UNALIGNED_STALL",1408.000000
"11__128_2_8192_16",36,16,"SQ_LDS_BANK_CONFLICT",0.00000000e+00
"11__128_2_8192_16",36,16,"SQ_LDS_UNALIGNED_STALL",1408.000000
"11__128_4",36,16,"SQ_LDS_BANK_CONFLICT",64.000000
"11__128_4",36,16,"SQ_LDS_UNALIGNED_STALL",224.000000
"11__128_4_4096_2",36,16,"SQ_LDS_BANK_CONFLICT",64.000000
"11__128_4_4096_2",36,16,"SQ_LDS_UNALIGNED_STALL",224.000000
"11__128_4_4096_4",36,16,"SQ_LDS_BANK_CONFLICT",64.000000
"11__128_4_4096_4",36,16,"SQ_LDS_UNALIGNED_STALL",224.000000
"11__128_4_4096_8",36,16,"SQ_LDS_BANK_CONFLICT",64.000000
"11__128_4_4096_8",36,16,"SQ_LDS_UNALIGNED_STALL",224.000000
"11__128_4_4096_16",36,16,"SQ_LDS_BANK_CONFLICT",64.000000
"11__128_4_4096_16",36,16,"SQ_LDS_UNALIGNED_STALL",224.000000
"11__128_8",36,16,"SQ_LDS_BANK_CONFLICT",128.000000
"11__128_8",36,16,"SQ_LDS_UNALIGNED_STALL",0.00000000e+00
"11__128_8_2048_2",36,16,"SQ_LDS_BANK_CONFLICT",64.000000
"11__128_8_2048_2",36,16,"SQ_LDS_UNALIGNED_STALL",720.000000
"11__128_8_2048_4",36,16,"SQ_LDS_BANK_CONFLICT",96.000000
"11__128_8_2048_4",36,16,"SQ_LDS_UNALIGNED_STALL",224.000000
"11__128_8_2048_8",36,16,"SQ_LDS_BANK_CONFLICT",128.000000
"11__128_8_2048_8",36,16,"SQ_LDS_UNALIGNED_STALL",0.00000000e+00
"11__128_8_2048_16",36,16,"SQ_LDS_BANK_CONFLICT",128.000000
"11__128_8_2048_16",36,16,"SQ_LDS_UNALIGNED_STALL",0.00000000e+00
"11__128_16",36,16,"SQ_LDS_BANK_CONFLICT",384.000000
"11__128_16",36,16,"SQ_LDS_UNALIGNED_STALL",0.00000000e+00
"11__128_16_1024_2",36,16,"SQ_LDS_BANK_CONFLICT",96.000000
"11__128_16_1024_2",36,16,"SQ_LDS_UNALIGNED_STALL",944.000000
"11__128_16_1024_4",36,16,"SQ_LDS_BANK_CONFLICT",192.000000
"11__128_16_1024_4",36,16,"SQ_LDS_UNALIGNED_STALL",448.000000
"11__128_16_1024_8",36,16,"SQ_LDS_BANK_CONFLICT",256.000000
"11__128_16_1024_8",36,16,"SQ_LDS_UNALIGNED_STALL",0.00000000e+00
"11__128_16_1024_16",36,16,"SQ_LDS_BANK_CONFLICT",256.000000
"11__128_16_1024_16",36,16,"SQ_LDS_UNALIGNED_STALL",0.00000000e+00
"11__256_2",36,16,"SQ_LDS_BANK_CONFLICT",0.00000000e+00
"11__256_2",36,16,"SQ_LDS_UNALIGNED_STALL",1408.000000
"11__256_2_16384_2",36,16,"SQ_LDS_BANK_CONFLICT",0.00000000e+00
"11__256_2_16384_2",36,16,"SQ_LDS_UNALIGNED_STALL",1408.000000
"11__256_2_16384_4",36,16,"SQ_LDS_BANK_CONFLICT",0.00000000e+00
"11__256_2_16384_4",36,16,"SQ_LDS_UNALIGNED_STALL",1408.000000
"11__256_2_16384_8",36,16,"SQ_LDS_BANK_CONFLICT",0.00000000e+00
"11__256_2_16384_8",36,16,"SQ_LDS_UNALIGNED_STALL",1408.000000
"11__256_2_16384_16",36,16,"SQ_LDS_BANK_CONFLICT",0.00000000e+00
"11__256_2_16384_16",36,16,"SQ_LDS_UNALIGNED_STALL",1408.000000
"11__256_4",36,16,"SQ_LDS_BANK_CONFLICT",192.000000
"11__256_4",36,16,"SQ_LDS_UNALIGNED_STALL",448.000000
"11__256_4_8192_2",36,16,"SQ_LDS_BANK_CONFLICT",192.000000
"11__256_4_8192_2",36,16,"SQ_LDS_UNALIGNED_STALL",448.000000
"11__256_4_8192_4",36,16,"SQ_LDS_BANK_CONFLICT",192.000000
"11__256_4_8192_4",36,16,"SQ_LDS_UNALIGNED_STALL",448.000000
"11__256_4_8192_8",36,16,"SQ_LDS_BANK_CONFLICT",192.000000
"11__256_4_8192_8",36,16,"SQ_LDS_UNALIGNED_STALL",448.000000
"11__256_4_8192_16",36,16,"SQ_LDS_BANK_CONFLICT",192.000000
"11__256_4_8192_16",36,16,"SQ_LDS_UNALIGNED_STALL",448.000000
"11__256_8",36,16,"SQ_LDS_BANK_CONFLICT",192.000000
"11__256_8",36,16,"SQ_LDS_UNALIGNED_STALL",0.00000000e+00
"11__256_8_4096_2",36,16,"SQ_LDS_BANK_CONFLICT",192.000000
"11__256_8_4096_2",36,16,"SQ_LDS_UNALIGNED_STALL",0.00000000e+00
"11__256_8_4096_4",36,16,"SQ_LDS_BANK_CONFLICT",192.000000
"11__256_8_4096_4",36,16,"SQ_LDS_UNALIGNED_STALL",0.00000000e+00
"11__256_8_4096_8",36,16,"SQ_LDS_BANK_CONFLICT",192.000000
"11__256_8_4096_8",36,16,"SQ_LDS_UNALIGNED_STALL",0.00000000e+00
"11__256_8_4096_16",36,16,"SQ_LDS_BANK_CONFLICT",192.000000
"11__256_8_4096_16",36,16,"SQ_LDS_UNALIGNED_STALL",0.00000000e+00
"11__256_16",36,16,"SQ_LDS_BANK_CONFLICT",256.000000
"11__256_16",36,16,"SQ_LDS_UNALIGNED_STALL",0.00000000e+00
"11__256_16_2048_2",36,16,"SQ_LDS_BANK_CONFLICT",128.000000
"11__256_16_2048_2",36,16,"SQ_LDS_UNALIGNED_STALL",720.000000
"11__256_16_2048_4",36,16,"SQ_LDS_BANK_CONFLICT",224.000000
"11__256_16_2048_4",36,16,"SQ_LDS_UNALIGNED_STALL",224.000000
"11__256_16_2048_8",36,16,"SQ_LDS_BANK_CONFLICT",256.000000
"11__256_16_2048_8",36,16,"SQ_LDS_UNALIGNED_STALL",0.00000000e+00
"11__256_16_2048_16",36,16,"SQ_LDS_BANK_CONFLICT",256.000000
"11__256_16_2048_16",36,16,"SQ_LDS_UNALIGNED_STALL",0.00000000e+00
"12__64_2",40,16,"SQ_LDS_BANK_CONFLICT",384.000000
"12__64_2",40,16,"SQ_LDS_UNALIGNED_STALL",1920.000000
"12__64_2_4096_2",40,16,"SQ_LDS_BANK_CONFLICT",384.000000
"12__64_2_4096_2",40,16,"SQ_LDS_UNALIGNED_STALL",1952.000000
"12__64_2_4096_4",40,16,"SQ_LDS_BANK_CONFLICT",128.000000
"12__64_2_4096_4",40,16,"SQ_LDS_UNALIGNED_STALL",1920.000000
"12__64_2_4096_8",40,16,"SQ_LDS_BANK_CONFLICT",128.000000
"12__64_2_4096_8",40,16,"SQ_LDS_UNALIGNED_STALL",1920.000000
"12__64_2_4096_16",40,16,"SQ_LDS_BANK_CONFLICT",384.000000
"12__64_2_4096_16",40,16,"SQ_LDS_UNALIGNED_STALL",1920.000000
"12__64_4",40,16,"SQ_LDS_BANK_CONFLICT",896.000000
"12__64_4",40,16,"SQ_LDS_UNALIGNED_STALL",0.00000000e+00
"12__64_4_2048_2",40,16,"SQ_LDS_BANK_CONFLICT",384.000000
"12__64_4_2048_2",40,16,"SQ_LDS_UNALIGNED_STALL",992.000000
"12__64_4_2048_4",40,16,"SQ_LDS_BANK_CONFLICT",128.000000
"12__64_4_2048_4",40,16,"SQ_LDS_UNALIGNED_STALL",0.00000000e+00
"12__64_4_2048_8",40,16,"SQ_LDS_BANK_CONFLICT",128.000000
"12__64_4_2048_8",40,16,"SQ_LDS_UNALIGNED_STALL",0.00000000e+00
"12__64_4_2048_16",40,16,"SQ_LDS_BANK_CONFLICT",384.000000
"12__64_4_2048_16",40,16,"SQ_LDS_UNALIGNED_STALL",0.00000000e+00
"12__64_8",40,16,"SQ_LDS_BANK_CONFLICT",2048.000000
"12__64_8",40,16,"SQ_LDS_UNALIGNED_STALL",0.00000000e+00
"12__64_8_1024_2",36,16,"SQ_LDS_BANK_CONFLICT",400.000000
"12__64_8_1024_2",36,16,"SQ_LDS_UNALIGNED_STALL",1728.000000
"12__64_8_1024_4",36,16,"SQ_LDS_BANK_CONFLICT",160.000000
"12__64_8_1024_4",36,16,"SQ_LDS_UNALIGNED_STALL",0.00000000e+00
"12__64_8_1024_8",36,16,"SQ_LDS_BANK_CONFLICT",208.000000
"12__64_8_1024_8",36,16,"SQ_LDS_UNALIGNED_STALL",0.00000000e+00
"12__64_8_1024_16",36,16,"SQ_LDS_BANK_CONFLICT",464.000000
"12__64_8_1024_16",36,16,"SQ_LDS_UNALIGNED_STALL",0.00000000e+00
"12__64_16",40,16,"SQ_LDS_BANK_CONFLICT",2304.000000
"12__64_16",40,16,"SQ_LDS_UNALIGNED_STALL",0.00000000e+00
"12__64_16_512_2",36,16,"SQ_LDS_BANK_CONFLICT",128.000000
"12__64_16_512_2",36,16,"SQ_LDS_UNALIGNED_STALL",1968.000000
"12__64_16_512_4",36,16,"SQ_LDS_BANK_CONFLICT",32.000000
"12__64_16_512_4",36,16,"SQ_LDS_UNALIGNED_STALL",0.00000000e+00
"12__64_16_512_8",36,16,"SQ_LDS_BANK_CONFLICT",208.000000
"12__64_16_512_8",36,16,"SQ_LDS_UNALIGNED_STALL",0.00000000e+00
"12__64_16_512_16",36,16,"SQ_LDS_BANK_CONFLICT",624.000000
"12__64_16_512_16",36,16,"SQ_LDS_UNALIGNED_STALL",0.00000000e+00
"12__128_2",40,16,"SQ_LDS_BANK_CONFLICT",128.000000
"12__128_2",40,16,"SQ_LDS_UNALIGNED_STALL",1920.000000
"12__128_2_8192_2",40,16,"SQ_LDS_BANK_CONFLICT",128.000000
"12__128_2_8192_2",40,16,"SQ_LDS_UNALIGNED_STALL",1920.000000
"12__128_2_8192_4",40,16,"SQ_LDS_BANK_CONFLICT",128.000000
"12__128_2_8192_4",40,16,"SQ_LDS_UNALIGNED_STALL",1920.000000
"12__128_2_8192_8",40,16,"SQ_LDS_BANK_CONFLICT",128.000000
"12__128_2_8192_8",40,16,"SQ_LDS_UNALIGNED_STALL",1920.000000
"12__128_2_8192_16",40,16,"SQ_LDS_BANK_CONFLICT",128.000000
"12__128_2_8192_16",40,16,"SQ_LDS_UNALIGNED_STALL",1920.000000
"12__128_4",40,16,"SQ_LDS_BANK_CONFLICT",512.000000
"12__128_4",40,16,"SQ_LDS_UNALIGNED_STALL",0.00000000e+00
"12__128_4_4096_2",40,16,"SQ_LDS_BANK_CONFLICT",448.000000
"12__128_4_4096_2",40,16,"SQ_LDS_UNALIGNED_STALL",992.000000
"12__128_4_4096_4",40,16,"SQ_LDS_BANK_CONFLICT",256.000000
"12__128_4_4096_4",40,16,"SQ_LDS_UNALIGNED_STALL",0.00000000e+00
"12__128_4_4096_8",40,16,"SQ_LDS_BANK_CONFLICT",256.000000
"12__128_4_4096_8",40,16,"SQ_LDS_UNALIGNED_STALL",0.00000000e+00
"12__128_4_4096_16",40,16,"SQ_LDS_BANK_CONFLICT",512.000000
"12__128_4_4096_16",40,16,"SQ_LDS_UNALIGNED_STALL",0.00000000e+00
"12__128_8",40,16,"SQ_LDS_BANK_CONFLICT",1024.000000
"12__128_8",40,16,"SQ_LDS_UNALIGNED_STALL",0.00000000e+00
"12__128_8_2048_2",36,16,"SQ_LDS_BANK_CONFLICT",448.000000
"12__128_8_2048_2",36,16,"SQ_LDS_UNALIGNED_STALL",984.000000
"12__128_8_2048_4",40,16,"SQ_LDS_BANK_CONFLICT",256.000000
"12__128_8_2048_4",40,16,"SQ_LDS_UNALIGNED_STALL",0.00000000e+00
"12__128_8_2048_8",40,16,"SQ_LDS_BANK_CONFLICT",256.000000
"12__128_8_2048_8",40,16,"SQ_LDS_UNALIGNED_STALL",0.00000000e+00
"12__128_8_2048_16",40,16,"SQ_LDS_BANK_CONFLICT",512.000000
"12__128_8_2048_16",40,16,"SQ_LDS_UNALIGNED_STALL",0.00000000e+00
"12__128_16",40,16,"SQ_LDS_BANK_CONFLICT",2304.000000
"12__128_16",40,16,"SQ_LDS_UNALIGNED_STALL",0.00000000e+00
"12__128_16_1024_2",36,16,"SQ_LDS_BANK_CONFLICT",432.000000
"12__128_16_1024_2",36,16,"SQ_LDS_UNALIGNED_STALL",1728.000000
"12__128_16_1024_4",36,16,"SQ_LDS_BANK_CONFLICT",272.000000
"12__128_16_1024_4",36,16,"SQ_LDS_UNALIGNED_STALL",0.00000000e+00
"12__128_16_1024_8",36,16,"SQ_LDS_BANK_CONFLICT",272.000000
"12__128_16_1024_8",36,16,"SQ_LDS_UNALIGNED_STALL",0.00000000e+00
"12__128_16_1024_16",36,16,"SQ_LDS_BANK_CONFLICT",624.000000
"12__128_16_1024_16",36,16,"SQ_LDS_UNALIGNED_STALL",0.00000000e+00
"12__512_2",40,16,"SQ_LDS_BANK_CONFLICT",128.000000
"12__512_2",40,16,"SQ_LDS_UNALIGNED_STALL",1920.000000
"12__512_2_32768_2",40,16,"SQ_LDS_BANK_CONFLICT",128.000000
"12__512_2_32768_2",40,16,"SQ_LDS_UNALIGNED_STALL",1920.000000
"12__512_2_32768_4",40,16,"SQ_LDS_BANK_CONFLICT",128.000000
"12__512_2_32768_4",40,16,"SQ_LDS_UNALIGNED_STALL",1920.000000
"12__512_2_32768_8",40,16,"SQ_LDS_BANK_CONFLICT",128.000000
"12__512_2_32768_8",40,16,"SQ_LDS_UNALIGNED_STALL",1920.000000
"12__512_2_32768_16",40,16,"SQ_LDS_BANK_CONFLICT",128.000000
"12__512_2_32768_16",40,16,"SQ_LDS_UNALIGNED_STALL",1920.000000
"12__512_4",40,16,"SQ_LDS_BANK_CONFLICT",896.000000
"12__512_4",40,16,"SQ_LDS_UNALIGNED_STALL",0.00000000e+00
"12__512_4_16384_2",40,16,"SQ_LDS_BANK_CONFLICT",896.000000
"12__512_4_16384_2",40,16,"SQ_LDS_UNALIGNED_STALL",0.00000000e+00
"12__512_4_16384_4",40,16,"SQ_LDS_BANK_CONFLICT",896.000000
"12__512_4_16384_4",40,16,"SQ_LDS_UNALIGNED_STALL",0.00000000e+00
"12__512_4_16384_8",40,16,"SQ_LDS_BANK_CONFLICT",896.000000
"12__512_4_16384_8",40,16,"SQ_LDS_UNALIGNED_STALL",0.00000000e+00
"12__512_4_16384_16",40,16,"SQ_LDS_BANK_CONFLICT",896.000000
"12__512_4_16384_16",40,16,"SQ_LDS_UNALIGNED_STALL",0.00000000e+00
"12__512_8",40,16,"SQ_LDS_BANK_CONFLICT",1024.000000
"12__512_8",40,16,"SQ_LDS_UNALIGNED_STALL",0.00000000e+00
"12__512_8_8192_2",40,16,"SQ_LDS_BANK_CONFLICT",1024.000000
"12__512_8_8192_2",40,16,"SQ_LDS_UNALIGNED_STALL",0.00000000e+00
"12__512_8_8192_4",40,16,"SQ_LDS_BANK_CONFLICT",1024.000000
"12__512_8_8192_4",40,16,"SQ_LDS_UNALIGNED_STALL",0.00000000e+00
"12__512_8_8192_8",40,16,"SQ_LDS_BANK_CONFLICT",1024.000000
"12__512_8_8192_8",40,16,"SQ_LDS_UNALIGNED_STALL",0.00000000e+00
"12__512_8_8192_16",40,16,"SQ_LDS_BANK_CONFLICT",1024.000000
"12__512_8_8192_16",40,16,"SQ_LDS_UNALIGNED_STALL",0.00000000e+00
"12__512_16",40,16,"SQ_LDS_BANK_CONFLICT",1280.000000
"12__512_16",40,16,"SQ_LDS_UNALIGNED_STALL",0.00000000e+00
"12__512_16_4096_2",40,16,"SQ_LDS_BANK_CONFLICT",832.000000
"12__512_16_4096_2",40,16,"SQ_LDS_UNALIGNED_STALL",992.000000
"12__512_16_4096_4",40,16,"SQ_LDS_BANK_CONFLICT",1024.000000
"12__512_16_4096_4",40,16,"SQ_LDS_UNALIGNED_STALL",0.00000000e+00
"12__512_16_4096_8",40,16,"SQ_LDS_BANK_CONFLICT",1024.000000
"12__512_16_4096_8",40,16,"SQ_LDS_UNALIGNED_STALL",0.00000000e+00
"12__512_16_4096_16",40,16,"SQ_LDS_BANK_CONFLICT",1280.000000
"12__512_16_4096_16",40,16,"SQ_LDS_UNALIGNED_STALL",0.00000000e+00
"13__64_2",40,16,"SQ_LDS_BANK_CONFLICT",384.000000
"13__64_2",40,16,"SQ_LDS_UNALIGNED_STALL",1920.000000
"13__64_2_4096_2",40,16,"SQ_LDS_BANK_CONFLICT",384.000000
"13__64_2_4096_2",40,16,"SQ_LDS_UNALIGNED_STALL",1952.000000
"13__64_2_4096_4",40,16,"SQ_LDS_BANK_CONFLICT",128.000000
"13__64_2_4096_4",40,16,"SQ_LDS_UNALIGNED_STALL",1920.000000
"13__64_2_4096_8",40,16,"SQ_LDS_BANK_CONFLICT",128.000000
"13__64_2_4096_8",40,16,"SQ_LDS_UNALIGNED_STALL",1920.000000
"13__64_2_4096_16",40,16,"SQ_LDS_BANK_CONFLICT",384.000000
"13__64_2_4096_16",40,16,"SQ_LDS_UNALIGNED_STALL",1920.000000
"13__64_4",40,16,"SQ_LDS_BANK_CONFLICT",896.000000
"13__64_4",40,16,"SQ_LDS_UNALIGNED_STALL",0.00000000e+00
"13__64_4_2048_2",40,16,"SQ_LDS_BANK_CONFLICT",384.000000
"13__64_4_2048_2",40,16,"SQ_LDS_UNALIGNED_STALL",992.000000
"13__64_4_2048_4",40,16,"SQ_LDS_BANK_CONFLICT",128.000000
"13__64_4_2048_4",40,16,"SQ_LDS_UNALIGNED_STALL",0.00000000e+00
"13__64_4_2048_8",40,16,"SQ_LDS_BANK_CONFLICT",128.000000
"13__64_4_2048_8",40,16,"SQ_LDS_UNALIGNED_STALL",0.00000000e+00
"13__64_4_2048_16",40,16,"SQ_LDS_BANK_CONFLICT",384.000000
"13__64_4_2048_16",40,16,"SQ_LDS_UNALIGNED_STALL",0.00000000e+00
"13__64_8",40,16,"SQ_LDS_BANK_CONFLICT",2048.000000
"13__64_8",40,16,"SQ_LDS_UNALIGNED_STALL",0.00000000e+00
"13__64_8_1024_2",40,16,"SQ_LDS_BANK_CONFLICT",448.000000
"13__64_8_1024_2",40,16,"SQ_LDS_UNALIGNED_STALL",992.000000
"13__64_8_1024_4",40,16,"SQ_LDS_BANK_CONFLICT",256.000000
"13__64_8_1024_4",40,16,"SQ_LDS_UNALIGNED_STALL",0.00000000e+00
"13__64_8_1024_8",40,16,"SQ_LDS_BANK_CONFLICT",256.000000
"13__64_8_1024_8",40,16,"SQ_LDS_UNALIGNED_STALL",0.00000000e+00
"13__64_8_1024_16",40,16,"SQ_LDS_BANK_CONFLICT",512.000000
"13__64_8_1024_16",40,16,"SQ_LDS_UNALIGNED_STALL",0.00000000e+00
"13__64_16",40,16,"SQ_LDS_BANK_CONFLICT",2304.000000
"13__64_16",40,16,"SQ_LDS_UNALIGNED_STALL",0.00000000e+00
"13__64_16_512_2",36,16,"SQ_LDS_BANK_CONFLICT",128.000000
"13__64_16_512_2",36,16,"SQ_LDS_UNALIGNED_STALL",1976.000000
"13__64_16_512_4",36,16,"SQ_LDS_BANK_CONFLICT",72.000000
"13__64_16_512_4",36,16,"SQ_LDS_UNALIGNED_STALL",0.00000000e+00
"13__64_16_512_8",36,16,"SQ_LDS_BANK_CONFLICT",144.000000
"13__64_16_512_8",36,16,"SQ_LDS_UNALIGNED_STALL",0.00000000e+00
"13__64_16_512_16",36,16,"SQ_LDS_BANK_CONFLICT",488.000000
"13__64_16_512_16",36,16,"SQ_LDS_UNALIGNED_STALL",0.00000000e+00
"13__128_2",40,16,"SQ_LDS_BANK_CONFLICT",128.000000
"13__128_2",40,16,"SQ_LDS_UNALIGNED_STALL",1920.000000
"13__128_2_8192_2",40,16,"SQ_LDS_BANK_CONFLICT",128.000000
"13__128_2_8192_2",40,16,"SQ_LDS_UNALIGNED_STALL",1920.000000
"13__128_2_8192_4",40,16,"SQ_LDS_BANK_CONFLICT",128.000000
"13__128_2_8192_4",40,16,"SQ_LDS_UNALIGNED_STALL",1920.000000
"13__128_2_8192_8",40,16,"SQ_LDS_BANK_CONFLICT",128.000000
"13__128_2_8192_8",40,16,"SQ_LDS_UNALIGNED_STALL",1920.000000
"13__128_2_8192_16",40,16,"SQ_LDS_BANK_CONFLICT",128.000000
"13__128_2_8192_16",40,16,"SQ_LDS_UNALIGNED_STALL",1920.000000
"13__128_4",40,16,"SQ_LDS_BANK_CONFLICT",512.000000
"13__128_4",40,16,"SQ_LDS_UNALIGNED_STALL",0.00000000e+00
"13__128_4_4096_2",36,16,"SQ_LDS_BANK_CONFLICT",448.000000
"13__128_4_4096_2",36,16,"SQ_LDS_UNALIGNED_STALL",992.000000
"13__128_4_4096_4",40,16,"SQ_LDS_BANK_CONFLICT",256.000000
"13__128_4_4096_4",40,16,"SQ_LDS_UNALIGNED_STALL",0.00000000e+00
"13__128_4_4096_8",40,16,"SQ_LDS_BANK_CONFLICT",256.000000
"13__128_4_4096_8",40,16,"SQ_LDS_UNALIGNED_STALL",0.00000000e+00
"13__128_4_4096_16",40,16,"SQ_LDS_BANK_CONFLICT",512.000000
"13__128_4_4096_16",40,16,"SQ_LDS_UNALIGNED_STALL",0.00000000e+00
"13__128_8",40,16,"SQ_LDS_BANK_CONFLICT",1024.000000
"13__128_8",40,16,"SQ_LDS_UNALIGNED_STALL",0.00000000e+00
"13__128_8_2048_2",36,16,"SQ_LDS_BANK_CONFLICT",448.000000
"13__128_8_2048_2",36,16,"SQ_LDS_UNALIGNED_STALL",984.000000
"13__128_8_2048_4",40,16,"SQ_LDS_BANK_CONFLICT",256.000000
"13__128_8_2048_4",40,16,"SQ_LDS_UNALIGNED_STALL",0.00000000e+00
"13__128_8_2048_8",40,16,"SQ_LDS_BANK_CONFLICT",256.000000
"13__128_8_2048_8",40,16,"SQ_LDS_UNALIGNED_STALL",0.00000000e+00
"13__128_8_2048_16",40,16,"SQ_LDS_BANK_CONFLICT",512.000000
"13__128_8_2048_16",40,16,"SQ_LDS_UNALIGNED_STALL",0.00000000e+00
"13__128_16",40,16,"SQ_LDS_BANK_CONFLICT",2304.000000
"13__128_16",40,16,"SQ_LDS_UNALIGNED_STALL",0.00000000e+00
"13__128_16_1024_2",36,16,"SQ_LDS_BANK_CONFLICT",576.000000
"13__128_16_1024_2",36,16,"SQ_LDS_UNALIGNED_STALL",988.000000
"13__128_16_1024_4",40,16,"SQ_LDS_BANK_CONFLICT",512.000000
"13__128_16_1024_4",40,16,"SQ_LDS_UNALIGNED_STALL",0.00000000e+00
"13__128_16_1024_8",40,16,"SQ_LDS_BANK_CONFLICT",512.000000
"13__128_16_1024_8",40,16,"SQ_LDS_UNALIGNED_STALL",0.00000000e+00
"13__128_16_1024_16",40,16,"SQ_LDS_BANK_CONFLICT",768.000000
"13__128_16_1024_16",40,16,"SQ_LDS_UNALIGNED_STALL",0.00000000e+00
"13__512_2",40,16,"SQ_LDS_BANK_CONFLICT",128.000000
"13__512_2",40,16,"SQ_LDS_UNALIGNED_STALL",1920.000000
"13__512_2_32768_2",40,16,"SQ_LDS_BANK_CONFLICT",128.000000
"13__512_2_32768_2",40,16,"SQ_LDS_UNALIGNED_STALL",1920.000000
"13__512_2_32768_4",40,16,"SQ_LDS_BANK_CONFLICT",128.000000
"13__512_2_32768_4",40,16,"SQ_LDS_UNALIGNED_STALL",1920.000000
"13__512_2_32768_8",40,16,"SQ_LDS_BANK_CONFLICT",128.000000
"13__512_2_32768_8",40,16,"SQ_LDS_UNALIGNED_STALL",1920.000000
"13__512_2_32768_16",40,16,"SQ_LDS_BANK_CONFLICT",128.000000
"13__512_2_32768_16",40,16,"SQ_LDS_UNALIGNED_STALL",1920.000000
"13__512_4",40,16,"SQ_LDS_BANK_CONFLICT",896.000000
"13__512_4",40,16,"SQ_LDS_UNALIGNED_STALL",0.00000000e+00
"13__512_4_16384_2",40,16,"SQ_LDS_BANK_CONFLICT",896.000000
"13__512_4_16384_2",40,16,"SQ_LDS_UNALIGNED_STALL",0.00000000e+00
"13__512_4_16384_4",40,16,"SQ_LDS_BANK_CONFLICT",896.000000
"13__512_4_16384_4",40,16,"SQ_LDS_UNALIGNED_STALL",0.00000000e+00
"13__512_4_16384_8",40,16,"SQ_LDS_BANK_CONFLICT",896.000000
"13__512_4_16384_8",40,16,"SQ_LDS_UNALIGNED_STALL",0.00000000e+00
"13__512_4_16384_16",40,16,"SQ_LDS_BANK_CONFLICT",896.000000
"13__512_4_16384_16",40,16,"SQ_LDS_UNALIGNED_STALL",0.00000000e+00
"13__512_8",40,16,"SQ_LDS_BANK_CONFLICT",1024.000000
"13__512_8",40,16,"SQ_LDS_UNALIGNED_STALL",0.00000000e+00
"13__512_8_8192_2",40,16,"SQ_LDS_BANK_CONFLICT",1024.000000
"13__512_8_8192_2",40,16,"SQ_LDS_UNALIGNED_STALL",0.00000000e+00
"13__512_8_8192_4",40,16,"SQ_LDS_BANK_CONFLICT",1024.000000
"13__512_8_8192_4",40,16,"SQ_LDS_UNALIGNED_STALL",0.00000000e+00
"13__512_8_8192_8",40,16,"SQ_LDS_BANK_CONFLICT",1024.000000
"13__512_8_8192_8",40,16,"SQ_LDS_UNALIGNED_STALL",0.00000000e+00
"13__512_8_8192_16",40,16,"SQ_LDS_BANK_CONFLICT",1024.000000
"13__512_8_8192_16",40,16,"SQ_LDS_UNALIGNED_STALL",0.00000000e+00
"13__512_16",40,16,"SQ_LDS_BANK_CONFLICT",1280.000000
"13__512_16",40,16,"SQ_LDS_UNALIGNED_STALL",0.00000000e+00
"13__512_16_4096_2",36,16,"SQ_LDS_BANK_CONFLICT",832.000000
"13__512_16_4096_2",36,16,"SQ_LDS_UNALIGNED_STALL",992.000000
"13__512_16_4096_4",40,16,"SQ_LDS_BANK_CONFLICT",1024.000000
"13__512_16_4096_4",40,16,"SQ_LDS_UNALIGNED_STALL",0.00000000e+00
"13__512_16_4096_8",40,16,"SQ_LDS_BANK_CONFLICT",1024.000000
"13__512_16_4096_8",40,16,"SQ_LDS_UNALIGNED_STALL",0.00000000e+00
"13__512_16_4096_16",40,16,"SQ_LDS_BANK_CONFLICT",1280.000000
"13__512_16_4096_16",40,16,"SQ_LDS_UNALIGNED_STALL",0.00000000e+00
"14__64_2",40,16,"SQ_LDS_BANK_CONFLICT",192.000000
"14__64_2",40,16,"SQ_LDS_UNALIGNED_STALL",2880.000000
"14__64_2_4096_2",40,16,"SQ_LDS_BANK_CONFLICT",0.00000000e+00
"14__64_2_4096_2",40,16,"SQ_LDS_UNALIGNED_STALL",3872.000000
"14__64_2_4096_4",40,16,"SQ_LDS_BANK_CONFLICT",64.000000
"14__64_2_4096_4",40,16,"SQ_LDS_UNALIGNED_STALL",2880.000000
"14__64_2_4096_8",40,16,"SQ_LDS_BANK_CONFLICT",64.000000
"14__64_2_4096_8",40,16,"SQ_LDS_UNALIGNED_STALL",2880.000000
"14__64_2_4096_16",40,16,"SQ_LDS_BANK_CONFLICT",192.000000
"14__64_2_4096_16",40,16,"SQ_LDS_UNALIGNED_STALL",2880.000000
"14__64_4",40,16,"SQ_LDS_BANK_CONFLICT",896.000000
"14__64_4",40,16,"SQ_LDS_UNALIGNED_STALL",0.00000000e+00
"14__64_4_2048_2",40,16,"SQ_LDS_BANK_CONFLICT",0.00000000e+00
"14__64_4_2048_2",40,16,"SQ_LDS_UNALIGNED_STALL",2912.000000
"14__64_4_2048_4",40,16,"SQ_LDS_BANK_CONFLICT",128.000000
"14__64_4_2048_4",40,16,"SQ_LDS_UNALIGNED_STALL",0.00000000e+00
"14__64_4_2048_8",40,16,"SQ_LDS_BANK_CONFLICT",128.000000
"14__64_4_2048_8",40,16,"SQ_LDS_UNALIGNED_STALL",0.00000000e+00
"14__64_4_2048_16",40,16,"SQ_LDS_BANK_CONFLICT",384.000000
"14__64_4_2048_16",40,16,"SQ_LDS_UNALIGNED_STALL",0.00000000e+00
"14__64_8",40,16,"SQ_LDS_BANK_CONFLICT",2048.000000
"14__64_8",40,16,"SQ_LDS_UNALIGNED_STALL",0.00000000e+00
"14__64_8_1024_2",36,16,"SQ_LDS_BANK_CONFLICT",16.000000
"14__64_8_1024_2",36,16,"SQ_LDS_UNALIGNED_STALL",3648.000000
"14__64_8_1024_4",36,16,"SQ_LDS_BANK_CONFLICT",160.000000
"14__64_8_1024_4",36,16,"SQ_LDS_UNALIGNED_STALL",0.00000000e+00
"14__64_8_1024_8",36,16,"SQ_LDS_BANK_CONFLICT",208.000000
"14__64_8_1024_8",36,16,"SQ_LDS_UNALIGNED_STALL",0.00000000e+00
"14__64_8_1024_16",36,16,"SQ_LDS_BANK_CONFLICT",464.000000
"14__64_8_1024_16",36,16,"SQ_LDS_UNALIGNED_STALL",0.00000000e+00
"14__64_16",40,16,"SQ_LDS_BANK_CONFLICT",2304.000000
"14__64_16",40,16,"SQ_LDS_UNALIGNED_STALL",0.00000000e+00
"14__64_16_512_2",36,16,"SQ_LDS_BANK_CONFLICT",0.00000000e+00
"14__64_16_512_2",36,16,"SQ_LDS_UNALIGNED_STALL",3888.000000
"14__64_16_512_4",36,16,"SQ_LDS_BANK_CONFLICT",32.000000
"14__64_16_512_4",36,16,"SQ_LDS_UNALIGNED_STALL",0.00000000e+00
"14__64_16_512_8",36,16,"SQ_LDS_BANK_CONFLICT",208.000000
"14__64_16_512_8",36,16,"SQ_LDS_UNALIGNED_STALL",0.00000000e+00
"14__64_16_512_16",36,16,"SQ_LDS_BANK_CONFLICT",624.000000
"14__64_16_512_16",36,16,"SQ_LDS_UNALIGNED_STALL",0.00000000e+00
"14__128_2",40,16,"SQ_LDS_BANK_CONFLICT",64.000000
"14__128_2",40,16,"SQ_LDS_UNALIGNED_STALL",2880.000000
"14__128_2_8192_2",40,16,"SQ_LDS_BANK_CONFLICT",64.000000
"14__128_2_8192_2",40,16,"SQ_LDS_UNALIGNED_STALL",2880.000000
"14__128_2_8192_4",40,16,"SQ_LDS_BANK_CONFLICT",64.000000
"14__128_2_8192_4",40,16,"SQ_LDS_UNALIGNED_STALL",2880.000000
"14__128_2_8192_8",40,16,"SQ_LDS_BANK_CONFLICT",64.000000
"14__128_2_8192_8",40,16,"SQ_LDS_UNALIGNED_STALL",2880.000000
"14__128_2_8192_16",40,16,"SQ_LDS_BANK_CONFLICT",64.000000
"14__128_2_8192_16",40,16,"SQ_LDS_UNALIGNED_STALL",2880.000000
"14__128_4",40,16,"SQ_LDS_BANK_CONFLICT",512.000000
"14__128_4",40,16,"SQ_LDS_UNALIGNED_STALL",0.00000000e+00
"14__128_4_4096_2",40,16,"SQ_LDS_BANK_CONFLICT",64.000000
"14__128_4_4096_2",40,16,"SQ_LDS_UNALIGNED_STALL",2912.000000
"14__128_4_4096_4",40,16,"SQ_LDS_BANK_CONFLICT",256.000000
"14__128_4_4096_4",40,16,"SQ_LDS_UNALIGNED_STALL",0.00000000e+00
"14__128_4_4096_8",40,16,"SQ_LDS_BANK_CONFLICT",256.000000
"14__128_4_4096_8",40,16,"SQ_LDS_UNALIGNED_STALL",0.00000000e+00
"14__128_4_4096_16",40,16,"SQ_LDS_BANK_CONFLICT",512.000000
"14__128_4_4096_16",40,16,"SQ_LDS_UNALIGNED_STALL",0.00000000e+00
"14__128_8",40,16,"SQ_LDS_BANK_CONFLICT",1024.000000
"14__128_8",40,16,"SQ_LDS_UNALIGNED_STALL",0.00000000e+00
"14__128_8_2048_2",36,16,"SQ_LDS_BANK_CONFLICT",64.000000
"14__128_8_2048_2",36,16,"SQ_LDS_UNALIGNED_STALL",2904.000000
"14__128_8_2048_4",40,16,"SQ_LDS_BANK_CONFLICT",256.000000
"14__128_8_2048_4",40,16,"SQ_LDS_UNALIGNED_STALL",0.00000000e+00
"14__128_8_2048_8",40,16,"SQ_LDS_BANK_CONFLICT",256.000000
"14__128_8_2048_8",40,16,"SQ_LDS_UNALIGNED_STALL",0.00000000e+00
"14__128_8_2048_16",40,16,"SQ_LDS_BANK_CONFLICT",512.000000
"14__128_8_2048_16",40,16,"SQ_LDS_UNALIGNED_STALL",0.00000000e+00
"14__128_16",40,16,"SQ_LDS_BANK_CONFLICT",2304.000000
"14__128_16",40,16,"SQ_LDS_UNALIGNED_STALL",0.00000000e+00
"14__128_16_1024_2",36,16,"SQ_LDS_BANK_CONFLICT",48.000000
"14__128_16_1024_2",36,16,"SQ_LDS_UNALIGNED_STALL",3648.000000
"14__128_16_1024_4",36,16,"SQ_LDS_BANK_CONFLICT",272.000000
"14__128_16_1024_4",36,16,"SQ_LDS_UNALIGNED_STALL",0.00000000e+00
"14__128_16_1024_8",36,16,"SQ_LDS_BANK_CONFLICT",272.000000
"14__128_16_1024_8",36,16,"SQ_LDS_UNALIGNED_STALL",0.00000000e+00
"14__128_16_1024_16",36,16,"SQ_LDS_BANK_CONFLICT",624.000000
"14__128_16_1024_16",36,16,"SQ_LDS_UNALIGNED_STALL",0.00000000e+00
"14__512_2",40,16,"SQ_LDS_BANK_CONFLICT",0.00000000e+00
"14__512_2",40,16,"SQ_LDS_UNALIGNED_STALL",3840.000000
"14__512_2_32768_2",40,16,"SQ_LDS_BANK_CONFLICT",0.00000000e+00
"14__512_2_32768_2",40,16,"SQ_LDS_UNALIGNED_STALL",3840.000000
"14__512_2_32768_4",40,16,"SQ_LDS_BANK_CONFLICT",0.00000000e+00
"14__512_2_32768_4",40,16,"SQ_LDS_UNALIGNED_STALL",3840.000000
"14__512_2_32768_8",40,16,"SQ_LDS_BANK_CONFLICT",0.00000000e+00
"14__512_2_32768_8",40,16,"SQ_LDS_UNALIGNED_STALL",3840.000000
"14__512_2_32768_16",40,16,"SQ_LDS_BANK_CONFLICT",0.00000000e+00
"14__512_2_32768_16",40,16,"SQ_LDS_UNALIGNED_STALL",3840.000000
"14__512_4",40,16,"SQ_LDS_BANK_CONFLICT",896.000000
"14__512_4",40,16,"SQ_LDS_UNALIGNED_STALL",0.00000000e+00
"14__512_4_16384_2",40,16,"SQ_LDS_BANK_CONFLICT",896.000000
"14__512_4_16384_2",40,16,"SQ_LDS_UNALIGNED_STALL",0.00000000e+00
"14__512_4_16384_4",40,16,"SQ_LDS_BANK_CONFLICT",896.000000
"14__512_4_16384_4",40,16,"SQ_LDS_UNALIGNED_STALL",0.00000000e+00
"14__512_4_16384_8",40,16,"SQ_LDS_BANK_CONFLICT",896.000000
"14__512_4_16384_8",40,16,"SQ_LDS_UNALIGNED_STALL",0.00000000e+00
"14__512_4_16384_16",40,16,"SQ_LDS_BANK_CONFLICT",896.000000
"14__512_4_16384_16",40,16,"SQ_LDS_UNALIGNED_STALL",0.00000000e+00
"14__512_8",40,16,"SQ_LDS_BANK_CONFLICT",1024.000000
"14__512_8",40,16,"SQ_LDS_UNALIGNED_STALL",0.00000000e+00
"14__512_8_8192_2",40,16,"SQ_LDS_BANK_CONFLICT",1024.000000
"14__512_8_8192_2",40,16,"SQ_LDS_UNALIGNED_STALL",0.00000000e+00
"14__512_8_8192_4",40,16,"SQ_LDS_BANK_CONFLICT",1024.000000
"14__512_8_8192_4",40,16,"SQ_LDS_UNALIGNED_STALL",0.00000000e+00
"14__512_8_8192_8",40,16,"SQ_LDS_BANK_CONFLICT",1024.000000
"14__512_8_8192_8",40,16,"SQ_LDS_UNALIGNED_STALL",0.00000000e+00
"14__512_8_8192_16",40,16,"SQ_LDS_BANK_CONFLICT",1024.000000
"14__512_8_8192_16",40,16,"SQ_LDS_UNALIGNED_STALL",0.00000000e+00
"14__512_16",40,16,"SQ_LDS_BANK_CONFLICT",1280.000000
"14__512_16",40,16,"SQ_LDS_UNALIGNED_STALL",0.00000000e+00
"14__512_16_4096_2",40,16,"SQ_LDS_BANK_CONFLICT",448.000000
"14__512_16_4096_2",40,16,"SQ_LDS_UNALIGNED_STALL",2912.000000
"14__512_16_4096_4",40,16,"SQ_LDS_BANK_CONFLICT",1024.000000
"14__512_16_4096_4",40,16,"SQ_LDS_UNALIGNED_STALL",0.00000000e+00
"14__512_16_4096_8",40,16,"SQ_LDS_BANK_CONFLICT",1024.000000
"14__512_16_4096_8",40,16,"SQ_LDS_UNALIGNED_STALL",0.00000000e+00
"14__512_16_4096_16",40,16,"SQ_LDS_BANK_CONFLICT",1280.000000
"14__512_16_4096_16",40,16,"SQ_LDS_UNALIGNED_STALL",0.00000000e+00
"15__64_2",40,16,"SQ_LDS_BANK_CONFLICT",192.000000
"15__64_2",40,16,"SQ_LDS_UNALIGNED_STALL",2880.000000
"15__64_2_4096_2",40,16,"SQ_LDS_BANK_CONFLICT",0.00000000e+00
"15__64_2_4096_2",40,16,"SQ_LDS_UNALIGNED_STALL",3872.000000
"15__64_2_4096_4",40,16,"SQ_LDS_BANK_CONFLICT",64.000000
"15__64_2_4096_4",40,16,"SQ_LDS_UNALIGNED_STALL",2880.000000
"15__64_2_4096_8",40,16,"SQ_LDS_BANK_CONFLICT",64.000000
"15__64_2_4096_8",40,16,"SQ_LDS_UNALIGNED_STALL",2880.000000
"15__64_2_4096_16",40,16,"SQ_LDS_BANK_CONFLICT",192.000000
"15__64_2_4096_16",40,16,"SQ_LDS_UNALIGNED_STALL",2880.000000
"15__64_4",40,16,"SQ_LDS_BANK_CONFLICT",896.000000
"15__64_4",40,16,"SQ_LDS_UNALIGNED_STALL",0.00000000e+00
"15__64_4_2048_2",40,16,"SQ_LDS_BANK_CONFLICT",0.00000000e+00
"15__64_4_2048_2",40,16,"SQ_LDS_UNALIGNED_STALL",2912.000000
"15__64_4_2048_4",40,16,"SQ_LDS_BANK_CONFLICT",128.000000
"15__64_4_2048_4",40,16,"SQ_LDS_UNALIGNED_STALL",0.00000000e+00
"15__64_4_2048_8",40,16,"SQ_LDS_BANK_CONFLICT",128.000000
"15__64_4_2048_8",40,16,"SQ_LDS_UNALIGNED_STALL",0.00000000e+00
"15__64_4_2048_16",40,16,"SQ_LDS_BANK_CONFLICT",384.000000
"15__64_4_2048_16",40,16,"SQ_LDS_UNALIGNED_STALL",0.00000000e+00
"15__64_8",44,16,"SQ_LDS_BANK_CONFLICT",2048.000000
"15__64_8",44,16,"SQ_LDS_UNALIGNED_STALL",0.00000000e+00
"15__64_8_1024_2",40,16,"SQ_LDS_BANK_CONFLICT",64.000000
"15__64_8_1024_2",40,16,"SQ_LDS_UNALIGNED_STALL",2912.000000
"15__64_8_1024_4",40,16,"SQ_LDS_BANK_CONFLICT",256.000000
"15__64_8_1024_4",40,16,"SQ_LDS_UNALIGNED_STALL",0.00000000e+00
"15__64_8_1024_8",40,16,"SQ_LDS_BANK_CONFLICT",256.000000
"15__64_8_1024_8",40,16,"SQ_LDS_UNALIGNED_STALL",0.00000000e+00
"15__64_8_1024_16",40,16,"SQ_LDS_BANK_CONFLICT",512.000000
"15__64_8_1024_16",40,16,"SQ_LDS_UNALIGNED_STALL",0.00000000e+00
"15__64_16",44,16,"SQ_LDS_BANK_CONFLICT",2304.000000
"15__64_16",44,16,"SQ_LDS_UNALIGNED_STALL",0.00000000e+00
"15__64_16_512_2",40,16,"SQ_LDS_BANK_CONFLICT",0.00000000e+00
"15__64_16_512_2",40,16,"SQ_LDS_UNALIGNED_STALL",3896.000000
"15__64_16_512_4",40,16,"SQ_LDS_BANK_CONFLICT",72.000000
"15__64_16_512_4",40,16,"SQ_LDS_UNALIGNED_STALL",0.00000000e+00
"15__64_16_512_8",40,16,"SQ_LDS_BANK_CONFLICT",144.000000
"15__64_16_512_8",40,16,"SQ_LDS_UNALIGNED_STALL",0.00000000e+00
"15__64_16_512_16",40,16,"SQ_LDS_BANK_CONFLICT",488.000000
"15__64_16_512_16",40,16,"SQ_LDS_UNALIGNED_STALL",0.00000000e+00
"15__128_2",40,16,"SQ_LDS_BANK_CONFLICT",64.000000
"15__128_2",40,16,"SQ_LDS_UNALIGNED_STALL",2880.000000
"15__128_2_8192_2",40,16,"SQ_LDS_BANK_CONFLICT",64.000000
"15__128_2_8192_2",40,16,"SQ_LDS_UNALIGNED_STALL",2880.000000
"15__128_2_8192_4",40,16,"SQ_LDS_BANK_CONFLICT",64.000000
"15__128_2_8192_4",40,16,"SQ_LDS_UNALIGNED_STALL",2880.000000
"15__128_2_8192_8",40,16,"SQ_LDS_BANK_CONFLICT",64.000000
"15__128_2_8192_8",40,16,"SQ_LDS_UNALIGNED_STALL",2880.000000
"15__128_2_8192_16",40,16,"SQ_LDS_BANK_CONFLICT",64.000000
"15__128_2_8192_16",40,16,"SQ_LDS_UNALIGNED_STALL",2880.000000
"15__128_4",40,16,"SQ_LDS_BANK_CONFLICT",512.000000
"15__128_4",40,16,"SQ_LDS_UNALIGNED_STALL",0.00000000e+00
"15__128_4_4096_2",40,16,"SQ_LDS_BANK_CONFLICT",64.000000
"15__128_4_4096_2",40,16,"SQ_LDS_UNALIGNED_STALL",2912.000000
"15__128_4_4096_4",40,16,"SQ_LDS_BANK_CONFLICT",256.000000
"15__128_4_4096_4",40,16,"SQ_LDS_UNALIGNED_STALL",0.00000000e+00
"15__128_4_4096_8",40,16,"SQ_LDS_BANK_CONFLICT",256.000000
"15__128_4_4096_8",40,16,"SQ_LDS_UNALIGNED_STALL",0.00000000e+00
"15__128_4_4096_16",40,16,"SQ_LDS_BANK_CONFLICT",512.000000
"15__128_4_4096_16",40,16,"SQ_LDS_UNALIGNED_STALL",0.00000000e+00
"15__128_8",40,16,"SQ_LDS_BANK_CONFLICT",1024.000000
"15__128_8",40,16,"SQ_LDS_UNALIGNED_STALL",0.00000000e+00
"15__128_8_2048_2",40,16,"SQ_LDS_BANK_CONFLICT",64.000000
"15__128_8_2048_2",40,16,"SQ_LDS_UNALIGNED_STALL",2904.000000
"15__128_8_2048_4",40,16,"SQ_LDS_BANK_CONFLICT",256.000000
"15__128_8_2048_4",40,16,"SQ_LDS_UNALIGNED_STALL",0.00000000e+00
"15__128_8_2048_8",40,16,"SQ_LDS_BANK_CONFLICT",256.000000
"15__128_8_2048_8",40,16,"SQ_LDS_UNALIGNED_STALL",0.00000000e+00
"15__128_8_2048_16",40,16,"SQ_LDS_BANK_CONFLICT",512.000000
"15__128_8_2048_16",40,16,"SQ_LDS_UNALIGNED_STALL",0.00000000e+00
"15__128_16",40,16,"SQ_LDS_BANK_CONFLICT",2304.000000
"15__128_16",40,16,"SQ_LDS_UNALIGNED_STALL",0.00000000e+00
"15__128_16_1024_2",40,16,"SQ_LDS_BANK_CONFLICT",192.000000
"15__128_16_1024_2",40,16,"SQ_LDS_UNALIGNED_STALL",2908.000000
"15__128_16_1024_4",40,16,"SQ_LDS_BANK_CONFLICT",512.000000
"15__128_16_1024_4",40,16,"SQ_LDS_UNALIGNED_STALL",0.00000000e+00
"15__128_16_1024_8",40,16,"SQ_LDS_BANK_CONFLICT",512.000000
"15__128_16_1024_8",40,16,"SQ_LDS_UNALIGNED_STALL",0.00000000e+00
"15__128_16_1024_16",40,16,"SQ_LDS_BANK_CONFLICT",768.000000
"15__128_16_1024_16",40,16,"SQ_LDS_UNALIGNED_STALL",0.00000000e+00
"15__512_2",40,16,"SQ_LDS_BANK_CONFLICT",0.00000000e+00
"15__512_2",40,16,"SQ_LDS_UNALIGNED_STALL",3840.000000
"15__512_2_32768_2",40,16,"SQ_LDS_BANK_CONFLICT",0.00000000e+00
"15__512_2_32768_2",40,16,"SQ_LDS_UNALIGNED_STALL",3840.000000
"15__512_2_32768_4",40,16,"SQ_LDS_BANK_CONFLICT",0.00000000e+00
"15__512_2_32768_4",40,16,"SQ_LDS_UNALIGNED_STALL",3840.000000
"15__512_2_32768_8",40,16,"SQ_LDS_BANK_CONFLICT",0.00000000e+00
"15__512_2_32768_8",40,16,"SQ_LDS_UNALIGNED_STALL",3840.000000
"15__512_2_32768_16",40,16,"SQ_LDS_BANK_CONFLICT",0.00000000e+00
"15__512_2_32768_16",40,16,"SQ_LDS_UNALIGNED_STALL",3840.000000
"15__512_4",40,16,"SQ_LDS_BANK_CONFLICT",896.000000
"15__512_4",40,16,"SQ_LDS_UNALIGNED_STALL",0.00000000e+00
"15__512_4_16384_2",40,16,"SQ_LDS_BANK_CONFLICT",896.000000
"15__512_4_16384_2",40,16,"SQ_LDS_UNALIGNED_STALL",0.00000000e+00
"15__512_4_16384_4",40,16,"SQ_LDS_BANK_CONFLICT",896.000000
"15__512_4_16384_4",40,16,"SQ_LDS_UNALIGNED_STALL",0.00000000e+00
"15__512_4_16384_8",40,16,"SQ_LDS_BANK_CONFLICT",896.000000
"15__512_4_16384_8",40,16,"SQ_LDS_UNALIGNED_STALL",0.00000000e+00
"15__512_4_16384_16",40,16,"SQ_LDS_BANK_CONFLICT",896.000000
"15__512_4_16384_16",40,16,"SQ_LDS_UNALIGNED_STALL",0.00000000e+00
"15__512_8",40,16,"SQ_LDS_BANK_CONFLICT",1024.000000
"15__512_8",40,16,"SQ_LDS_UNALIGNED_STALL",0.00000000e+00
"15__512_8_8192_2",40,16,"SQ_LDS_BANK_CONFLICT",1024.000000
"15__512_8_8192_2",40,16,"SQ_LDS_UNALIGNED_STALL",0.00000000e+00
"15__512_8_8192_4",40,16,"SQ_LDS_BANK_CONFLICT",1024.000000
"15__512_8_8192_4",40,16,"SQ_LDS_UNALIGNED_STALL",0.00000000e+00
"15__512_8_8192_8",40,16,"SQ_LDS_BANK_CONFLICT",1024.000000
"15__512_8_8192_8",40,16,"SQ_LDS_UNALIGNED_STALL",0.00000000e+00
"15__512_8_8192_16",40,16,"SQ_LDS_BANK_CONFLICT",1024.000000
"15__512_8_8192_16",40,16,"SQ_LDS_UNALIGNED_STALL",0.00000000e+00
"15__512_16",40,16,"SQ_LDS_BANK_CONFLICT",1280.000000
"15__512_16",40,16,"SQ_LDS_UNALIGNED_STALL",0.00000000e+00
"15__512_16_4096_2",40,16,"SQ_LDS_BANK_CONFLICT",448.000000
"15__512_16_4096_2",40,16,"SQ_LDS_UNALIGNED_STALL",2912.000000
"15__512_16_4096_4",40,16,"SQ_LDS_BANK_CONFLICT",1024.000000
"15__512_16_4096_4",40,16,"SQ_LDS_UNALIGNED_STALL",0.00000000e+00
"15__512_16_4096_8",40,16,"SQ_LDS_BANK_CONFLICT",1024.000000
"15__512_16_4096_8",40,16,"SQ_LDS_UNALIGNED_STALL",0.00000000e+00
"15__512_16_4096_16",40,16,"SQ_LDS_BANK_CONFLICT",1280.000000
"15__512_16_4096_16",40,16,"SQ_LDS_UNALIGNED_STALL",0.00000000e+00
"16__64_2",40,16,"SQ_LDS_BANK_CONFLICT",32.000000
"16__64_2",40,16,"SQ_LDS_UNALIGNED_STALL",2592.000000
"16__64_2_4096_2",40,16,"SQ_LDS_BANK_CONFLICT",32.000000
"16__64_2_4096_2",40,16,"SQ_LDS_UNALIGNED_STALL",2624.000000
"16__64_2_4096_4",40,16,"SQ_LDS_BANK_CONFLICT",32.000000
"16__64_2_4096_4",40,16,"SQ_LDS_UNALIGNED_STALL",2592.000000
"16__64_2_4096_8",40,16,"SQ_LDS_BANK_CONFLICT",32.000000
"16__64_2_4096_8",40,16,"SQ_LDS_UNALIGNED_STALL",2592.000000
"16__64_2_4096_16",40,16,"SQ_LDS_BANK_CONFLICT",32.000000
"16__64_2_4096_16",40,16,"SQ_LDS_UNALIGNED_STALL",2592.000000
"16__64_4",40,16,"SQ_LDS_BANK_CONFLICT",192.000000
"16__64_4",40,16,"SQ_LDS_UNALIGNED_STALL",448.000000
"16__64_4_2048_2",40,16,"SQ_LDS_BANK_CONFLICT",0.00000000e+00
"16__64_4_2048_2",40,16,"SQ_LDS_UNALIGNED_STALL",1888.000000
"16__64_4_2048_4",40,16,"SQ_LDS_BANK_CONFLICT",0.00000000e+00
"16__64_4_2048_4",40,16,"SQ_LDS_UNALIGNED_STALL",896.000000
"16__64_4_2048_8",40,16,"SQ_LDS_BANK_CONFLICT",64.000000
"16__64_4_2048_8",40,16,"SQ_LDS_UNALIGNED_STALL",448.000000
"16__64_4_2048_16",40,16,"SQ_LDS_BANK_CONFLICT",64.000000
"16__64_4_2048_16",40,16,"SQ_LDS_UNALIGNED_STALL",448.000000
"16__64_8",40,16,"SQ_LDS_BANK_CONFLICT",1024.000000
"16__64_8",40,16,"SQ_LDS_UNALIGNED_STALL",0.00000000e+00
"16__64_8_1024_2",36,16,"SQ_LDS_BANK_CONFLICT",16.000000
"16__64_8_1024_2",36,16,"SQ_LDS_UNALIGNED_STALL",2624.000000
"16__64_8_1024_4",36,16,"SQ_LDS_BANK_CONFLICT",32.000000
"16__64_8_1024_4",36,16,"SQ_LDS_UNALIGNED_STALL",896.000000
"16__64_8_1024_8",36,16,"SQ_LDS_BANK_CONFLICT",208.000000
"16__64_8_1024_8",36,16,"SQ_LDS_UNALIGNED_STALL",0.00000000e+00
"16__64_8_1024_16",36,16,"SQ_LDS_BANK_CONFLICT",208.000000
"16__64_8_1024_16",36,16,"SQ_LDS_UNALIGNED_STALL",0.00000000e+00
"16__64_16",40,16,"SQ_LDS_BANK_CONFLICT",1280.000000
"16__64_16",40,16,"SQ_LDS_UNALIGNED_STALL",0.00000000e+00
"16__64_16_512_2",36,16,"SQ_LDS_BANK_CONFLICT",0.00000000e+00
"16__64_16_512_2",36,16,"SQ_LDS_UNALIGNED_STALL",2864.000000
"16__64_16_512_4",36,16,"SQ_LDS_BANK_CONFLICT",32.000000
"16__64_16_512_4",36,16,"SQ_LDS_UNALIGNED_STALL",896.000000
"16__64_16_512_8",36,16,"SQ_LDS_BANK_CONFLICT",80.000000
"16__64_16_512_8",36,16,"SQ_LDS_UNALIGNED_STALL",0.00000000e+00
"16__64_16_512_16",36,16,"SQ_LDS_BANK_CONFLICT",368.000000
"16__64_16_512_16",36,16,"SQ_LDS_UNALIGNED_STALL",0.00000000e+00
"16__128_2",40,16,"SQ_LDS_BANK_CONFLICT",0.00000000e+00
"16__128_2",40,16,"SQ_LDS_UNALIGNED_STALL",2592.000000
"16__128_2_8192_2",40,16,"SQ_LDS_BANK_CONFLICT",0.00000000e+00
"16__128_2_8192_2",40,16,"SQ_LDS_UNALIGNED_STALL",2592.000000
"16__128_2_8192_4",40,16,"SQ_LDS_BANK_CONFLICT",0.00000000e+00
"16__128_2_8192_4",40,16,"SQ_LDS_UNALIGNED_STALL",2592.000000
"16__128_2_8192_8",40,16,"SQ_LDS_BANK_CONFLICT",0.00000000e+00
"16__128_2_8192_8",40,16,"SQ_LDS_UNALIGNED_STALL",2592.000000
"16__128_2_8192_16",40,16,"SQ_LDS_BANK_CONFLICT",0.00000000e+00
"16__128_2_8192_16",40,16,"SQ_LDS_UNALIGNED_STALL",2592.000000
"16__128_4",40,16,"SQ_LDS_BANK_CONFLICT",192.000000
"16__128_4",40,16,"SQ_LDS_UNALIGNED_STALL",448.000000
"16__128_4_4096_2",40,16,"SQ_LDS_BANK_CONFLICT",96.000000
"16__128_4_4096_2",40,16,"SQ_LDS_UNALIGNED_STALL",1664.000000
"16__128_4_4096_4",40,16,"SQ_LDS_BANK_CONFLICT",192.000000
"16__128_4_4096_4",40,16,"SQ_LDS_UNALIGNED_STALL",448.000000
"16__128_4_4096_8",40,16,"SQ_LDS_BANK_CONFLICT",192.000000
"16__128_4_4096_8",40,16,"SQ_LDS_UNALIGNED_STALL",448.000000
"16__128_4_4096_16",40,16,"SQ_LDS_BANK_CONFLICT",192.000000
"16__128_4_4096_16",40,16,"SQ_LDS_UNALIGNED_STALL",448.000000
"16__128_8",40,16,"SQ_LDS_BANK_CONFLICT",512.000000
"16__128_8",40,16,"SQ_LDS_UNALIGNED_STALL",0.00000000e+00
"16__128_8_2048_2",36,16,"SQ_LDS_BANK_CONFLICT",64.000000
"16__128_8_2048_2",36,16,"SQ_LDS_UNALIGNED_STALL",1880.000000
"16__128_8_2048_4",40,16,"SQ_LDS_BANK_CONFLICT",128.000000
"16__128_8_2048_4",40,16,"SQ_LDS_UNALIGNED_STALL",896.000000
"16__128_8_2048_8",40,16,"SQ_LDS_BANK_CONFLICT",256.000000
"16__128_8_2048_8",40,16,"SQ_LDS_UNALIGNED_STALL",0.00000000e+00
"16__128_8_2048_16",40,16,"SQ_LDS_BANK_CONFLICT",256.000000
"16__128_8_2048_16",40,16,"SQ_LDS_UNALIGNED_STALL",0.00000000e+00
"16__128_16",40,16,"SQ_LDS_BANK_CONFLICT",1280.000000
"16__128_16",40,16,"SQ_LDS_UNALIGNED_STALL",0.00000000e+00
"16__128_16_1024_2",36,16,"SQ_LDS_BANK_CONFLICT",48.000000
"16__128_16_1024_2",36,16,"SQ_LDS_UNALIGNED_STALL",2624.000000
"16__128_16_1024_4",36,16,"SQ_LDS_BANK_CONFLICT",144.000000
"16__128_16_1024_4",36,16,"SQ_LDS_UNALIGNED_STALL",896.000000
"16__128_16_1024_8",36,16,"SQ_LDS_BANK_CONFLICT",272.000000
"16__128_16_1024_8",36,16,"SQ_LDS_UNALIGNED_STALL",0.00000000e+00
"16__128_16_1024_16",36,16,"SQ_LDS_BANK_CONFLICT",368.000000
"16__128_16_1024_16",36,16,"SQ_LDS_UNALIGNED_STALL",0.00000000e+00
"16__512_2",40,16,"SQ_LDS_BANK_CONFLICT",0.00000000e+00
"16__512_2",40,16,"SQ_LDS_UNALIGNED_STALL",2816.000000
"16__512_2_32768_2",40,16,"SQ_LDS_BANK_CONFLICT",0.00000000e+00
"16__512_2_32768_2",40,16,"SQ_LDS_UNALIGNED_STALL",2816.000000
"16__512_2_32768_4",40,16,"SQ_LDS_BANK_CONFLICT",0.00000000e+00
"16__512_2_32768_4",40,16,"SQ_LDS_UNALIGNED_STALL",2816.000000
"16__512_2_32768_8",40,16,"SQ_LDS_BANK_CONFLICT",0.00000000e+00
"16__512_2_32768_8",40,16,"SQ_LDS_UNALIGNED_STALL",2816.000000
"16__512_2_32768_16",40,16,"SQ_LDS_BANK_CONFLICT",0.00000000e+00
"16__512_2_32768_16",40,16,"SQ_LDS_UNALIGNED_STALL",2816.000000
"16__512_4",40,16,"SQ_LDS_BANK_CONFLICT",896.000000
"16__512_4",40,16,"SQ_LDS_UNALIGNED_STALL",896.000000
"16__512_4_16384_2",40,16,"SQ_LDS_BANK_CONFLICT",896.000000
"16__512_4_16384_2",40,16,"SQ_LDS_UNALIGNED_STALL",896.000000
"16__512_4_16384_4",40,16,"SQ_LDS_BANK_CONFLICT",896.000000
"16__512_4_16384_4",40,16,"SQ_LDS_UNALIGNED_STALL",896.000000
"16__512_4_16384_8",40,16,"SQ_LDS_BANK_CONFLICT",896.000000
"16__512_4_16384_8",40,16,"SQ_LDS_UNALIGNED_STALL",896.000000
"16__512_4_16384_16",40,16,"SQ_LDS_BANK_CONFLICT",896.000000
"16__512_4_16384_16",40,16,"SQ_LDS_UNALIGNED_STALL",896.000000
"16__512_8",40,16,"SQ_LDS_BANK_CONFLICT",896.000000
"16__512_8",40,16,"SQ_LDS_UNALIGNED_STALL",0.00000000e+00
"16__512_8_8192_2",40,16,"SQ_LDS_BANK_CONFLICT",896.000000
"16__512_8_8192_2",40,16,"SQ_LDS_UNALIGNED_STALL",0.00000000e+00
"16__512_8_8192_4",40,16,"SQ_LDS_BANK_CONFLICT",896.000000
"16__512_8_8192_4",40,16,"SQ_LDS_UNALIGNED_STALL",0.00000000e+00
"16__512_8_8192_8",40,16,"SQ_LDS_BANK_CONFLICT",896.000000
"16__512_8_8192_8",40,16,"SQ_LDS_UNALIGNED_STALL",0.00000000e+00
"16__512_8_8192_16",40,16,"SQ_LDS_BANK_CONFLICT",896.000000
"16__512_8_8192_16",40,16,"SQ_LDS_UNALIGNED_STALL",0.00000000e+00
"16__512_16",40,16,"SQ_LDS_BANK_CONFLICT",1024.000000
"16__512_16",40,16,"SQ_LDS_UNALIGNED_STALL",0.00000000e+00
"16__512_16_4096_2",40,16,"SQ_LDS_BANK_CONFLICT",512.000000
"16__512_16_4096_2",40,16,"SQ_LDS_UNALIGNED_STALL",1440.000000
"16__512_16_4096_4",40,16,"SQ_LDS_BANK_CONFLICT",960.000000
"16__512_16_4096_4",40,16,"SQ_LDS_UNALIGNED_STALL",448.000000
"16__512_16_4096_8",40,16,"SQ_LDS_BANK_CONFLICT",1024.000000
"16__512_16_4096_8",40,16,"SQ_LDS_UNALIGNED_STALL",0.00000000e+00
"16__512_16_4096_16",40,16,"SQ_LDS_BANK_CONFLICT",1024.000000
"16__512_16_4096_16",40,16,"SQ_LDS_UNALIGNED_STALL",0.00000000e+00
"17__64_2",40,16,"SQ_LDS_BANK_CONFLICT",32.000000
"17__64_2",40,16,"SQ_LDS_UNALIGNED_STALL",2592.000000
"17__64_2_4096_2",40,16,"SQ_LDS_BANK_CONFLICT",32.000000
"17__64_2_4096_2",40,16,"SQ_LDS_UNALIGNED_STALL",2624.000000
"17__64_2_4096_4",40,16,"SQ_LDS_BANK_CONFLICT",32.000000
"17__64_2_4096_4",40,16,"SQ_LDS_UNALIGNED_STALL",2592.000000
"17__64_2_4096_8",40,16,"SQ_LDS_BANK_CONFLICT",32.000000
"17__64_2_4096_8",40,16,"SQ_LDS_UNALIGNED_STALL",2592.000000
"17__64_2_4096_16",40,16,"SQ_LDS_BANK_CONFLICT",32.000000
"17__64_2_4096_16",40,16,"SQ_LDS_UNALIGNED_STALL",2592.000000
"17__64_4",40,16,"SQ_LDS_BANK_CONFLICT",192.000000
"17__64_4",40,16,"SQ_LDS_UNALIGNED_STALL",448.000000
"17__64_4_2048_2",40,16,"SQ_LDS_BANK_CONFLICT",0.00000000e+00
"17__64_4_2048_2",40,16,"SQ_LDS_UNALIGNED_STALL",1888.000000
"17__64_4_2048_4",40,16,"SQ_LDS_BANK_CONFLICT",0.00000000e+00
"17__64_4_2048_4",40,16,"SQ_LDS_UNALIGNED_STALL",896.000000
"17__64_4_2048_8",40,16,"SQ_LDS_BANK_CONFLICT",64.000000
"17__64_4_2048_8",40,16,"SQ_LDS_UNALIGNED_STALL",448.000000
"17__64_4_2048_16",40,16,"SQ_LDS_BANK_CONFLICT",64.000000
"17__64_4_2048_16",40,16,"SQ_LDS_UNALIGNED_STALL",448.000000
"17__64_8",40,16,"SQ_LDS_BANK_CONFLICT",1024.000000
"17__64_8",40,16,"SQ_LDS_UNALIGNED_STALL",0.00000000e+00
"17__64_8_1024_2",40,16,"SQ_LDS_BANK_CONFLICT",64.000000
"17__64_8_1024_2",40,16,"SQ_LDS_UNALIGNED_STALL",1888.000000
"17__64_8_1024_4",40,16,"SQ_LDS_BANK_CONFLICT",128.000000
"17__64_8_1024_4",40,16,"SQ_LDS_UNALIGNED_STALL",896.000000
"17__64_8_1024_8",40,16,"SQ_LDS_BANK_CONFLICT",256.000000
"17__64_8_1024_8",40,16,"SQ_LDS_UNALIGNED_STALL",0.00000000e+00
"17__64_8_1024_16",40,16,"SQ_LDS_BANK_CONFLICT",256.000000
"17__64_8_1024_16",40,16,"SQ_LDS_UNALIGNED_STALL",0.00000000e+00
"17__64_16",40,16,"SQ_LDS_BANK_CONFLICT",1280.000000
"17__64_16",40,16,"SQ_LDS_UNALIGNED_STALL",0.00000000e+00
"17__64_16_512_2",36,16,"SQ_LDS_BANK_CONFLICT",0.00000000e+00
"17__64_16_512_2",36,16,"SQ_LDS_UNALIGNED_STALL",2872.000000
"17__64_16_512_4",36,16,"SQ_LDS_BANK_CONFLICT",72.000000
"17__64_16_512_4",36,16,"SQ_LDS_UNALIGNED_STALL",896.000000
"17__64_16_512_8",36,16,"SQ_LDS_BANK_CONFLICT",16.000000
"17__64_16_512_8",36,16,"SQ_LDS_UNALIGNED_STALL",0.00000000e+00
"17__64_16_512_16",36,16,"SQ_LDS_BANK_CONFLICT",232.000000
"17__64_16_512_16",36,16,"SQ_LDS_UNALIGNED_STALL",0.00000000e+00
"17__128_2",36,16,"SQ_LDS_BANK_CONFLICT",0.00000000e+00
"17__128_2",36,16,"SQ_LDS_UNALIGNED_STALL",2592.000000
"17__128_2_8192_2",36,16,"SQ_LDS_BANK_CONFLICT",0.00000000e+00
"17__128_2_8192_2",36,16,"SQ_LDS_UNALIGNED_STALL",2592.000000
"17__128_2_8192_4",36,16,"SQ_LDS_BANK_CONFLICT",0.00000000e+00
"17__128_2_8192_4",36,16,"SQ_LDS_UNALIGNED_STALL",2592.000000
"17__128_2_8192_8",36,16,"SQ_LDS_BANK_CONFLICT",0.00000000e+00
"17__128_2_8192_8",36,16,"SQ_LDS_UNALIGNED_STALL",2592.000000
"17__128_2_8192_16",36,16,"SQ_LDS_BANK_CONFLICT",0.00000000e+00
"17__128_2_8192_16",36,16,"SQ_LDS_UNALIGNED_STALL",2592.000000
"17__128_4",36,16,"SQ_LDS_BANK_CONFLICT",192.000000
"17__128_4",36,16,"SQ_LDS_UNALIGNED_STALL",448.000000
"17__128_4_4096_2",36,16,"SQ_LDS_BANK_CONFLICT",96.000000
"17__128_4_4096_2",36,16,"SQ_LDS_UNALIGNED_STALL",1664.000000
"17__128_4_4096_4",36,16,"SQ_LDS_BANK_CONFLICT",192.000000
"17__128_4_4096_4",36,16,"SQ_LDS_UNALIGNED_STALL",448.000000
"17__128_4_4096_8",36,16,"SQ_LDS_BANK_CONFLICT",192.000000
"17__128_4_4096_8",36,16,"SQ_LDS_UNALIGNED_STALL",448.000000
"17__128_4_4096_16",36,16,"SQ_LDS_BANK_CONFLICT",192.000000
"17__128_4_4096_16",36,16,"SQ_LDS_UNALIGNED_STALL",448.000000
"17__128_8",36,16,"SQ_LDS_BANK_CONFLICT",512.000000
"17__128_8",36,16,"SQ_LDS_UNALIGNED_STALL",0.00000000e+00
"17__128_8_2048_2",36,16,"SQ_LDS_BANK_CONFLICT",64.000000
"17__128_8_2048_2",36,16,"SQ_LDS_UNALIGNED_STALL",1880.000000
"17__128_8_2048_4",36,16,"SQ_LDS_BANK_CONFLICT",128.000000
"17__128_8_2048_4",36,16,"SQ_LDS_UNALIGNED_STALL",896.000000
"17__128_8_2048_8",36,16,"SQ_LDS_BANK_CONFLICT",256.000000
"17__128_8_2048_8",36,16,"SQ_LDS_UNALIGNED_STALL",0.00000000e+00
"17__128_8_2048_16",36,16,"SQ_LDS_BANK_CONFLICT",256.000000
"17__128_8_2048_16",36,16,"SQ_LDS_UNALIGNED_STALL",0.00000000e+00
"17__128_16",36,16,"SQ_LDS_BANK_CONFLICT",1280.000000
"17__128_16",36,16,"SQ_LDS_UNALIGNED_STALL",0.00000000e+00
"17__128_16_1024_2",36,16,"SQ_LDS_BANK_CONFLICT",192.000000
"17__128_16_1024_2",36,16,"SQ_LDS_UNALIGNED_STALL",1884.000000
"17__128_16_1024_4",36,16,"SQ_LDS_BANK_CONFLICT",384.000000
"17__128_16_1024_4",36,16,"SQ_LDS_UNALIGNED_STALL",896.000000
"17__128_16_1024_8",36,16,"SQ_LDS_BANK_CONFLICT",512.000000
"17__128_16_1024_8",36,16,"SQ_LDS_UNALIGNED_STALL",0.00000000e+00
"17__128_16_1024_16",36,16,"SQ_LDS_BANK_CONFLICT",512.000000
"17__128_16_1024_16",36,16,"SQ_LDS_UNALIGNED_STALL",0.00000000e+00
"17__512_2",36,16,"SQ_LDS_BANK_CONFLICT",0.00000000e+00
"17__512_2",36,16,"SQ_LDS_UNALIGNED_STALL",2816.000000
"17__512_2_32768_2",36,16,"SQ_LDS_BANK_CONFLICT",0.00000000e+00
"17__512_2_32768_2",36,16,"SQ_LDS_UNALIGNED_STALL",2816.000000
"17__512_2_32768_4",36,16,"SQ_LDS_BANK_CONFLICT",0.00000000e+00
"17__512_2_32768_4",36,16,"SQ_LDS_UNALIGNED_STALL",2816.000000
"17__512_2_32768_8",36,16,"SQ_LDS_BANK_CONFLICT",0.00000000e+00
"17__512_2_32768_8",36,16,"SQ_LDS_UNALIGNED_STALL",2816.000000
"17__512_2_32768_16",36,16,"SQ_LDS_BANK_CONFLICT",0.00000000e+00
"17__512_2_32768_16",36,16,"SQ_LDS_UNALIGNED_STALL",2816.000000
"17__512_4",36,16,"SQ_LDS_BANK_CONFLICT",896.000000
"17__512_4",36,16,"SQ_LDS_UNALIGNED_STALL",896.000000
"17__512_4_16384_2",36,16,"SQ_LDS_BANK_CONFLICT",896.000000
"17__512_4_16384_2",36,16,"SQ_LDS_UNALIGNED_STALL",896.000000
"17__512_4_16384_4",36,16,"SQ_LDS_BANK_CONFLICT",896.000000
"17__512_4_16384_4",36,16,"SQ_LDS_UNALIGNED_STALL",896.000000
"17__512_4_16384_8",36,16,"SQ_LDS_BANK_CONFLICT",896.000000
"17__512_4_16384_8",36,16,"SQ_LDS_UNALIGNED_STALL",896.000000
"17__512_4_16384_16",36,16,"SQ_LDS_BANK_CONFLICT",896.000000
"17__512_4_16384_16",36,16,"SQ_LDS_UNALIGNED_STALL",896.000000
"17__512_8",36,16,"SQ_LDS_BANK_CONFLICT",896.000000
"17__512_8",36,16,"SQ_LDS_UNALIGNED_STALL",0.00000000e+00
"17__512_8_8192_2",36,16,"SQ_LDS_BANK_CONFLICT",896.000000
"17__512_8_8192_2",36,16,"SQ_LDS_UNALIGNED_STALL",0.00000000e+00
"17__512_8_8192_4",36,16,"SQ_LDS_BANK_CONFLICT",896.000000
"17__512_8_8192_4",36,16,"SQ_LDS_UNALIGNED_STALL",0.00000000e+00
"17__512_8_8192_8",36,16,"SQ_LDS_BANK_CONFLICT",896.000000
"17__512_8_8192_8",36,16,"SQ_LDS_UNALIGNED_STALL",0.00000000e+00
"17__512_8_8192_16",36,16,"SQ_LDS_BANK_CONFLICT",896.000000
"17__512_8_8192_16",36,16,"SQ_LDS_UNALIGNED_STALL",0.00000000e+00
"17__512_16",36,16,"SQ_LDS_BANK_CONFLICT",1024.000000
"17__512_16",36,16,"SQ_LDS_UNALIGNED_STALL",0.00000000e+00
"17__512_16_4096_2",36,16,"SQ_LDS_BANK_CONFLICT",512.000000
"17__512_16_4096_2",36,16,"SQ_LDS_UNALIGNED_STALL",1440.000000
"17__512_16_4096_4",36,16,"SQ_LDS_BANK_CONFLICT",960.000000
"17__512_16_4096_4",36,16,"SQ_LDS_UNALIGNED_STALL",448.000000
"17__512_16_4096_8",36,16,"SQ_LDS_BANK_CONFLICT",1024.000000
"17__512_16_4096_8",36,16,"SQ_LDS_UNALIGNED_STALL",0.00000000e+00
"17__512_16_4096_16",36,16,"SQ_LDS_BANK_CONFLICT",1024.000000
"17__512_16_4096_16",36,16,"SQ_LDS_UNALIGNED_STALL",0.00000000e+00
"18__64_2",40,16,"SQ_LDS_BANK_CONFLICT",1792.000000
"18__64_2",40,16,"SQ_LDS_UNALIGNED_STALL",3840.000000
"18__64_2_4096_2",40,16,"SQ_LDS_BANK_CONFLICT",256.000000
"18__64_2_4096_2",40,16,"SQ_LDS_UNALIGNED_STALL",3904.000000
"18__64_2_4096_4",40,16,"SQ_LDS_BANK_CONFLICT",256.000000
"18__64_2_4096_4",40,16,"SQ_LDS_UNALIGNED_STALL",3840.000000
"18__64_2_4096_8",40,16,"SQ_LDS_BANK_CONFLICT",768.000000
"18__64_2_4096_8",40,16,"SQ_LDS_UNALIGNED_STALL",3840.000000
"18__64_2_4096_16",40,16,"SQ_LDS_BANK_CONFLICT",1792.000000
"18__64_2_4096_16",40,16,"SQ_LDS_UNALIGNED_STALL",3840.000000
"18__64_4",40,16,"SQ_LDS_BANK_CONFLICT",3840.000000
"18__64_4",40,16,"SQ_LDS_UNALIGNED_STALL",0.00000000e+00
"18__64_4_2048_2",40,16,"SQ_LDS_BANK_CONFLICT",256.000000
"18__64_4_2048_2",40,16,"SQ_LDS_UNALIGNED_STALL",1984.000000
"18__64_4_2048_4",40,16,"SQ_LDS_BANK_CONFLICT",256.000000
"18__64_4_2048_4",40,16,"SQ_LDS_UNALIGNED_STALL",0.00000000e+00
"18__64_4_2048_8",40,16,"SQ_LDS_BANK_CONFLICT",768.000000
"18__64_4_2048_8",40,16,"SQ_LDS_UNALIGNED_STALL",0.00000000e+00
"18__64_4_2048_16",40,16,"SQ_LDS_BANK_CONFLICT",1792.000000
"18__64_4_2048_16",40,16,"SQ_LDS_UNALIGNED_STALL",0.00000000e+00
"18__64_8",40,16,"SQ_LDS_BANK_CONFLICT",8192.000000
"18__64_8",40,16,"SQ_LDS_UNALIGNED_STALL",0.00000000e+00
"18__64_8_1024_2",48,16,"SQ_LDS_BANK_CONFLICT",272.000000
"18__64_8_1024_2",48,16,"SQ_LDS_UNALIGNED_STALL",3712.000000
"18__64_8_1024_4",48,16,"SQ_LDS_BANK_CONFLICT",288.000000
"18__64_8_1024_4",48,16,"SQ_LDS_UNALIGNED_STALL",0.00000000e+00
"18__64_8_1024_8",48,16,"SQ_LDS_BANK_CONFLICT",912.000000
"18__64_8_1024_8",48,16,"SQ_LDS_UNALIGNED_STALL",0.00000000e+00
"18__64_8_1024_16",48,16,"SQ_LDS_BANK_CONFLICT",1936.000000
"18__64_8_1024_16",48,16,"SQ_LDS_UNALIGNED_STALL",0.00000000e+00
"18__64_16",40,16,"SQ_LDS_BANK_CONFLICT",8704.000000
"18__64_16",40,16,"SQ_LDS_UNALIGNED_STALL",0.00000000e+00
"18__64_16_512_2",48,16,"SQ_LDS_BANK_CONFLICT",0.00000000e+00
"18__64_16_512_2",48,16,"SQ_LDS_UNALIGNED_STALL",3952.000000
"18__64_16_512_4",48,16,"SQ_LDS_BANK_CONFLICT",288.000000
"18__64_16_512_4",48,16,"SQ_LDS_UNALIGNED_STALL",0.00000000e+00
"18__64_16_512_8",48,16,"SQ_LDS_BANK_CONFLICT",912.000000
"18__64_16_512_8",48,16,"SQ_LDS_UNALIGNED_STALL",0.00000000e+00
"18__64_16_512_16",48,16,"SQ_LDS_BANK_CONFLICT",2224.000000
"18__64_16_512_16",48,16,"SQ_LDS_UNALIGNED_STALL",0.00000000e+00
"18__128_2",40,16,"SQ_LDS_BANK_CONFLICT",768.000000
"18__128_2",40,16,"SQ_LDS_UNALIGNED_STALL",3840.000000
"18__128_2_8192_2",40,16,"SQ_LDS_BANK_CONFLICT",256.000000
"18__128_2_8192_2",40,16,"SQ_LDS_UNALIGNED_STALL",3904.000000
"18__128_2_8192_4",40,16,"SQ_LDS_BANK_CONFLICT",256.000000
"18__128_2_8192_4",40,16,"SQ_LDS_UNALIGNED_STALL",3840.000000
"18__128_2_8192_8",40,16,"SQ_LDS_BANK_CONFLICT",768.000000
"18__128_2_8192_8",40,16,"SQ_LDS_UNALIGNED_STALL",3840.000000
"18__128_2_8192_16",40,16,"SQ_LDS_BANK_CONFLICT",768.000000
"18__128_2_8192_16",40,16,"SQ_LDS_UNALIGNED_STALL",3840.000000
"18__128_4",40,16,"SQ_LDS_BANK_CONFLICT",2048.000000
"18__128_4",40,16,"SQ_LDS_UNALIGNED_STALL",0.00000000e+00
"18__128_4_4096_2",40,16,"SQ_LDS_BANK_CONFLICT",384.000000
"18__128_4_4096_2",40,16,"SQ_LDS_UNALIGNED_STALL",1984.000000
"18__128_4_4096_4",40,16,"SQ_LDS_BANK_CONFLICT",512.000000
"18__128_4_4096_4",40,16,"SQ_LDS_UNALIGNED_STALL",0.00000000e+00
"18__128_4_4096_8",40,16,"SQ_LDS_BANK_CONFLICT",1024.000000
"18__128_4_4096_8",40,16,"SQ_LDS_UNALIGNED_STALL",0.00000000e+00
"18__128_4_4096_16",40,16,"SQ_LDS_BANK_CONFLICT",2048.000000
"18__128_4_4096_16",40,16,"SQ_LDS_UNALIGNED_STALL",0.00000000e+00
"18__128_8",40,16,"SQ_LDS_BANK_CONFLICT",4096.000000
"18__128_8",40,16,"SQ_LDS_UNALIGNED_STALL",0.00000000e+00
"18__128_8_2048_2",40,16,"SQ_LDS_BANK_CONFLICT",384.000000
"18__128_8_2048_2",40,16,"SQ_LDS_UNALIGNED_STALL",1976.000000
"18__128_8_2048_4",40,16,"SQ_LDS_BANK_CONFLICT",512.000000
"18__128_8_2048_4",40,16,"SQ_LDS_UNALIGNED_STALL",0.00000000e+00
"18__128_8_2048_8",40,16,"SQ_LDS_BANK_CONFLICT",1024.000000
"18__128_8_2048_8",40,16,"SQ_LDS_UNALIGNED_STALL",0.00000000e+00
"18__128_8_2048_16",40,16,"SQ_LDS_BANK_CONFLICT",2048.000000
"18__128_8_2048_16",40,16,"SQ_LDS_UNALIGNED_STALL",0.00000000e+00
"18__128_16",40,16,"SQ_LDS_BANK_CONFLICT",8704.000000
"18__128_16",40,16,"SQ_LDS_UNALIGNED_STALL",0.00000000e+00
"18__128_16_1024_2",48,16,"SQ_LDS_BANK_CONFLICT",304.000000
"18__128_16_1024_2",48,16,"SQ_LDS_UNALIGNED_STALL",3712.000000
"18__128_16_1024_4",48,16,"SQ_LDS_BANK_CONFLICT",464.000000
"18__128_16_1024_4",48,16,"SQ_LDS_UNALIGNED_STALL",0.00000000e+00
"18__128_16_1024_8",48,16,"SQ_LDS_BANK_CONFLICT",976.000000
"18__128_16_1024_8",48,16,"SQ_LDS_UNALIGNED_STALL",0.00000000e+00
"18__128_16_1024_16",48,16,"SQ_LDS_BANK_CONFLICT",2224.000000
"18__128_16_1024_16",48,16,"SQ_LDS_UNALIGNED_STALL",0.00000000e+00
"18__512_2",40,16,"SQ_LDS_BANK_CONFLICT",0.00000000e+00
"18__512_2",40,16,"SQ_LDS_UNALIGNED_STALL",3840.000000
"18__512_2_32768_2",40,16,"SQ_LDS_BANK_CONFLICT",0.00000000e+00
"18__512_2_32768_2",40,16,"SQ_LDS_UNALIGNED_STALL",3840.000000
"18__512_2_32768_4",40,16,"SQ_LDS_BANK_CONFLICT",0.00000000e+00
"18__512_2_32768_4",40,16,"SQ_LDS_UNALIGNED_STALL",3840.000000
"18__512_2_32768_8",40,16,"SQ_LDS_BANK_CONFLICT",0.00000000e+00
"18__512_2_32768_8",40,16,"SQ_LDS_UNALIGNED_STALL",3840.000000
"18__512_2_32768_16",40,16,"SQ_LDS_BANK_CONFLICT",0.00000000e+00
"18__512_2_32768_16",40,16,"SQ_LDS_UNALIGNED_STALL",3840.000000
"18__512_4",40,16,"SQ_LDS_BANK_CONFLICT",2048.000000
"18__512_4",40,16,"SQ_LDS_UNALIGNED_STALL",0.00000000e+00
"18__512_4_16384_2",40,16,"SQ_LDS_BANK_CONFLICT",2048.000000
"18__512_4_16384_2",40,16,"SQ_LDS_UNALIGNED_STALL",0.00000000e+00
"18__512_4_16384_4",40,16,"SQ_LDS_BANK_CONFLICT",2048.000000
"18__512_4_16384_4",40,16,"SQ_LDS_UNALIGNED_STALL",0.00000000e+00
"18__512_4_16384_8",40,16,"SQ_LDS_BANK_CONFLICT",2048.000000
"18__512_4_16384_8",40,16,"SQ_LDS_UNALIGNED_STALL",0.00000000e+00
"18__512_4_16384_16",40,16,"SQ_LDS_BANK_CONFLICT",2048.000000
"18__512_4_16384_16",40,16,"SQ_LDS_UNALIGNED_STALL",0.00000000e+00
"18__512_8",40,16,"SQ_LDS_BANK_CONFLICT",2560.000000
"18__512_8",40,16,"SQ_LDS_UNALIGNED_STALL",0.00000000e+00
"18__512_8_8192_2",40,16,"SQ_LDS_BANK_CONFLICT",1152.000000
"18__512_8_8192_2",40,16,"SQ_LDS_UNALIGNED_STALL",1984.000000
"18__512_8_8192_4",40,16,"SQ_LDS_BANK_CONFLICT",2048.000000
"18__512_8_8192_4",40,16,"SQ_LDS_UNALIGNED_STALL",0.00000000e+00
"18__512_8_8192_8",40,16,"SQ_LDS_BANK_CONFLICT",2560.000000
"18__512_8_8192_8",40,16,"SQ_LDS_UNALIGNED_STALL",0.00000000e+00
"18__512_8_8192_16",40,16,"SQ_LDS_BANK_CONFLICT",2560.000000
"18__512_8_8192_16",40,16,"SQ_LDS_UNALIGNED_STALL",0.00000000e+00
"18__512_16",40,16,"SQ_LDS_BANK_CONFLICT",3584.000000
"18__512_16",40,16,"SQ_LDS_UNALIGNED_STALL",0.00000000e+00
"18__512_16_4096_2",40,16,"SQ_LDS_BANK_CONFLICT",1152.000000
"18__512_16_4096_2",40,16,"SQ_LDS_UNALIGNED_STALL",1984.000000
"18__512_16_4096_4",40,16,"SQ_LDS_BANK_CONFLICT",2048.000000
"18__512_16_4096_4",40,16,"SQ_LDS_UNALIGNED_STALL",0.00000000e+00
"18__512_16_4096_8",40,16,"SQ_LDS_BANK_CONFLICT",2560.000000
"18__512_16_4096_8",40,16,"SQ_LDS_UNALIGNED_STALL",0.00000000e+00
"18__512_16_4096_16",40,16,"SQ_LDS_BANK_CONFLICT",3584.000000
"18__512_16_4096_16",40,16,"SQ_LDS_UNALIGNED_STALL",0.00000000e+00
"19__64_2",40,16,"SQ_LDS_BANK_CONFLICT",1792.000000
"19__64_2",40,16,"SQ_LDS_UNALIGNED_STALL",3840.000000
"19__64_2_4096_2",40,16,"SQ_LDS_BANK_CONFLICT",256.000000
"19__64_2_4096_2",40,16,"SQ_LDS_UNALIGNED_STALL",3904.000000
"19__64_2_4096_4",40,16,"SQ_LDS_BANK_CONFLICT",256.000000
"19__64_2_4096_4",40,16,"SQ_LDS_UNALIGNED_STALL",3840.000000
"19__64_2_4096_8",40,16,"SQ_LDS_BANK_CONFLICT",768.000000
"19__64_2_4096_8",40,16,"SQ_LDS_UNALIGNED_STALL",3840.000000
"19__64_2_4096_16",40,16,"SQ_LDS_BANK_CONFLICT",1792.000000
"19__64_2_4096_16",40,16,"SQ_LDS_UNALIGNED_STALL",3840.000000
"19__64_4",40,16,"SQ_LDS_BANK_CONFLICT",3840.000000
"19__64_4",40,16,"SQ_LDS_UNALIGNED_STALL",0.00000000e+00
"19__64_4_2048_2",40,16,"SQ_LDS_BANK_CONFLICT",256.000000
"19__64_4_2048_2",40,16,"SQ_LDS_UNALIGNED_STALL",1984.000000
"19__64_4_2048_4",40,16,"SQ_LDS_BANK_CONFLICT",256.000000
"19__64_4_2048_4",40,16,"SQ_LDS_UNALIGNED_STALL",0.00000000e+00
"19__64_4_2048_8",40,16,"SQ_LDS_BANK_CONFLICT",768.000000
"19__64_4_2048_8",40,16,"SQ_LDS_UNALIGNED_STALL",0.00000000e+00
"19__64_4_2048_16",40,16,"SQ_LDS_BANK_CONFLICT",1792.000000
"19__64_4_2048_16",40,16,"SQ_LDS_UNALIGNED_STALL",0.00000000e+00
"19__64_8",40,16,"SQ_LDS_BANK_CONFLICT",8192.000000
"19__64_8",40,16,"SQ_LDS_UNALIGNED_STALL",0.00000000e+00
"19__64_8_1024_2",40,16,"SQ_LDS_BANK_CONFLICT",384.000000
"19__64_8_1024_2",40,16,"SQ_LDS_UNALIGNED_STALL",1984.000000
"19__64_8_1024_4",40,16,"SQ_LDS_BANK_CONFLICT",512.000000
"19__64_8_1024_4",40,16,"SQ_LDS_UNALIGNED_STALL",0.00000000e+00
"19__64_8_1024_8",40,16,"SQ_LDS_BANK_CONFLICT",1024.000000
"19__64_8_1024_8",40,16,"SQ_LDS_UNALIGNED_STALL",0.00000000e+00
"19__64_8_1024_16",40,16,"SQ_LDS_BANK_CONFLICT",2048.000000
"19__64_8_1024_16",40,16,"SQ_LDS_UNALIGNED_STALL",0.00000000e+00
"19__64_16",40,16,"SQ_LDS_BANK_CONFLICT",8704.000000
"19__64_16",40,16,"SQ_LDS_UNALIGNED_STALL",0.00000000e+00
"19__64_16_512_2",44,16,"SQ_LDS_BANK_CONFLICT",0.00000000e+00
"19__64_16_512_2",44,16,"SQ_LDS_UNALIGNED_STALL",3960.000000
"19__64_16_512_4",44,16,"SQ_LDS_BANK_CONFLICT",392.000000
"19__64_16_512_4",44,16,"SQ_LDS_UNALIGNED_STALL",0.00000000e+00
"19__64_16_512_8",44,16,"SQ_LDS_BANK_CONFLICT",784.000000
"19__64_16_512_8",44,16,"SQ_LDS_UNALIGNED_STALL",0.00000000e+00
"19__64_16_512_16",44,16,"SQ_LDS_BANK_CONFLICT",1960.000000
"19__64_16_512_16",44,16,"SQ_LDS_UNALIGNED_STALL",0.00000000e+00
"19__128_2",40,16,"SQ_LDS_BANK_CONFLICT",768.000000
"19__128_2",40,16,"SQ_LDS_UNALIGNED_STALL",3840.000000
"19__128_2_8192_2",40,16,"SQ_LDS_BANK_CONFLICT",256.000000
"19__128_2_8192_2",40,16,"SQ_LDS_UNALIGNED_STALL",3904.000000
"19__128_2_8192_4",40,16,"SQ_LDS_BANK_CONFLICT",256.000000
"19__128_2_8192_4",40,16,"SQ_LDS_UNALIGNED_STALL",3840.000000
"19__128_2_8192_8",40,16,"SQ_LDS_BANK_CONFLICT",768.000000
"19__128_2_8192_8",40,16,"SQ_LDS_UNALIGNED_STALL",3840.000000
"19__128_2_8192_16",40,16,"SQ_LDS_BANK_CONFLICT",768.000000
"19__128_2_8192_16",40,16,"SQ_LDS_UNALIGNED_STALL",3840.000000
"19__128_4",40,16,"SQ_LDS_BANK_CONFLICT",2048.000000
"19__128_4",40,16,"SQ_LDS_UNALIGNED_STALL",0.00000000e+00
"19__128_4_4096_2",40,16,"SQ_LDS_BANK_CONFLICT",384.000000
"19__128_4_4096_2",40,16,"SQ_LDS_UNALIGNED_STALL",1984.000000
"19__128_4_4096_4",40,16,"SQ_LDS_BANK_CONFLICT",512.000000
"19__128_4_4096_4",40,16,"SQ_LDS_UNALIGNED_STALL",0.00000000e+00
"19__128_4_4096_8",40,16,"SQ_LDS_BANK_CONFLICT",1024.000000
"19__128_4_4096_8",40,16,"SQ_LDS_UNALIGNED_STALL",0.00000000e+00
"19__128_4_4096_16",40,16,"SQ_LDS_BANK_CONFLICT",2048.000000
"19__128_4_4096_16",40,16,"SQ_LDS_UNALIGNED_STALL",0.00000000e+00
"19__128_8",40,16,"SQ_LDS_BANK_CONFLICT",4096.000000
"19__128_8",40,16,"SQ_LDS_UNALIGNED_STALL",0.00000000e+00
"19__128_8_2048_2",40,16,"SQ_LDS_BANK_CONFLICT",384.000000
"19__128_8_2048_2",40,16,"SQ_LDS_UNALIGNED_STALL",1976.000000
"19__128_8_2048_4",40,16,"SQ_LDS_BANK_CONFLICT",512.000000
"19__128_8_2048_4",40,16,"SQ_LDS_UNALIGNED_STALL",0.00000000e+00
"19__128_8_2048_8",40,16,"SQ_LDS_BANK_CONFLICT",1024.000000
"19__128_8_2048_8",40,16,"SQ_LDS_UNALIGNED_STALL",0.00000000e+00
"19__128_8_2048_16",40,16,"SQ_LDS_BANK_CONFLICT",2048.000000
"19__128_8_2048_16",40,16,"SQ_LDS_UNALIGNED_STALL",0.00000000e+00
"19__128_16",40,16,"SQ_LDS_BANK_CONFLICT",8704.000000
"19__128_16",40,16,"SQ_LDS_UNALIGNED_STALL",0.00000000e+00
"19__128_16_1024_2",40,16,"SQ_LDS_BANK_CONFLICT",640.000000
"19__128_16_1024_2",40,16,"SQ_LDS_UNALIGNED_STALL",1980.000000
"19__128_16_1024_4",40,16,"SQ_LDS_BANK_CONFLICT",1024.000000
"19__128_16_1024_4",40,16,"SQ_LDS_UNALIGNED_STALL",0.00000000e+00
"19__128_16_1024_8",40,16,"SQ_LDS_BANK_CONFLICT",1536.000000
"19__128_16_1024_8",40,16,"SQ_LDS_UNALIGNED_STALL",0.00000000e+00
"19__128_16_1024_16",40,16,"SQ_LDS_BANK_CONFLICT",2560.000000
"19__128_16_1024_16",40,16,"SQ_LDS_UNALIGNED_STALL",0.00000000e+00
"19__512_2",40,16,"SQ_LDS_BANK_CONFLICT",0.00000000e+00
"19__512_2",40,16,"SQ_LDS_UNALIGNED_STALL",3840.000000
"19__512_2_32768_2",40,16,"SQ_LDS_BANK_CONFLICT",0.00000000e+00
"19__512_2_32768_2",40,16,"SQ_LDS_UNALIGNED_STALL",3840.000000
"19__512_2_32768_4",40,16,"SQ_LDS_BANK_CONFLICT",0.00000000e+00
"19__512_2_32768_4",40,16,"SQ_LDS_UNALIGNED_STALL",3840.000000
"19__512_2_32768_8",40,16,"SQ_LDS_BANK_CONFLICT",0.00000000e+00
"19__512_2_32768_8",40,16,"SQ_LDS_UNALIGNED_STALL",3840.000000
"19__512_2_32768_16",40,16,"SQ_LDS_BANK_CONFLICT",0.00000000e+00
"19__512_2_32768_16",40,16,"SQ_LDS_UNALIGNED_STALL",3840.000000
"19__512_4",40,16,"SQ_LDS_BANK_CONFLICT",2048.000000
"19__512_4",40,16,"SQ_LDS_UNALIGNED_STALL",0.00000000e+00
"19__512_4_16384_2",40,16,"SQ_LDS_BANK_CONFLICT",2048.000000
"19__512_4_16384_2",40,16,"SQ_LDS_UNALIGNED_STALL",0.00000000e+00
"19__512_4_16384_4",40,16,"SQ_LDS_BANK_CONFLICT",2048.000000
"19__512_4_16384_4",40,16,"SQ_LDS_UNALIGNED_STALL",0.00000000e+00
"19__512_4_16384_8",40,16,"SQ_LDS_BANK_CONFLICT",2048.000000
"19__512_4_16384_8",40,16,"SQ_LDS_UNALIGNED_STALL",0.00000000e+00
"19__512_4_16384_16",40,16,"SQ_LDS_BANK_CONFLICT",2048.000000
"19__512_4_16384_16",40,16,"SQ_LDS_UNALIGNED_STALL",0.00000000e+00
"19__512_8",40,16,"SQ_LDS_BANK_CONFLICT",2560.000000
"19__512_8",40,16,"SQ_LDS_UNALIGNED_STALL",0.00000000e+00
"19__512_8_8192_2",40,16,"SQ_LDS_BANK_CONFLICT",1152.000000
"19__512_8_8192_2",40,16,"SQ_LDS_UNALIGNED_STALL",1984.000000
"19__512_8_8192_4",40,16,"SQ_LDS_BANK_CONFLICT",2048.000000
"19__512_8_8192_4",40,16,"SQ_LDS_UNALIGNED_STALL",0.00000000e+00
"19__512_8_8192_8",40,16,"SQ_LDS_BANK_CONFLICT",2560.000000
"19__512_8_8192_8",40,16,"SQ_LDS_UNALIGNED_STALL",0.00000000e+00
"19__512_8_8192_16",40,16,"SQ_LDS_BANK_CONFLICT",2560.000000
"19__512_8_8192_16",40,16,"SQ_LDS_UNALIGNED_STALL",0.00000000e+00
"19__512_16",40,16,"SQ_LDS_BANK_CONFLICT",3584.000000
"19__512_16",40,16,"SQ_LDS_UNALIGNED_STALL",0.00000000e+00
"19__512_16_4096_2",40,16,"SQ_LDS_BANK_CONFLICT",1152.000000
"19__512_16_4096_2",40,16,"SQ_LDS_UNALIGNED_STALL",1984.000000
"19__512_16_4096_4",40,16,"SQ_LDS_BANK_CONFLICT",2048.000000
"19__512_16_4096_4",40,16,"SQ_LDS_UNALIGNED_STALL",0.00000000e+00
"19__512_16_4096_8",40,16,"SQ_LDS_BANK_CONFLICT",2560.000000
"19__512_16_4096_8",40,16,"SQ_LDS_UNALIGNED_STALL",0.00000000e+00
"19__512_16_4096_16",40,16,"SQ_LDS_BANK_CONFLICT",3584.000000
"19__512_16_4096_16",40,16,"SQ_LDS_UNALIGNED_STALL",0.00000000e+00
"20__64_2",88,16,"SQ_LDS_BANK_CONFLICT",384.000000
"20__64_2",88,16,"SQ_LDS_UNALIGNED_STALL",5760.000000
"20__64_2_4096_2",88,16,"SQ_LDS_BANK_CONFLICT",0.00000000e+00
"20__64_2_4096_2",88,16,"SQ_LDS_UNALIGNED_STALL",7744.000000
"20__64_2_4096_4",88,16,"SQ_LDS_BANK_CONFLICT",128.000000
"20__64_2_4096_4",88,16,"SQ_LDS_UNALIGNED_STALL",5760.000000
"20__64_2_4096_8",88,16,"SQ_LDS_BANK_CONFLICT",128.000000
"20__64_2_4096_8",88,16,"SQ_LDS_UNALIGNED_STALL",5760.000000
"20__64_2_4096_16",88,16,"SQ_LDS_BANK_CONFLICT",384.000000
"20__64_2_4096_16",88,16,"SQ_LDS_UNALIGNED_STALL",5760.000000
"20__64_4",88,16,"SQ_LDS_BANK_CONFLICT",1792.000000
"20__64_4",88,16,"SQ_LDS_UNALIGNED_STALL",0.00000000e+00
"20__64_4_2048_2",88,16,"SQ_LDS_BANK_CONFLICT",0.00000000e+00
"20__64_4_2048_2",88,16,"SQ_LDS_UNALIGNED_STALL",5824.000000
"20__64_4_2048_4",88,16,"SQ_LDS_BANK_CONFLICT",256.000000
"20__64_4_2048_4",88,16,"SQ_LDS_UNALIGNED_STALL",0.00000000e+00
"20__64_4_2048_8",88,16,"SQ_LDS_BANK_CONFLICT",256.000000
"20__64_4_2048_8",88,16,"SQ_LDS_UNALIGNED_STALL",0.00000000e+00
"20__64_4_2048_16",88,16,"SQ_LDS_BANK_CONFLICT",768.000000
"20__64_4_2048_16",88,16,"SQ_LDS_UNALIGNED_STALL",0.00000000e+00
"20__64_8",88,16,"SQ_LDS_BANK_CONFLICT",4096.000000
"20__64_8",88,16,"SQ_LDS_UNALIGNED_STALL",0.00000000e+00
"20__64_8_1024_2",88,16,"SQ_LDS_BANK_CONFLICT",16.000000
"20__64_8_1024_2",88,16,"SQ_LDS_UNALIGNED_STALL",7552.000000
"20__64_8_1024_4",88,16,"SQ_LDS_BANK_CONFLICT",288.000000
"20__64_8_1024_4",88,16,"SQ_LDS_UNALIGNED_STALL",0.00000000e+00
"20__64_8_1024_8",88,16,"SQ_LDS_BANK_CONFLICT",400.000000
"20__64_8_1024_8",88,16,"SQ_LDS_UNALIGNED_STALL",0.00000000e+00
"20__64_8_1024_16",88,16,"SQ_LDS_BANK_CONFLICT",912.000000
"20__64_8_1024_16",88,16,"SQ_LDS_UNALIGNED_STALL",0.00000000e+00
"20__64_16",88,16,"SQ_LDS_BANK_CONFLICT",4608.000000
"20__64_16",88,16,"SQ_LDS_UNALIGNED_STALL",0.00000000e+00
"20__64_16_512_2",88,16,"SQ_LDS_BANK_CONFLICT",0.00000000e+00
"20__64_16_512_2",88,16,"SQ_LDS_UNALIGNED_STALL",7792.000000
"20__64_16_512_4",88,16,"SQ_LDS_BANK_CONFLICT",32.000000
"20__64_16_512_4",88,16,"SQ_LDS_UNALIGNED_STALL",0.00000000e+00
"20__64_16_512_8",88,16,"SQ_LDS_BANK_CONFLICT",400.000000
"20__64_16_512_8",88,16,"SQ_LDS_UNALIGNED_STALL",0.00000000e+00
"20__64_16_512_16",88,16,"SQ_LDS_BANK_CONFLICT",1200.000000
"20__64_16_512_16",88,16,"SQ_LDS_UNALIGNED_STALL",0.00000000e+00
"20__128_2",88,16,"SQ_LDS_BANK_CONFLICT",128.000000
"20__128_2",88,16,"SQ_LDS_UNALIGNED_STALL",5760.000000
"20__128_2_8192_2",88,16,"SQ_LDS_BANK_CONFLICT",128.000000
"20__128_2_8192_2",88,16,"SQ_LDS_UNALIGNED_STALL",5824.000000
"20__128_2_8192_4",88,16,"SQ_LDS_BANK_CONFLICT",128.000000
"20__128_2_8192_4",88,16,"SQ_LDS_UNALIGNED_STALL",5760.000000
"20__128_2_8192_8",88,16,"SQ_LDS_BANK_CONFLICT",128.000000
"20__128_2_8192_8",88,16,"SQ_LDS_UNALIGNED_STALL",5760.000000
"20__128_2_8192_16",88,16,"SQ_LDS_BANK_CONFLICT",128.000000
"20__128_2_8192_16",88,16,"SQ_LDS_UNALIGNED_STALL",5760.000000
"20__128_4",88,16,"SQ_LDS_BANK_CONFLICT",1024.000000
"20__128_4",88,16,"SQ_LDS_UNALIGNED_STALL",0.00000000e+00
"20__128_4_4096_2",88,16,"SQ_LDS_BANK_CONFLICT",128.000000
"20__128_4_4096_2",88,16,"SQ_LDS_UNALIGNED_STALL",5824.000000
"20__128_4_4096_4",88,16,"SQ_LDS_BANK_CONFLICT",512.000000
"20__128_4_4096_4",88,16,"SQ_LDS_UNALIGNED_STALL",0.00000000e+00
"20__128_4_4096_8",88,16,"SQ_LDS_BANK_CONFLICT",512.000000
"20__128_4_4096_8",88,16,"SQ_LDS_UNALIGNED_STALL",0.00000000e+00
"20__128_4_4096_16",88,16,"SQ_LDS_BANK_CONFLICT",1024.000000
"20__128_4_4096_16",88,16,"SQ_LDS_UNALIGNED_STALL",0.00000000e+00
"20__128_8",88,16,"SQ_LDS_BANK_CONFLICT",2048.000000
"20__128_8",88,16,"SQ_LDS_UNALIGNED_STALL",0.00000000e+00
"20__128_8_2048_2",88,16,"SQ_LDS_BANK_CONFLICT",128.000000
"20__128_8_2048_2",88,16,"SQ_LDS_UNALIGNED_STALL",5816.000000
"20__128_8_2048_4",88,16,"SQ_LDS_BANK_CONFLICT",512.000000
"20__128_8_2048_4",88,16,"SQ_LDS_UNALIGNED_STALL",0.00000000e+00
"20__128_8_2048_8",88,16,"SQ_LDS_BANK_CONFLICT",512.000000
"20__128_8_2048_8",88,16,"SQ_LDS_UNALIGNED_STALL",0.00000000e+00
"20__128_8_2048_16",88,16,"SQ_LDS_BANK_CONFLICT",1024.000000
"20__128_8_2048_16",88,16,"SQ_LDS_UNALIGNED_STALL",0.00000000e+00
"20__128_16",88,16,"SQ_LDS_BANK_CONFLICT",4608.000000
"20__128_16",88,16,"SQ_LDS_UNALIGNED_STALL",0.00000000e+00
"20__128_16_1024_2",88,16,"SQ_LDS_BANK_CONFLICT",48.000000
"20__128_16_1024_2",88,16,"SQ_LDS_UNALIGNED_STALL",7552.000000
"20__128_16_1024_4",88,16,"SQ_LDS_BANK_CONFLICT",464.000000
"20__128_16_1024_4",88,16,"SQ_LDS_UNALIGNED_STALL",0.00000000e+00
"20__128_16_1024_8",88,16,"SQ_LDS_BANK_CONFLICT",464.000000
"20__128_16_1024_8",88,16,"SQ_LDS_UNALIGNED_STALL",0.00000000e+00
"20__128_16_1024_16",88,16,"SQ_LDS_BANK_CONFLICT",1200.000000
"20__128_16_1024_16",88,16,"SQ_LDS_UNALIGNED_STALL",0.00000000e+00
"20__512_2",88,16,"SQ_LDS_BANK_CONFLICT",0.00000000e+00
"20__512_2",88,16,"SQ_LDS_UNALIGNED_STALL",7680.000000
"20__512_2_32768_2",88,16,"SQ_LDS_BANK_CONFLICT",0.00000000e+00
"20__512_2_32768_2",88,16,"SQ_LDS_UNALIGNED_STALL",7680.000000
"20__512_2_32768_4",88,16,"SQ_LDS_BANK_CONFLICT",0.00000000e+00
"20__512_2_32768_4",88,16,"SQ_LDS_UNALIGNED_STALL",7680.000000
"20__512_2_32768_8",88,16,"SQ_LDS_BANK_CONFLICT",0.00000000e+00
"20__512_2_32768_8",88,16,"SQ_LDS_UNALIGNED_STALL",7680.000000
"20__512_2_32768_16",88,16,"SQ_LDS_BANK_CONFLICT",0.00000000e+00
"20__512_2_32768_16",88,16,"SQ_LDS_UNALIGNED_STALL",7680.000000
"20__512_4",88,16,"SQ_LDS_BANK_CONFLICT",1792.000000
"20__512_4",88,16,"SQ_LDS_UNALIGNED_STALL",0.00000000e+00
"20__512_4_16384_2",88,16,"SQ_LDS_BANK_CONFLICT",1792.000000
"20__512_4_16384_2",88,16,"SQ_LDS_UNALIGNED_STALL",0.00000000e+00
"20__512_4_16384_4",88,16,"SQ_LDS_BANK_CONFLICT",1792.000000
"20__512_4_16384_4",88,16,"SQ_LDS_UNALIGNED_STALL",0.00000000e+00
"20__512_4_16384_8",88,16,"SQ_LDS_BANK_CONFLICT",1792.000000
"20__512_4_16384_8",88,16,"SQ_LDS_UNALIGNED_STALL",0.00000000e+00
"20__512_4_16384_16",88,16,"SQ_LDS_BANK_CONFLICT",1792.000000
"20__512_4_16384_16",88,16,"SQ_LDS_UNALIGNED_STALL",0.00000000e+00
"20__512_8",88,16,"SQ_LDS_BANK_CONFLICT",2048.000000
"20__512_8",88,16,"SQ_LDS_UNALIGNED_STALL",0.00000000e+00
"20__512_8_8192_2",88,16,"SQ_LDS_BANK_CONFLICT",1024.000000
"20__512_8_8192_2",88,16,"SQ_LDS_UNALIGNED_STALL",3904.000000
"20__512_8_8192_4",88,16,"SQ_LDS_BANK_CONFLICT",2048.000000
"20__512_8_8192_4",88,16,"SQ_LDS_UNALIGNED_STALL",0.00000000e+00
"20__512_8_8192_8",88,16,"SQ_LDS_BANK_CONFLICT",2048.000000
"20__512_8_8192_8",88,16,"SQ_LDS_UNALIGNED_STALL",0.00000000e+00
"20__512_8_8192_16",88,16,"SQ_LDS_BANK_CONFLICT",2048.000000
"20__512_8_8192_16",88,16,"SQ_LDS_UNALIGNED_STALL",0.00000000e+00
"20__512_16",88,16,"SQ_LDS_BANK_CONFLICT",2560.000000
"20__512_16",88,16,"SQ_LDS_UNALIGNED_STALL",0.00000000e+00
"20__512_16_4096_2",88,16,"SQ_LDS_BANK_CONFLICT",896.000000
"20__512_16_4096_2",88,16,"SQ_LDS_UNALIGNED_STALL",5824.000000
"20__512_16_4096_4",88,16,"SQ_LDS_BANK_CONFLICT",2048.000000
"20__512_16_4096_4",88,16,"SQ_LDS_UNALIGNED_STALL",0.00000000e+00
"20__512_16_4096_8",88,16,"SQ_LDS_BANK_CONFLICT",2048.000000
"20__512_16_4096_8",88,16,"SQ_LDS_UNALIGNED_STALL",0.00000000e+00
"20__512_16_4096_16",88,16,"SQ_LDS_BANK_CONFLICT",2560.000000
"20__512_16_4096_16",88,16,"SQ_LDS_UNALIGNED_STALL",0.00000000e+00
"21__64_2",40,16,"SQ_LDS_BANK_CONFLICT",384.000000
"21__64_2",40,16,"SQ_LDS_UNALIGNED_STALL",5760.000000
"21__64_2_4096_2",40,16,"SQ_LDS_BANK_CONFLICT",0.00000000e+00
"21__64_2_4096_2",40,16,"SQ_LDS_UNALIGNED_STALL",7744.000000
"21__64_2_4096_4",40,16,"SQ_LDS_BANK_CONFLICT",128.000000
"21__64_2_4096_4",40,16,"SQ_LDS_UNALIGNED_STALL",5760.000000
"21__64_2_4096_8",40,16,"SQ_LDS_BANK_CONFLICT",128.000000
"21__64_2_4096_8",40,16,"SQ_LDS_UNALIGNED_STALL",5760.000000
"21__64_2_4096_16",40,16,"SQ_LDS_BANK_CONFLICT",384.000000
"21__64_2_4096_16",40,16,"SQ_LDS_UNALIGNED_STALL",5760.000000
"21__64_4",40,16,"SQ_LDS_BANK_CONFLICT",1792.000000
"21__64_4",40,16,"SQ_LDS_UNALIGNED_STALL",0.00000000e+00
"21__64_4_2048_2",40,16,"SQ_LDS_BANK_CONFLICT",0.00000000e+00
"21__64_4_2048_2",40,16,"SQ_LDS_UNALIGNED_STALL",5824.000000
"21__64_4_2048_4",40,16,"SQ_LDS_BANK_CONFLICT",256.000000
"21__64_4_2048_4",40,16,"SQ_LDS_UNALIGNED_STALL",0.00000000e+00
"21__64_4_2048_8",40,16,"SQ_LDS_BANK_CONFLICT",256.000000
"21__64_4_2048_8",40,16,"SQ_LDS_UNALIGNED_STALL",0.00000000e+00
"21__64_4_2048_16",40,16,"SQ_LDS_BANK_CONFLICT",768.000000
"21__64_4_2048_16",40,16,"SQ_LDS_UNALIGNED_STALL",0.00000000e+00
"21__64_8",40,16,"SQ_LDS_BANK_CONFLICT",4096.000000
"21__64_8",40,16,"SQ_LDS_UNALIGNED_STALL",0.00000000e+00
"21__64_8_1024_2",40,16,"SQ_LDS_BANK_CONFLICT",128.000000
"21__64_8_1024_2",40,16,"SQ_LDS_UNALIGNED_STALL",5824.000000
"21__64_8_1024_4",40,16,"SQ_LDS_BANK_CONFLICT",512.000000
"21__64_8_1024_4",40,16,"SQ_LDS_UNALIGNED_STALL",0.00000000e+00
"21__64_8_1024_8",40,16,"SQ_LDS_BANK_CONFLICT",512.000000
"21__64_8_1024_8",40,16,"SQ_LDS_UNALIGNED_STALL",0.00000000e+00
"21__64_8_1024_16",40,16,"SQ_LDS_BANK_CONFLICT",1024.000000
"21__64_8_1024_16",40,16,"SQ_LDS_UNALIGNED_STALL",0.00000000e+00
"21__64_16",40,16,"SQ_LDS_BANK_CONFLICT",4608.000000
"21__64_16",40,16,"SQ_LDS_UNALIGNED_STALL",0.00000000e+00
"21__64_16_512_2",48,16,"SQ_LDS_BANK_CONFLICT",0.00000000e+00
"21__64_16_512_2",48,16,"SQ_LDS_UNALIGNED_STALL",7800.000000
"21__64_16_512_4",48,16,"SQ_LDS_BANK_CONFLICT",136.000000
"21__64_16_512_4",48,16,"SQ_LDS_UNALIGNED_STALL",0.00000000e+00
"21__64_16_512_8",48,16,"SQ_LDS_BANK_CONFLICT",272.000000
"21__64_16_512_8",48,16,"SQ_LDS_UNALIGNED_STALL",0.00000000e+00
"21__64_16_512_16",48,16,"SQ_LDS_BANK_CONFLICT",936.000000
"21__64_16_512_16",48,16,"SQ_LDS_UNALIGNED_STALL",0.00000000e+00
"21__128_2",40,16,"SQ_LDS_BANK_CONFLICT",128.000000
"21__128_2",40,16,"SQ_LDS_UNALIGNED_STALL",5760.000000
"21__128_2_8192_2",40,16,"SQ_LDS_BANK_CONFLICT",128.000000
"21__128_2_8192_2",40,16,"SQ_LDS_UNALIGNED_STALL",5824.000000
"21__128_2_8192_4",40,16,"SQ_LDS_BANK_CONFLICT",128.000000
"21__128_2_8192_4",40,16,"SQ_LDS_UNALIGNED_STALL",5760.000000
"21__128_2_8192_8",40,16,"SQ_LDS_BANK_CONFLICT",128.000000
"21__128_2_8192_8",40,16,"SQ_LDS_UNALIGNED_STALL",5760.000000
"21__128_2_8192_16",40,16,"SQ_LDS_BANK_CONFLICT",128.000000
"21__128_2_8192_16",40,16,"SQ_LDS_UNALIGNED_STALL",5760.000000
"21__128_4",40,16,"SQ_LDS_BANK_CONFLICT",1024.000000
"21__128_4",40,16,"SQ_LDS_UNALIGNED_STALL",0.00000000e+00
"21__128_4_4096_2",40,16,"SQ_LDS_BANK_CONFLICT",128.000000
"21__128_4_4096_2",40,16,"SQ_LDS_UNALIGNED_STALL",5824.000000
"21__128_4_4096_4",40,16,"SQ_LDS_BANK_CONFLICT",512.000000
"21__128_4_4096_4",40,16,"SQ_LDS_UNALIGNED_STALL",0.00000000e+00
"21__128_4_4096_8",40,16,"SQ_LDS_BANK_CONFLICT",512.000000
"21__128_4_4096_8",40,16,"SQ_LDS_UNALIGNED_STALL",0.00000000e+00
"21__128_4_4096_16",40,16,"SQ_LDS_BANK_CONFLICT",1024.000000
"21__128_4_4096_16",40,16,"SQ_LDS_UNALIGNED_STALL",0.00000000e+00
"21__128_8",40,16,"SQ_LDS_BANK_CONFLICT",2048.000000
"21__128_8",40,16,"SQ_LDS_UNALIGNED_STALL",0.00000000e+00
"21__128_8_2048_2",40,16,"SQ_LDS_BANK_CONFLICT",128.000000
"21__128_8_2048_2",40,16,"SQ_LDS_UNALIGNED_STALL",5816.000000
"21__128_8_2048_4",40,16,"SQ_LDS_BANK_CONFLICT",512.000000
"21__128_8_2048_4",40,16,"SQ_LDS_UNALIGNED_STALL",0.00000000e+00
"21__128_8_2048_8",40,16,"SQ_LDS_BANK_CONFLICT",512.000000
"21__128_8_2048_8",40,16,"SQ_LDS_UNALIGNED_STALL",0.00000000e+00
"21__128_8_2048_16",40,16,"SQ_LDS_BANK_CONFLICT",1024.000000
"21__128_8_2048_16",40,16,"SQ_LDS_UNALIGNED_STALL",0.00000000e+00
"21__128_16",40,16,"SQ_LDS_BANK_CONFLICT",4608.000000
"21__128_16",40,16,"SQ_LDS_UNALIGNED_STALL",0.00000000e+00
"21__128_16_1024_2",40,16,"SQ_LDS_BANK_CONFLICT",384.000000
"21__128_16_1024_2",40,16,"SQ_LDS_UNALIGNED_STALL",5820.000000
"21__128_16_1024_4",40,16,"SQ_LDS_BANK_CONFLICT",1024.000000
"21__128_16_1024_4",40,16,"SQ_LDS_UNALIGNED_STALL",0.00000000e+00
"21__128_16_1024_8",40,16,"SQ_LDS_BANK_CONFLICT",1024.000000
"21__128_16_1024_8",40,16,"SQ_LDS_UNALIGNED_STALL",0.00000000e+00
"21__128_16_1024_16",40,16,"SQ_LDS_BANK_CONFLICT",1536.000000
"21__128_16_1024_16",40,16,"SQ_LDS_UNALIGNED_STALL",0.00000000e+00
"21__512_2",44,16,"SQ_LDS_BANK_CONFLICT",0.00000000e+00
"21__512_2",44,16,"SQ_LDS_UNALIGNED_STALL",7680.000000
"21__512_2_32768_2",44,16,"SQ_LDS_BANK_CONFLICT",0.00000000e+00
"21__512_2_32768_2",44,16,"SQ_LDS_UNALIGNED_STALL",7680.000000
"21__512_2_32768_4",44,16,"SQ_LDS_BANK_CONFLICT",0.00000000e+00
"21__512_2_32768_4",44,16,"SQ_LDS_UNALIGNED_STALL",7680.000000
"21__512_2_32768_8",44,16,"SQ_LDS_BANK_CONFLICT",0.00000000e+00
"21__512_2_32768_8",44,16,"SQ_LDS_UNALIGNED_STALL",7680.000000
"21__512_2_32768_16",44,16,"SQ_LDS_BANK_CONFLICT",0.00000000e+00
"21__512_2_32768_16",44,16,"SQ_LDS_UNALIGNED_STALL",7680.000000
"21__512_4",44,16,"SQ_LDS_BANK_CONFLICT",1792.000000
"21__512_4",44,16,"SQ_LDS_UNALIGNED_STALL",0.00000000e+00
"21__512_4_16384_2",44,16,"SQ_LDS_BANK_CONFLICT",1792.000000
"21__512_4_16384_2",44,16,"SQ_LDS_UNALIGNED_STALL",0.00000000e+00
"21__512_4_16384_4",44,16,"SQ_LDS_BANK_CONFLICT",1792.000000
"21__512_4_16384_4",44,16,"SQ_LDS_UNALIGNED_STALL",0.00000000e+00
"21__512_4_16384_8",44,16,"SQ_LDS_BANK_CONFLICT",1792.000000
"21__512_4_16384_8",44,16,"SQ_LDS_UNALIGNED_STALL",0.00000000e+00
"21__512_4_16384_16",44,16,"SQ_LDS_BANK_CONFLICT",1792.000000
"21__512_4_16384_16",44,16,"SQ_LDS_UNALIGNED_STALL",0.00000000e+00
"21__512_8",44,16,"SQ_LDS_BANK_CONFLICT",2048.000000
"21__512_8",44,16,"SQ_LDS_UNALIGNED_STALL",0.00000000e+00
"21__512_8_8192_2",40,16,"SQ_LDS_BANK_CONFLICT",1024.000000
"21__512_8_8192_2",40,16,"SQ_LDS_UNALIGNED_STALL",3904.000000
"21__512_8_8192_4",40,16,"SQ_LDS_BANK_CONFLICT",2048.000000
"21__512_8_8192_4",40,16,"SQ_LDS_UNALIGNED_STALL",0.00000000e+00
"21__512_8_8192_8",40,16,"SQ_LDS_BANK_CONFLICT",2048.000000
"21__512_8_8192_8",40,16,"SQ_LDS_UNALIGNED_STALL",0.00000000e+00
"21__512_8_8192_16",40,16,"SQ_LDS_BANK_CONFLICT",2048.000000
"21__512_8_8192_16",40,16,"SQ_LDS_UNALIGNED_STALL",0.00000000e+00
"21__512_16",44,16,"SQ_LDS_BANK_CONFLICT",2560.000000
"21__512_16",44,16,"SQ_LDS_UNALIGNED_STALL",0.00000000e+00
"21__512_16_4096_2",40,16,"SQ_LDS_BANK_CONFLICT",896.000000
"21__512_16_4096_2",40,16,"SQ_LDS_UNALIGNED_STALL",5824.000000
"21__512_16_4096_4",40,16,"SQ_LDS_BANK_CONFLICT",2048.000000
"21__512_16_4096_4",40,16,"SQ_LDS_UNALIGNED_STALL",0.00000000e+00
"21__512_16_4096_8",40,16,"SQ_LDS_BANK_CONFLICT",2048.000000
"21__512_16_4096_8",40,16,"SQ_LDS_UNALIGNED_STALL",0.00000000e+00
"21__512_16_4096_16",40,16,"SQ_LDS_BANK_CONFLICT",2560.000000
"21__512_16_4096_16",40,16,"SQ_LDS_UNALIGNED_STALL",0.00000000e+00
"22__64_2",40,16,"SQ_LDS_BANK_CONFLICT",64.000000
"22__64_2",40,16,"SQ_LDS_UNALIGNED_STALL",5184.000000
"22__64_2_4096_2",40,16,"SQ_LDS_BANK_CONFLICT",64.000000
"22__64_2_4096_2",40,16,"SQ_LDS_UNALIGNED_STALL",5248.000000
"22__64_2_4096_4",40,16,"SQ_LDS_BANK_CONFLICT",64.000000
"22__64_2_4096_4",40,16,"SQ_LDS_UNALIGNED_STALL",5184.000000
"22__64_2_4096_8",40,16,"SQ_LDS_BANK_CONFLICT",64.000000
"22__64_2_4096_8",40,16,"SQ_LDS_UNALIGNED_STALL",5184.000000
"22__64_2_4096_16",40,16,"SQ_LDS_BANK_CONFLICT",64.000000
"22__64_2_4096_16",40,16,"SQ_LDS_UNALIGNED_STALL",5184.000000
"22__64_4",40,16,"SQ_LDS_BANK_CONFLICT",384.000000
"22__64_4",40,16,"SQ_LDS_UNALIGNED_STALL",896.000000
"22__64_4_2048_2",40,16,"SQ_LDS_BANK_CONFLICT",0.00000000e+00
"22__64_4_2048_2",40,16,"SQ_LDS_UNALIGNED_STALL",3776.000000
"22__64_4_2048_4",40,16,"SQ_LDS_BANK_CONFLICT",0.00000000e+00
"22__64_4_2048_4",40,16,"SQ_LDS_UNALIGNED_STALL",1792.000000
"22__64_4_2048_8",40,16,"SQ_LDS_BANK_CONFLICT",128.000000
"22__64_4_2048_8",40,16,"SQ_LDS_UNALIGNED_STALL",896.000000
"22__64_4_2048_16",40,16,"SQ_LDS_BANK_CONFLICT",128.000000
"22__64_4_2048_16",40,16,"SQ_LDS_UNALIGNED_STALL",896.000000
"22__64_8",40,16,"SQ_LDS_BANK_CONFLICT",2048.000000
"22__64_8",40,16,"SQ_LDS_UNALIGNED_STALL",0.00000000e+00
"22__64_8_1024_2",48,16,"SQ_LDS_BANK_CONFLICT",16.000000
"22__64_8_1024_2",48,16,"SQ_LDS_UNALIGNED_STALL",5504.000000
"22__64_8_1024_4",48,16,"SQ_LDS_BANK_CONFLICT",32.000000
"22__64_8_1024_4",48,16,"SQ_LDS_UNALIGNED_STALL",1792.000000
"22__64_8_1024_8",48,16,"SQ_LDS_BANK_CONFLICT",400.000000
"22__64_8_1024_8",48,16,"SQ_LDS_UNALIGNED_STALL",0.00000000e+00
"22__64_8_1024_16",48,16,"SQ_LDS_BANK_CONFLICT",400.000000
"22__64_8_1024_16",48,16,"SQ_LDS_UNALIGNED_STALL",0.00000000e+00
"22__64_16",40,16,"SQ_LDS_BANK_CONFLICT",2560.000000
"22__64_16",40,16,"SQ_LDS_UNALIGNED_STALL",0.00000000e+00
"22__64_16_512_2",48,16,"SQ_LDS_BANK_CONFLICT",0.00000000e+00
"22__64_16_512_2",48,16,"SQ_LDS_UNALIGNED_STALL",5744.000000
"22__64_16_512_4",48,16,"SQ_LDS_BANK_CONFLICT",32.000000
"22__64_16_512_4",48,16,"SQ_LDS_UNALIGNED_STALL",1792.000000
"22__64_16_512_8",48,16,"SQ_LDS_BANK_CONFLICT",144.000000
"22__64_16_512_8",48,16,"SQ_LDS_UNALIGNED_STALL",0.00000000e+00
"22__64_16_512_16",48,16,"SQ_LDS_BANK_CONFLICT",688.000000
"22__64_16_512_16",48,16,"SQ_LDS_UNALIGNED_STALL",0.00000000e+00
"22__128_2",40,16,"SQ_LDS_BANK_CONFLICT",0.00000000e+00
"22__128_2",40,16,"SQ_LDS_UNALIGNED_STALL",5184.000000
"22__128_2_8192_2",40,16,"SQ_LDS_BANK_CONFLICT",0.00000000e+00
"22__128_2_8192_2",40,16,"SQ_LDS_UNALIGNED_STALL",5248.000000
"22__128_2_8192_4",40,16,"SQ_LDS_BANK_CONFLICT",0.00000000e+00
"22__128_2_8192_4",40,16,"SQ_LDS_UNALIGNED_STALL",5184.000000
"22__128_2_8192_8",40,16,"SQ_LDS_BANK_CONFLICT",0.00000000e+00
"22__128_2_8192_8",40,16,"SQ_LDS_UNALIGNED_STALL",5184.000000
"22__128_2_8192_16",40,16,"SQ_LDS_BANK_CONFLICT",0.00000000e+00
"22__128_2_8192_16",40,16,"SQ_LDS_UNALIGNED_STALL",5184.000000
"22__128_4",40,16,"SQ_LDS_BANK_CONFLICT",384.000000
"22__128_4",40,16,"SQ_LDS_UNALIGNED_STALL",896.000000
"22__128_4_4096_2",40,16,"SQ_LDS_BANK_CONFLICT",192.000000
"22__128_4_4096_2",40,16,"SQ_LDS_UNALIGNED_STALL",3328.000000
"22__128_4_4096_4",40,16,"SQ_LDS_BANK_CONFLICT",384.000000
"22__128_4_4096_4",40,16,"SQ_LDS_UNALIGNED_STALL",896.000000
"22__128_4_4096_8",40,16,"SQ_LDS_BANK_CONFLICT",384.000000
"22__128_4_4096_8",40,16,"SQ_LDS_UNALIGNED_STALL",896.000000
"22__128_4_4096_16",40,16,"SQ_LDS_BANK_CONFLICT",384.000000
"22__128_4_4096_16",40,16,"SQ_LDS_UNALIGNED_STALL",896.000000
"22__128_8",40,16,"SQ_LDS_BANK_CONFLICT",1024.000000
"22__128_8",40,16,"SQ_LDS_UNALIGNED_STALL",0.00000000e+00
"22__128_8_2048_2",40,16,"SQ_LDS_BANK_CONFLICT",128.000000
"22__128_8_2048_2",40,16,"SQ_LDS_UNALIGNED_STALL",3768.000000
"22__128_8_2048_4",40,16,"SQ_LDS_BANK_CONFLICT",256.000000
"22__128_8_2048_4",40,16,"SQ_LDS_UNALIGNED_STALL",1792.000000
"22__128_8_2048_8",40,16,"SQ_LDS_BANK_CONFLICT",512.000000
"22__128_8_2048_8",40,16,"SQ_LDS_UNALIGNED_STALL",0.00000000e+00
"22__128_8_2048_16",40,16,"SQ_LDS_BANK_CONFLICT",512.000000
"22__128_8_2048_16",40,16,"SQ_LDS_UNALIGNED_STALL",0.00000000e+00
"22__128_16",40,16,"SQ_LDS_BANK_CONFLICT",2560.000000
"22__128_16",40,16,"SQ_LDS_UNALIGNED_STALL",0.00000000e+00
"22__128_16_1024_2",48,16,"SQ_LDS_BANK_CONFLICT",48.000000
"22__128_16_1024_2",48,16,"SQ_LDS_UNALIGNED_STALL",5504.000000
"22__128_16_1024_4",48,16,"SQ_LDS_BANK_CONFLICT",208.000000
"22__128_16_1024_4",48,16,"SQ_LDS_UNALIGNED_STALL",1792.000000
"22__128_16_1024_8",48,16,"SQ_LDS_BANK_CONFLICT",464.000000
"22__128_16_1024_8",48,16,"SQ_LDS_UNALIGNED_STALL",0.00000000e+00
"22__128_16_1024_16",48,16,"SQ_LDS_BANK_CONFLICT",688.000000
"22__128_16_1024_16",48,16,"SQ_LDS_UNALIGNED_STALL",0.00000000e+00
"22__512_2",40,16,"SQ_LDS_BANK_CONFLICT",0.00000000e+00
"22__512_2",40,16,"SQ_LDS_UNALIGNED_STALL",5632.000000
"22__512_2_32768_2",40,16,"SQ_LDS_BANK_CONFLICT",0.00000000e+00
"22__512_2_32768_2",40,16,"SQ_LDS_UNALIGNED_STALL",5632.000000
"22__512_2_32768_4",40,16,"SQ_LDS_BANK_CONFLICT",0.00000000e+00
"22__512_2_32768_4",40,16,"SQ_LDS_UNALIGNED_STALL",5632.000000
"22__512_2_32768_8",40,16,"SQ_LDS_BANK_CONFLICT",0.00000000e+00
"22__512_2_32768_8",40,16,"SQ_LDS_UNALIGNED_STALL",5632.000000
"22__512_2_32768_16",40,16,"SQ_LDS_BANK_CONFLICT",0.00000000e+00
"22__512_2_32768_16",40,16,"SQ_LDS_UNALIGNED_STALL",5632.000000
"22__512_4",40,16,"SQ_LDS_BANK_CONFLICT",1792.000000
"22__512_4",40,16,"SQ_LDS_UNALIGNED_STALL",1792.000000
"22__512_4_16384_2",40,16,"SQ_LDS_BANK_CONFLICT",1792.000000
"22__512_4_16384_2",40,16,"SQ_LDS_UNALIGNED_STALL",1792.000000
"22__512_4_16384_4",40,16,"SQ_LDS_BANK_CONFLICT",1792.000000
"22__512_4_16384_4",40,16,"SQ_LDS_UNALIGNED_STALL",1792.000000
"22__512_4_16384_8",40,16,"SQ_LDS_BANK_CONFLICT",1792.000000
"22__512_4_16384_8",40,16,"SQ_LDS_UNALIGNED_STALL",1792.000000
"22__512_4_16384_16",40,16,"SQ_LDS_BANK_CONFLICT",1792.000000
"22__512_4_16384_16",40,16,"SQ_LDS_UNALIGNED_STALL",1792.000000
"22__512_8",40,16,"SQ_LDS_BANK_CONFLICT",1792.000000
"22__512_8",40,16,"SQ_LDS_UNALIGNED_STALL",0.00000000e+00
"22__512_8_8192_2",40,16,"SQ_LDS_BANK_CONFLICT",896.000000
"22__512_8_8192_2",40,16,"SQ_LDS_UNALIGNED_STALL",2880.000000
"22__512_8_8192_4",40,16,"SQ_LDS_BANK_CONFLICT",1792.000000
"22__512_8_8192_4",40,16,"SQ_LDS_UNALIGNED_STALL",896.000000
"22__512_8_8192_8",40,16,"SQ_LDS_BANK_CONFLICT",1792.000000
"22__512_8_8192_8",40,16,"SQ_LDS_UNALIGNED_STALL",0.00000000e+00
"22__512_8_8192_16",40,16,"SQ_LDS_BANK_CONFLICT",1792.000000
"22__512_8_8192_16",40,16,"SQ_LDS_UNALIGNED_STALL",0.00000000e+00
"22__512_16",40,16,"SQ_LDS_BANK_CONFLICT",2048.000000
"22__512_16",40,16,"SQ_LDS_UNALIGNED_STALL",0.00000000e+00
"22__512_16_4096_2",40,16,"SQ_LDS_BANK_CONFLICT",960.000000
"22__512_16_4096_2",40,16,"SQ_LDS_UNALIGNED_STALL",3328.000000
"22__512_16_4096_4",40,16,"SQ_LDS_BANK_CONFLICT",1920.000000
"22__512_16_4096_4",40,16,"SQ_LDS_UNALIGNED_STALL",896.000000
"22__512_16_4096_8",40,16,"SQ_LDS_BANK_CONFLICT",2048.000000
"22__512_16_4096_8",40,16,"SQ_LDS_UNALIGNED_STALL",0.00000000e+00
"22__512_16_4096_16",40,16,"SQ_LDS_BANK_CONFLICT",2048.000000
"22__512_16_4096_16",40,16,"SQ_LDS_UNALIGNED_STALL",0.00000000e+00
"23__64_2",40,16,"SQ_LDS_BANK_CONFLICT",64.000000
"23__64_2",40,16,"SQ_LDS_UNALIGNED_STALL",5184.000000
"23__64_2_4096_2",40,16,"SQ_LDS_BANK_CONFLICT",64.000000
"23__64_2_4096_2",40,16,"SQ_LDS_UNALIGNED_STALL",5248.000000
"23__64_2_4096_4",40,16,"SQ_LDS_BANK_CONFLICT",64.000000
"23__64_2_4096_4",40,16,"SQ_LDS_UNALIGNED_STALL",5184.000000
"23__64_2_4096_8",40,16,"SQ_LDS_BANK_CONFLICT",64.000000
"23__64_2_4096_8",40,16,"SQ_LDS_UNALIGNED_STALL",5184.000000
"23__64_2_4096_16",40,16,"SQ_LDS_BANK_CONFLICT",64.000000
"23__64_2_4096_16",40,16,"SQ_LDS_UNALIGNED_STALL",5184.000000
"23__64_4",40,16,"SQ_LDS_BANK_CONFLICT",384.000000
"23__64_4",40,16,"SQ_LDS_UNALIGNED_STALL",896.000000
"23__64_4_2048_2",40,16,"SQ_LDS_BANK_CONFLICT",0.00000000e+00
"23__64_4_2048_2",40,16,"SQ_LDS_UNALIGNED_STALL",3776.000000
"23__64_4_2048_4",40,16,"SQ_LDS_BANK_CONFLICT",0.00000000e+00
"23__64_4_2048_4",40,16,"SQ_LDS_UNALIGNED_STALL",1792.000000
"23__64_4_2048_8",40,16,"SQ_LDS_BANK_CONFLICT",128.000000
"23__64_4_2048_8",40,16,"SQ_LDS_UNALIGNED_STALL",896.000000
"23__64_4_2048_16",40,16,"SQ_LDS_BANK_CONFLICT",128.000000
"23__64_4_2048_16",40,16,"SQ_LDS_UNALIGNED_STALL",896.000000
"23__64_8",40,16,"SQ_LDS_BANK_CONFLICT",2048.000000
"23__64_8",40,16,"SQ_LDS_UNALIGNED_STALL",0.00000000e+00
"23__64_8_1024_2",40,16,"SQ_LDS_BANK_CONFLICT",128.000000
"23__64_8_1024_2",40,16,"SQ_LDS_UNALIGNED_STALL",3776.000000
"23__64_8_1024_4",40,16,"SQ_LDS_BANK_CONFLICT",256.000000
"23__64_8_1024_4",40,16,"SQ_LDS_UNALIGNED_STALL",1792.000000
"23__64_8_1024_8",40,16,"SQ_LDS_BANK_CONFLICT",512.000000
"23__64_8_1024_8",40,16,"SQ_LDS_UNALIGNED_STALL",0.00000000e+00
"23__64_8_1024_16",40,16,"SQ_LDS_BANK_CONFLICT",512.000000
"23__64_8_1024_16",40,16,"SQ_LDS_UNALIGNED_STALL",0.00000000e+00
"23__64_16",40,16,"SQ_LDS_BANK_CONFLICT",2560.000000
"23__64_16",40,16,"SQ_LDS_UNALIGNED_STALL",0.00000000e+00
"23__64_16_512_2",44,16,"SQ_LDS_BANK_CONFLICT",0.00000000e+00
"23__64_16_512_2",44,16,"SQ_LDS_UNALIGNED_STALL",5752.000000
"23__64_16_512_4",44,16,"SQ_LDS_BANK_CONFLICT",136.000000
"23__64_16_512_4",44,16,"SQ_LDS_UNALIGNED_STALL",1792.000000
"23__64_16_512_8",44,16,"SQ_LDS_BANK_CONFLICT",16.000000
"23__64_16_512_8",44,16,"SQ_LDS_UNALIGNED_STALL",0.00000000e+00
"23__64_16_512_16",44,16,"SQ_LDS_BANK_CONFLICT",424.000000
"23__64_16_512_16",44,16,"SQ_LDS_UNALIGNED_STALL",0.00000000e+00
"23__128_2",40,16,"SQ_LDS_BANK_CONFLICT",0.00000000e+00
"23__128_2",40,16,"SQ_LDS_UNALIGNED_STALL",5184.000000
"23__128_2_8192_2",40,16,"SQ_LDS_BANK_CONFLICT",0.00000000e+00
"23__128_2_8192_2",40,16,"SQ_LDS_UNALIGNED_STALL",5248.000000
"23__128_2_8192_4",40,16,"SQ_LDS_BANK_CONFLICT",0.00000000e+00
"23__128_2_8192_4",40,16,"SQ_LDS_UNALIGNED_STALL",5184.000000
"23__128_2_8192_8",40,16,"SQ_LDS_BANK_CONFLICT",0.00000000e+00
"23__128_2_8192_8",40,16,"SQ_LDS_UNALIGNED_STALL",5184.000000
"23__128_2_8192_16",40,16,"SQ_LDS_BANK_CONFLICT",0.00000000e+00
"23__128_2_8192_16",40,16,"SQ_LDS_UNALIGNED_STALL",5184.000000
"23__128_4",40,16,"SQ_LDS_BANK_CONFLICT",384.000000
"23__128_4",40,16,"SQ_LDS_UNALIGNED_STALL",896.000000
"23__128_4_4096_2",40,16,"SQ_LDS_BANK_CONFLICT",192.000000
"23__128_4_4096_2",40,16,"SQ_LDS_UNALIGNED_STALL",3328.000000
"23__128_4_4096_4",40,16,"SQ_LDS_BANK_CONFLICT",384.000000
"23__128_4_4096_4",40,16,"SQ_LDS_UNALIGNED_STALL",896.000000
"23__128_4_4096_8",40,16,"SQ_LDS_BANK_CONFLICT",384.000000
"23__128_4_4096_8",40,16,"SQ_LDS_UNALIGNED_STALL",896.000000
"23__128_4_4096_16",40,16,"SQ_LDS_BANK_CONFLICT",384.000000
"23__128_4_4096_16",40,16,"SQ_LDS_UNALIGNED_STALL",896.000000
"23__128_8",40,16,"SQ_LDS_BANK_CONFLICT",1024.000000
"23__128_8",40,16,"SQ_LDS_UNALIGNED_STALL",0.00000000e+00
"23__128_8_2048_2",40,16,"SQ_LDS_BANK_CONFLICT",128.000000
"23__128_8_2048_2",40,16,"SQ_LDS_UNALIGNED_STALL",3768.000000
"23__128_8_2048_4",40,16,"SQ_LDS_BANK_CONFLICT",256.000000
"23__128_8_2048_4",40,16,"SQ_LDS_UNALIGNED_STALL",1792.000000
"23__128_8_2048_8",40,16,"SQ_LDS_BANK_CONFLICT",512.000000
"23__128_8_2048_8",40,16,"SQ_LDS_UNALIGNED_STALL",0.00000000e+00
"23__128_8_2048_16",40,16,"SQ_LDS_BANK_CONFLICT",512.000000
"23__128_8_2048_16",40,16,"SQ_LDS_UNALIGNED_STALL",0.00000000e+00
"23__128_16",40,16,"SQ_LDS_BANK_CONFLICT",2560.000000
"23__128_16",40,16,"SQ_LDS_UNALIGNED_STALL",0.00000000e+00
"23__128_16_1024_2",40,16,"SQ_LDS_BANK_CONFLICT",384.000000
"23__128_16_1024_2",40,16,"SQ_LDS_UNALIGNED_STALL",3772.000000
"23__128_16_1024_4",40,16,"SQ_LDS_BANK_CONFLICT",768.000000
"23__128_16_1024_4",40,16,"SQ_LDS_UNALIGNED_STALL",1792.000000
"23__128_16_1024_8",40,16,"SQ_LDS_BANK_CONFLICT",1024.000000
"23__128_16_1024_8",40,16,"SQ_LDS_UNALIGNED_STALL",0.00000000e+00
"23__128_16_1024_16",40,16,"SQ_LDS_BANK_CONFLICT",1024.000000
"23__128_16_1024_16",40,16,"SQ_LDS_UNALIGNED_STALL",0.00000000e+00
"23__512_2",40,16,"SQ_LDS_BANK_CONFLICT",0.00000000e+00
"23__512_2",40,16,"SQ_LDS_UNALIGNED_STALL",5632.000000
"23__512_2_32768_2",40,16,"SQ_LDS_BANK_CONFLICT",0.00000000e+00
"23__512_2_32768_2",40,16,"SQ_LDS_UNALIGNED_STALL",5632.000000
"23__512_2_32768_4",40,16,"SQ_LDS_BANK_CONFLICT",0.00000000e+00
"23__512_2_32768_4",40,16,"SQ_LDS_UNALIGNED_STALL",5632.000000
"23__512_2_32768_8",40,16,"SQ_LDS_BANK_CONFLICT",0.00000000e+00
"23__512_2_32768_8",40,16,"SQ_LDS_UNALIGNED_STALL",5632.000000
"23__512_2_32768_16",40,16,"SQ_LDS_BANK_CONFLICT",0.00000000e+00
"23__512_2_32768_16",40,16,"SQ_LDS_UNALIGNED_STALL",5632.000000
"23__512_4",40,16,"SQ_LDS_BANK_CONFLICT",1792.000000
"23__512_4",40,16,"SQ_LDS_UNALIGNED_STALL",1792.000000
"23__512_4_16384_2",40,16,"SQ_LDS_BANK_CONFLICT",1792.000000
"23__512_4_16384_2",40,16,"SQ_LDS_UNALIGNED_STALL",1792.000000
"23__512_4_16384_4",40,16,"SQ_LDS_BANK_CONFLICT",1792.000000
"23__512_4_16384_4",40,16,"SQ_LDS_UNALIGNED_STALL",1792.000000
"23__512_4_16384_8",40,16,"SQ_LDS_BANK_CONFLICT",1792.000000
"23__512_4_16384_8",40,16,"SQ_LDS_UNALIGNED_STALL",1792.000000
"23__512_4_16384_16",40,16,"SQ_LDS_BANK_CONFLICT",1792.000000
"23__512_4_16384_16",40,16,"SQ_LDS_UNALIGNED_STALL",1792.000000
"23__512_8",40,16,"SQ_LDS_BANK_CONFLICT",1792.000000
"23__512_8",40,16,"SQ_LDS_UNALIGNED_STALL",0.00000000e+00
"23__512_8_8192_2",40,16,"SQ_LDS_BANK_CONFLICT",896.000000
"23__512_8_8192_2",40,16,"SQ_LDS_UNALIGNED_STALL",2880.000000
"23__512_8_8192_4",40,16,"SQ_LDS_BANK_CONFLICT",1792.000000
"23__512_8_8192_4",40,16,"SQ_LDS_UNALIGNED_STALL",896.000000
"23__512_8_8192_8",40,16,"SQ_LDS_BANK_CONFLICT",1792.000000
"23__512_8_8192_8",40,16,"SQ_LDS_UNALIGNED_STALL",0.00000000e+00
"23__512_8_8192_16",40,16,"SQ_LDS_BANK_CONFLICT",1792.000000
"23__512_8_8192_16",40,16,"SQ_LDS_UNALIGNED_STALL",0.00000000e+00
"23__512_16",40,16,"SQ_LDS_BANK_CONFLICT",2048.000000
"23__512_16",40,16,"SQ_LDS_UNALIGNED_STALL",0.00000000e+00
"23__512_16_4096_2",40,16,"SQ_LDS_BANK_CONFLICT",960.000000
"23__512_16_4096_2",40,16,"SQ_LDS_UNALIGNED_STALL",3328.000000
"23__512_16_4096_4",40,16,"SQ_LDS_BANK_CONFLICT",1920.000000
"23__512_16_4096_4",40,16,"SQ_LDS_UNALIGNED_STALL",896.000000
"23__512_16_4096_8",40,16,"SQ_LDS_BANK_CONFLICT",2048.000000
"23__512_16_4096_8",40,16,"SQ_LDS_UNALIGNED_STALL",0.00000000e+00
"23__512_16_4096_16",40,16,"SQ_LDS_BANK_CONFLICT",2048.000000
"23__512_16_4096_16",40,16,"SQ_LDS_UNALIGNED_STALL",0.00000000e+00
"24__128_2",44,16,"SQ_LDS_BANK_CONFLICT",768.000000
"24__128_2",44,16,"SQ_LDS_UNALIGNED_STALL",3840.000000
"24__128_2_8192_2",44,16,"SQ_LDS_BANK_CONFLICT",768.000000
"24__128_2_8192_2",44,16,"SQ_LDS_UNALIGNED_STALL",3904.000000
"24__128_2_8192_4",44,16,"SQ_LDS_BANK_CONFLICT",256.000000
"24__128_2_8192_4",44,16,"SQ_LDS_UNALIGNED_STALL",3840.000000
"24__128_2_8192_8",44,16,"SQ_LDS_BANK_CONFLICT",256.000000
"24__128_2_8192_8",44,16,"SQ_LDS_UNALIGNED_STALL",3840.000000
"24__128_2_8192_16",44,16,"SQ_LDS_BANK_CONFLICT",768.000000
"24__128_2_8192_16",44,16,"SQ_LDS_UNALIGNED_STALL",3840.000000
"24__128_4",44,16,"SQ_LDS_BANK_CONFLICT",1792.000000
"24__128_4",44,16,"SQ_LDS_UNALIGNED_STALL",0.00000000e+00
"24__128_4_4096_2",44,16,"SQ_LDS_BANK_CONFLICT",768.000000
"24__128_4_4096_2",44,16,"SQ_LDS_UNALIGNED_STALL",1984.000000
"24__128_4_4096_4",44,16,"SQ_LDS_BANK_CONFLICT",256.000000
"24__128_4_4096_4",44,16,"SQ_LDS_UNALIGNED_STALL",0.00000000e+00
"24__128_4_4096_8",44,16,"SQ_LDS_BANK_CONFLICT",256.000000
"24__128_4_4096_8",44,16,"SQ_LDS_UNALIGNED_STALL",0.00000000e+00
"24__128_4_4096_16",44,16,"SQ_LDS_BANK_CONFLICT",768.000000
"24__128_4_4096_16",44,16,"SQ_LDS_UNALIGNED_STALL",0.00000000e+00
"24__128_8",44,16,"SQ_LDS_BANK_CONFLICT",4096.000000
"24__128_8",44,16,"SQ_LDS_UNALIGNED_STALL",0.00000000e+00
"24__128_8_2048_2",60,16,"SQ_LDS_BANK_CONFLICT",800.000000
"24__128_8_2048_2",60,16,"SQ_LDS_UNALIGNED_STALL",3456.000000
"24__128_8_2048_4",60,16,"SQ_LDS_BANK_CONFLICT",320.000000
"24__128_8_2048_4",60,16,"SQ_LDS_UNALIGNED_STALL",0.00000000e+00
"24__128_8_2048_8",60,16,"SQ_LDS_BANK_CONFLICT",416.000000
"24__128_8_2048_8",60,16,"SQ_LDS_UNALIGNED_STALL",0.00000000e+00
"24__128_8_2048_16",60,16,"SQ_LDS_BANK_CONFLICT",928.000000
"24__128_8_2048_16",60,16,"SQ_LDS_UNALIGNED_STALL",0.00000000e+00
"24__128_16",44,16,"SQ_LDS_BANK_CONFLICT",4608.000000
"24__128_16",44,16,"SQ_LDS_UNALIGNED_STALL",0.00000000e+00
"24__128_16_1024_2",60,16,"SQ_LDS_BANK_CONFLICT",256.000000
"24__128_16_1024_2",60,16,"SQ_LDS_UNALIGNED_STALL",3936.000000
"24__128_16_1024_4",60,16,"SQ_LDS_BANK_CONFLICT",64.000000
"24__128_16_1024_4",60,16,"SQ_LDS_UNALIGNED_STALL",0.00000000e+00
"24__128_16_1024_8",60,16,"SQ_LDS_BANK_CONFLICT",416.000000
"24__128_16_1024_8",60,16,"SQ_LDS_UNALIGNED_STALL",0.00000000e+00
"24__128_16_1024_16",60,16,"SQ_LDS_BANK_CONFLICT",1248.000000
"24__128_16_1024_16",60,16,"SQ_LDS_UNALIGNED_STALL",0.00000000e+00
"24__128_2",44,16,"SQ_LDS_BANK_CONFLICT",768.000000
"24__128_2",44,16,"SQ_LDS_UNALIGNED_STALL",3840.000000
"24__128_2_8192_2",44,16,"SQ_LDS_BANK_CONFLICT",768.000000
"24__128_2_8192_2",44,16,"SQ_LDS_UNALIGNED_STALL",3904.000000
"24__128_2_8192_4",44,16,"SQ_LDS_BANK_CONFLICT",256.000000
"24__128_2_8192_4",44,16,"SQ_LDS_UNALIGNED_STALL",3840.000000
"24__128_2_8192_8",44,16,"SQ_LDS_BANK_CONFLICT",256.000000
"24__128_2_8192_8",44,16,"SQ_LDS_UNALIGNED_STALL",3840.000000
"24__128_2_8192_16",44,16,"SQ_LDS_BANK_CONFLICT",768.000000
"24__128_2_8192_16",44,16,"SQ_LDS_UNALIGNED_STALL",3840.000000
"24__128_4",44,16,"SQ_LDS_BANK_CONFLICT",1792.000000
"24__128_4",44,16,"SQ_LDS_UNALIGNED_STALL",0.00000000e+00
"24__128_4_4096_2",44,16,"SQ_LDS_BANK_CONFLICT",768.000000
"24__128_4_4096_2",44,16,"SQ_LDS_UNALIGNED_STALL",1984.000000
"24__128_4_4096_4",44,16,"SQ_LDS_BANK_CONFLICT",256.000000
"24__128_4_4096_4",44,16,"SQ_LDS_UNALIGNED_STALL",0.00000000e+00
"24__128_4_4096_8",44,16,"SQ_LDS_BANK_CONFLICT",256.000000
"24__128_4_4096_8",44,16,"SQ_LDS_UNALIGNED_STALL",0.00000000e+00
"24__128_4_4096_16",44,16,"SQ_LDS_BANK_CONFLICT",768.000000
"24__128_4_4096_16",44,16,"SQ_LDS_UNALIGNED_STALL",0.00000000e+00
"24__128_8",44,16,"SQ_LDS_BANK_CONFLICT",4096.000000
"24__128_8",44,16,"SQ_LDS_UNALIGNED_STALL",0.00000000e+00
"24__128_8_2048_2",60,16,"SQ_LDS_BANK_CONFLICT",800.000000
"24__128_8_2048_2",60,16,"SQ_LDS_UNALIGNED_STALL",3456.000000
"24__128_8_2048_4",60,16,"SQ_LDS_BANK_CONFLICT",320.000000
"24__128_8_2048_4",60,16,"SQ_LDS_UNALIGNED_STALL",0.00000000e+00
"24__128_8_2048_8",60,16,"SQ_LDS_BANK_CONFLICT",416.000000
"24__128_8_2048_8",60,16,"SQ_LDS_UNALIGNED_STALL",0.00000000e+00
"24__128_8_2048_16",60,16,"SQ_LDS_BANK_CONFLICT",928.000000
"24__128_8_2048_16",60,16,"SQ_LDS_UNALIGNED_STALL",0.00000000e+00
"24__128_16",44,16,"SQ_LDS_BANK_CONFLICT",4608.000000
"24__128_16",44,16,"SQ_LDS_UNALIGNED_STALL",0.00000000e+00
"24__128_16_1024_2",60,16,"SQ_LDS_BANK_CONFLICT",256.000000
"24__128_16_1024_2",60,16,"SQ_LDS_UNALIGNED_STALL",3936.000000
"24__128_16_1024_4",60,16,"SQ_LDS_BANK_CONFLICT",64.000000
"24__128_16_1024_4",60,16,"SQ_LDS_UNALIGNED_STALL",0.00000000e+00
"24__128_16_1024_8",60,16,"SQ_LDS_BANK_CONFLICT",416.000000
"24__128_16_1024_8",60,16,"SQ_LDS_UNALIGNED_STALL",0.00000000e+00
"24__128_16_1024_16",60,16,"SQ_LDS_BANK_CONFLICT",1248.000000
"24__128_16_1024_16",60,16,"SQ_LDS_UNALIGNED_STALL",0.00000000e+00
"24__1024_2",40,16,"SQ_LDS_BANK_CONFLICT",256.000000
"24__1024_2",40,16,"SQ_LDS_UNALIGNED_STALL",3840.000000
"24__1024_2_65536_2",40,16,"SQ_LDS_BANK_CONFLICT",256.000000
"24__1024_2_65536_2",40,16,"SQ_LDS_UNALIGNED_STALL",3840.000000
"24__1024_2_65536_4",40,16,"SQ_LDS_BANK_CONFLICT",256.000000
"24__1024_2_65536_4",40,16,"SQ_LDS_UNALIGNED_STALL",3840.000000
"24__1024_2_65536_8",40,16,"SQ_LDS_BANK_CONFLICT",256.000000
"24__1024_2_65536_8",40,16,"SQ_LDS_UNALIGNED_STALL",3840.000000
"24__1024_2_65536_16",40,16,"SQ_LDS_BANK_CONFLICT",256.000000
"24__1024_2_65536_16",40,16,"SQ_LDS_UNALIGNED_STALL",3840.000000
"24__1024_4",40,16,"SQ_LDS_BANK_CONFLICT",1792.000000
"24__1024_4",40,16,"SQ_LDS_UNALIGNED_STALL",0.00000000e+00
"24__1024_4_32768_2",40,16,"SQ_LDS_BANK_CONFLICT",1792.000000
"24__1024_4_32768_2",40,16,"SQ_LDS_UNALIGNED_STALL",0.00000000e+00
"24__1024_4_32768_4",40,16,"SQ_LDS_BANK_CONFLICT",1792.000000
"24__1024_4_32768_4",40,16,"SQ_LDS_UNALIGNED_STALL",0.00000000e+00
"24__1024_4_32768_8",40,16,"SQ_LDS_BANK_CONFLICT",1792.000000
"24__1024_4_32768_8",40,16,"SQ_LDS_UNALIGNED_STALL",0.00000000e+00
"24__1024_4_32768_16",40,16,"SQ_LDS_BANK_CONFLICT",1792.000000
"24__1024_4_32768_16",40,16,"SQ_LDS_UNALIGNED_STALL",0.00000000e+00
"24__1024_8",44,16,"SQ_LDS_BANK_CONFLICT",2048.000000
"24__1024_8",44,16,"SQ_LDS_UNALIGNED_STALL",0.00000000e+00
"24__1024_8_16384_2",44,16,"SQ_LDS_BANK_CONFLICT",2048.000000
"24__1024_8_16384_2",44,16,"SQ_LDS_UNALIGNED_STALL",0.00000000e+00
"24__1024_8_16384_4",44,16,"SQ_LDS_BANK_CONFLICT",2048.000000
"24__1024_8_16384_4",44,16,"SQ_LDS_UNALIGNED_STALL",0.00000000e+00
"24__1024_8_16384_8",44,16,"SQ_LDS_BANK_CONFLICT",2048.000000
"24__1024_8_16384_8",44,16,"SQ_LDS_UNALIGNED_STALL",0.00000000e+00
"24__1024_8_16384_16",44,16,"SQ_LDS_BANK_CONFLICT",2048.000000
"24__1024_8_16384_16",44,16,"SQ_LDS_UNALIGNED_STALL",0.00000000e+00
"24__1024_16",40,16,"SQ_LDS_BANK_CONFLICT",2560.000000
"24__1024_16",40,16,"SQ_LDS_UNALIGNED_STALL",0.00000000e+00
"24__1024_16_8192_2",44,16,"SQ_LDS_BANK_CONFLICT",1664.000000
"24__1024_16_8192_2",44,16,"SQ_LDS_UNALIGNED_STALL",1984.000000
"24__1024_16_8192_4",44,16,"SQ_LDS_BANK_CONFLICT",2048.000000
"24__1024_16_8192_4",44,16,"SQ_LDS_UNALIGNED_STALL",0.00000000e+00
"24__1024_16_8192_8",44,16,"SQ_LDS_BANK_CONFLICT",2048.000000
"24__1024_16_8192_8",44,16,"SQ_LDS_UNALIGNED_STALL",0.00000000e+00
"24__1024_16_8192_16",44,16,"SQ_LDS_BANK_CONFLICT",2560.000000
"24__1024_16_8192_16",44,16,"SQ_LDS_UNALIGNED_STALL",0.00000000e+00
"25__128_2",40,16,"SQ_LDS_BANK_CONFLICT",768.000000
"25__128_2",40,16,"SQ_LDS_UNALIGNED_STALL",3840.000000
"25__128_2_8192_2",40,16,"SQ_LDS_BANK_CONFLICT",768.000000
"25__128_2_8192_2",40,16,"SQ_LDS_UNALIGNED_STALL",3904.000000
"25__128_2_8192_4",40,16,"SQ_LDS_BANK_CONFLICT",256.000000
"25__128_2_8192_4",40,16,"SQ_LDS_UNALIGNED_STALL",3840.000000
"25__128_2_8192_8",40,16,"SQ_LDS_BANK_CONFLICT",256.000000
"25__128_2_8192_8",40,16,"SQ_LDS_UNALIGNED_STALL",3840.000000
"25__128_2_8192_16",40,16,"SQ_LDS_BANK_CONFLICT",768.000000
"25__128_2_8192_16",40,16,"SQ_LDS_UNALIGNED_STALL",3840.000000
"25__128_4",40,16,"SQ_LDS_BANK_CONFLICT",1792.000000
"25__128_4",40,16,"SQ_LDS_UNALIGNED_STALL",0.00000000e+00
"25__128_4_4096_2",40,16,"SQ_LDS_BANK_CONFLICT",768.000000
"25__128_4_4096_2",40,16,"SQ_LDS_UNALIGNED_STALL",1984.000000
"25__128_4_4096_4",40,16,"SQ_LDS_BANK_CONFLICT",256.000000
"25__128_4_4096_4",40,16,"SQ_LDS_UNALIGNED_STALL",0.00000000e+00
"25__128_4_4096_8",40,16,"SQ_LDS_BANK_CONFLICT",256.000000
"25__128_4_4096_8",40,16,"SQ_LDS_UNALIGNED_STALL",0.00000000e+00
"25__128_4_4096_16",40,16,"SQ_LDS_BANK_CONFLICT",768.000000
"25__128_4_4096_16",40,16,"SQ_LDS_UNALIGNED_STALL",0.00000000e+00
"25__128_8",40,16,"SQ_LDS_BANK_CONFLICT",4096.000000
"25__128_8",40,16,"SQ_LDS_UNALIGNED_STALL",0.00000000e+00
"25__128_8_2048_2",40,16,"SQ_LDS_BANK_CONFLICT",896.000000
"25__128_8_2048_2",40,16,"SQ_LDS_UNALIGNED_STALL",1984.000000
"25__128_8_2048_4",40,16,"SQ_LDS_BANK_CONFLICT",512.000000
"25__128_8_2048_4",40,16,"SQ_LDS_UNALIGNED_STALL",0.00000000e+00
"25__128_8_2048_8",40,16,"SQ_LDS_BANK_CONFLICT",512.000000
"25__128_8_2048_8",40,16,"SQ_LDS_UNALIGNED_STALL",0.00000000e+00
"25__128_8_2048_16",40,16,"SQ_LDS_BANK_CONFLICT",1024.000000
"25__128_8_2048_16",40,16,"SQ_LDS_UNALIGNED_STALL",0.00000000e+00
"25__128_16",40,16,"SQ_LDS_BANK_CONFLICT",4608.000000
"25__128_16",40,16,"SQ_LDS_UNALIGNED_STALL",0.00000000e+00
"25__128_16_1024_2",48,16,"SQ_LDS_BANK_CONFLICT",256.000000
"25__128_16_1024_2",48,16,"SQ_LDS_UNALIGNED_STALL",3952.000000
"25__128_16_1024_4",48,16,"SQ_LDS_BANK_CONFLICT",144.000000
"25__128_16_1024_4",48,16,"SQ_LDS_UNALIGNED_STALL",0.00000000e+00
"25__128_16_1024_8",48,16,"SQ_LDS_BANK_CONFLICT",288.000000
"25__128_16_1024_8",48,16,"SQ_LDS_UNALIGNED_STALL",0.00000000e+00
"25__128_16_1024_16",48,16,"SQ_LDS_BANK_CONFLICT",976.000000
"25__128_16_1024_16",48,16,"SQ_LDS_UNALIGNED_STALL",0.00000000e+00
"25__128_2",40,16,"SQ_LDS_BANK_CONFLICT",768.000000
"25__128_2",40,16,"SQ_LDS_UNALIGNED_STALL",3840.000000
"25__128_2_8192_2",40,16,"SQ_LDS_BANK_CONFLICT",768.000000
"25__128_2_8192_2",40,16,"SQ_LDS_UNALIGNED_STALL",3904.000000
"25__128_2_8192_4",40,16,"SQ_LDS_BANK_CONFLICT",256.000000
"25__128_2_8192_4",40,16,"SQ_LDS_UNALIGNED_STALL",3840.000000
"25__128_2_8192_8",40,16,"SQ_LDS_BANK_CONFLICT",256.000000
"25__128_2_8192_8",40,16,"SQ_LDS_UNALIGNED_STALL",3840.000000
"25__128_2_8192_16",40,16,"SQ_LDS_BANK_CONFLICT",768.000000
"25__128_2_8192_16",40,16,"SQ_LDS_UNALIGNED_STALL",3840.000000
"25__128_4",40,16,"SQ_LDS_BANK_CONFLICT",1792.000000
"25__128_4",40,16,"SQ_LDS_UNALIGNED_STALL",0.00000000e+00
"25__128_4_4096_2",40,16,"SQ_LDS_BANK_CONFLICT",768.000000
"25__128_4_4096_2",40,16,"SQ_LDS_UNALIGNED_STALL",1984.000000
"25__128_4_4096_4",40,16,"SQ_LDS_BANK_CONFLICT",256.000000
"25__128_4_4096_4",40,16,"SQ_LDS_UNALIGNED_STALL",0.00000000e+00
"25__128_4_4096_8",40,16,"SQ_LDS_BANK_CONFLICT",256.000000
"25__128_4_4096_8",40,16,"SQ_LDS_UNALIGNED_STALL",0.00000000e+00
"25__128_4_4096_16",40,16,"SQ_LDS_BANK_CONFLICT",768.000000
"25__128_4_4096_16",40,16,"SQ_LDS_UNALIGNED_STALL",0.00000000e+00
"25__128_8",40,16,"SQ_LDS_BANK_CONFLICT",4096.000000
"25__128_8",40,16,"SQ_LDS_UNALIGNED_STALL",0.00000000e+00
"25__128_8_2048_2",40,16,"SQ_LDS_BANK_CONFLICT",896.000000
"25__128_8_2048_2",40,16,"SQ_LDS_UNALIGNED_STALL",1984.000000
"25__128_8_2048_4",40,16,"SQ_LDS_BANK_CONFLICT",512.000000
"25__128_8_2048_4",40,16,"SQ_LDS_UNALIGNED_STALL",0.00000000e+00
"25__128_8_2048_8",40,16,"SQ_LDS_BANK_CONFLICT",512.000000
"25__128_8_2048_8",40,16,"SQ_LDS_UNALIGNED_STALL",0.00000000e+00
"25__128_8_2048_16",40,16,"SQ_LDS_BANK_CONFLICT",1024.000000
"25__128_8_2048_16",40,16,"SQ_LDS_UNALIGNED_STALL",0.00000000e+00
"25__128_16",40,16,"SQ_LDS_BANK_CONFLICT",4608.000000
"25__128_16",40,16,"SQ_LDS_UNALIGNED_STALL",0.00000000e+00
"25__128_16_1024_2",48,16,"SQ_LDS_BANK_CONFLICT",256.000000
"25__128_16_1024_2",48,16,"SQ_LDS_UNALIGNED_STALL",3952.000000
"25__128_16_1024_4",48,16,"SQ_LDS_BANK_CONFLICT",144.000000
"25__128_16_1024_4",48,16,"SQ_LDS_UNALIGNED_STALL",0.00000000e+00
"25__128_16_1024_8",48,16,"SQ_LDS_BANK_CONFLICT",288.000000
"25__128_16_1024_8",48,16,"SQ_LDS_UNALIGNED_STALL",0.00000000e+00
"25__128_16_1024_16",48,16,"SQ_LDS_BANK_CONFLICT",976.000000
"25__128_16_1024_16",48,16,"SQ_LDS_UNALIGNED_STALL",0.00000000e+00
"25__1024_2",40,16,"SQ_LDS_BANK_CONFLICT",256.000000
"25__1024_2",40,16,"SQ_LDS_UNALIGNED_STALL",3840.000000
"25__1024_2_65536_2",40,16,"SQ_LDS_BANK_CONFLICT",256.000000
"25__1024_2_65536_2",40,16,"SQ_LDS_UNALIGNED_STALL",3840.000000
"25__1024_2_65536_4",40,16,"SQ_LDS_BANK_CONFLICT",256.000000
"25__1024_2_65536_4",40,16,"SQ_LDS_UNALIGNED_STALL",3840.000000
"25__1024_2_65536_8",40,16,"SQ_LDS_BANK_CONFLICT",256.000000
"25__1024_2_65536_8",40,16,"SQ_LDS_UNALIGNED_STALL",3840.000000
"25__1024_2_65536_16",40,16,"SQ_LDS_BANK_CONFLICT",256.000000
"25__1024_2_65536_16",40,16,"SQ_LDS_UNALIGNED_STALL",3840.000000
"25__1024_4",40,16,"SQ_LDS_BANK_CONFLICT",1792.000000
"25__1024_4",40,16,"SQ_LDS_UNALIGNED_STALL",0.00000000e+00
"25__1024_4_32768_2",40,16,"SQ_LDS_BANK_CONFLICT",1792.000000
"25__1024_4_32768_2",40,16,"SQ_LDS_UNALIGNED_STALL",0.00000000e+00
"25__1024_4_32768_4",40,16,"SQ_LDS_BANK_CONFLICT",1792.000000
"25__1024_4_32768_4",40,16,"SQ_LDS_UNALIGNED_STALL",0.00000000e+00
"25__1024_4_32768_8",40,16,"SQ_LDS_BANK_CONFLICT",1792.000000
"25__1024_4_32768_8",40,16,"SQ_LDS_UNALIGNED_STALL",0.00000000e+00
"25__1024_4_32768_16",40,16,"SQ_LDS_BANK_CONFLICT",1792.000000
"25__1024_4_32768_16",40,16,"SQ_LDS_UNALIGNED_STALL",0.00000000e+00
"25__1024_8",40,16,"SQ_LDS_BANK_CONFLICT",2048.000000
"25__1024_8",40,16,"SQ_LDS_UNALIGNED_STALL",0.00000000e+00
"25__1024_8_16384_2",40,16,"SQ_LDS_BANK_CONFLICT",2048.000000
"25__1024_8_16384_2",40,16,"SQ_LDS_UNALIGNED_STALL",0.00000000e+00
"25__1024_8_16384_4",40,16,"SQ_LDS_BANK_CONFLICT",2048.000000
"25__1024_8_16384_4",40,16,"SQ_LDS_UNALIGNED_STALL",0.00000000e+00
"25__1024_8_16384_8",40,16,"SQ_LDS_BANK_CONFLICT",2048.000000
"25__1024_8_16384_8",40,16,"SQ_LDS_UNALIGNED_STALL",0.00000000e+00
"25__1024_8_16384_16",40,16,"SQ_LDS_BANK_CONFLICT",2048.000000
"25__1024_8_16384_16",40,16,"SQ_LDS_UNALIGNED_STALL",0.00000000e+00
"25__1024_16",40,16,"SQ_LDS_BANK_CONFLICT",2560.000000
"25__1024_16",40,16,"SQ_LDS_UNALIGNED_STALL",0.00000000e+00
"25__1024_16_8192_2",40,16,"SQ_LDS_BANK_CONFLICT",1664.000000
"25__1024_16_8192_2",40,16,"SQ_LDS_UNALIGNED_STALL",1984.000000
"25__1024_16_8192_4",40,16,"SQ_LDS_BANK_CONFLICT",2048.000000
"25__1024_16_8192_4",40,16,"SQ_LDS_UNALIGNED_STALL",0.00000000e+00
"25__1024_16_8192_8",40,16,"SQ_LDS_BANK_CONFLICT",2048.000000
"25__1024_16_8192_8",40,16,"SQ_LDS_UNALIGNED_STALL",0.00000000e+00
"25__1024_16_8192_16",40,16,"SQ_LDS_BANK_CONFLICT",2560.000000
"25__1024_16_8192_16",40,16,"SQ_LDS_UNALIGNED_STALL",0.00000000e+00
"26__128_2",48,16,"SQ_LDS_BANK_CONFLICT",384.000000
"26__128_2",48,16,"SQ_LDS_UNALIGNED_STALL",5760.000000
"26__128_2_8192_2",44,16,"SQ_LDS_BANK_CONFLICT",0.00000000e+00
"26__128_2_8192_2",44,16,"SQ_LDS_UNALIGNED_STALL",7744.000000
"26__128_2_8192_4",44,16,"SQ_LDS_BANK_CONFLICT",128.000000
"26__128_2_8192_4",44,16,"SQ_LDS_UNALIGNED_STALL",5760.000000
"26__128_2_8192_8",44,16,"SQ_LDS_BANK_CONFLICT",128.000000
"26__128_2_8192_8",44,16,"SQ_LDS_UNALIGNED_STALL",5760.000000
"26__128_2_8192_16",44,16,"SQ_LDS_BANK_CONFLICT",384.000000
"26__128_2_8192_16",44,16,"SQ_LDS_UNALIGNED_STALL",5760.000000
"26__128_4",48,16,"SQ_LDS_BANK_CONFLICT",1792.000000
"26__128_4",48,16,"SQ_LDS_UNALIGNED_STALL",0.00000000e+00
"26__128_4_4096_2",48,16,"SQ_LDS_BANK_CONFLICT",0.00000000e+00
"26__128_4_4096_2",48,16,"SQ_LDS_UNALIGNED_STALL",5824.000000
"26__128_4_4096_4",48,16,"SQ_LDS_BANK_CONFLICT",256.000000
"26__128_4_4096_4",48,16,"SQ_LDS_UNALIGNED_STALL",0.00000000e+00
"26__128_4_4096_8",48,16,"SQ_LDS_BANK_CONFLICT",256.000000
"26__128_4_4096_8",48,16,"SQ_LDS_UNALIGNED_STALL",0.00000000e+00
"26__128_4_4096_16",48,16,"SQ_LDS_BANK_CONFLICT",768.000000
"26__128_4_4096_16",48,16,"SQ_LDS_UNALIGNED_STALL",0.00000000e+00
"26__128_8",48,16,"SQ_LDS_BANK_CONFLICT",4096.000000
"26__128_8",48,16,"SQ_LDS_UNALIGNED_STALL",0.00000000e+00
"26__128_8_2048_2",60,16,"SQ_LDS_BANK_CONFLICT",32.000000
"26__128_8_2048_2",60,16,"SQ_LDS_UNALIGNED_STALL",7296.000000
"26__128_8_2048_4",60,16,"SQ_LDS_BANK_CONFLICT",320.000000
"26__128_8_2048_4",60,16,"SQ_LDS_UNALIGNED_STALL",0.00000000e+00
"26__128_8_2048_8",60,16,"SQ_LDS_BANK_CONFLICT",416.000000
"26__128_8_2048_8",60,16,"SQ_LDS_UNALIGNED_STALL",0.00000000e+00
"26__128_8_2048_16",60,16,"SQ_LDS_BANK_CONFLICT",928.000000
"26__128_8_2048_16",60,16,"SQ_LDS_UNALIGNED_STALL",0.00000000e+00
"26__128_16",48,16,"SQ_LDS_BANK_CONFLICT",4608.000000
"26__128_16",48,16,"SQ_LDS_UNALIGNED_STALL",0.00000000e+00
"26__128_16_1024_2",60,16,"SQ_LDS_BANK_CONFLICT",0.00000000e+00
"26__128_16_1024_2",60,16,"SQ_LDS_UNALIGNED_STALL",7776.000000
"26__128_16_1024_4",60,16,"SQ_LDS_BANK_CONFLICT",64.000000
"26__128_16_1024_4",60,16,"SQ_LDS_UNALIGNED_STALL",0.00000000e+00
"26__128_16_1024_8",60,16,"SQ_LDS_BANK_CONFLICT",416.000000
"26__128_16_1024_8",60,16,"SQ_LDS_UNALIGNED_STALL",0.00000000e+00
"26__128_16_1024_16",60,16,"SQ_LDS_BANK_CONFLICT",1248.000000
"26__128_16_1024_16",60,16,"SQ_LDS_UNALIGNED_STALL",0.00000000e+00
"26__128_2",48,16,"SQ_LDS_BANK_CONFLICT",384.000000
"26__128_2",48,16,"SQ_LDS_UNALIGNED_STALL",5760.000000
"26__128_2_8192_2",44,16,"SQ_LDS_BANK_CONFLICT",0.00000000e+00
"26__128_2_8192_2",44,16,"SQ_LDS_UNALIGNED_STALL",7744.000000
"26__128_2_8192_4",44,16,"SQ_LDS_BANK_CONFLICT",128.000000
"26__128_2_8192_4",44,16,"SQ_LDS_UNALIGNED_STALL",5760.000000
"26__128_2_8192_8",44,16,"SQ_LDS_BANK_CONFLICT",128.000000
"26__128_2_8192_8",44,16,"SQ_LDS_UNALIGNED_STALL",5760.000000
"26__128_2_8192_16",44,16,"SQ_LDS_BANK_CONFLICT",384.000000
"26__128_2_8192_16",44,16,"SQ_LDS_UNALIGNED_STALL",5760.000000
"26__128_4",48,16,"SQ_LDS_BANK_CONFLICT",1792.000000
"26__128_4",48,16,"SQ_LDS_UNALIGNED_STALL",0.00000000e+00
"26__128_4_4096_2",48,16,"SQ_LDS_BANK_CONFLICT",0.00000000e+00
"26__128_4_4096_2",48,16,"SQ_LDS_UNALIGNED_STALL",5824.000000
"26__128_4_4096_4",48,16,"SQ_LDS_BANK_CONFLICT",256.000000
"26__128_4_4096_4",48,16,"SQ_LDS_UNALIGNED_STALL",0.00000000e+00
"26__128_4_4096_8",48,16,"SQ_LDS_BANK_CONFLICT",256.000000
"26__128_4_4096_8",48,16,"SQ_LDS_UNALIGNED_STALL",0.00000000e+00
"26__128_4_4096_16",48,16,"SQ_LDS_BANK_CONFLICT",768.000000
"26__128_4_4096_16",48,16,"SQ_LDS_UNALIGNED_STALL",0.00000000e+00
"26__128_8",48,16,"SQ_LDS_BANK_CONFLICT",4096.000000
"26__128_8",48,16,"SQ_LDS_UNALIGNED_STALL",0.00000000e+00
"26__128_8_2048_2",60,16,"SQ_LDS_BANK_CONFLICT",32.000000
"26__128_8_2048_2",60,16,"SQ_LDS_UNALIGNED_STALL",7296.000000
"26__128_8_2048_4",60,16,"SQ_LDS_BANK_CONFLICT",320.000000
"26__128_8_2048_4",60,16,"SQ_LDS_UNALIGNED_STALL",0.00000000e+00
"26__128_8_2048_8",60,16,"SQ_LDS_BANK_CONFLICT",416.000000
"26__128_8_2048_8",60,16,"SQ_LDS_UNALIGNED_STALL",0.00000000e+00
"26__128_8_2048_16",60,16,"SQ_LDS_BANK_CONFLICT",928.000000
"26__128_8_2048_16",60,16,"SQ_LDS_UNALIGNED_STALL",0.00000000e+00
"26__128_16",48,16,"SQ_LDS_BANK_CONFLICT",4608.000000
"26__128_16",48,16,"SQ_LDS_UNALIGNED_STALL",0.00000000e+00
"26__128_16_1024_2",60,16,"SQ_LDS_BANK_CONFLICT",0.00000000e+00
"26__128_16_1024_2",60,16,"SQ_LDS_UNALIGNED_STALL",7776.000000
"26__128_16_1024_4",60,16,"SQ_LDS_BANK_CONFLICT",64.000000
"26__128_16_1024_4",60,16,"SQ_LDS_UNALIGNED_STALL",0.00000000e+00
"26__128_16_1024_8",60,16,"SQ_LDS_BANK_CONFLICT",416.000000
"26__128_16_1024_8",60,16,"SQ_LDS_UNALIGNED_STALL",0.00000000e+00
"26__128_16_1024_16",60,16,"SQ_LDS_BANK_CONFLICT",1248.000000
"26__128_16_1024_16",60,16,"SQ_LDS_UNALIGNED_STALL",0.00000000e+00
"26__1024_2",48,16,"SQ_LDS_BANK_CONFLICT",0.00000000e+00
"26__1024_2",48,16,"SQ_LDS_UNALIGNED_STALL",7680.000000
"26__1024_2_65536_2",48,16,"SQ_LDS_BANK_CONFLICT",0.00000000e+00
"26__1024_2_65536_2",48,16,"SQ_LDS_UNALIGNED_STALL",7680.000000
"26__1024_2_65536_4",48,16,"SQ_LDS_BANK_CONFLICT",0.00000000e+00
"26__1024_2_65536_4",48,16,"SQ_LDS_UNALIGNED_STALL",7680.000000
"26__1024_2_65536_8",48,16,"SQ_LDS_BANK_CONFLICT",0.00000000e+00
"26__1024_2_65536_8",48,16,"SQ_LDS_UNALIGNED_STALL",7680.000000
"26__1024_2_65536_16",48,16,"SQ_LDS_BANK_CONFLICT",0.00000000e+00
"26__1024_2_65536_16",48,16,"SQ_LDS_UNALIGNED_STALL",7680.000000
"26__1024_4",48,16,"SQ_LDS_BANK_CONFLICT",1792.000000
"26__1024_4",48,16,"SQ_LDS_UNALIGNED_STALL",0.00000000e+00
"26__1024_4_32768_2",48,16,"SQ_LDS_BANK_CONFLICT",1792.000000
"26__1024_4_32768_2",48,16,"SQ_LDS_UNALIGNED_STALL",0.00000000e+00
"26__1024_4_32768_4",48,16,"SQ_LDS_BANK_CONFLICT",1792.000000
"26__1024_4_32768_4",48,16,"SQ_LDS_UNALIGNED_STALL",0.00000000e+00
"26__1024_4_32768_8",48,16,"SQ_LDS_BANK_CONFLICT",1792.000000
"26__1024_4_32768_8",48,16,"SQ_LDS_UNALIGNED_STALL",0.00000000e+00
"26__1024_4_32768_16",48,16,"SQ_LDS_BANK_CONFLICT",1792.000000
"26__1024_4_32768_16",48,16,"SQ_LDS_UNALIGNED_STALL",0.00000000e+00
"26__1024_8",48,16,"SQ_LDS_BANK_CONFLICT",2048.000000
"26__1024_8",48,16,"SQ_LDS_UNALIGNED_STALL",0.00000000e+00
"26__1024_8_16384_2",48,16,"SQ_LDS_BANK_CONFLICT",2048.000000
"26__1024_8_16384_2",48,16,"SQ_LDS_UNALIGNED_STALL",0.00000000e+00
"26__1024_8_16384_4",48,16,"SQ_LDS_BANK_CONFLICT",2048.000000
"26__1024_8_16384_4",48,16,"SQ_LDS_UNALIGNED_STALL",0.00000000e+00
"26__1024_8_16384_8",48,16,"SQ_LDS_BANK_CONFLICT",2048.000000
"26__1024_8_16384_8",48,16,"SQ_LDS_UNALIGNED_STALL",0.00000000e+00
"26__1024_8_16384_16",48,16,"SQ_LDS_BANK_CONFLICT",2048.000000
"26__1024_8_16384_16",48,16,"SQ_LDS_UNALIGNED_STALL",0.00000000e+00
"26__1024_16",48,16,"SQ_LDS_BANK_CONFLICT",2560.000000
"26__1024_16",48,16,"SQ_LDS_UNALIGNED_STALL",0.00000000e+00
"26__1024_16_8192_2",44,16,"SQ_LDS_BANK_CONFLICT",896.000000
"26__1024_16_8192_2",44,16,"SQ_LDS_UNALIGNED_STALL",5824.000000
"26__1024_16_8192_4",44,16,"SQ_LDS_BANK_CONFLICT",2048.000000
"26__1024_16_8192_4",44,16,"SQ_LDS_UNALIGNED_STALL",0.00000000e+00
"26__1024_16_8192_8",44,16,"SQ_LDS_BANK_CONFLICT",2048.000000
"26__1024_16_8192_8",44,16,"SQ_LDS_UNALIGNED_STALL",0.00000000e+00
"26__1024_16_8192_16",48,16,"SQ_LDS_BANK_CONFLICT",2560.000000
"26__1024_16_8192_16",48,16,"SQ_LDS_UNALIGNED_STALL",0.00000000e+00
"27__128_2",88,16,"SQ_LDS_BANK_CONFLICT",384.000000
"27__128_2",88,16,"SQ_LDS_UNALIGNED_STALL",5760.000000
"27__128_2_8192_2",88,16,"SQ_LDS_BANK_CONFLICT",0.00000000e+00
"27__128_2_8192_2",88,16,"SQ_LDS_UNALIGNED_STALL",7744.000000
"27__128_2_8192_4",88,16,"SQ_LDS_BANK_CONFLICT",128.000000
"27__128_2_8192_4",88,16,"SQ_LDS_UNALIGNED_STALL",5760.000000
"27__128_2_8192_8",88,16,"SQ_LDS_BANK_CONFLICT",128.000000
"27__128_2_8192_8",88,16,"SQ_LDS_UNALIGNED_STALL",5760.000000
"27__128_2_8192_16",88,16,"SQ_LDS_BANK_CONFLICT",384.000000
"27__128_2_8192_16",88,16,"SQ_LDS_UNALIGNED_STALL",5760.000000
"27__128_4",88,16,"SQ_LDS_BANK_CONFLICT",1792.000000
"27__128_4",88,16,"SQ_LDS_UNALIGNED_STALL",0.00000000e+00
"27__128_4_4096_2",88,16,"SQ_LDS_BANK_CONFLICT",0.00000000e+00
"27__128_4_4096_2",88,16,"SQ_LDS_UNALIGNED_STALL",5824.000000
"27__128_4_4096_4",88,16,"SQ_LDS_BANK_CONFLICT",256.000000
"27__128_4_4096_4",88,16,"SQ_LDS_UNALIGNED_STALL",0.00000000e+00
"27__128_4_4096_8",88,16,"SQ_LDS_BANK_CONFLICT",256.000000
"27__128_4_4096_8",88,16,"SQ_LDS_UNALIGNED_STALL",0.00000000e+00
"27__128_4_4096_16",88,16,"SQ_LDS_BANK_CONFLICT",768.000000
"27__128_4_4096_16",88,16,"SQ_LDS_UNALIGNED_STALL",0.00000000e+00
"27__128_8",88,16,"SQ_LDS_BANK_CONFLICT",4096.000000
"27__128_8",88,16,"SQ_LDS_UNALIGNED_STALL",0.00000000e+00
"27__128_8_2048_2",88,16,"SQ_LDS_BANK_CONFLICT",128.000000
"27__128_8_2048_2",88,16,"SQ_LDS_UNALIGNED_STALL",5824.000000
"27__128_8_2048_4",88,16,"SQ_LDS_BANK_CONFLICT",512.000000
"27__128_8_2048_4",88,16,"SQ_LDS_UNALIGNED_STALL",0.00000000e+00
"27__128_8_2048_8",88,16,"SQ_LDS_BANK_CONFLICT",512.000000
"27__128_8_2048_8",88,16,"SQ_LDS_UNALIGNED_STALL",0.00000000e+00
"27__128_8_2048_16",88,16,"SQ_LDS_BANK_CONFLICT",1024.000000
"27__128_8_2048_16",88,16,"SQ_LDS_UNALIGNED_STALL",0.00000000e+00
"27__128_16",88,16,"SQ_LDS_BANK_CONFLICT",4608.000000
"27__128_16",88,16,"SQ_LDS_UNALIGNED_STALL",0.00000000e+00
"27__128_16_1024_2",88,16,"SQ_LDS_BANK_CONFLICT",0.00000000e+00
"27__128_16_1024_2",88,16,"SQ_LDS_UNALIGNED_STALL",7792.000000
"27__128_16_1024_4",88,16,"SQ_LDS_BANK_CONFLICT",144.000000
"27__128_16_1024_4",88,16,"SQ_LDS_UNALIGNED_STALL",0.00000000e+00
"27__128_16_1024_8",88,16,"SQ_LDS_BANK_CONFLICT",288.000000
"27__128_16_1024_8",88,16,"SQ_LDS_UNALIGNED_STALL",0.00000000e+00
"27__128_16_1024_16",88,16,"SQ_LDS_BANK_CONFLICT",976.000000
"27__128_16_1024_16",88,16,"SQ_LDS_UNALIGNED_STALL",0.00000000e+00
"27__128_2",88,16,"SQ_LDS_BANK_CONFLICT",384.000000
"27__128_2",88,16,"SQ_LDS_UNALIGNED_STALL",5760.000000
"27__128_2_8192_2",88,16,"SQ_LDS_BANK_CONFLICT",0.00000000e+00
"27__128_2_8192_2",88,16,"SQ_LDS_UNALIGNED_STALL",7744.000000
"27__128_2_8192_4",88,16,"SQ_LDS_BANK_CONFLICT",128.000000
"27__128_2_8192_4",88,16,"SQ_LDS_UNALIGNED_STALL",5760.000000
"27__128_2_8192_8",88,16,"SQ_LDS_BANK_CONFLICT",128.000000
"27__128_2_8192_8",88,16,"SQ_LDS_UNALIGNED_STALL",5760.000000
"27__128_2_8192_16",88,16,"SQ_LDS_BANK_CONFLICT",384.000000
"27__128_2_8192_16",88,16,"SQ_LDS_UNALIGNED_STALL",5760.000000
"27__128_4",88,16,"SQ_LDS_BANK_CONFLICT",1792.000000
"27__128_4",88,16,"SQ_LDS_UNALIGNED_STALL",0.00000000e+00
"27__128_4_4096_2",88,16,"SQ_LDS_BANK_CONFLICT",0.00000000e+00
"27__128_4_4096_2",88,16,"SQ_LDS_UNALIGNED_STALL",5824.000000
"27__128_4_4096_4",88,16,"SQ_LDS_BANK_CONFLICT",256.000000
"27__128_4_4096_4",88,16,"SQ_LDS_UNALIGNED_STALL",0.00000000e+00
"27__128_4_4096_8",88,16,"SQ_LDS_BANK_CONFLICT",256.000000
"27__128_4_4096_8",88,16,"SQ_LDS_UNALIGNED_STALL",0.00000000e+00
"27__128_4_4096_16",88,16,"SQ_LDS_BANK_CONFLICT",768.000000
"27__128_4_4096_16",88,16,"SQ_LDS_UNALIGNED_STALL",0.00000000e+00
"27__128_8",88,16,"SQ_LDS_BANK_CONFLICT",4096.000000
"27__128_8",88,16,"SQ_LDS_UNALIGNED_STALL",0.00000000e+00
"27__128_8_2048_2",88,16,"SQ_LDS_BANK_CONFLICT",128.000000
"27__128_8_2048_2",88,16,"SQ_LDS_UNALIGNED_STALL",5824.000000
"27__128_8_2048_4",88,16,"SQ_LDS_BANK_CONFLICT",512.000000
"27__128_8_2048_4",88,16,"SQ_LDS_UNALIGNED_STALL",0.00000000e+00
"27__128_8_2048_8",88,16,"SQ_LDS_BANK_CONFLICT",512.000000
"27__128_8_2048_8",88,16,"SQ_LDS_UNALIGNED_STALL",0.00000000e+00
"27__128_8_2048_16",88,16,"SQ_LDS_BANK_CONFLICT",1024.000000
"27__128_8_2048_16",88,16,"SQ_LDS_UNALIGNED_STALL",0.00000000e+00
"27__128_16",88,16,"SQ_LDS_BANK_CONFLICT",4608.000000
"27__128_16",88,16,"SQ_LDS_UNALIGNED_STALL",0.00000000e+00
"27__128_16_1024_2",88,16,"SQ_LDS_BANK_CONFLICT",0.00000000e+00
"27__128_16_1024_2",88,16,"SQ_LDS_UNALIGNED_STALL",7792.000000
"27__128_16_1024_4",88,16,"SQ_LDS_BANK_CONFLICT",144.000000
"27__128_16_1024_4",88,16,"SQ_LDS_UNALIGNED_STALL",0.00000000e+00
"27__128_16_1024_8",88,16,"SQ_LDS_BANK_CONFLICT",288.000000
"27__128_16_1024_8",88,16,"SQ_LDS_UNALIGNED_STALL",0.00000000e+00
"27__128_16_1024_16",88,16,"SQ_LDS_BANK_CONFLICT",976.000000
"27__128_16_1024_16",88,16,"SQ_LDS_UNALIGNED_STALL",0.00000000e+00
"27__1024_2",88,16,"SQ_LDS_BANK_CONFLICT",0.00000000e+00
"27__1024_2",88,16,"SQ_LDS_UNALIGNED_STALL",7680.000000
"27__1024_2_65536_2",88,16,"SQ_LDS_BANK_CONFLICT",0.00000000e+00
"27__1024_2_65536_2",88,16,"SQ_LDS_UNALIGNED_STALL",7680.000000
"27__1024_2_65536_4",88,16,"SQ_LDS_BANK_CONFLICT",0.00000000e+00
"27__1024_2_65536_4",88,16,"SQ_LDS_UNALIGNED_STALL",7680.000000
"27__1024_2_65536_8",88,16,"SQ_LDS_BANK_CONFLICT",0.00000000e+00
"27__1024_2_65536_8",88,16,"SQ_LDS_UNALIGNED_STALL",7680.000000
"27__1024_2_65536_16",88,16,"SQ_LDS_BANK_CONFLICT",0.00000000e+00
"27__1024_2_65536_16",88,16,"SQ_LDS_UNALIGNED_STALL",7680.000000
"27__1024_4",88,16,"SQ_LDS_BANK_CONFLICT",1792.000000
"27__1024_4",88,16,"SQ_LDS_UNALIGNED_STALL",0.00000000e+00
"27__1024_4_32768_2",88,16,"SQ_LDS_BANK_CONFLICT",1792.000000
"27__1024_4_32768_2",88,16,"SQ_LDS_UNALIGNED_STALL",0.00000000e+00
"27__1024_4_32768_4",88,16,"SQ_LDS_BANK_CONFLICT",1792.000000
"27__1024_4_32768_4",88,16,"SQ_LDS_UNALIGNED_STALL",0.00000000e+00
"27__1024_4_32768_8",88,16,"SQ_LDS_BANK_CONFLICT",1792.000000
"27__1024_4_32768_8",88,16,"SQ_LDS_UNALIGNED_STALL",0.00000000e+00
"27__1024_4_32768_16",88,16,"SQ_LDS_BANK_CONFLICT",1792.000000
"27__1024_4_32768_16",88,16,"SQ_LDS_UNALIGNED_STALL",0.00000000e+00
"27__1024_8",88,16,"SQ_LDS_BANK_CONFLICT",2048.000000
"27__1024_8",88,16,"SQ_LDS_UNALIGNED_STALL",0.00000000e+00
"27__1024_8_16384_2",88,16,"SQ_LDS_BANK_CONFLICT",2048.000000
"27__1024_8_16384_2",88,16,"SQ_LDS_UNALIGNED_STALL",0.00000000e+00
"27__1024_8_16384_4",88,16,"SQ_LDS_BANK_CONFLICT",2048.000000
"27__1024_8_16384_4",88,16,"SQ_LDS_UNALIGNED_STALL",0.00000000e+00
"27__1024_8_16384_8",88,16,"SQ_LDS_BANK_CONFLICT",2048.000000
"27__1024_8_16384_8",88,16,"SQ_LDS_UNALIGNED_STALL",0.00000000e+00
"27__1024_8_16384_16",88,16,"SQ_LDS_BANK_CONFLICT",2048.000000
"27__1024_8_16384_16",88,16,"SQ_LDS_UNALIGNED_STALL",0.00000000e+00
"27__1024_16",88,16,"SQ_LDS_BANK_CONFLICT",2560.000000
"27__1024_16",88,16,"SQ_LDS_UNALIGNED_STALL",0.00000000e+00
"27__1024_16_8192_2",88,16,"SQ_LDS_BANK_CONFLICT",896.000000
"27__1024_16_8192_2",88,16,"SQ_LDS_UNALIGNED_STALL",5824.000000
"27__1024_16_8192_4",88,16,"SQ_LDS_BANK_CONFLICT",2048.000000
"27__1024_16_8192_4",88,16,"SQ_LDS_UNALIGNED_STALL",0.00000000e+00
"27__1024_16_8192_8",88,16,"SQ_LDS_BANK_CONFLICT",2048.000000
"27__1024_16_8192_8",88,16,"SQ_LDS_UNALIGNED_STALL",0.00000000e+00
"27__1024_16_8192_16",88,16,"SQ_LDS_BANK_CONFLICT",2560.000000
"27__1024_16_8192_16",88,16,"SQ_LDS_UNALIGNED_STALL",0.00000000e+00
"28__128_2",40,16,"SQ_LDS_BANK_CONFLICT",64.000000
"28__128_2",40,16,"SQ_LDS_UNALIGNED_STALL",5184.000000
"28__128_2_8192_2",40,16,"SQ_LDS_BANK_CONFLICT",64.000000
"28__128_2_8192_2",40,16,"SQ_LDS_UNALIGNED_STALL",5248.000000
"28__128_2_8192_4",40,16,"SQ_LDS_BANK_CONFLICT",64.000000
"28__128_2_8192_4",40,16,"SQ_LDS_UNALIGNED_STALL",5184.000000
"28__128_2_8192_8",40,16,"SQ_LDS_BANK_CONFLICT",64.000000
"28__128_2_8192_8",40,16,"SQ_LDS_UNALIGNED_STALL",5184.000000
"28__128_2_8192_16",40,16,"SQ_LDS_BANK_CONFLICT",64.000000
"28__128_2_8192_16",40,16,"SQ_LDS_UNALIGNED_STALL",5184.000000
"28__128_4",40,16,"SQ_LDS_BANK_CONFLICT",384.000000
"28__128_4",40,16,"SQ_LDS_UNALIGNED_STALL",896.000000
"28__128_4_4096_2",40,16,"SQ_LDS_BANK_CONFLICT",0.00000000e+00
"28__128_4_4096_2",40,16,"SQ_LDS_UNALIGNED_STALL",3776.000000
"28__128_4_4096_4",40,16,"SQ_LDS_BANK_CONFLICT",0.00000000e+00
"28__128_4_4096_4",40,16,"SQ_LDS_UNALIGNED_STALL",1792.000000
"28__128_4_4096_8",40,16,"SQ_LDS_BANK_CONFLICT",128.000000
"28__128_4_4096_8",40,16,"SQ_LDS_UNALIGNED_STALL",896.000000
"28__128_4_4096_16",40,16,"SQ_LDS_BANK_CONFLICT",128.000000
"28__128_4_4096_16",40,16,"SQ_LDS_UNALIGNED_STALL",896.000000
"28__128_8",40,16,"SQ_LDS_BANK_CONFLICT",2048.000000
"28__128_8",40,16,"SQ_LDS_UNALIGNED_STALL",0.00000000e+00
"28__128_8_2048_2",64,16,"SQ_LDS_BANK_CONFLICT",32.000000
"28__128_8_2048_2",64,16,"SQ_LDS_UNALIGNED_STALL",5248.000000
"28__128_8_2048_4",60,16,"SQ_LDS_BANK_CONFLICT",64.000000
"28__128_8_2048_4",60,16,"SQ_LDS_UNALIGNED_STALL",1792.000000
"28__128_8_2048_8",64,16,"SQ_LDS_BANK_CONFLICT",416.000000
"28__128_8_2048_8",64,16,"SQ_LDS_UNALIGNED_STALL",0.00000000e+00
"28__128_8_2048_16",64,16,"SQ_LDS_BANK_CONFLICT",416.000000
"28__128_8_2048_16",64,16,"SQ_LDS_UNALIGNED_STALL",0.00000000e+00
"28__128_16",40,16,"SQ_LDS_BANK_CONFLICT",2560.000000
"28__128_16",40,16,"SQ_LDS_UNALIGNED_STALL",0.00000000e+00
"28__128_16_1024_2",60,16,"SQ_LDS_BANK_CONFLICT",0.00000000e+00
"28__128_16_1024_2",60,16,"SQ_LDS_UNALIGNED_STALL",5728.000000
"28__128_16_1024_4",64,16,"SQ_LDS_BANK_CONFLICT",64.000000
"28__128_16_1024_4",64,16,"SQ_LDS_UNALIGNED_STALL",1792.000000
"28__128_16_1024_8",64,16,"SQ_LDS_BANK_CONFLICT",160.000000
"28__128_16_1024_8",64,16,"SQ_LDS_UNALIGNED_STALL",0.00000000e+00
"28__128_16_1024_16",64,16,"SQ_LDS_BANK_CONFLICT",736.000000
"28__128_16_1024_16",64,16,"SQ_LDS_UNALIGNED_STALL",0.00000000e+00
"28__128_2",40,16,"SQ_LDS_BANK_CONFLICT",64.000000
"28__128_2",40,16,"SQ_LDS_UNALIGNED_STALL",5184.000000
"28__128_2_8192_2",40,16,"SQ_LDS_BANK_CONFLICT",64.000000
"28__128_2_8192_2",40,16,"SQ_LDS_UNALIGNED_STALL",5248.000000
"28__128_2_8192_4",40,16,"SQ_LDS_BANK_CONFLICT",64.000000
"28__128_2_8192_4",40,16,"SQ_LDS_UNALIGNED_STALL",5184.000000
"28__128_2_8192_8",40,16,"SQ_LDS_BANK_CONFLICT",64.000000
"28__128_2_8192_8",40,16,"SQ_LDS_UNALIGNED_STALL",5184.000000
"28__128_2_8192_16",40,16,"SQ_LDS_BANK_CONFLICT",64.000000
"28__128_2_8192_16",40,16,"SQ_LDS_UNALIGNED_STALL",5184.000000
"28__128_4",40,16,"SQ_LDS_BANK_CONFLICT",384.000000
"28__128_4",40,16,"SQ_LDS_UNALIGNED_STALL",896.000000
"28__128_4_4096_2",40,16,"SQ_LDS_BANK_CONFLICT",0.00000000e+00
"28__128_4_4096_2",40,16,"SQ_LDS_UNALIGNED_STALL",3776.000000
"28__128_4_4096_4",40,16,"SQ_LDS_BANK_CONFLICT",0.00000000e+00
"28__128_4_4096_4",40,16,"SQ_LDS_UNALIGNED_STALL",1792.000000
"28__128_4_4096_8",40,16,"SQ_LDS_BANK_CONFLICT",128.000000
"28__128_4_4096_8",40,16,"SQ_LDS_UNALIGNED_STALL",896.000000
"28__128_4_4096_16",40,16,"SQ_LDS_BANK_CONFLICT",128.000000
"28__128_4_4096_16",40,16,"SQ_LDS_UNALIGNED_STALL",896.000000
"28__128_8",40,16,"SQ_LDS_BANK_CONFLICT",2048.000000
"28__128_8",40,16,"SQ_LDS_UNALIGNED_STALL",0.00000000e+00
"28__128_8_2048_2",64,16,"SQ_LDS_BANK_CONFLICT",32.000000
"28__128_8_2048_2",64,16,"SQ_LDS_UNALIGNED_STALL",5248.000000
"28__128_8_2048_4",60,16,"SQ_LDS_BANK_CONFLICT",64.000000
"28__128_8_2048_4",60,16,"SQ_LDS_UNALIGNED_STALL",1792.000000
"28__128_8_2048_8",64,16,"SQ_LDS_BANK_CONFLICT",416.000000
"28__128_8_2048_8",64,16,"SQ_LDS_UNALIGNED_STALL",0.00000000e+00
"28__128_8_2048_16",64,16,"SQ_LDS_BANK_CONFLICT",416.000000
"28__128_8_2048_16",64,16,"SQ_LDS_UNALIGNED_STALL",0.00000000e+00
"28__128_16",40,16,"SQ_LDS_BANK_CONFLICT",2560.000000
"28__128_16",40,16,"SQ_LDS_UNALIGNED_STALL",0.00000000e+00
"28__128_16_1024_2",60,16,"SQ_LDS_BANK_CONFLICT",0.00000000e+00
"28__128_16_1024_2",60,16,"SQ_LDS_UNALIGNED_STALL",5728.000000
"28__128_16_1024_4",64,16,"SQ_LDS_BANK_CONFLICT",64.000000
"28__128_16_1024_4",64,16,"SQ_LDS_UNALIGNED_STALL",1792.000000
"28__128_16_1024_8",64,16,"SQ_LDS_BANK_CONFLICT",160.000000
"28__128_16_1024_8",64,16,"SQ_LDS_UNALIGNED_STALL",0.00000000e+00
"28__128_16_1024_16",64,16,"SQ_LDS_BANK_CONFLICT",736.000000
"28__128_16_1024_16",64,16,"SQ_LDS_UNALIGNED_STALL",0.00000000e+00
"28__1024_2",40,16,"SQ_LDS_BANK_CONFLICT",0.00000000e+00
"28__1024_2",40,16,"SQ_LDS_UNALIGNED_STALL",5632.000000
"28__1024_2_65536_2",40,16,"SQ_LDS_BANK_CONFLICT",0.00000000e+00
"28__1024_2_65536_2",40,16,"SQ_LDS_UNALIGNED_STALL",5632.000000
"28__1024_2_65536_4",40,16,"SQ_LDS_BANK_CONFLICT",0.00000000e+00
"28__1024_2_65536_4",40,16,"SQ_LDS_UNALIGNED_STALL",5632.000000
"28__1024_2_65536_8",40,16,"SQ_LDS_BANK_CONFLICT",0.00000000e+00
"28__1024_2_65536_8",40,16,"SQ_LDS_UNALIGNED_STALL",5632.000000
"28__1024_2_65536_16",40,16,"SQ_LDS_BANK_CONFLICT",0.00000000e+00
"28__1024_2_65536_16",40,16,"SQ_LDS_UNALIGNED_STALL",5632.000000
"28__1024_4",40,16,"SQ_LDS_BANK_CONFLICT",1792.000000
"28__1024_4",40,16,"SQ_LDS_UNALIGNED_STALL",1792.000000
"28__1024_4_32768_2",40,16,"SQ_LDS_BANK_CONFLICT",1792.000000
"28__1024_4_32768_2",40,16,"SQ_LDS_UNALIGNED_STALL",1792.000000
"28__1024_4_32768_4",40,16,"SQ_LDS_BANK_CONFLICT",1792.000000
"28__1024_4_32768_4",40,16,"SQ_LDS_UNALIGNED_STALL",1792.000000
"28__1024_4_32768_8",40,16,"SQ_LDS_BANK_CONFLICT",1792.000000
"28__1024_4_32768_8",40,16,"SQ_LDS_UNALIGNED_STALL",1792.000000
"28__1024_4_32768_16",40,16,"SQ_LDS_BANK_CONFLICT",1792.000000
"28__1024_4_32768_16",40,16,"SQ_LDS_UNALIGNED_STALL",1792.000000
"28__1024_8",40,16,"SQ_LDS_BANK_CONFLICT",1792.000000
"28__1024_8",40,16,"SQ_LDS_UNALIGNED_STALL",0.00000000e+00
"28__1024_8_16384_2",40,16,"SQ_LDS_BANK_CONFLICT",1792.000000
"28__1024_8_16384_2",40,16,"SQ_LDS_UNALIGNED_STALL",0.00000000e+00
"28__1024_8_16384_4",40,16,"SQ_LDS_BANK_CONFLICT",1792.000000
"28__1024_8_16384_4",40,16,"SQ_LDS_UNALIGNED_STALL",0.00000000e+00
"28__1024_8_16384_8",40,16,"SQ_LDS_BANK_CONFLICT",1792.000000
"28__1024_8_16384_8",40,16,"SQ_LDS_UNALIGNED_STALL",0.00000000e+00
"28__1024_8_16384_16",40,16,"SQ_LDS_BANK_CONFLICT",1792.000000
"28__1024_8_16384_16",40,16,"SQ_LDS_UNALIGNED_STALL",0.00000000e+00
"28__1024_16",40,16,"SQ_LDS_BANK_CONFLICT",2048.000000
"28__1024_16",40,16,"SQ_LDS_UNALIGNED_STALL",0.00000000e+00
"28__1024_16_8192_2",40,16,"SQ_LDS_BANK_CONFLICT",1024.000000
"28__1024_16_8192_2",40,16,"SQ_LDS_UNALIGNED_STALL",2880.000000
"28__1024_16_8192_4",40,16,"SQ_LDS_BANK_CONFLICT",1920.000000
"28__1024_16_8192_4",40,16,"SQ_LDS_UNALIGNED_STALL",896.000000
"28__1024_16_8192_8",40,16,"SQ_LDS_BANK_CONFLICT",2048.000000
"28__1024_16_8192_8",40,16,"SQ_LDS_UNALIGNED_STALL",0.00000000e+00
"28__1024_16_8192_16",40,16,"SQ_LDS_BANK_CONFLICT",2048.000000
"28__1024_16_8192_16",40,16,"SQ_LDS_UNALIGNED_STALL",0.00000000e+00
"29__128_2",40,16,"SQ_LDS_BANK_CONFLICT",64.000000
"29__128_2",40,16,"SQ_LDS_UNALIGNED_STALL",5184.000000
"29__128_2_8192_2",40,16,"SQ_LDS_BANK_CONFLICT",64.000000
"29__128_2_8192_2",40,16,"SQ_LDS_UNALIGNED_STALL",5248.000000
"29__128_2_8192_4",40,16,"SQ_LDS_BANK_CONFLICT",64.000000
"29__128_2_8192_4",40,16,"SQ_LDS_UNALIGNED_STALL",5184.000000
"29__128_2_8192_8",40,16,"SQ_LDS_BANK_CONFLICT",64.000000
"29__128_2_8192_8",40,16,"SQ_LDS_UNALIGNED_STALL",5184.000000
"29__128_2_8192_16",40,16,"SQ_LDS_BANK_CONFLICT",64.000000
"29__128_2_8192_16",40,16,"SQ_LDS_UNALIGNED_STALL",5184.000000
"29__128_4",40,16,"SQ_LDS_BANK_CONFLICT",384.000000
"29__128_4",40,16,"SQ_LDS_UNALIGNED_STALL",896.000000
"29__128_4_4096_2",40,16,"SQ_LDS_BANK_CONFLICT",0.00000000e+00
"29__128_4_4096_2",40,16,"SQ_LDS_UNALIGNED_STALL",3776.000000
"29__128_4_4096_4",40,16,"SQ_LDS_BANK_CONFLICT",0.00000000e+00
"29__128_4_4096_4",40,16,"SQ_LDS_UNALIGNED_STALL",1792.000000
"29__128_4_4096_8",40,16,"SQ_LDS_BANK_CONFLICT",128.000000
"29__128_4_4096_8",40,16,"SQ_LDS_UNALIGNED_STALL",896.000000
"29__128_4_4096_16",40,16,"SQ_LDS_BANK_CONFLICT",128.000000
"29__128_4_4096_16",40,16,"SQ_LDS_UNALIGNED_STALL",896.000000
"29__128_8",40,16,"SQ_LDS_BANK_CONFLICT",2048.000000
"29__128_8",40,16,"SQ_LDS_UNALIGNED_STALL",0.00000000e+00
"29__128_8_2048_2",40,16,"SQ_LDS_BANK_CONFLICT",128.000000
"29__128_8_2048_2",40,16,"SQ_LDS_UNALIGNED_STALL",3776.000000
"29__128_8_2048_4",40,16,"SQ_LDS_BANK_CONFLICT",256.000000
"29__128_8_2048_4",40,16,"SQ_LDS_UNALIGNED_STALL",1792.000000
"29__128_8_2048_8",40,16,"SQ_LDS_BANK_CONFLICT",512.000000
"29__128_8_2048_8",40,16,"SQ_LDS_UNALIGNED_STALL",0.00000000e+00
"29__128_8_2048_16",40,16,"SQ_LDS_BANK_CONFLICT",512.000000
"29__128_8_2048_16",40,16,"SQ_LDS_UNALIGNED_STALL",0.00000000e+00
"29__128_16",40,16,"SQ_LDS_BANK_CONFLICT",2560.000000
"29__128_16",40,16,"SQ_LDS_UNALIGNED_STALL",0.00000000e+00
"29__128_16_1024_2",48,16,"SQ_LDS_BANK_CONFLICT",0.00000000e+00
"29__128_16_1024_2",48,16,"SQ_LDS_UNALIGNED_STALL",5744.000000
"29__128_16_1024_4",48,16,"SQ_LDS_BANK_CONFLICT",144.000000
"29__128_16_1024_4",48,16,"SQ_LDS_UNALIGNED_STALL",1792.000000
"29__128_16_1024_8",48,16,"SQ_LDS_BANK_CONFLICT",32.000000
"29__128_16_1024_8",48,16,"SQ_LDS_UNALIGNED_STALL",0.00000000e+00
"29__128_16_1024_16",48,16,"SQ_LDS_BANK_CONFLICT",464.000000
"29__128_16_1024_16",48,16,"SQ_LDS_UNALIGNED_STALL",0.00000000e+00
"29__128_2",40,16,"SQ_LDS_BANK_CONFLICT",64.000000
"29__128_2",40,16,"SQ_LDS_UNALIGNED_STALL",5184.000000
"29__128_2_8192_2",40,16,"SQ_LDS_BANK_CONFLICT",64.000000
"29__128_2_8192_2",40,16,"SQ_LDS_UNALIGNED_STALL",5248.000000
"29__128_2_8192_4",40,16,"SQ_LDS_BANK_CONFLICT",64.000000
"29__128_2_8192_4",40,16,"SQ_LDS_UNALIGNED_STALL",5184.000000
"29__128_2_8192_8",40,16,"SQ_LDS_BANK_CONFLICT",64.000000
"29__128_2_8192_8",40,16,"SQ_LDS_UNALIGNED_STALL",5184.000000
"29__128_2_8192_16",40,16,"SQ_LDS_BANK_CONFLICT",64.000000
"29__128_2_8192_16",40,16,"SQ_LDS_UNALIGNED_STALL",5184.000000
"29__128_4",40,16,"SQ_LDS_BANK_CONFLICT",384.000000
"29__128_4",40,16,"SQ_LDS_UNALIGNED_STALL",896.000000
"29__128_4_4096_2",40,16,"SQ_LDS_BANK_CONFLICT",0.00000000e+00
"29__128_4_4096_2",40,16,"SQ_LDS_UNALIGNED_STALL",3776.000000
"29__128_4_4096_4",40,16,"SQ_LDS_BANK_CONFLICT",0.00000000e+00
"29__128_4_4096_4",40,16,"SQ_LDS_UNALIGNED_STALL",1792.000000
"29__128_4_4096_8",40,16,"SQ_LDS_BANK_CONFLICT",128.000000
"29__128_4_4096_8",40,16,"SQ_LDS_UNALIGNED_STALL",896.000000
"29__128_4_4096_16",40,16,"SQ_LDS_BANK_CONFLICT",128.000000
"29__128_4_4096_16",40,16,"SQ_LDS_UNALIGNED_STALL",896.000000
"29__128_8",40,16,"SQ_LDS_BANK_CONFLICT",2048.000000
"29__128_8",40,16,"SQ_LDS_UNALIGNED_STALL",0.00000000e+00
"29__128_8_2048_2",40,16,"SQ_LDS_BANK_CONFLICT",128.000000
"29__128_8_2048_2",40,16,"SQ_LDS_UNALIGNED_STALL",3776.000000
"29__128_8_2048_4",40,16,"SQ_LDS_BANK_CONFLICT",256.000000
"29__128_8_2048_4",40,16,"SQ_LDS_UNALIGNED_STALL",1792.000000
"29__128_8_2048_8",40,16,"SQ_LDS_BANK_CONFLICT",512.000000
"29__128_8_2048_8",40,16,"SQ_LDS_UNALIGNED_STALL",0.00000000e+00
"29__128_8_2048_16",40,16,"SQ_LDS_BANK_CONFLICT",512.000000
"29__128_8_2048_16",40,16,"SQ_LDS_UNALIGNED_STALL",0.00000000e+00
"29__128_16",40,16,"SQ_LDS_BANK_CONFLICT",2560.000000
"29__128_16",40,16,"SQ_LDS_UNALIGNED_STALL",0.00000000e+00
"29__128_16_1024_2",48,16,"SQ_LDS_BANK_CONFLICT",0.00000000e+00
"29__128_16_1024_2",48,16,"SQ_LDS_UNALIGNED_STALL",5744.000000
"29__128_16_1024_4",48,16,"SQ_LDS_BANK_CONFLICT",144.000000
"29__128_16_1024_4",48,16,"SQ_LDS_UNALIGNED_STALL",1792.000000
"29__128_16_1024_8",48,16,"SQ_LDS_BANK_CONFLICT",32.000000
"29__128_16_1024_8",48,16,"SQ_LDS_UNALIGNED_STALL",0.00000000e+00
"29__128_16_1024_16",48,16,"SQ_LDS_BANK_CONFLICT",464.000000
"29__128_16_1024_16",48,16,"SQ_LDS_UNALIGNED_STALL",0.00000000e+00
"29__1024_2",40,16,"SQ_LDS_BANK_CONFLICT",0.00000000e+00
"29__1024_2",40,16,"SQ_LDS_UNALIGNED_STALL",5632.000000
"29__1024_2_65536_2",40,16,"SQ_LDS_BANK_CONFLICT",0.00000000e+00
"29__1024_2_65536_2",40,16,"SQ_LDS_UNALIGNED_STALL",5632.000000
"29__1024_2_65536_4",40,16,"SQ_LDS_BANK_CONFLICT",0.00000000e+00
"29__1024_2_65536_4",40,16,"SQ_LDS_UNALIGNED_STALL",5632.000000
"29__1024_2_65536_8",40,16,"SQ_LDS_BANK_CONFLICT",0.00000000e+00
"29__1024_2_65536_8",40,16,"SQ_LDS_UNALIGNED_STALL",5632.000000
"29__1024_2_65536_16",40,16,"SQ_LDS_BANK_CONFLICT",0.00000000e+00
"29__1024_2_65536_16",40,16,"SQ_LDS_UNALIGNED_STALL",5632.000000
"29__1024_4",40,16,"SQ_LDS_BANK_CONFLICT",1792.000000
"29__1024_4",40,16,"SQ_LDS_UNALIGNED_STALL",1792.000000
"29__1024_4_32768_2",40,16,"SQ_LDS_BANK_CONFLICT",1792.000000
"29__1024_4_32768_2",40,16,"SQ_LDS_UNALIGNED_STALL",1792.000000
"29__1024_4_32768_4",40,16,"SQ_LDS_BANK_CONFLICT",1792.000000
"29__1024_4_32768_4",40,16,"SQ_LDS_UNALIGNED_STALL",1792.000000
"29__1024_4_32768_8",40,16,"SQ_LDS_BANK_CONFLICT",1792.000000
"29__1024_4_32768_8",40,16,"SQ_LDS_UNALIGNED_STALL",1792.000000
"29__1024_4_32768_16",40,16,"SQ_LDS_BANK_CONFLICT",1792.000000
"29__1024_4_32768_16",40,16,"SQ_LDS_UNALIGNED_STALL",1792.000000
"29__1024_8",40,16,"SQ_LDS_BANK_CONFLICT",1792.000000
"29__1024_8",40,16,"SQ_LDS_UNALIGNED_STALL",0.00000000e+00
"29__1024_8_16384_2",40,16,"SQ_LDS_BANK_CONFLICT",1792.000000
"29__1024_8_16384_2",40,16,"SQ_LDS_UNALIGNED_STALL",0.00000000e+00
"29__1024_8_16384_4",40,16,"SQ_LDS_BANK_CONFLICT",1792.000000
"29__1024_8_16384_4",40,16,"SQ_LDS_UNALIGNED_STALL",0.00000000e+00
"29__1024_8_16384_8",40,16,"SQ_LDS_BANK_CONFLICT",1792.000000
"29__1024_8_16384_8",40,16,"SQ_LDS_UNALIGNED_STALL",0.00000000e+00
"29__1024_8_16384_16",40,16,"SQ_LDS_BANK_CONFLICT",1792.000000
"29__1024_8_16384_16",40,16,"SQ_LDS_UNALIGNED_STALL",0.00000000e+00
"29__1024_16",40,16,"SQ_LDS_BANK_CONFLICT",2048.000000
"29__1024_16",40,16,"SQ_LDS_UNALIGNED_STALL",0.00000000e+00
"29__1024_16_8192_2",40,16,"SQ_LDS_BANK_CONFLICT",1024.000000
"29__1024_16_8192_2",40,16,"SQ_LDS_UNALIGNED_STALL",2880.000000
"29__1024_16_8192_4",40,16,"SQ_LDS_BANK_CONFLICT",1920.000000
"29__1024_16_8192_4",40,16,"SQ_LDS_UNALIGNED_STALL",896.000000
"29__1024_16_8192_8",40,16,"SQ_LDS_BANK_CONFLICT",2048.000000
"29__1024_16_8192_8",40,16,"SQ_LDS_UNALIGNED_STALL",0.00000000e+00
"29__1024_16_8192_16",40,16,"SQ_LDS_BANK_CONFLICT",2048.000000
"29__1024_16_8192_16",40,16,"SQ_LDS_UNALIGNED_STALL",0.00000000e+00
"30__256_2",72,16,"SQ_LDS_BANK_CONFLICT",256.000000
"30__256_2",72,16,"SQ_LDS_UNALIGNED_STALL",3840.000000
"30__256_2_16384_2",72,16,"SQ_LDS_BANK_CONFLICT",256.000000
"30__256_2_16384_2",72,16,"SQ_LDS_UNALIGNED_STALL",3840.000000
"30__256_2_16384_4",72,16,"SQ_LDS_BANK_CONFLICT",256.000000
"30__256_2_16384_4",72,16,"SQ_LDS_UNALIGNED_STALL",3840.000000
"30__256_2_16384_8",72,16,"SQ_LDS_BANK_CONFLICT",256.000000
"30__256_2_16384_8",72,16,"SQ_LDS_UNALIGNED_STALL",3840.000000
"30__256_2_16384_16",72,16,"SQ_LDS_BANK_CONFLICT",256.000000
"30__256_2_16384_16",72,16,"SQ_LDS_UNALIGNED_STALL",3840.000000
"30__256_4",72,16,"SQ_LDS_BANK_CONFLICT",768.000000
"30__256_4",72,16,"SQ_LDS_UNALIGNED_STALL",0.00000000e+00
"30__256_4_8192_2",72,16,"SQ_LDS_BANK_CONFLICT",768.000000
"30__256_4_8192_2",72,16,"SQ_LDS_UNALIGNED_STALL",1984.000000
"30__256_4_8192_4",72,16,"SQ_LDS_BANK_CONFLICT",768.000000
"30__256_4_8192_4",72,16,"SQ_LDS_UNALIGNED_STALL",0.00000000e+00
"30__256_4_8192_8",72,16,"SQ_LDS_BANK_CONFLICT",256.000000
"30__256_4_8192_8",72,16,"SQ_LDS_UNALIGNED_STALL",0.00000000e+00
"30__256_4_8192_16",72,16,"SQ_LDS_BANK_CONFLICT",256.000000
"30__256_4_8192_16",72,16,"SQ_LDS_UNALIGNED_STALL",0.00000000e+00
"30__256_8",72,16,"SQ_LDS_BANK_CONFLICT",2048.000000
"30__256_8",72,16,"SQ_LDS_UNALIGNED_STALL",0.00000000e+00
"30__256_8_4096_2",84,16,"SQ_LDS_BANK_CONFLICT",1856.000000
"30__256_8_4096_2",84,16,"SQ_LDS_UNALIGNED_STALL",2944.000000
"30__256_8_4096_4",84,16,"SQ_LDS_BANK_CONFLICT",896.000000
"30__256_8_4096_4",84,16,"SQ_LDS_UNALIGNED_STALL",0.00000000e+00
"30__256_8_4096_8",84,16,"SQ_LDS_BANK_CONFLICT",448.000000
"30__256_8_4096_8",84,16,"SQ_LDS_UNALIGNED_STALL",0.00000000e+00
"30__256_8_4096_16",84,16,"SQ_LDS_BANK_CONFLICT",448.000000
"30__256_8_4096_16",84,16,"SQ_LDS_UNALIGNED_STALL",0.00000000e+00
"30__256_16",72,16,"SQ_LDS_BANK_CONFLICT",2560.000000
"30__256_16",72,16,"SQ_LDS_UNALIGNED_STALL",0.00000000e+00
"30__256_16_2048_2",84,16,"SQ_LDS_BANK_CONFLICT",768.000000
"30__256_16_2048_2",84,16,"SQ_LDS_UNALIGNED_STALL",3904.000000
"30__256_16_2048_4",84,16,"SQ_LDS_BANK_CONFLICT",384.000000
"30__256_16_2048_4",84,16,"SQ_LDS_UNALIGNED_STALL",0.00000000e+00
"30__256_16_2048_8",84,16,"SQ_LDS_BANK_CONFLICT",192.000000
"30__256_16_2048_8",84,16,"SQ_LDS_UNALIGNED_STALL",0.00000000e+00
"30__256_16_2048_16",84,16,"SQ_LDS_BANK_CONFLICT",832.000000
"30__256_16_2048_16",84,16,"SQ_LDS_UNALIGNED_STALL",0.00000000e+00
"30__128_2",72,16,"SQ_LDS_BANK_CONFLICT",768.000000
"30__128_2",72,16,"SQ_LDS_UNALIGNED_STALL",1984.000000
"30__128_2_8192_2",72,16,"SQ_LDS_BANK_CONFLICT",768.000000
"30__128_2_8192_2",72,16,"SQ_LDS_UNALIGNED_STALL",1984.000000
"30__128_2_8192_4",72,16,"SQ_LDS_BANK_CONFLICT",768.000000
"30__128_2_8192_4",72,16,"SQ_LDS_UNALIGNED_STALL",1984.000000
"30__128_2_8192_8",72,16,"SQ_LDS_BANK_CONFLICT",256.000000
"30__128_2_8192_8",72,16,"SQ_LDS_UNALIGNED_STALL",1984.000000
"30__128_2_8192_16",72,16,"SQ_LDS_BANK_CONFLICT",256.000000
"30__128_2_8192_16",72,16,"SQ_LDS_UNALIGNED_STALL",1984.000000
"30__128_4",68,16,"SQ_LDS_BANK_CONFLICT",2048.000000
"30__128_4",68,16,"SQ_LDS_UNALIGNED_STALL",0.00000000e+00
"30__128_4_4096_2",84,16,"SQ_LDS_BANK_CONFLICT",1856.000000
"30__128_4_4096_2",84,16,"SQ_LDS_UNALIGNED_STALL",2944.000000
"30__128_4_4096_4",84,16,"SQ_LDS_BANK_CONFLICT",896.000000
"30__128_4_4096_4",84,16,"SQ_LDS_UNALIGNED_STALL",0.00000000e+00
"30__128_4_4096_8",84,16,"SQ_LDS_BANK_CONFLICT",448.000000
"30__128_4_4096_8",84,16,"SQ_LDS_UNALIGNED_STALL",0.00000000e+00
"30__128_4_4096_16",84,16,"SQ_LDS_BANK_CONFLICT",448.000000
"30__128_4_4096_16",84,16,"SQ_LDS_UNALIGNED_STALL",0.00000000e+00
"30__128_8",68,16,"SQ_LDS_BANK_CONFLICT",2560.000000
"30__128_8",68,16,"SQ_LDS_UNALIGNED_STALL",0.00000000e+00
"30__128_8_2048_2",84,16,"SQ_LDS_BANK_CONFLICT",768.000000
"30__128_8_2048_2",84,16,"SQ_LDS_UNALIGNED_STALL",3904.000000
"30__128_8_2048_4",84,16,"SQ_LDS_BANK_CONFLICT",384.000000
"30__128_8_2048_4",84,16,"SQ_LDS_UNALIGNED_STALL",0.00000000e+00
"30__128_8_2048_8",84,16,"SQ_LDS_BANK_CONFLICT",192.000000
"30__128_8_2048_8",84,16,"SQ_LDS_UNALIGNED_STALL",0.00000000e+00
"30__128_8_2048_16",84,16,"SQ_LDS_BANK_CONFLICT",832.000000
"30__128_8_2048_16",84,16,"SQ_LDS_UNALIGNED_STALL",0.00000000e+00
"30__128_16",68,16,"SQ_LDS_BANK_CONFLICT",3584.000000
"30__128_16",68,16,"SQ_LDS_UNALIGNED_STALL",0.00000000e+00
"30__128_16_1024_2",84,16,"SQ_LDS_BANK_CONFLICT",256.000000
"30__128_16_1024_2",84,16,"SQ_LDS_UNALIGNED_STALL",3904.000000
"30__128_16_1024_4",84,16,"SQ_LDS_BANK_CONFLICT",128.000000
"30__128_16_1024_4",84,16,"SQ_LDS_UNALIGNED_STALL",0.00000000e+00
"30__128_16_1024_8",84,16,"SQ_LDS_BANK_CONFLICT",448.000000
"30__128_16_1024_8",84,16,"SQ_LDS_UNALIGNED_STALL",0.00000000e+00
"30__128_16_1024_16",84,16,"SQ_LDS_BANK_CONFLICT",1344.000000
"30__128_16_1024_16",84,16,"SQ_LDS_UNALIGNED_STALL",0.00000000e+00
"30__2048_2",72,16,"SQ_LDS_BANK_CONFLICT",768.000000
"30__2048_2",72,16,"SQ_LDS_UNALIGNED_STALL",3840.000000
"30__2048_2_131072_2",72,16,"SQ_LDS_BANK_CONFLICT",768.000000
"30__2048_2_131072_2",72,16,"SQ_LDS_UNALIGNED_STALL",3840.000000
"30__2048_2_131072_4",72,16,"SQ_LDS_BANK_CONFLICT",768.000000
"30__2048_2_131072_4",72,16,"SQ_LDS_UNALIGNED_STALL",3840.000000
"30__2048_2_131072_8",72,16,"SQ_LDS_BANK_CONFLICT",768.000000
"30__2048_2_131072_8",72,16,"SQ_LDS_UNALIGNED_STALL",3840.000000
"30__2048_2_131072_16",72,16,"SQ_LDS_BANK_CONFLICT",768.000000
"30__2048_2_131072_16",72,16,"SQ_LDS_UNALIGNED_STALL",3840.000000
"30__2048_4",68,16,"SQ_LDS_BANK_CONFLICT",2048.000000
"30__2048_4",68,16,"SQ_LDS_UNALIGNED_STALL",0.00000000e+00
"30__2048_4_65536_2",68,16,"SQ_LDS_BANK_CONFLICT",2048.000000
"30__2048_4_65536_2",68,16,"SQ_LDS_UNALIGNED_STALL",0.00000000e+00
"30__2048_4_65536_4",68,16,"SQ_LDS_BANK_CONFLICT",2048.000000
"30__2048_4_65536_4",68,16,"SQ_LDS_UNALIGNED_STALL",0.00000000e+00
"30__2048_4_65536_8",68,16,"SQ_LDS_BANK_CONFLICT",2048.000000
"30__2048_4_65536_8",68,16,"SQ_LDS_UNALIGNED_STALL",0.00000000e+00
"30__2048_4_65536_16",68,16,"SQ_LDS_BANK_CONFLICT",2048.000000
"30__2048_4_65536_16",68,16,"SQ_LDS_UNALIGNED_STALL",0.00000000e+00
"30__2048_8",72,16,"SQ_LDS_BANK_CONFLICT",1792.000000
"30__2048_8",72,16,"SQ_LDS_UNALIGNED_STALL",0.00000000e+00
"30__2048_8_32768_2",72,16,"SQ_LDS_BANK_CONFLICT",1792.000000
"30__2048_8_32768_2",72,16,"SQ_LDS_UNALIGNED_STALL",0.00000000e+00
"30__2048_8_32768_4",72,16,"SQ_LDS_BANK_CONFLICT",1792.000000
"30__2048_8_32768_4",72,16,"SQ_LDS_UNALIGNED_STALL",0.00000000e+00
"30__2048_8_32768_8",72,16,"SQ_LDS_BANK_CONFLICT",1792.000000
"30__2048_8_32768_8",72,16,"SQ_LDS_UNALIGNED_STALL",0.00000000e+00
"30__2048_8_32768_16",72,16,"SQ_LDS_BANK_CONFLICT",1792.000000
"30__2048_8_32768_16",72,16,"SQ_LDS_UNALIGNED_STALL",0.00000000e+00
"30__2048_16",72,16,"SQ_LDS_BANK_CONFLICT",2048.000000
"30__2048_16",72,16,"SQ_LDS_UNALIGNED_STALL",0.00000000e+00
"30__2048_16_16384_2",72,16,"SQ_LDS_BANK_CONFLICT",2048.000000
"30__2048_16_16384_2",72,16,"SQ_LDS_UNALIGNED_STALL",0.00000000e+00
"30__2048_16_16384_4",72,16,"SQ_LDS_BANK_CONFLICT",2048.000000
"30__2048_16_16384_4",72,16,"SQ_LDS_UNALIGNED_STALL",0.00000000e+00
"30__2048_16_16384_8",72,16,"SQ_LDS_BANK_CONFLICT",2048.000000
"30__2048_16_16384_8",72,16,"SQ_LDS_UNALIGNED_STALL",0.00000000e+00
"30__2048_16_16384_16",72,16,"SQ_LDS_BANK_CONFLICT",2048.000000
"30__2048_16_16384_16",72,16,"SQ_LDS_UNALIGNED_STALL",0.00000000e+00
"31__256_2",40,16,"SQ_LDS_BANK_CONFLICT",256.000000
"31__256_2",40,16,"SQ_LDS_UNALIGNED_STALL",3840.000000
"31__256_2_16384_2",40,16,"SQ_LDS_BANK_CONFLICT",256.000000
"31__256_2_16384_2",40,16,"SQ_LDS_UNALIGNED_STALL",3840.000000
"31__256_2_16384_4",40,16,"SQ_LDS_BANK_CONFLICT",256.000000
"31__256_2_16384_4",40,16,"SQ_LDS_UNALIGNED_STALL",3840.000000
"31__256_2_16384_8",40,16,"SQ_LDS_BANK_CONFLICT",256.000000
"31__256_2_16384_8",40,16,"SQ_LDS_UNALIGNED_STALL",3840.000000
"31__256_2_16384_16",40,16,"SQ_LDS_BANK_CONFLICT",256.000000
"31__256_2_16384_16",40,16,"SQ_LDS_UNALIGNED_STALL",3840.000000
"31__256_4",40,16,"SQ_LDS_BANK_CONFLICT",768.000000
"31__256_4",40,16,"SQ_LDS_UNALIGNED_STALL",0.00000000e+00
"31__256_4_8192_2",44,16,"SQ_LDS_BANK_CONFLICT",768.000000
"31__256_4_8192_2",44,16,"SQ_LDS_UNALIGNED_STALL",1984.000000
"31__256_4_8192_4",44,16,"SQ_LDS_BANK_CONFLICT",768.000000
"31__256_4_8192_4",44,16,"SQ_LDS_UNALIGNED_STALL",0.00000000e+00
"31__256_4_8192_8",44,16,"SQ_LDS_BANK_CONFLICT",256.000000
"31__256_4_8192_8",44,16,"SQ_LDS_UNALIGNED_STALL",0.00000000e+00
"31__256_4_8192_16",44,16,"SQ_LDS_BANK_CONFLICT",256.000000
"31__256_4_8192_16",44,16,"SQ_LDS_UNALIGNED_STALL",0.00000000e+00
"31__256_8",44,16,"SQ_LDS_BANK_CONFLICT",2048.000000
"31__256_8",44,16,"SQ_LDS_UNALIGNED_STALL",0.00000000e+00
"31__256_8_4096_2",44,16,"SQ_LDS_BANK_CONFLICT",1920.000000
"31__256_8_4096_2",44,16,"SQ_LDS_UNALIGNED_STALL",1984.000000
"31__256_8_4096_4",44,16,"SQ_LDS_BANK_CONFLICT",1024.000000
"31__256_8_4096_4",44,16,"SQ_LDS_UNALIGNED_STALL",0.00000000e+00
"31__256_8_4096_8",44,16,"SQ_LDS_BANK_CONFLICT",512.000000
"31__256_8_4096_8",44,16,"SQ_LDS_UNALIGNED_STALL",0.00000000e+00
"31__256_8_4096_16",44,16,"SQ_LDS_BANK_CONFLICT",512.000000
"31__256_8_4096_16",44,16,"SQ_LDS_UNALIGNED_STALL",0.00000000e+00
"31__256_16",44,16,"SQ_LDS_BANK_CONFLICT",2560.000000
"31__256_16",44,16,"SQ_LDS_UNALIGNED_STALL",0.00000000e+00
"31__256_16_2048_2",60,16,"SQ_LDS_BANK_CONFLICT",768.000000
"31__256_16_2048_2",60,16,"SQ_LDS_UNALIGNED_STALL",3936.000000
"31__256_16_2048_4",60,16,"SQ_LDS_BANK_CONFLICT",416.000000
"31__256_16_2048_4",60,16,"SQ_LDS_UNALIGNED_STALL",0.00000000e+00
"31__256_16_2048_8",60,16,"SQ_LDS_BANK_CONFLICT",64.000000
"31__256_16_2048_8",60,16,"SQ_LDS_UNALIGNED_STALL",0.00000000e+00
"31__256_16_2048_16",60,16,"SQ_LDS_BANK_CONFLICT",544.000000
"31__256_16_2048_16",60,16,"SQ_LDS_UNALIGNED_STALL",0.00000000e+00
"31__128_2",44,16,"SQ_LDS_BANK_CONFLICT",768.000000
"31__128_2",44,16,"SQ_LDS_UNALIGNED_STALL",1984.000000
"31__128_2_8192_2",44,16,"SQ_LDS_BANK_CONFLICT",768.000000
"31__128_2_8192_2",44,16,"SQ_LDS_UNALIGNED_STALL",1984.000000
"31__128_2_8192_4",44,16,"SQ_LDS_BANK_CONFLICT",768.000000
"31__128_2_8192_4",44,16,"SQ_LDS_UNALIGNED_STALL",1984.000000
"31__128_2_8192_8",44,16,"SQ_LDS_BANK_CONFLICT",256.000000
"31__128_2_8192_8",44,16,"SQ_LDS_UNALIGNED_STALL",1984.000000
"31__128_2_8192_16",44,16,"SQ_LDS_BANK_CONFLICT",256.000000
"31__128_2_8192_16",44,16,"SQ_LDS_UNALIGNED_STALL",1984.000000
"31__128_4",44,16,"SQ_LDS_BANK_CONFLICT",2048.000000
"31__128_4",44,16,"SQ_LDS_UNALIGNED_STALL",0.00000000e+00
"31__128_4_4096_2",44,16,"SQ_LDS_BANK_CONFLICT",1920.000000
"31__128_4_4096_2",44,16,"SQ_LDS_UNALIGNED_STALL",1984.000000
"31__128_4_4096_4",44,16,"SQ_LDS_BANK_CONFLICT",1024.000000
"31__128_4_4096_4",44,16,"SQ_LDS_UNALIGNED_STALL",0.00000000e+00
"31__128_4_4096_8",44,16,"SQ_LDS_BANK_CONFLICT",512.000000
"31__128_4_4096_8",44,16,"SQ_LDS_UNALIGNED_STALL",0.00000000e+00
"31__128_4_4096_16",44,16,"SQ_LDS_BANK_CONFLICT",512.000000
"31__128_4_4096_16",44,16,"SQ_LDS_UNALIGNED_STALL",0.00000000e+00
"31__128_8",44,16,"SQ_LDS_BANK_CONFLICT",2560.000000
"31__128_8",44,16,"SQ_LDS_UNALIGNED_STALL",0.00000000e+00
"31__128_8_2048_2",60,16,"SQ_LDS_BANK_CONFLICT",768.000000
"31__128_8_2048_2",60,16,"SQ_LDS_UNALIGNED_STALL",3936.000000
"31__128_8_2048_4",60,16,"SQ_LDS_BANK_CONFLICT",416.000000
"31__128_8_2048_4",60,16,"SQ_LDS_UNALIGNED_STALL",0.00000000e+00
"31__128_8_2048_8",60,16,"SQ_LDS_BANK_CONFLICT",64.000000
"31__128_8_2048_8",60,16,"SQ_LDS_UNALIGNED_STALL",0.00000000e+00
"31__128_8_2048_16",60,16,"SQ_LDS_BANK_CONFLICT",544.000000
"31__128_8_2048_16",60,16,"SQ_LDS_UNALIGNED_STALL",0.00000000e+00
"31__128_16",44,16,"SQ_LDS_BANK_CONFLICT",3584.000000
"31__128_16",44,16,"SQ_LDS_UNALIGNED_STALL",0.00000000e+00
"31__128_16_1024_2",64,16,"SQ_LDS_BANK_CONFLICT",256.000000
"31__128_16_1024_2",64,16,"SQ_LDS_UNALIGNED_STALL",3936.000000
"31__128_16_1024_4",64,16,"SQ_LDS_BANK_CONFLICT",160.000000
"31__128_16_1024_4",64,16,"SQ_LDS_UNALIGNED_STALL",0.00000000e+00
"31__128_16_1024_8",64,16,"SQ_LDS_BANK_CONFLICT",320.000000
"31__128_16_1024_8",64,16,"SQ_LDS_UNALIGNED_STALL",0.00000000e+00
"31__128_16_1024_16",64,16,"SQ_LDS_BANK_CONFLICT",1056.000000
"31__128_16_1024_16",64,16,"SQ_LDS_UNALIGNED_STALL",0.00000000e+00
"31__2048_2",44,16,"SQ_LDS_BANK_CONFLICT",768.000000
"31__2048_2",44,16,"SQ_LDS_UNALIGNED_STALL",3840.000000
"31__2048_2_131072_2",44,16,"SQ_LDS_BANK_CONFLICT",768.000000
"31__2048_2_131072_2",44,16,"SQ_LDS_UNALIGNED_STALL",3840.000000
"31__2048_2_131072_4",44,16,"SQ_LDS_BANK_CONFLICT",768.000000
"31__2048_2_131072_4",44,16,"SQ_LDS_UNALIGNED_STALL",3840.000000
"31__2048_2_131072_8",44,16,"SQ_LDS_BANK_CONFLICT",768.000000
"31__2048_2_131072_8",44,16,"SQ_LDS_UNALIGNED_STALL",3840.000000
"31__2048_2_131072_16",44,16,"SQ_LDS_BANK_CONFLICT",768.000000
"31__2048_2_131072_16",44,16,"SQ_LDS_UNALIGNED_STALL",3840.000000
"31__2048_4",40,16,"SQ_LDS_BANK_CONFLICT",2048.000000
"31__2048_4",40,16,"SQ_LDS_UNALIGNED_STALL",0.00000000e+00
"31__2048_4_65536_2",40,16,"SQ_LDS_BANK_CONFLICT",2048.000000
"31__2048_4_65536_2",40,16,"SQ_LDS_UNALIGNED_STALL",0.00000000e+00
"31__2048_4_65536_4",40,16,"SQ_LDS_BANK_CONFLICT",2048.000000
"31__2048_4_65536_4",40,16,"SQ_LDS_UNALIGNED_STALL",0.00000000e+00
"31__2048_4_65536_8",40,16,"SQ_LDS_BANK_CONFLICT",2048.000000
"31__2048_4_65536_8",40,16,"SQ_LDS_UNALIGNED_STALL",0.00000000e+00
"31__2048_4_65536_16",40,16,"SQ_LDS_BANK_CONFLICT",2048.000000
"31__2048_4_65536_16",40,16,"SQ_LDS_UNALIGNED_STALL",0.00000000e+00
"31__2048_8",40,16,"SQ_LDS_BANK_CONFLICT",1792.000000
"31__2048_8",40,16,"SQ_LDS_UNALIGNED_STALL",0.00000000e+00
"31__2048_8_32768_2",40,16,"SQ_LDS_BANK_CONFLICT",1792.000000
"31__2048_8_32768_2",40,16,"SQ_LDS_UNALIGNED_STALL",0.00000000e+00
"31__2048_8_32768_4",40,16,"SQ_LDS_BANK_CONFLICT",1792.000000
"31__2048_8_32768_4",40,16,"SQ_LDS_UNALIGNED_STALL",0.00000000e+00
"31__2048_8_32768_8",40,16,"SQ_LDS_BANK_CONFLICT",1792.000000
"31__2048_8_32768_8",40,16,"SQ_LDS_UNALIGNED_STALL",0.00000000e+00
"31__2048_8_32768_16",40,16,"SQ_LDS_BANK_CONFLICT",1792.000000
"31__2048_8_32768_16",40,16,"SQ_LDS_UNALIGNED_STALL",0.00000000e+00
"31__2048_16",44,16,"SQ_LDS_BANK_CONFLICT",2048.000000
"31__2048_16",44,16,"SQ_LDS_UNALIGNED_STALL",0.00000000e+00
"31__2048_16_16384_2",44,16,"SQ_LDS_BANK_CONFLICT",2048.000000
"31__2048_16_16384_2",44,16,"SQ_LDS_UNALIGNED_STALL",0.00000000e+00
"31__2048_16_16384_4",44,16,"SQ_LDS_BANK_CONFLICT",2048.000000
"31__2048_16_16384_4",44,16,"SQ_LDS_UNALIGNED_STALL",0.00000000e+00
"31__2048_16_16384_8",44,16,"SQ_LDS_BANK_CONFLICT",2048.000000
"31__2048_16_16384_8",44,16,"SQ_LDS_UNALIGNED_STALL",0.00000000e+00
"31__2048_16_16384_16",44,16,"SQ_LDS_BANK_CONFLICT",2048.000000
"31__2048_16_16384_16",44,16,"SQ_LDS_UNALIGNED_STALL",0.00000000e+00
"32__256_2",72,16,"SQ_LDS_BANK_CONFLICT",128.000000
"32__256_2",72,16,"SQ_LDS_UNALIGNED_STALL",5760.000000
"32__256_2_16384_2",72,16,"SQ_LDS_BANK_CONFLICT",128.000000
"32__256_2_16384_2",72,16,"SQ_LDS_UNALIGNED_STALL",5760.000000
"32__256_2_16384_4",72,16,"SQ_LDS_BANK_CONFLICT",128.000000
"32__256_2_16384_4",72,16,"SQ_LDS_UNALIGNED_STALL",5760.000000
"32__256_2_16384_8",72,16,"SQ_LDS_BANK_CONFLICT",128.000000
"32__256_2_16384_8",72,16,"SQ_LDS_UNALIGNED_STALL",5760.000000
"32__256_2_16384_16",72,16,"SQ_LDS_BANK_CONFLICT",128.000000
"32__256_2_16384_16",72,16,"SQ_LDS_UNALIGNED_STALL",5760.000000
"32__256_4",72,16,"SQ_LDS_BANK_CONFLICT",768.000000
"32__256_4",72,16,"SQ_LDS_UNALIGNED_STALL",0.00000000e+00
"32__256_4_8192_2",72,16,"SQ_LDS_BANK_CONFLICT",0.00000000e+00
"32__256_4_8192_2",72,16,"SQ_LDS_UNALIGNED_STALL",5824.000000
"32__256_4_8192_4",72,16,"SQ_LDS_BANK_CONFLICT",768.000000
"32__256_4_8192_4",72,16,"SQ_LDS_UNALIGNED_STALL",0.00000000e+00
"32__256_4_8192_8",72,16,"SQ_LDS_BANK_CONFLICT",256.000000
"32__256_4_8192_8",72,16,"SQ_LDS_UNALIGNED_STALL",0.00000000e+00
"32__256_4_8192_16",72,16,"SQ_LDS_BANK_CONFLICT",256.000000
"32__256_4_8192_16",72,16,"SQ_LDS_UNALIGNED_STALL",0.00000000e+00
"32__256_8",72,16,"SQ_LDS_BANK_CONFLICT",2048.000000
"32__256_8",72,16,"SQ_LDS_UNALIGNED_STALL",0.00000000e+00
"32__256_8_4096_2",84,16,"SQ_LDS_BANK_CONFLICT",64.000000
"32__256_8_4096_2",84,16,"SQ_LDS_UNALIGNED_STALL",6784.000000
"32__256_8_4096_4",84,16,"SQ_LDS_BANK_CONFLICT",896.000000
"32__256_8_4096_4",84,16,"SQ_LDS_UNALIGNED_STALL",0.00000000e+00
"32__256_8_4096_8",84,16,"SQ_LDS_BANK_CONFLICT",448.000000
"32__256_8_4096_8",84,16,"SQ_LDS_UNALIGNED_STALL",0.00000000e+00
"32__256_8_4096_16",84,16,"SQ_LDS_BANK_CONFLICT",448.000000
"32__256_8_4096_16",84,16,"SQ_LDS_UNALIGNED_STALL",0.00000000e+00
"32__256_16",72,16,"SQ_LDS_BANK_CONFLICT",2560.000000
"32__256_16",72,16,"SQ_LDS_UNALIGNED_STALL",0.00000000e+00
"32__256_16_2048_2",84,16,"SQ_LDS_BANK_CONFLICT",0.00000000e+00
"32__256_16_2048_2",84,16,"SQ_LDS_UNALIGNED_STALL",7744.000000
"32__256_16_2048_4",84,16,"SQ_LDS_BANK_CONFLICT",384.000000
"32__256_16_2048_4",84,16,"SQ_LDS_UNALIGNED_STALL",0.00000000e+00
"32__256_16_2048_8",84,16,"SQ_LDS_BANK_CONFLICT",192.000000
"32__256_16_2048_8",84,16,"SQ_LDS_UNALIGNED_STALL",0.00000000e+00
"32__256_16_2048_16",84,16,"SQ_LDS_BANK_CONFLICT",832.000000
"32__256_16_2048_16",84,16,"SQ_LDS_UNALIGNED_STALL",0.00000000e+00
"32__128_2",72,16,"SQ_LDS_BANK_CONFLICT",384.000000
"32__128_2",72,16,"SQ_LDS_UNALIGNED_STALL",3904.000000
"32__128_2_8192_2",72,16,"SQ_LDS_BANK_CONFLICT",0.00000000e+00
"32__128_2_8192_2",72,16,"SQ_LDS_UNALIGNED_STALL",5824.000000
"32__128_2_8192_4",72,16,"SQ_LDS_BANK_CONFLICT",384.000000
"32__128_2_8192_4",72,16,"SQ_LDS_UNALIGNED_STALL",3904.000000
"32__128_2_8192_8",72,16,"SQ_LDS_BANK_CONFLICT",128.000000
"32__128_2_8192_8",72,16,"SQ_LDS_UNALIGNED_STALL",3904.000000
"32__128_2_8192_16",72,16,"SQ_LDS_BANK_CONFLICT",128.000000
"32__128_2_8192_16",72,16,"SQ_LDS_UNALIGNED_STALL",3904.000000
"32__128_4",68,16,"SQ_LDS_BANK_CONFLICT",2048.000000
"32__128_4",68,16,"SQ_LDS_UNALIGNED_STALL",0.00000000e+00
"32__128_4_4096_2",84,16,"SQ_LDS_BANK_CONFLICT",64.000000
"32__128_4_4096_2",84,16,"SQ_LDS_UNALIGNED_STALL",6784.000000
"32__128_4_4096_4",84,16,"SQ_LDS_BANK_CONFLICT",896.000000
"32__128_4_4096_4",84,16,"SQ_LDS_UNALIGNED_STALL",0.00000000e+00
"32__128_4_4096_8",84,16,"SQ_LDS_BANK_CONFLICT",448.000000
"32__128_4_4096_8",84,16,"SQ_LDS_UNALIGNED_STALL",0.00000000e+00
"32__128_4_4096_16",84,16,"SQ_LDS_BANK_CONFLICT",448.000000
"32__128_4_4096_16",84,16,"SQ_LDS_UNALIGNED_STALL",0.00000000e+00
"32__128_8",68,16,"SQ_LDS_BANK_CONFLICT",2560.000000
"32__128_8",68,16,"SQ_LDS_UNALIGNED_STALL",0.00000000e+00
"32__128_8_2048_2",84,16,"SQ_LDS_BANK_CONFLICT",0.00000000e+00
"32__128_8_2048_2",84,16,"SQ_LDS_UNALIGNED_STALL",7744.000000
"32__128_8_2048_4",84,16,"SQ_LDS_BANK_CONFLICT",384.000000
"32__128_8_2048_4",84,16,"SQ_LDS_UNALIGNED_STALL",0.00000000e+00
"32__128_8_2048_8",84,16,"SQ_LDS_BANK_CONFLICT",192.000000
"32__128_8_2048_8",84,16,"SQ_LDS_UNALIGNED_STALL",0.00000000e+00
"32__128_8_2048_16",84,16,"SQ_LDS_BANK_CONFLICT",832.000000
"32__128_8_2048_16",84,16,"SQ_LDS_UNALIGNED_STALL",0.00000000e+00
"32__128_16",68,16,"SQ_LDS_BANK_CONFLICT",3584.000000
"32__128_16",68,16,"SQ_LDS_UNALIGNED_STALL",0.00000000e+00
"32__128_16_1024_2",84,16,"SQ_LDS_BANK_CONFLICT",128.000000
"32__128_16_1024_2",84,16,"SQ_LDS_UNALIGNED_STALL",5824.000000
"32__128_16_1024_4",84,16,"SQ_LDS_BANK_CONFLICT",128.000000
"32__128_16_1024_4",84,16,"SQ_LDS_UNALIGNED_STALL",0.00000000e+00
"32__128_16_1024_8",84,16,"SQ_LDS_BANK_CONFLICT",448.000000
"32__128_16_1024_8",84,16,"SQ_LDS_UNALIGNED_STALL",0.00000000e+00
"32__128_16_1024_16",84,16,"SQ_LDS_BANK_CONFLICT",1344.000000
"32__128_16_1024_16",84,16,"SQ_LDS_UNALIGNED_STALL",0.00000000e+00
"32__2048_2",72,16,"SQ_LDS_BANK_CONFLICT",0.00000000e+00
"32__2048_2",72,16,"SQ_LDS_UNALIGNED_STALL",7680.000000
"32__2048_2_131072_2",72,16,"SQ_LDS_BANK_CONFLICT",0.00000000e+00
"32__2048_2_131072_2",72,16,"SQ_LDS_UNALIGNED_STALL",7680.000000
"32__2048_2_131072_4",72,16,"SQ_LDS_BANK_CONFLICT",0.00000000e+00
"32__2048_2_131072_4",72,16,"SQ_LDS_UNALIGNED_STALL",7680.000000
"32__2048_2_131072_8",72,16,"SQ_LDS_BANK_CONFLICT",0.00000000e+00
"32__2048_2_131072_8",72,16,"SQ_LDS_UNALIGNED_STALL",7680.000000
"32__2048_2_131072_16",72,16,"SQ_LDS_BANK_CONFLICT",0.00000000e+00
"32__2048_2_131072_16",72,16,"SQ_LDS_UNALIGNED_STALL",7680.000000
"32__2048_4",68,16,"SQ_LDS_BANK_CONFLICT",2048.000000
"32__2048_4",68,16,"SQ_LDS_UNALIGNED_STALL",0.00000000e+00
"32__2048_4_65536_2",68,16,"SQ_LDS_BANK_CONFLICT",2048.000000
"32__2048_4_65536_2",68,16,"SQ_LDS_UNALIGNED_STALL",0.00000000e+00
"32__2048_4_65536_4",68,16,"SQ_LDS_BANK_CONFLICT",2048.000000
"32__2048_4_65536_4",68,16,"SQ_LDS_UNALIGNED_STALL",0.00000000e+00
"32__2048_4_65536_8",68,16,"SQ_LDS_BANK_CONFLICT",2048.000000
"32__2048_4_65536_8",68,16,"SQ_LDS_UNALIGNED_STALL",0.00000000e+00
"32__2048_4_65536_16",68,16,"SQ_LDS_BANK_CONFLICT",2048.000000
"32__2048_4_65536_16",68,16,"SQ_LDS_UNALIGNED_STALL",0.00000000e+00
"32__2048_8",72,16,"SQ_LDS_BANK_CONFLICT",1792.000000
"32__2048_8",72,16,"SQ_LDS_UNALIGNED_STALL",0.00000000e+00
"32__2048_8_32768_2",72,16,"SQ_LDS_BANK_CONFLICT",1792.000000
"32__2048_8_32768_2",72,16,"SQ_LDS_UNALIGNED_STALL",0.00000000e+00
"32__2048_8_32768_4",72,16,"SQ_LDS_BANK_CONFLICT",1792.000000
"32__2048_8_32768_4",72,16,"SQ_LDS_UNALIGNED_STALL",0.00000000e+00
"32__2048_8_32768_8",72,16,"SQ_LDS_BANK_CONFLICT",1792.000000
"32__2048_8_32768_8",72,16,"SQ_LDS_UNALIGNED_STALL",0.00000000e+00
"32__2048_8_32768_16",72,16,"SQ_LDS_BANK_CONFLICT",1792.000000
"32__2048_8_32768_16",72,16,"SQ_LDS_UNALIGNED_STALL",0.00000000e+00
"32__2048_16",72,16,"SQ_LDS_BANK_CONFLICT",2048.000000
"32__2048_16",72,16,"SQ_LDS_UNALIGNED_STALL",0.00000000e+00
"32__2048_16_16384_2",72,16,"SQ_LDS_BANK_CONFLICT",2048.000000
"32__2048_16_16384_2",72,16,"SQ_LDS_UNALIGNED_STALL",0.00000000e+00
"32__2048_16_16384_4",72,16,"SQ_LDS_BANK_CONFLICT",2048.000000
"32__2048_16_16384_4",72,16,"SQ_LDS_UNALIGNED_STALL",0.00000000e+00
"32__2048_16_16384_8",72,16,"SQ_LDS_BANK_CONFLICT",2048.000000
"32__2048_16_16384_8",72,16,"SQ_LDS_UNALIGNED_STALL",0.00000000e+00
"32__2048_16_16384_16",72,16,"SQ_LDS_BANK_CONFLICT",2048.000000
"32__2048_16_16384_16",72,16,"SQ_LDS_UNALIGNED_STALL",0.00000000e+00
"33__256_2",44,16,"SQ_LDS_BANK_CONFLICT",128.000000
"33__256_2",44,16,"SQ_LDS_UNALIGNED_STALL",5760.000000
"33__256_2_16384_2",44,16,"SQ_LDS_BANK_CONFLICT",128.000000
"33__256_2_16384_2",44,16,"SQ_LDS_UNALIGNED_STALL",5760.000000
"33__256_2_16384_4",44,16,"SQ_LDS_BANK_CONFLICT",128.000000
"33__256_2_16384_4",44,16,"SQ_LDS_UNALIGNED_STALL",5760.000000
"33__256_2_16384_8",44,16,"SQ_LDS_BANK_CONFLICT",128.000000
"33__256_2_16384_8",44,16,"SQ_LDS_UNALIGNED_STALL",5760.000000
"33__256_2_16384_16",44,16,"SQ_LDS_BANK_CONFLICT",128.000000
"33__256_2_16384_16",44,16,"SQ_LDS_UNALIGNED_STALL",5760.000000
"33__256_4",48,16,"SQ_LDS_BANK_CONFLICT",768.000000
"33__256_4",48,16,"SQ_LDS_UNALIGNED_STALL",0.00000000e+00
"33__256_4_8192_2",44,16,"SQ_LDS_BANK_CONFLICT",0.00000000e+00
"33__256_4_8192_2",44,16,"SQ_LDS_UNALIGNED_STALL",5824.000000
"33__256_4_8192_4",44,16,"SQ_LDS_BANK_CONFLICT",768.000000
"33__256_4_8192_4",44,16,"SQ_LDS_UNALIGNED_STALL",0.00000000e+00
"33__256_4_8192_8",44,16,"SQ_LDS_BANK_CONFLICT",256.000000
"33__256_4_8192_8",44,16,"SQ_LDS_UNALIGNED_STALL",0.00000000e+00
"33__256_4_8192_16",44,16,"SQ_LDS_BANK_CONFLICT",256.000000
"33__256_4_8192_16",44,16,"SQ_LDS_UNALIGNED_STALL",0.00000000e+00
"33__256_8",48,16,"SQ_LDS_BANK_CONFLICT",2048.000000
"33__256_8",48,16,"SQ_LDS_UNALIGNED_STALL",0.00000000e+00
"33__256_8_4096_2",48,16,"SQ_LDS_BANK_CONFLICT",128.000000
"33__256_8_4096_2",48,16,"SQ_LDS_UNALIGNED_STALL",5824.000000
"33__256_8_4096_4",48,16,"SQ_LDS_BANK_CONFLICT",1024.000000
"33__256_8_4096_4",48,16,"SQ_LDS_UNALIGNED_STALL",0.00000000e+00
"33__256_8_4096_8",48,16,"SQ_LDS_BANK_CONFLICT",512.000000
"33__256_8_4096_8",48,16,"SQ_LDS_UNALIGNED_STALL",0.00000000e+00
"33__256_8_4096_16",48,16,"SQ_LDS_BANK_CONFLICT",512.000000
"33__256_8_4096_16",48,16,"SQ_LDS_UNALIGNED_STALL",0.00000000e+00
"33__256_16",48,16,"SQ_LDS_BANK_CONFLICT",2560.000000
"33__256_16",48,16,"SQ_LDS_UNALIGNED_STALL",0.00000000e+00
"33__256_16_2048_2",60,16,"SQ_LDS_BANK_CONFLICT",0.00000000e+00
"33__256_16_2048_2",60,16,"SQ_LDS_UNALIGNED_STALL",7776.000000
"33__256_16_2048_4",60,16,"SQ_LDS_BANK_CONFLICT",416.000000
"33__256_16_2048_4",60,16,"SQ_LDS_UNALIGNED_STALL",0.00000000e+00
"33__256_16_2048_8",60,16,"SQ_LDS_BANK_CONFLICT",64.000000
"33__256_16_2048_8",60,16,"SQ_LDS_UNALIGNED_STALL",0.00000000e+00
"33__256_16_2048_16",60,16,"SQ_LDS_BANK_CONFLICT",544.000000
"33__256_16_2048_16",60,16,"SQ_LDS_UNALIGNED_STALL",0.00000000e+00
"33__128_2",48,16,"SQ_LDS_BANK_CONFLICT",384.000000
"33__128_2",48,16,"SQ_LDS_UNALIGNED_STALL",3904.000000
"33__128_2_8192_2",48,16,"SQ_LDS_BANK_CONFLICT",0.00000000e+00
"33__128_2_8192_2",48,16,"SQ_LDS_UNALIGNED_STALL",5824.000000
"33__128_2_8192_4",48,16,"SQ_LDS_BANK_CONFLICT",384.000000
"33__128_2_8192_4",48,16,"SQ_LDS_UNALIGNED_STALL",3904.000000
"33__128_2_8192_8",48,16,"SQ_LDS_BANK_CONFLICT",128.000000
"33__128_2_8192_8",48,16,"SQ_LDS_UNALIGNED_STALL",3904.000000
"33__128_2_8192_16",48,16,"SQ_LDS_BANK_CONFLICT",128.000000
"33__128_2_8192_16",48,16,"SQ_LDS_UNALIGNED_STALL",3904.000000
"33__128_4",48,16,"SQ_LDS_BANK_CONFLICT",2048.000000
"33__128_4",48,16,"SQ_LDS_UNALIGNED_STALL",0.00000000e+00
"33__128_4_4096_2",48,16,"SQ_LDS_BANK_CONFLICT",128.000000
"33__128_4_4096_2",48,16,"SQ_LDS_UNALIGNED_STALL",5824.000000
"33__128_4_4096_4",48,16,"SQ_LDS_BANK_CONFLICT",1024.000000
"33__128_4_4096_4",48,16,"SQ_LDS_UNALIGNED_STALL",0.00000000e+00
"33__128_4_4096_8",48,16,"SQ_LDS_BANK_CONFLICT",512.000000
"33__128_4_4096_8",48,16,"SQ_LDS_UNALIGNED_STALL",0.00000000e+00
"33__128_4_4096_16",48,16,"SQ_LDS_BANK_CONFLICT",512.000000
"33__128_4_4096_16",48,16,"SQ_LDS_UNALIGNED_STALL",0.00000000e+00
"33__128_8",48,16,"SQ_LDS_BANK_CONFLICT",2560.000000
"33__128_8",48,16,"SQ_LDS_UNALIGNED_STALL",0.00000000e+00
"33__128_8_2048_2",60,16,"SQ_LDS_BANK_CONFLICT",0.00000000e+00
"33__128_8_2048_2",60,16,"SQ_LDS_UNALIGNED_STALL",7776.000000
"33__128_8_2048_4",60,16,"SQ_LDS_BANK_CONFLICT",416.000000
"33__128_8_2048_4",60,16,"SQ_LDS_UNALIGNED_STALL",0.00000000e+00
"33__128_8_2048_8",60,16,"SQ_LDS_BANK_CONFLICT",64.000000
"33__128_8_2048_8",60,16,"SQ_LDS_UNALIGNED_STALL",0.00000000e+00
"33__128_8_2048_16",60,16,"SQ_LDS_BANK_CONFLICT",544.000000
"33__128_8_2048_16",60,16,"SQ_LDS_UNALIGNED_STALL",0.00000000e+00
"33__128_16",48,16,"SQ_LDS_BANK_CONFLICT",3584.000000
"33__128_16",48,16,"SQ_LDS_UNALIGNED_STALL",0.00000000e+00
"33__128_16_1024_2",60,16,"SQ_LDS_BANK_CONFLICT",128.000000
"33__128_16_1024_2",60,16,"SQ_LDS_UNALIGNED_STALL",5856.000000
"33__128_16_1024_4",60,16,"SQ_LDS_BANK_CONFLICT",160.000000
"33__128_16_1024_4",60,16,"SQ_LDS_UNALIGNED_STALL",0.00000000e+00
"33__128_16_1024_8",60,16,"SQ_LDS_BANK_CONFLICT",320.000000
"33__128_16_1024_8",60,16,"SQ_LDS_UNALIGNED_STALL",0.00000000e+00
"33__128_16_1024_16",60,16,"SQ_LDS_BANK_CONFLICT",1056.000000
"33__128_16_1024_16",60,16,"SQ_LDS_UNALIGNED_STALL",0.00000000e+00
"33__2048_2",48,16,"SQ_LDS_BANK_CONFLICT",0.00000000e+00
"33__2048_2",48,16,"SQ_LDS_UNALIGNED_STALL",7680.000000
"33__2048_2_131072_2",48,16,"SQ_LDS_BANK_CONFLICT",0.00000000e+00
"33__2048_2_131072_2",48,16,"SQ_LDS_UNALIGNED_STALL",7680.000000
"33__2048_2_131072_4",48,16,"SQ_LDS_BANK_CONFLICT",0.00000000e+00
"33__2048_2_131072_4",48,16,"SQ_LDS_UNALIGNED_STALL",7680.000000
"33__2048_2_131072_8",48,16,"SQ_LDS_BANK_CONFLICT",0.00000000e+00
"33__2048_2_131072_8",48,16,"SQ_LDS_UNALIGNED_STALL",7680.000000
"33__2048_2_131072_16",48,16,"SQ_LDS_BANK_CONFLICT",0.00000000e+00
"33__2048_2_131072_16",48,16,"SQ_LDS_UNALIGNED_STALL",7680.000000
"33__2048_4",48,16,"SQ_LDS_BANK_CONFLICT",2048.000000
"33__2048_4",48,16,"SQ_LDS_UNALIGNED_STALL",0.00000000e+00
"33__2048_4_65536_2",48,16,"SQ_LDS_BANK_CONFLICT",2048.000000
"33__2048_4_65536_2",48,16,"SQ_LDS_UNALIGNED_STALL",0.00000000e+00
"33__2048_4_65536_4",48,16,"SQ_LDS_BANK_CONFLICT",2048.000000
"33__2048_4_65536_4",48,16,"SQ_LDS_UNALIGNED_STALL",0.00000000e+00
"33__2048_4_65536_8",48,16,"SQ_LDS_BANK_CONFLICT",2048.000000
"33__2048_4_65536_8",48,16,"SQ_LDS_UNALIGNED_STALL",0.00000000e+00
"33__2048_4_65536_16",48,16,"SQ_LDS_BANK_CONFLICT",2048.000000
"33__2048_4_65536_16",48,16,"SQ_LDS_UNALIGNED_STALL",0.00000000e+00
"33__2048_8",48,16,"SQ_LDS_BANK_CONFLICT",1792.000000
"33__2048_8",48,16,"SQ_LDS_UNALIGNED_STALL",0.00000000e+00
"33__2048_8_32768_2",48,16,"SQ_LDS_BANK_CONFLICT",1792.000000
"33__2048_8_32768_2",48,16,"SQ_LDS_UNALIGNED_STALL",0.00000000e+00
"33__2048_8_32768_4",48,16,"SQ_LDS_BANK_CONFLICT",1792.000000
"33__2048_8_32768_4",48,16,"SQ_LDS_UNALIGNED_STALL",0.00000000e+00
"33__2048_8_32768_8",48,16,"SQ_LDS_BANK_CONFLICT",1792.000000
"33__2048_8_32768_8",48,16,"SQ_LDS_UNALIGNED_STALL",0.00000000e+00
"33__2048_8_32768_16",48,16,"SQ_LDS_BANK_CONFLICT",1792.000000
"33__2048_8_32768_16",48,16,"SQ_LDS_UNALIGNED_STALL",0.00000000e+00
"33__2048_16",48,16,"SQ_LDS_BANK_CONFLICT",2048.000000
"33__2048_16",48,16,"SQ_LDS_UNALIGNED_STALL",0.00000000e+00
"33__2048_16_16384_2",48,16,"SQ_LDS_BANK_CONFLICT",2048.000000
"33__2048_16_16384_2",48,16,"SQ_LDS_UNALIGNED_STALL",0.00000000e+00
"33__2048_16_16384_4",48,16,"SQ_LDS_BANK_CONFLICT",2048.000000
"33__2048_16_16384_4",48,16,"SQ_LDS_UNALIGNED_STALL",0.00000000e+00
"33__2048_16_16384_8",48,16,"SQ_LDS_BANK_CONFLICT",2048.000000
"33__2048_16_16384_8",48,16,"SQ_LDS_UNALIGNED_STALL",0.00000000e+00
"33__2048_16_16384_16",48,16,"SQ_LDS_BANK_CONFLICT",2048.000000
"33__2048_16_16384_16",48,16,"SQ_LDS_UNALIGNED_STALL",0.00000000e+00
"34__256_2",72,16,"SQ_LDS_BANK_CONFLICT",64.000000
"34__256_2",72,16,"SQ_LDS_UNALIGNED_STALL",5184.000000
"34__256_2_16384_2",72,16,"SQ_LDS_BANK_CONFLICT",64.000000
"34__256_2_16384_2",72,16,"SQ_LDS_UNALIGNED_STALL",5184.000000
"34__256_2_16384_4",72,16,"SQ_LDS_BANK_CONFLICT",64.000000
"34__256_2_16384_4",72,16,"SQ_LDS_UNALIGNED_STALL",5184.000000
"34__256_2_16384_8",72,16,"SQ_LDS_BANK_CONFLICT",64.000000
"34__256_2_16384_8",72,16,"SQ_LDS_UNALIGNED_STALL",5184.000000
"34__256_2_16384_16",72,16,"SQ_LDS_BANK_CONFLICT",64.000000
"34__256_2_16384_16",72,16,"SQ_LDS_UNALIGNED_STALL",5184.000000
"34__256_4",72,16,"SQ_LDS_BANK_CONFLICT",384.000000
"34__256_4",72,16,"SQ_LDS_UNALIGNED_STALL",896.000000
"34__256_4_8192_2",72,16,"SQ_LDS_BANK_CONFLICT",0.00000000e+00
"34__256_4_8192_2",72,16,"SQ_LDS_UNALIGNED_STALL",3776.000000
"34__256_4_8192_4",72,16,"SQ_LDS_BANK_CONFLICT",0.00000000e+00
"34__256_4_8192_4",72,16,"SQ_LDS_UNALIGNED_STALL",1792.000000
"34__256_4_8192_8",72,16,"SQ_LDS_BANK_CONFLICT",128.000000
"34__256_4_8192_8",72,16,"SQ_LDS_UNALIGNED_STALL",896.000000
"34__256_4_8192_16",72,16,"SQ_LDS_BANK_CONFLICT",128.000000
"34__256_4_8192_16",72,16,"SQ_LDS_UNALIGNED_STALL",896.000000
"34__256_8",72,16,"SQ_LDS_BANK_CONFLICT",2048.000000
"34__256_8",72,16,"SQ_LDS_UNALIGNED_STALL",0.00000000e+00
"34__256_8_4096_2",84,16,"SQ_LDS_BANK_CONFLICT",64.000000
"34__256_8_4096_2",84,16,"SQ_LDS_UNALIGNED_STALL",4736.000000
"34__256_8_4096_4",84,16,"SQ_LDS_BANK_CONFLICT",128.000000
"34__256_8_4096_4",84,16,"SQ_LDS_UNALIGNED_STALL",1792.000000
"34__256_8_4096_8",84,16,"SQ_LDS_BANK_CONFLICT",448.000000
"34__256_8_4096_8",84,16,"SQ_LDS_UNALIGNED_STALL",0.00000000e+00
"34__256_8_4096_16",84,16,"SQ_LDS_BANK_CONFLICT",448.000000
"34__256_8_4096_16",84,16,"SQ_LDS_UNALIGNED_STALL",0.00000000e+00
"34__256_16",72,16,"SQ_LDS_BANK_CONFLICT",2560.000000
"34__256_16",72,16,"SQ_LDS_UNALIGNED_STALL",0.00000000e+00
"34__256_16_2048_2",84,16,"SQ_LDS_BANK_CONFLICT",0.00000000e+00
"34__256_16_2048_2",84,16,"SQ_LDS_UNALIGNED_STALL",5696.000000
"34__256_16_2048_4",84,16,"SQ_LDS_BANK_CONFLICT",128.000000
"34__256_16_2048_4",84,16,"SQ_LDS_UNALIGNED_STALL",1792.000000
"34__256_16_2048_8",84,16,"SQ_LDS_BANK_CONFLICT",192.000000
"34__256_16_2048_8",84,16,"SQ_LDS_UNALIGNED_STALL",0.00000000e+00
"34__256_16_2048_16",84,16,"SQ_LDS_BANK_CONFLICT",832.000000
"34__256_16_2048_16",84,16,"SQ_LDS_UNALIGNED_STALL",0.00000000e+00
"34__128_2",72,16,"SQ_LDS_BANK_CONFLICT",192.000000
"34__128_2",72,16,"SQ_LDS_UNALIGNED_STALL",3328.000000
"34__128_2_8192_2",72,16,"SQ_LDS_BANK_CONFLICT",0.00000000e+00
"34__128_2_8192_2",72,16,"SQ_LDS_UNALIGNED_STALL",3776.000000
"34__128_2_8192_4",72,16,"SQ_LDS_BANK_CONFLICT",0.00000000e+00
"34__128_2_8192_4",72,16,"SQ_LDS_UNALIGNED_STALL",3776.000000
"34__128_2_8192_8",72,16,"SQ_LDS_BANK_CONFLICT",64.000000
"34__128_2_8192_8",72,16,"SQ_LDS_UNALIGNED_STALL",3328.000000
"34__128_2_8192_16",72,16,"SQ_LDS_BANK_CONFLICT",64.000000
"34__128_2_8192_16",72,16,"SQ_LDS_UNALIGNED_STALL",3328.000000
"34__128_4",68,16,"SQ_LDS_BANK_CONFLICT",1152.000000
"34__128_4",68,16,"SQ_LDS_UNALIGNED_STALL",896.000000
"34__128_4_4096_2",84,16,"SQ_LDS_BANK_CONFLICT",64.000000
"34__128_4_4096_2",84,16,"SQ_LDS_UNALIGNED_STALL",4736.000000
"34__128_4_4096_4",84,16,"SQ_LDS_BANK_CONFLICT",128.000000
"34__128_4_4096_4",84,16,"SQ_LDS_UNALIGNED_STALL",1792.000000
"34__128_4_4096_8",84,16,"SQ_LDS_BANK_CONFLICT",320.000000
"34__128_4_4096_8",84,16,"SQ_LDS_UNALIGNED_STALL",896.000000
"34__128_4_4096_16",84,16,"SQ_LDS_BANK_CONFLICT",320.000000
"34__128_4_4096_16",84,16,"SQ_LDS_UNALIGNED_STALL",896.000000
"34__128_8",68,16,"SQ_LDS_BANK_CONFLICT",2560.000000
"34__128_8",68,16,"SQ_LDS_UNALIGNED_STALL",0.00000000e+00
"34__128_8_2048_2",84,16,"SQ_LDS_BANK_CONFLICT",0.00000000e+00
"34__128_8_2048_2",84,16,"SQ_LDS_UNALIGNED_STALL",5696.000000
"34__128_8_2048_4",84,16,"SQ_LDS_BANK_CONFLICT",128.000000
"34__128_8_2048_4",84,16,"SQ_LDS_UNALIGNED_STALL",1792.000000
"34__128_8_2048_8",84,16,"SQ_LDS_BANK_CONFLICT",192.000000
"34__128_8_2048_8",84,16,"SQ_LDS_UNALIGNED_STALL",0.00000000e+00
"34__128_8_2048_16",84,16,"SQ_LDS_BANK_CONFLICT",832.000000
"34__128_8_2048_16",84,16,"SQ_LDS_UNALIGNED_STALL",0.00000000e+00
"34__128_16",68,16,"SQ_LDS_BANK_CONFLICT",3584.000000
"34__128_16",68,16,"SQ_LDS_UNALIGNED_STALL",0.00000000e+00
"34__128_16_1024_2",84,16,"SQ_LDS_BANK_CONFLICT",0.00000000e+00
"34__128_16_1024_2",84,16,"SQ_LDS_UNALIGNED_STALL",5696.000000
"34__128_16_1024_4",84,16,"SQ_LDS_BANK_CONFLICT",128.000000
"34__128_16_1024_4",84,16,"SQ_LDS_UNALIGNED_STALL",896.000000
"34__128_16_1024_8",84,16,"SQ_LDS_BANK_CONFLICT",448.000000
"34__128_16_1024_8",84,16,"SQ_LDS_UNALIGNED_STALL",0.00000000e+00
"34__128_16_1024_16",84,16,"SQ_LDS_BANK_CONFLICT",1344.000000
"34__128_16_1024_16",84,16,"SQ_LDS_UNALIGNED_STALL",0.00000000e+00
"34__2048_2",72,16,"SQ_LDS_BANK_CONFLICT",0.00000000e+00
"34__2048_2",72,16,"SQ_LDS_UNALIGNED_STALL",5632.000000
"34__2048_2_131072_2",72,16,"SQ_LDS_BANK_CONFLICT",0.00000000e+00
"34__2048_2_131072_2",72,16,"SQ_LDS_UNALIGNED_STALL",5632.000000
"34__2048_2_131072_4",72,16,"SQ_LDS_BANK_CONFLICT",0.00000000e+00
"34__2048_2_131072_4",72,16,"SQ_LDS_UNALIGNED_STALL",5632.000000
"34__2048_2_131072_8",72,16,"SQ_LDS_BANK_CONFLICT",0.00000000e+00
"34__2048_2_131072_8",72,16,"SQ_LDS_UNALIGNED_STALL",5632.000000
"34__2048_2_131072_16",72,16,"SQ_LDS_BANK_CONFLICT",0.00000000e+00
"34__2048_2_131072_16",72,16,"SQ_LDS_UNALIGNED_STALL",5632.000000
"34__2048_4",68,16,"SQ_LDS_BANK_CONFLICT",1792.000000
"34__2048_4",68,16,"SQ_LDS_UNALIGNED_STALL",1792.000000
"34__2048_4_65536_2",68,16,"SQ_LDS_BANK_CONFLICT",1792.000000
"34__2048_4_65536_2",68,16,"SQ_LDS_UNALIGNED_STALL",1792.000000
"34__2048_4_65536_4",68,16,"SQ_LDS_BANK_CONFLICT",1792.000000
"34__2048_4_65536_4",68,16,"SQ_LDS_UNALIGNED_STALL",1792.000000
"34__2048_4_65536_8",68,16,"SQ_LDS_BANK_CONFLICT",1792.000000
"34__2048_4_65536_8",68,16,"SQ_LDS_UNALIGNED_STALL",1792.000000
"34__2048_4_65536_16",68,16,"SQ_LDS_BANK_CONFLICT",1792.000000
"34__2048_4_65536_16",68,16,"SQ_LDS_UNALIGNED_STALL",1792.000000
"34__2048_8",72,16,"SQ_LDS_BANK_CONFLICT",1792.000000
"34__2048_8",72,16,"SQ_LDS_UNALIGNED_STALL",0.00000000e+00
"34__2048_8_32768_2",72,16,"SQ_LDS_BANK_CONFLICT",1792.000000
"34__2048_8_32768_2",72,16,"SQ_LDS_UNALIGNED_STALL",0.00000000e+00
"34__2048_8_32768_4",72,16,"SQ_LDS_BANK_CONFLICT",1792.000000
"34__2048_8_32768_4",72,16,"SQ_LDS_UNALIGNED_STALL",0.00000000e+00
"34__2048_8_32768_8",72,16,"SQ_LDS_BANK_CONFLICT",1792.000000
"34__2048_8_32768_8",72,16,"SQ_LDS_UNALIGNED_STALL",0.00000000e+00
"34__2048_8_32768_16",72,16,"SQ_LDS_BANK_CONFLICT",1792.000000
"34__2048_8_32768_16",72,16,"SQ_LDS_UNALIGNED_STALL",0.00000000e+00
"34__2048_16",72,16,"SQ_LDS_BANK_CONFLICT",2048.000000
"34__2048_16",72,16,"SQ_LDS_UNALIGNED_STALL",0.00000000e+00
"34__2048_16_16384_2",72,16,"SQ_LDS_BANK_CONFLICT",2048.000000
"34__2048_16_16384_2",72,16,"SQ_LDS_UNALIGNED_STALL",0.00000000e+00
"34__2048_16_16384_4",72,16,"SQ_LDS_BANK_CONFLICT",2048.000000
"34__2048_16_16384_4",72,16,"SQ_LDS_UNALIGNED_STALL",0.00000000e+00
"34__2048_16_16384_8",72,16,"SQ_LDS_BANK_CONFLICT",2048.000000
"34__2048_16_16384_8",72,16,"SQ_LDS_UNALIGNED_STALL",0.00000000e+00
"34__2048_16_16384_16",72,16,"SQ_LDS_BANK_CONFLICT",2048.000000
"34__2048_16_16384_16",72,16,"SQ_LDS_UNALIGNED_STALL",0.00000000e+00
"35__256_2",40,16,"SQ_LDS_BANK_CONFLICT",64.000000
"35__256_2",40,16,"SQ_LDS_UNALIGNED_STALL",5184.000000
"35__256_2_16384_2",40,16,"SQ_LDS_BANK_CONFLICT",64.000000
"35__256_2_16384_2",40,16,"SQ_LDS_UNALIGNED_STALL",5184.000000
"35__256_2_16384_4",40,16,"SQ_LDS_BANK_CONFLICT",64.000000
"35__256_2_16384_4",40,16,"SQ_LDS_UNALIGNED_STALL",5184.000000
"35__256_2_16384_8",40,16,"SQ_LDS_BANK_CONFLICT",64.000000
"35__256_2_16384_8",40,16,"SQ_LDS_UNALIGNED_STALL",5184.000000
"35__256_2_16384_16",40,16,"SQ_LDS_BANK_CONFLICT",64.000000
"35__256_2_16384_16",40,16,"SQ_LDS_UNALIGNED_STALL",5184.000000
"35__256_4",40,16,"SQ_LDS_BANK_CONFLICT",384.000000
"35__256_4",40,16,"SQ_LDS_UNALIGNED_STALL",896.000000
"35__256_4_8192_2",40,16,"SQ_LDS_BANK_CONFLICT",0.00000000e+00
"35__256_4_8192_2",40,16,"SQ_LDS_UNALIGNED_STALL",3776.000000
"35__256_4_8192_4",40,16,"SQ_LDS_BANK_CONFLICT",0.00000000e+00
"35__256_4_8192_4",40,16,"SQ_LDS_UNALIGNED_STALL",1792.000000
"35__256_4_8192_8",40,16,"SQ_LDS_BANK_CONFLICT",128.000000
"35__256_4_8192_8",40,16,"SQ_LDS_UNALIGNED_STALL",896.000000
"35__256_4_8192_16",40,16,"SQ_LDS_BANK_CONFLICT",128.000000
"35__256_4_8192_16",40,16,"SQ_LDS_UNALIGNED_STALL",896.000000
"35__256_8",40,16,"SQ_LDS_BANK_CONFLICT",2048.000000
"35__256_8",40,16,"SQ_LDS_UNALIGNED_STALL",0.00000000e+00
"35__256_8_4096_2",40,16,"SQ_LDS_BANK_CONFLICT",128.000000
"35__256_8_4096_2",40,16,"SQ_LDS_UNALIGNED_STALL",3776.000000
"35__256_8_4096_4",40,16,"SQ_LDS_BANK_CONFLICT",256.000000
"35__256_8_4096_4",40,16,"SQ_LDS_UNALIGNED_STALL",1792.000000
"35__256_8_4096_8",40,16,"SQ_LDS_BANK_CONFLICT",512.000000
"35__256_8_4096_8",40,16,"SQ_LDS_UNALIGNED_STALL",0.00000000e+00
"35__256_8_4096_16",40,16,"SQ_LDS_BANK_CONFLICT",512.000000
"35__256_8_4096_16",40,16,"SQ_LDS_UNALIGNED_STALL",0.00000000e+00
"35__256_16",40,16,"SQ_LDS_BANK_CONFLICT",2560.000000
"35__256_16",40,16,"SQ_LDS_UNALIGNED_STALL",0.00000000e+00
"35__256_16_2048_2",64,16,"SQ_LDS_BANK_CONFLICT",0.00000000e+00
"35__256_16_2048_2",64,16,"SQ_LDS_UNALIGNED_STALL",5728.000000
"35__256_16_2048_4",64,16,"SQ_LDS_BANK_CONFLICT",160.000000
"35__256_16_2048_4",64,16,"SQ_LDS_UNALIGNED_STALL",1792.000000
"35__256_16_2048_8",64,16,"SQ_LDS_BANK_CONFLICT",64.000000
"35__256_16_2048_8",64,16,"SQ_LDS_UNALIGNED_STALL",0.00000000e+00
"35__256_16_2048_16",64,16,"SQ_LDS_BANK_CONFLICT",544.000000
"35__256_16_2048_16",64,16,"SQ_LDS_UNALIGNED_STALL",0.00000000e+00
"35__128_2",40,16,"SQ_LDS_BANK_CONFLICT",192.000000
"35__128_2",40,16,"SQ_LDS_UNALIGNED_STALL",3328.000000
"35__128_2_8192_2",40,16,"SQ_LDS_BANK_CONFLICT",0.00000000e+00
"35__128_2_8192_2",40,16,"SQ_LDS_UNALIGNED_STALL",3776.000000
"35__128_2_8192_4",40,16,"SQ_LDS_BANK_CONFLICT",0.00000000e+00
"35__128_2_8192_4",40,16,"SQ_LDS_UNALIGNED_STALL",3776.000000
"35__128_2_8192_8",40,16,"SQ_LDS_BANK_CONFLICT",64.000000
"35__128_2_8192_8",40,16,"SQ_LDS_UNALIGNED_STALL",3328.000000
"35__128_2_8192_16",40,16,"SQ_LDS_BANK_CONFLICT",64.000000
"35__128_2_8192_16",40,16,"SQ_LDS_UNALIGNED_STALL",3328.000000
"35__128_4",40,16,"SQ_LDS_BANK_CONFLICT",1152.000000
"35__128_4",40,16,"SQ_LDS_UNALIGNED_STALL",896.000000
"35__128_4_4096_2",40,16,"SQ_LDS_BANK_CONFLICT",128.000000
"35__128_4_4096_2",40,16,"SQ_LDS_UNALIGNED_STALL",3776.000000
"35__128_4_4096_4",40,16,"SQ_LDS_BANK_CONFLICT",256.000000
"35__128_4_4096_4",40,16,"SQ_LDS_UNALIGNED_STALL",1792.000000
"35__128_4_4096_8",40,16,"SQ_LDS_BANK_CONFLICT",384.000000
"35__128_4_4096_8",40,16,"SQ_LDS_UNALIGNED_STALL",896.000000
"35__128_4_4096_16",40,16,"SQ_LDS_BANK_CONFLICT",384.000000
"35__128_4_4096_16",40,16,"SQ_LDS_UNALIGNED_STALL",896.000000
"35__128_8",40,16,"SQ_LDS_BANK_CONFLICT",2560.000000
"35__128_8",40,16,"SQ_LDS_UNALIGNED_STALL",0.00000000e+00
"35__128_8_2048_2",64,16,"SQ_LDS_BANK_CONFLICT",0.00000000e+00
"35__128_8_2048_2",64,16,"SQ_LDS_UNALIGNED_STALL",5728.000000
"35__128_8_2048_4",64,16,"SQ_LDS_BANK_CONFLICT",160.000000
"35__128_8_2048_4",64,16,"SQ_LDS_UNALIGNED_STALL",1792.000000
"35__128_8_2048_8",64,16,"SQ_LDS_BANK_CONFLICT",64.000000
"35__128_8_2048_8",64,16,"SQ_LDS_UNALIGNED_STALL",0.00000000e+00
"35__128_8_2048_16",64,16,"SQ_LDS_BANK_CONFLICT",544.000000
"35__128_8_2048_16",64,16,"SQ_LDS_UNALIGNED_STALL",0.00000000e+00
"35__128_16",40,16,"SQ_LDS_BANK_CONFLICT",3584.000000
"35__128_16",40,16,"SQ_LDS_UNALIGNED_STALL",0.00000000e+00
"35__128_16_1024_2",60,16,"SQ_LDS_BANK_CONFLICT",0.00000000e+00
"35__128_16_1024_2",60,16,"SQ_LDS_UNALIGNED_STALL",5728.000000
"35__128_16_1024_4",60,16,"SQ_LDS_BANK_CONFLICT",160.000000
"35__128_16_1024_4",60,16,"SQ_LDS_UNALIGNED_STALL",896.000000
"35__128_16_1024_8",60,16,"SQ_LDS_BANK_CONFLICT",320.000000
"35__128_16_1024_8",60,16,"SQ_LDS_UNALIGNED_STALL",0.00000000e+00
"35__128_16_1024_16",60,16,"SQ_LDS_BANK_CONFLICT",1056.000000
"35__128_16_1024_16",60,16,"SQ_LDS_UNALIGNED_STALL",0.00000000e+00
"35__2048_2",40,16,"SQ_LDS_BANK_CONFLICT",0.00000000e+00
"35__2048_2",40,16,"SQ_LDS_UNALIGNED_STALL",5632.000000
"35__2048_2_131072_2",40,16,"SQ_LDS_BANK_CONFLICT",0.00000000e+00
"35__2048_2_131072_2",40,16,"SQ_LDS_UNALIGNED_STALL",5632.000000
"35__2048_2_131072_4",40,16,"SQ_LDS_BANK_CONFLICT",0.00000000e+00
"35__2048_2_131072_4",40,16,"SQ_LDS_UNALIGNED_STALL",5632.000000
"35__2048_2_131072_8",40,16,"SQ_LDS_BANK_CONFLICT",0.00000000e+00
"35__2048_2_131072_8",40,16,"SQ_LDS_UNALIGNED_STALL",5632.000000
"35__2048_2_131072_16",40,16,"SQ_LDS_BANK_CONFLICT",0.00000000e+00
"35__2048_2_131072_16",40,16,"SQ_LDS_UNALIGNED_STALL",5632.000000
"35__2048_4",40,16,"SQ_LDS_BANK_CONFLICT",1792.000000
"35__2048_4",40,16,"SQ_LDS_UNALIGNED_STALL",1792.000000
"35__2048_4_65536_2",40,16,"SQ_LDS_BANK_CONFLICT",1792.000000
"35__2048_4_65536_2",40,16,"SQ_LDS_UNALIGNED_STALL",1792.000000
"35__2048_4_65536_4",40,16,"SQ_LDS_BANK_CONFLICT",1792.000000
"35__2048_4_65536_4",40,16,"SQ_LDS_UNALIGNED_STALL",1792.000000
"35__2048_4_65536_8",40,16,"SQ_LDS_BANK_CONFLICT",1792.000000
"35__2048_4_65536_8",40,16,"SQ_LDS_UNALIGNED_STALL",1792.000000
"35__2048_4_65536_16",40,16,"SQ_LDS_BANK_CONFLICT",1792.000000
"35__2048_4_65536_16",40,16,"SQ_LDS_UNALIGNED_STALL",1792.000000
"35__2048_8",40,16,"SQ_LDS_BANK_CONFLICT",1792.000000
"35__2048_8",40,16,"SQ_LDS_UNALIGNED_STALL",0.00000000e+00
"35__2048_8_32768_2",40,16,"SQ_LDS_BANK_CONFLICT",1792.000000
"35__2048_8_32768_2",40,16,"SQ_LDS_UNALIGNED_STALL",0.00000000e+00
"35__2048_8_32768_4",40,16,"SQ_LDS_BANK_CONFLICT",1792.000000
"35__2048_8_32768_4",40,16,"SQ_LDS_UNALIGNED_STALL",0.00000000e+00
"35__2048_8_32768_8",40,16,"SQ_LDS_BANK_CONFLICT",1792.000000
"35__2048_8_32768_8",40,16,"SQ_LDS_UNALIGNED_STALL",0.00000000e+00
"35__2048_8_32768_16",40,16,"SQ_LDS_BANK_CONFLICT",1792.000000
"35__2048_8_32768_16",40,16,"SQ_LDS_UNALIGNED_STALL",0.00000000e+00
"35__2048_16",40,16,"SQ_LDS_BANK_CONFLICT",2048.000000
"35__2048_16",40,16,"SQ_LDS_UNALIGNED_STALL",0.00000000e+00
"35__2048_16_16384_2",40,16,"SQ_LDS_BANK_CONFLICT",2048.000000
"35__2048_16_16384_2",40,16,"SQ_LDS_UNALIGNED_STALL",0.00000000e+00
"35__2048_16_16384_4",40,16,"SQ_LDS_BANK_CONFLICT",2048.000000
"35__2048_16_16384_4",40,16,"SQ_LDS_UNALIGNED_STALL",0.00000000e+00
"35__2048_16_16384_8",40,16,"SQ_LDS_BANK_CONFLICT",2048.000000
"35__2048_16_16384_8",40,16,"SQ_LDS_UNALIGNED_STALL",0.00000000e+00
"35__2048_16_16384_16",40,16,"SQ_LDS_BANK_CONFLICT",2048.000000
"35__2048_16_16384_16",40,16,"SQ_LDS_UNALIGNED_STALL",0.00000000e+00
"36__128_2",36,16,"SQ_LDS_BANK_CONFLICT",128.000000
"36__128_2",36,16,"SQ_LDS_UNALIGNED_STALL",1920.000000
"36__128_2_8192_2",36,16,"SQ_LDS_BANK_CONFLICT",128.000000
"36__128_2_8192_2",36,16,"SQ_LDS_UNALIGNED_STALL",1920.000000
"36__128_2_8192_4",36,16,"SQ_LDS_BANK_CONFLICT",128.000000
"36__128_2_8192_4",36,16,"SQ_LDS_UNALIGNED_STALL",1920.000000
"36__128_2_8192_8",36,16,"SQ_LDS_BANK_CONFLICT",128.000000
"36__128_2_8192_8",36,16,"SQ_LDS_UNALIGNED_STALL",1920.000000
"36__128_2_8192_16",36,16,"SQ_LDS_BANK_CONFLICT",128.000000
"36__128_2_8192_16",36,16,"SQ_LDS_UNALIGNED_STALL",1920.000000
"36__128_4",36,16,"SQ_LDS_BANK_CONFLICT",384.000000
"36__128_4",36,16,"SQ_LDS_UNALIGNED_STALL",0.00000000e+00
"36__128_4_4096_2",36,16,"SQ_LDS_BANK_CONFLICT",384.000000
"36__128_4_4096_2",36,16,"SQ_LDS_UNALIGNED_STALL",992.000000
"36__128_4_4096_4",36,16,"SQ_LDS_BANK_CONFLICT",384.000000
"36__128_4_4096_4",36,16,"SQ_LDS_UNALIGNED_STALL",0.00000000e+00
"36__128_4_4096_8",36,16,"SQ_LDS_BANK_CONFLICT",128.000000
"36__128_4_4096_8",36,16,"SQ_LDS_UNALIGNED_STALL",0.00000000e+00
"36__128_4_4096_16",36,16,"SQ_LDS_BANK_CONFLICT",128.000000
"36__128_4_4096_16",36,16,"SQ_LDS_UNALIGNED_STALL",0.00000000e+00
"36__128_8",36,16,"SQ_LDS_BANK_CONFLICT",1024.000000
"36__128_8",36,16,"SQ_LDS_UNALIGNED_STALL",0.00000000e+00
"36__128_8_2048_2",44,16,"SQ_LDS_BANK_CONFLICT",928.000000
"36__128_8_2048_2",44,16,"SQ_LDS_UNALIGNED_STALL",1472.000000
"36__128_8_2048_4",44,16,"SQ_LDS_BANK_CONFLICT",448.000000
"36__128_8_2048_4",44,16,"SQ_LDS_UNALIGNED_STALL",0.00000000e+00
"36__128_8_2048_8",44,16,"SQ_LDS_BANK_CONFLICT",224.000000
"36__128_8_2048_8",44,16,"SQ_LDS_UNALIGNED_STALL",0.00000000e+00
"36__128_8_2048_16",44,16,"SQ_LDS_BANK_CONFLICT",224.000000
"36__128_8_2048_16",44,16,"SQ_LDS_UNALIGNED_STALL",0.00000000e+00
"36__128_16",36,16,"SQ_LDS_BANK_CONFLICT",1280.000000
"36__128_16",36,16,"SQ_LDS_UNALIGNED_STALL",0.00000000e+00
"36__128_16_1024_2",44,16,"SQ_LDS_BANK_CONFLICT",384.000000
"36__128_16_1024_2",44,16,"SQ_LDS_UNALIGNED_STALL",1952.000000
"36__128_16_1024_4",44,16,"SQ_LDS_BANK_CONFLICT",192.000000
"36__128_16_1024_4",44,16,"SQ_LDS_UNALIGNED_STALL",0.00000000e+00
"36__128_16_1024_8",44,16,"SQ_LDS_BANK_CONFLICT",96.000000
"36__128_16_1024_8",44,16,"SQ_LDS_UNALIGNED_STALL",0.00000000e+00
"36__128_16_1024_16",44,16,"SQ_LDS_BANK_CONFLICT",416.000000
"36__128_16_1024_16",44,16,"SQ_LDS_UNALIGNED_STALL",0.00000000e+00
"36__128_2",36,16,"SQ_LDS_BANK_CONFLICT",128.000000
"36__128_2",36,16,"SQ_LDS_UNALIGNED_STALL",1920.000000
"36__128_2_8192_2",36,16,"SQ_LDS_BANK_CONFLICT",128.000000
"36__128_2_8192_2",36,16,"SQ_LDS_UNALIGNED_STALL",1920.000000
"36__128_2_8192_4",36,16,"SQ_LDS_BANK_CONFLICT",128.000000
"36__128_2_8192_4",36,16,"SQ_LDS_UNALIGNED_STALL",1920.000000
"36__128_2_8192_8",36,16,"SQ_LDS_BANK_CONFLICT",128.000000
"36__128_2_8192_8",36,16,"SQ_LDS_UNALIGNED_STALL",1920.000000
"36__128_2_8192_16",36,16,"SQ_LDS_BANK_CONFLICT",128.000000
"36__128_2_8192_16",36,16,"SQ_LDS_UNALIGNED_STALL",1920.000000
"36__128_4",36,16,"SQ_LDS_BANK_CONFLICT",384.000000
"36__128_4",36,16,"SQ_LDS_UNALIGNED_STALL",0.00000000e+00
"36__128_4_4096_2",36,16,"SQ_LDS_BANK_CONFLICT",384.000000
"36__128_4_4096_2",36,16,"SQ_LDS_UNALIGNED_STALL",992.000000
"36__128_4_4096_4",36,16,"SQ_LDS_BANK_CONFLICT",384.000000
"36__128_4_4096_4",36,16,"SQ_LDS_UNALIGNED_STALL",0.00000000e+00
"36__128_4_4096_8",36,16,"SQ_LDS_BANK_CONFLICT",128.000000
"36__128_4_4096_8",36,16,"SQ_LDS_UNALIGNED_STALL",0.00000000e+00
"36__128_4_4096_16",36,16,"SQ_LDS_BANK_CONFLICT",128.000000
"36__128_4_4096_16",36,16,"SQ_LDS_UNALIGNED_STALL",0.00000000e+00
"36__128_8",36,16,"SQ_LDS_BANK_CONFLICT",1024.000000
"36__128_8",36,16,"SQ_LDS_UNALIGNED_STALL",0.00000000e+00
"36__128_8_2048_2",44,16,"SQ_LDS_BANK_CONFLICT",928.000000
"36__128_8_2048_2",44,16,"SQ_LDS_UNALIGNED_STALL",1472.000000
"36__128_8_2048_4",44,16,"SQ_LDS_BANK_CONFLICT",448.000000
"36__128_8_2048_4",44,16,"SQ_LDS_UNALIGNED_STALL",0.00000000e+00
"36__128_8_2048_8",44,16,"SQ_LDS_BANK_CONFLICT",224.000000
"36__128_8_2048_8",44,16,"SQ_LDS_UNALIGNED_STALL",0.00000000e+00
"36__128_8_2048_16",44,16,"SQ_LDS_BANK_CONFLICT",224.000000
"36__128_8_2048_16",44,16,"SQ_LDS_UNALIGNED_STALL",0.00000000e+00
"36__128_16",36,16,"SQ_LDS_BANK_CONFLICT",1280.000000
"36__128_16",36,16,"SQ_LDS_UNALIGNED_STALL",0.00000000e+00
"36__128_16_1024_2",44,16,"SQ_LDS_BANK_CONFLICT",384.000000
"36__128_16_1024_2",44,16,"SQ_LDS_UNALIGNED_STALL",1952.000000
"36__128_16_1024_4",44,16,"SQ_LDS_BANK_CONFLICT",192.000000
"36__128_16_1024_4",44,16,"SQ_LDS_UNALIGNED_STALL",0.00000000e+00
"36__128_16_1024_8",44,16,"SQ_LDS_BANK_CONFLICT",96.000000
"36__128_16_1024_8",44,16,"SQ_LDS_UNALIGNED_STALL",0.00000000e+00
"36__128_16_1024_16",44,16,"SQ_LDS_BANK_CONFLICT",416.000000
"36__128_16_1024_16",44,16,"SQ_LDS_UNALIGNED_STALL",0.00000000e+00
"36__1024_2",36,16,"SQ_LDS_BANK_CONFLICT",384.000000
"36__1024_2",36,16,"SQ_LDS_UNALIGNED_STALL",1920.000000
"36__1024_2_65536_2",36,16,"SQ_LDS_BANK_CONFLICT",384.000000
"36__1024_2_65536_2",36,16,"SQ_LDS_UNALIGNED_STALL",1920.000000
"36__1024_2_65536_4",36,16,"SQ_LDS_BANK_CONFLICT",384.000000
"36__1024_2_65536_4",36,16,"SQ_LDS_UNALIGNED_STALL",1920.000000
"36__1024_2_65536_8",36,16,"SQ_LDS_BANK_CONFLICT",384.000000
"36__1024_2_65536_8",36,16,"SQ_LDS_UNALIGNED_STALL",1920.000000
"36__1024_2_65536_16",36,16,"SQ_LDS_BANK_CONFLICT",384.000000
"36__1024_2_65536_16",36,16,"SQ_LDS_UNALIGNED_STALL",1920.000000
"36__1024_4",36,16,"SQ_LDS_BANK_CONFLICT",1024.000000
"36__1024_4",36,16,"SQ_LDS_UNALIGNED_STALL",0.00000000e+00
"36__1024_4_32768_2",36,16,"SQ_LDS_BANK_CONFLICT",1024.000000
"36__1024_4_32768_2",36,16,"SQ_LDS_UNALIGNED_STALL",0.00000000e+00
"36__1024_4_32768_4",36,16,"SQ_LDS_BANK_CONFLICT",1024.000000
"36__1024_4_32768_4",36,16,"SQ_LDS_UNALIGNED_STALL",0.00000000e+00
"36__1024_4_32768_8",36,16,"SQ_LDS_BANK_CONFLICT",1024.000000
"36__1024_4_32768_8",36,16,"SQ_LDS_UNALIGNED_STALL",0.00000000e+00
"36__1024_4_32768_16",36,16,"SQ_LDS_BANK_CONFLICT",1024.000000
"36__1024_4_32768_16",36,16,"SQ_LDS_UNALIGNED_STALL",0.00000000e+00
"36__1024_8",36,16,"SQ_LDS_BANK_CONFLICT",896.000000
"36__1024_8",36,16,"SQ_LDS_UNALIGNED_STALL",0.00000000e+00
"36__1024_8_16384_2",36,16,"SQ_LDS_BANK_CONFLICT",896.000000
"36__1024_8_16384_2",36,16,"SQ_LDS_UNALIGNED_STALL",0.00000000e+00
"36__1024_8_16384_4",36,16,"SQ_LDS_BANK_CONFLICT",896.000000
"36__1024_8_16384_4",36,16,"SQ_LDS_UNALIGNED_STALL",0.00000000e+00
"36__1024_8_16384_8",36,16,"SQ_LDS_BANK_CONFLICT",896.000000
"36__1024_8_16384_8",36,16,"SQ_LDS_UNALIGNED_STALL",0.00000000e+00
"36__1024_8_16384_16",36,16,"SQ_LDS_BANK_CONFLICT",896.000000
"36__1024_8_16384_16",36,16,"SQ_LDS_UNALIGNED_STALL",0.00000000e+00
"36__1024_16",36,16,"SQ_LDS_BANK_CONFLICT",1024.000000
"36__1024_16",36,16,"SQ_LDS_UNALIGNED_STALL",0.00000000e+00
"36__1024_16_8192_2",36,16,"SQ_LDS_BANK_CONFLICT",1024.000000
"36__1024_16_8192_2",36,16,"SQ_LDS_UNALIGNED_STALL",0.00000000e+00
"36__1024_16_8192_4",36,16,"SQ_LDS_BANK_CONFLICT",1024.000000
"36__1024_16_8192_4",36,16,"SQ_LDS_UNALIGNED_STALL",0.00000000e+00
"36__1024_16_8192_8",36,16,"SQ_LDS_BANK_CONFLICT",1024.000000
"36__1024_16_8192_8",36,16,"SQ_LDS_UNALIGNED_STALL",0.00000000e+00
"36__1024_16_8192_16",36,16,"SQ_LDS_BANK_CONFLICT",1024.000000
"36__1024_16_8192_16",36,16,"SQ_LDS_UNALIGNED_STALL",0.00000000e+00
"37__128_2",40,16,"SQ_LDS_BANK_CONFLICT",128.000000
"37__128_2",40,16,"SQ_LDS_UNALIGNED_STALL",1920.000000
"37__128_2_8192_2",40,16,"SQ_LDS_BANK_CONFLICT",128.000000
"37__128_2_8192_2",40,16,"SQ_LDS_UNALIGNED_STALL",1920.000000
"37__128_2_8192_4",40,16,"SQ_LDS_BANK_CONFLICT",128.000000
"37__128_2_8192_4",40,16,"SQ_LDS_UNALIGNED_STALL",1920.000000
"37__128_2_8192_8",40,16,"SQ_LDS_BANK_CONFLICT",128.000000
"37__128_2_8192_8",40,16,"SQ_LDS_UNALIGNED_STALL",1920.000000
"37__128_2_8192_16",40,16,"SQ_LDS_BANK_CONFLICT",128.000000
"37__128_2_8192_16",40,16,"SQ_LDS_UNALIGNED_STALL",1920.000000
"37__128_4",40,16,"SQ_LDS_BANK_CONFLICT",384.000000
"37__128_4",40,16,"SQ_LDS_UNALIGNED_STALL",0.00000000e+00
"37__128_4_4096_2",40,16,"SQ_LDS_BANK_CONFLICT",384.000000
"37__128_4_4096_2",40,16,"SQ_LDS_UNALIGNED_STALL",992.000000
"37__128_4_4096_4",40,16,"SQ_LDS_BANK_CONFLICT",384.000000
"37__128_4_4096_4",40,16,"SQ_LDS_UNALIGNED_STALL",0.00000000e+00
"37__128_4_4096_8",40,16,"SQ_LDS_BANK_CONFLICT",128.000000
"37__128_4_4096_8",40,16,"SQ_LDS_UNALIGNED_STALL",0.00000000e+00
"37__128_4_4096_16",40,16,"SQ_LDS_BANK_CONFLICT",128.000000
"37__128_4_4096_16",40,16,"SQ_LDS_UNALIGNED_STALL",0.00000000e+00
"37__128_8",40,16,"SQ_LDS_BANK_CONFLICT",1024.000000
"37__128_8",40,16,"SQ_LDS_UNALIGNED_STALL",0.00000000e+00
"37__128_8_2048_2",40,16,"SQ_LDS_BANK_CONFLICT",960.000000
"37__128_8_2048_2",40,16,"SQ_LDS_UNALIGNED_STALL",992.000000
"37__128_8_2048_4",40,16,"SQ_LDS_BANK_CONFLICT",512.000000
"37__128_8_2048_4",40,16,"SQ_LDS_UNALIGNED_STALL",0.00000000e+00
"37__128_8_2048_8",40,16,"SQ_LDS_BANK_CONFLICT",256.000000
"37__128_8_2048_8",40,16,"SQ_LDS_UNALIGNED_STALL",0.00000000e+00
"37__128_8_2048_16",40,16,"SQ_LDS_BANK_CONFLICT",256.000000
"37__128_8_2048_16",40,16,"SQ_LDS_UNALIGNED_STALL",0.00000000e+00
"37__128_16",40,16,"SQ_LDS_BANK_CONFLICT",1280.000000
"37__128_16",40,16,"SQ_LDS_UNALIGNED_STALL",0.00000000e+00
"37__128_16_1024_2",36,16,"SQ_LDS_BANK_CONFLICT",384.000000
"37__128_16_1024_2",36,16,"SQ_LDS_UNALIGNED_STALL",1968.000000
"37__128_16_1024_4",36,16,"SQ_LDS_BANK_CONFLICT",208.000000
"37__128_16_1024_4",36,16,"SQ_LDS_UNALIGNED_STALL",0.00000000e+00
"37__128_16_1024_8",36,16,"SQ_LDS_BANK_CONFLICT",32.000000
"37__128_16_1024_8",36,16,"SQ_LDS_UNALIGNED_STALL",0.00000000e+00
"37__128_16_1024_16",36,16,"SQ_LDS_BANK_CONFLICT",272.000000
"37__128_16_1024_16",36,16,"SQ_LDS_UNALIGNED_STALL",0.00000000e+00
"37__128_2",40,16,"SQ_LDS_BANK_CONFLICT",128.000000
"37__128_2",40,16,"SQ_LDS_UNALIGNED_STALL",1920.000000
"37__128_2_8192_2",40,16,"SQ_LDS_BANK_CONFLICT",128.000000
"37__128_2_8192_2",40,16,"SQ_LDS_UNALIGNED_STALL",1920.000000
"37__128_2_8192_4",40,16,"SQ_LDS_BANK_CONFLICT",128.000000
"37__128_2_8192_4",40,16,"SQ_LDS_UNALIGNED_STALL",1920.000000
"37__128_2_8192_8",40,16,"SQ_LDS_BANK_CONFLICT",128.000000
"37__128_2_8192_8",40,16,"SQ_LDS_UNALIGNED_STALL",1920.000000
"37__128_2_8192_16",40,16,"SQ_LDS_BANK_CONFLICT",128.000000
"37__128_2_8192_16",40,16,"SQ_LDS_UNALIGNED_STALL",1920.000000
"37__128_4",40,16,"SQ_LDS_BANK_CONFLICT",384.000000
"37__128_4",40,16,"SQ_LDS_UNALIGNED_STALL",0.00000000e+00
"37__128_4_4096_2",40,16,"SQ_LDS_BANK_CONFLICT",384.000000
"37__128_4_4096_2",40,16,"SQ_LDS_UNALIGNED_STALL",992.000000
"37__128_4_4096_4",40,16,"SQ_LDS_BANK_CONFLICT",384.000000
"37__128_4_4096_4",40,16,"SQ_LDS_UNALIGNED_STALL",0.00000000e+00
"37__128_4_4096_8",40,16,"SQ_LDS_BANK_CONFLICT",128.000000
"37__128_4_4096_8",40,16,"SQ_LDS_UNALIGNED_STALL",0.00000000e+00
"37__128_4_4096_16",40,16,"SQ_LDS_BANK_CONFLICT",128.000000
"37__128_4_4096_16",40,16,"SQ_LDS_UNALIGNED_STALL",0.00000000e+00
"37__128_8",40,16,"SQ_LDS_BANK_CONFLICT",1024.000000
"37__128_8",40,16,"SQ_LDS_UNALIGNED_STALL",0.00000000e+00
"37__128_8_2048_2",40,16,"SQ_LDS_BANK_CONFLICT",960.000000
"37__128_8_2048_2",40,16,"SQ_LDS_UNALIGNED_STALL",992.000000
"37__128_8_2048_4",40,16,"SQ_LDS_BANK_CONFLICT",512.000000
"37__128_8_2048_4",40,16,"SQ_LDS_UNALIGNED_STALL",0.00000000e+00
"37__128_8_2048_8",40,16,"SQ_LDS_BANK_CONFLICT",256.000000
"37__128_8_2048_8",40,16,"SQ_LDS_UNALIGNED_STALL",0.00000000e+00
"37__128_8_2048_16",40,16,"SQ_LDS_BANK_CONFLICT",256.000000
"37__128_8_2048_16",40,16,"SQ_LDS_UNALIGNED_STALL",0.00000000e+00
"37__128_16",40,16,"SQ_LDS_BANK_CONFLICT",1280.000000
"37__128_16",40,16,"SQ_LDS_UNALIGNED_STALL",0.00000000e+00
"37__128_16_1024_2",36,16,"SQ_LDS_BANK_CONFLICT",384.000000
"37__128_16_1024_2",36,16,"SQ_LDS_UNALIGNED_STALL",1968.000000
"37__128_16_1024_4",36,16,"SQ_LDS_BANK_CONFLICT",208.000000
"37__128_16_1024_4",36,16,"SQ_LDS_UNALIGNED_STALL",0.00000000e+00
"37__128_16_1024_8",36,16,"SQ_LDS_BANK_CONFLICT",32.000000
"37__128_16_1024_8",36,16,"SQ_LDS_UNALIGNED_STALL",0.00000000e+00
"37__128_16_1024_16",36,16,"SQ_LDS_BANK_CONFLICT",272.000000
"37__128_16_1024_16",36,16,"SQ_LDS_UNALIGNED_STALL",0.00000000e+00
"37__1024_2",40,16,"SQ_LDS_BANK_CONFLICT",384.000000
"37__1024_2",40,16,"SQ_LDS_UNALIGNED_STALL",1920.000000
"37__1024_2_65536_2",40,16,"SQ_LDS_BANK_CONFLICT",384.000000
"37__1024_2_65536_2",40,16,"SQ_LDS_UNALIGNED_STALL",1920.000000
"37__1024_2_65536_4",40,16,"SQ_LDS_BANK_CONFLICT",384.000000
"37__1024_2_65536_4",40,16,"SQ_LDS_UNALIGNED_STALL",1920.000000
"37__1024_2_65536_8",40,16,"SQ_LDS_BANK_CONFLICT",384.000000
"37__1024_2_65536_8",40,16,"SQ_LDS_UNALIGNED_STALL",1920.000000
"37__1024_2_65536_16",40,16,"SQ_LDS_BANK_CONFLICT",384.000000
"37__1024_2_65536_16",40,16,"SQ_LDS_UNALIGNED_STALL",1920.000000
"37__1024_4",40,16,"SQ_LDS_BANK_CONFLICT",1024.000000
"37__1024_4",40,16,"SQ_LDS_UNALIGNED_STALL",0.00000000e+00
"37__1024_4_32768_2",40,16,"SQ_LDS_BANK_CONFLICT",1024.000000
"37__1024_4_32768_2",40,16,"SQ_LDS_UNALIGNED_STALL",0.00000000e+00
"37__1024_4_32768_4",40,16,"SQ_LDS_BANK_CONFLICT",1024.000000
"37__1024_4_32768_4",40,16,"SQ_LDS_UNALIGNED_STALL",0.00000000e+00
"37__1024_4_32768_8",40,16,"SQ_LDS_BANK_CONFLICT",1024.000000
"37__1024_4_32768_8",40,16,"SQ_LDS_UNALIGNED_STALL",0.00000000e+00
"37__1024_4_32768_16",40,16,"SQ_LDS_BANK_CONFLICT",1024.000000
"37__1024_4_32768_16",40,16,"SQ_LDS_UNALIGNED_STALL",0.00000000e+00
"37__1024_8",40,16,"SQ_LDS_BANK_CONFLICT",896.000000
"37__1024_8",40,16,"SQ_LDS_UNALIGNED_STALL",0.00000000e+00
"37__1024_8_16384_2",40,16,"SQ_LDS_BANK_CONFLICT",896.000000
"37__1024_8_16384_2",40,16,"SQ_LDS_UNALIGNED_STALL",0.00000000e+00
"37__1024_8_16384_4",40,16,"SQ_LDS_BANK_CONFLICT",896.000000
"37__1024_8_16384_4",40,16,"SQ_LDS_UNALIGNED_STALL",0.00000000e+00
"37__1024_8_16384_8",40,16,"SQ_LDS_BANK_CONFLICT",896.000000
"37__1024_8_16384_8",40,16,"SQ_LDS_UNALIGNED_STALL",0.00000000e+00
"37__1024_8_16384_16",40,16,"SQ_LDS_BANK_CONFLICT",896.000000
"37__1024_8_16384_16",40,16,"SQ_LDS_UNALIGNED_STALL",0.00000000e+00
"37__1024_16",40,16,"SQ_LDS_BANK_CONFLICT",1024.000000
"37__1024_16",40,16,"SQ_LDS_UNALIGNED_STALL",0.00000000e+00
"37__1024_16_8192_2",40,16,"SQ_LDS_BANK_CONFLICT",1024.000000
"37__1024_16_8192_2",40,16,"SQ_LDS_UNALIGNED_STALL",0.00000000e+00
"37__1024_16_8192_4",40,16,"SQ_LDS_BANK_CONFLICT",1024.000000
"37__1024_16_8192_4",40,16,"SQ_LDS_UNALIGNED_STALL",0.00000000e+00
"37__1024_16_8192_8",40,16,"SQ_LDS_BANK_CONFLICT",1024.000000
"37__1024_16_8192_8",40,16,"SQ_LDS_UNALIGNED_STALL",0.00000000e+00
"37__1024_16_8192_16",40,16,"SQ_LDS_BANK_CONFLICT",1024.000000
"37__1024_16_8192_16",40,16,"SQ_LDS_UNALIGNED_STALL",0.00000000e+00
"38__128_2",40,16,"SQ_LDS_BANK_CONFLICT",64.000000
"38__128_2",40,16,"SQ_LDS_UNALIGNED_STALL",2880.000000
"38__128_2_8192_2",40,16,"SQ_LDS_BANK_CONFLICT",64.000000
"38__128_2_8192_2",40,16,"SQ_LDS_UNALIGNED_STALL",2880.000000
"38__128_2_8192_4",40,16,"SQ_LDS_BANK_CONFLICT",64.000000
"38__128_2_8192_4",40,16,"SQ_LDS_UNALIGNED_STALL",2880.000000
"38__128_2_8192_8",40,16,"SQ_LDS_BANK_CONFLICT",64.000000
"38__128_2_8192_8",40,16,"SQ_LDS_UNALIGNED_STALL",2880.000000
"38__128_2_8192_16",40,16,"SQ_LDS_BANK_CONFLICT",64.000000
"38__128_2_8192_16",40,16,"SQ_LDS_UNALIGNED_STALL",2880.000000
"38__128_4",40,16,"SQ_LDS_BANK_CONFLICT",384.000000
"38__128_4",40,16,"SQ_LDS_UNALIGNED_STALL",0.00000000e+00
"38__128_4_4096_2",40,16,"SQ_LDS_BANK_CONFLICT",0.00000000e+00
"38__128_4_4096_2",40,16,"SQ_LDS_UNALIGNED_STALL",2912.000000
"38__128_4_4096_4",40,16,"SQ_LDS_BANK_CONFLICT",384.000000
"38__128_4_4096_4",40,16,"SQ_LDS_UNALIGNED_STALL",0.00000000e+00
"38__128_4_4096_8",40,16,"SQ_LDS_BANK_CONFLICT",128.000000
"38__128_4_4096_8",40,16,"SQ_LDS_UNALIGNED_STALL",0.00000000e+00
"38__128_4_4096_16",40,16,"SQ_LDS_BANK_CONFLICT",128.000000
"38__128_4_4096_16",40,16,"SQ_LDS_UNALIGNED_STALL",0.00000000e+00
"38__128_8",40,16,"SQ_LDS_BANK_CONFLICT",1024.000000
"38__128_8",40,16,"SQ_LDS_UNALIGNED_STALL",0.00000000e+00
"38__128_8_2048_2",44,16,"SQ_LDS_BANK_CONFLICT",32.000000
"38__128_8_2048_2",44,16,"SQ_LDS_UNALIGNED_STALL",3392.000000
"38__128_8_2048_4",44,16,"SQ_LDS_BANK_CONFLICT",448.000000
"38__128_8_2048_4",44,16,"SQ_LDS_UNALIGNED_STALL",0.00000000e+00
"38__128_8_2048_8",44,16,"SQ_LDS_BANK_CONFLICT",224.000000
"38__128_8_2048_8",44,16,"SQ_LDS_UNALIGNED_STALL",0.00000000e+00
"38__128_8_2048_16",44,16,"SQ_LDS_BANK_CONFLICT",224.000000
"38__128_8_2048_16",44,16,"SQ_LDS_UNALIGNED_STALL",0.00000000e+00
"38__128_16",40,16,"SQ_LDS_BANK_CONFLICT",1280.000000
"38__128_16",40,16,"SQ_LDS_UNALIGNED_STALL",0.00000000e+00
"38__128_16_1024_2",44,16,"SQ_LDS_BANK_CONFLICT",0.00000000e+00
"38__128_16_1024_2",44,16,"SQ_LDS_UNALIGNED_STALL",3872.000000
"38__128_16_1024_4",44,16,"SQ_LDS_BANK_CONFLICT",192.000000
"38__128_16_1024_4",44,16,"SQ_LDS_UNALIGNED_STALL",0.00000000e+00
"38__128_16_1024_8",44,16,"SQ_LDS_BANK_CONFLICT",96.000000
"38__128_16_1024_8",44,16,"SQ_LDS_UNALIGNED_STALL",0.00000000e+00
"38__128_16_1024_16",44,16,"SQ_LDS_BANK_CONFLICT",416.000000
"38__128_16_1024_16",44,16,"SQ_LDS_UNALIGNED_STALL",0.00000000e+00
"38__128_2",40,16,"SQ_LDS_BANK_CONFLICT",64.000000
"38__128_2",40,16,"SQ_LDS_UNALIGNED_STALL",2880.000000
"38__128_2_8192_2",40,16,"SQ_LDS_BANK_CONFLICT",64.000000
"38__128_2_8192_2",40,16,"SQ_LDS_UNALIGNED_STALL",2880.000000
"38__128_2_8192_4",40,16,"SQ_LDS_BANK_CONFLICT",64.000000
"38__128_2_8192_4",40,16,"SQ_LDS_UNALIGNED_STALL",2880.000000
"38__128_2_8192_8",40,16,"SQ_LDS_BANK_CONFLICT",64.000000
"38__128_2_8192_8",40,16,"SQ_LDS_UNALIGNED_STALL",2880.000000
"38__128_2_8192_16",40,16,"SQ_LDS_BANK_CONFLICT",64.000000
"38__128_2_8192_16",40,16,"SQ_LDS_UNALIGNED_STALL",2880.000000
"38__128_4",40,16,"SQ_LDS_BANK_CONFLICT",384.000000
"38__128_4",40,16,"SQ_LDS_UNALIGNED_STALL",0.00000000e+00
"38__128_4_4096_2",40,16,"SQ_LDS_BANK_CONFLICT",0.00000000e+00
"38__128_4_4096_2",40,16,"SQ_LDS_UNALIGNED_STALL",2912.000000
"38__128_4_4096_4",40,16,"SQ_LDS_BANK_CONFLICT",384.000000
"38__128_4_4096_4",40,16,"SQ_LDS_UNALIGNED_STALL",0.00000000e+00
"38__128_4_4096_8",40,16,"SQ_LDS_BANK_CONFLICT",128.000000
"38__128_4_4096_8",40,16,"SQ_LDS_UNALIGNED_STALL",0.00000000e+00
"38__128_4_4096_16",40,16,"SQ_LDS_BANK_CONFLICT",128.000000
"38__128_4_4096_16",40,16,"SQ_LDS_UNALIGNED_STALL",0.00000000e+00
"38__128_8",40,16,"SQ_LDS_BANK_CONFLICT",1024.000000
"38__128_8",40,16,"SQ_LDS_UNALIGNED_STALL",0.00000000e+00
"38__128_8_2048_2",44,16,"SQ_LDS_BANK_CONFLICT",32.000000
"38__128_8_2048_2",44,16,"SQ_LDS_UNALIGNED_STALL",3392.000000
"38__128_8_2048_4",44,16,"SQ_LDS_BANK_CONFLICT",448.000000
"38__128_8_2048_4",44,16,"SQ_LDS_UNALIGNED_STALL",0.00000000e+00
"38__128_8_2048_8",44,16,"SQ_LDS_BANK_CONFLICT",224.000000
"38__128_8_2048_8",44,16,"SQ_LDS_UNALIGNED_STALL",0.00000000e+00
"38__128_8_2048_16",44,16,"SQ_LDS_BANK_CONFLICT",224.000000
"38__128_8_2048_16",44,16,"SQ_LDS_UNALIGNED_STALL",0.00000000e+00
"38__128_16",40,16,"SQ_LDS_BANK_CONFLICT",1280.000000
"38__128_16",40,16,"SQ_LDS_UNALIGNED_STALL",0.00000000e+00
"38__128_16_1024_2",44,16,"SQ_LDS_BANK_CONFLICT",0.00000000e+00
"38__128_16_1024_2",44,16,"SQ_LDS_UNALIGNED_STALL",3872.000000
"38__128_16_1024_4",44,16,"SQ_LDS_BANK_CONFLICT",192.000000
"38__128_16_1024_4",44,16,"SQ_LDS_UNALIGNED_STALL",0.00000000e+00
"38__128_16_1024_8",44,16,"SQ_LDS_BANK_CONFLICT",96.000000
"38__128_16_1024_8",44,16,"SQ_LDS_UNALIGNED_STALL",0.00000000e+00
"38__128_16_1024_16",44,16,"SQ_LDS_BANK_CONFLICT",416.000000
"38__128_16_1024_16",44,16,"SQ_LDS_UNALIGNED_STALL",0.00000000e+00
"38__1024_2",40,16,"SQ_LDS_BANK_CONFLICT",0.00000000e+00
"38__1024_2",40,16,"SQ_LDS_UNALIGNED_STALL",3840.000000
"38__1024_2_65536_2",40,16,"SQ_LDS_BANK_CONFLICT",0.00000000e+00
"38__1024_2_65536_2",40,16,"SQ_LDS_UNALIGNED_STALL",3840.000000
"38__1024_2_65536_4",40,16,"SQ_LDS_BANK_CONFLICT",0.00000000e+00
"38__1024_2_65536_4",40,16,"SQ_LDS_UNALIGNED_STALL",3840.000000
"38__1024_2_65536_8",40,16,"SQ_LDS_BANK_CONFLICT",0.00000000e+00
"38__1024_2_65536_8",40,16,"SQ_LDS_UNALIGNED_STALL",3840.000000
"38__1024_2_65536_16",40,16,"SQ_LDS_BANK_CONFLICT",0.00000000e+00
"38__1024_2_65536_16",40,16,"SQ_LDS_UNALIGNED_STALL",3840.000000
"38__1024_4",40,16,"SQ_LDS_BANK_CONFLICT",1024.000000
"38__1024_4",40,16,"SQ_LDS_UNALIGNED_STALL",0.00000000e+00
"38__1024_4_32768_2",40,16,"SQ_LDS_BANK_CONFLICT",1024.000000
"38__1024_4_32768_2",40,16,"SQ_LDS_UNALIGNED_STALL",0.00000000e+00
"38__1024_4_32768_4",40,16,"SQ_LDS_BANK_CONFLICT",1024.000000
"38__1024_4_32768_4",40,16,"SQ_LDS_UNALIGNED_STALL",0.00000000e+00
"38__1024_4_32768_8",40,16,"SQ_LDS_BANK_CONFLICT",1024.000000
"38__1024_4_32768_8",40,16,"SQ_LDS_UNALIGNED_STALL",0.00000000e+00
"38__1024_4_32768_16",40,16,"SQ_LDS_BANK_CONFLICT",1024.000000
"38__1024_4_32768_16",40,16,"SQ_LDS_UNALIGNED_STALL",0.00000000e+00
"38__1024_8",40,16,"SQ_LDS_BANK_CONFLICT",896.000000
"38__1024_8",40,16,"SQ_LDS_UNALIGNED_STALL",0.00000000e+00
"38__1024_8_16384_2",40,16,"SQ_LDS_BANK_CONFLICT",896.000000
"38__1024_8_16384_2",40,16,"SQ_LDS_UNALIGNED_STALL",0.00000000e+00
"38__1024_8_16384_4",40,16,"SQ_LDS_BANK_CONFLICT",896.000000
"38__1024_8_16384_4",40,16,"SQ_LDS_UNALIGNED_STALL",0.00000000e+00
"38__1024_8_16384_8",40,16,"SQ_LDS_BANK_CONFLICT",896.000000
"38__1024_8_16384_8",40,16,"SQ_LDS_UNALIGNED_STALL",0.00000000e+00
"38__1024_8_16384_16",40,16,"SQ_LDS_BANK_CONFLICT",896.000000
"38__1024_8_16384_16",40,16,"SQ_LDS_UNALIGNED_STALL",0.00000000e+00
"38__1024_16",40,16,"SQ_LDS_BANK_CONFLICT",1024.000000
"38__1024_16",40,16,"SQ_LDS_UNALIGNED_STALL",0.00000000e+00
"38__1024_16_8192_2",40,16,"SQ_LDS_BANK_CONFLICT",1024.000000
"38__1024_16_8192_2",40,16,"SQ_LDS_UNALIGNED_STALL",0.00000000e+00
"38__1024_16_8192_4",40,16,"SQ_LDS_BANK_CONFLICT",1024.000000
"38__1024_16_8192_4",40,16,"SQ_LDS_UNALIGNED_STALL",0.00000000e+00
"38__1024_16_8192_8",40,16,"SQ_LDS_BANK_CONFLICT",1024.000000
"38__1024_16_8192_8",40,16,"SQ_LDS_UNALIGNED_STALL",0.00000000e+00
"38__1024_16_8192_16",40,16,"SQ_LDS_BANK_CONFLICT",1024.000000
"38__1024_16_8192_16",40,16,"SQ_LDS_UNALIGNED_STALL",0.00000000e+00
"39__128_2",40,16,"SQ_LDS_BANK_CONFLICT",64.000000
"39__128_2",40,16,"SQ_LDS_UNALIGNED_STALL",2880.000000
"39__128_2_8192_2",40,16,"SQ_LDS_BANK_CONFLICT",64.000000
"39__128_2_8192_2",40,16,"SQ_LDS_UNALIGNED_STALL",2880.000000
"39__128_2_8192_4",40,16,"SQ_LDS_BANK_CONFLICT",64.000000
"39__128_2_8192_4",40,16,"SQ_LDS_UNALIGNED_STALL",2880.000000
"39__128_2_8192_8",40,16,"SQ_LDS_BANK_CONFLICT",64.000000
"39__128_2_8192_8",40,16,"SQ_LDS_UNALIGNED_STALL",2880.000000
"39__128_2_8192_16",40,16,"SQ_LDS_BANK_CONFLICT",64.000000
"39__128_2_8192_16",40,16,"SQ_LDS_UNALIGNED_STALL",2880.000000
"39__128_4",40,16,"SQ_LDS_BANK_CONFLICT",384.000000
"39__128_4",40,16,"SQ_LDS_UNALIGNED_STALL",0.00000000e+00
"39__128_4_4096_2",40,16,"SQ_LDS_BANK_CONFLICT",0.00000000e+00
"39__128_4_4096_2",40,16,"SQ_LDS_UNALIGNED_STALL",2912.000000
"39__128_4_4096_4",40,16,"SQ_LDS_BANK_CONFLICT",384.000000
"39__128_4_4096_4",40,16,"SQ_LDS_UNALIGNED_STALL",0.00000000e+00
"39__128_4_4096_8",40,16,"SQ_LDS_BANK_CONFLICT",128.000000
"39__128_4_4096_8",40,16,"SQ_LDS_UNALIGNED_STALL",0.00000000e+00
"39__128_4_4096_16",40,16,"SQ_LDS_BANK_CONFLICT",128.000000
"39__128_4_4096_16",40,16,"SQ_LDS_UNALIGNED_STALL",0.00000000e+00
"39__128_8",40,16,"SQ_LDS_BANK_CONFLICT",1024.000000
"39__128_8",40,16,"SQ_LDS_UNALIGNED_STALL",0.00000000e+00
"39__128_8_2048_2",40,16,"SQ_LDS_BANK_CONFLICT",64.000000
"39__128_8_2048_2",40,16,"SQ_LDS_UNALIGNED_STALL",2912.000000
"39__128_8_2048_4",40,16,"SQ_LDS_BANK_CONFLICT",512.000000
"39__128_8_2048_4",40,16,"SQ_LDS_UNALIGNED_STALL",0.00000000e+00
"39__128_8_2048_8",40,16,"SQ_LDS_BANK_CONFLICT",256.000000
"39__128_8_2048_8",40,16,"SQ_LDS_UNALIGNED_STALL",0.00000000e+00
"39__128_8_2048_16",40,16,"SQ_LDS_BANK_CONFLICT",256.000000
"39__128_8_2048_16",40,16,"SQ_LDS_UNALIGNED_STALL",0.00000000e+00
"39__128_16",40,16,"SQ_LDS_BANK_CONFLICT",1280.000000
"39__128_16",40,16,"SQ_LDS_UNALIGNED_STALL",0.00000000e+00
"39__128_16_1024_2",36,16,"SQ_LDS_BANK_CONFLICT",0.00000000e+00
"39__128_16_1024_2",36,16,"SQ_LDS_UNALIGNED_STALL",3888.000000
"39__128_16_1024_4",36,16,"SQ_LDS_BANK_CONFLICT",208.000000
"39__128_16_1024_4",36,16,"SQ_LDS_UNALIGNED_STALL",0.00000000e+00
"39__128_16_1024_8",36,16,"SQ_LDS_BANK_CONFLICT",32.000000
"39__128_16_1024_8",36,16,"SQ_LDS_UNALIGNED_STALL",0.00000000e+00
"39__128_16_1024_16",36,16,"SQ_LDS_BANK_CONFLICT",272.000000
"39__128_16_1024_16",36,16,"SQ_LDS_UNALIGNED_STALL",0.00000000e+00
"39__128_2",40,16,"SQ_LDS_BANK_CONFLICT",64.000000
"39__128_2",40,16,"SQ_LDS_UNALIGNED_STALL",2880.000000
"39__128_2_8192_2",40,16,"SQ_LDS_BANK_CONFLICT",64.000000
"39__128_2_8192_2",40,16,"SQ_LDS_UNALIGNED_STALL",2880.000000
"39__128_2_8192_4",40,16,"SQ_LDS_BANK_CONFLICT",64.000000
"39__128_2_8192_4",40,16,"SQ_LDS_UNALIGNED_STALL",2880.000000
"39__128_2_8192_8",40,16,"SQ_LDS_BANK_CONFLICT",64.000000
"39__128_2_8192_8",40,16,"SQ_LDS_UNALIGNED_STALL",2880.000000
"39__128_2_8192_16",40,16,"SQ_LDS_BANK_CONFLICT",64.000000
"39__128_2_8192_16",40,16,"SQ_LDS_UNALIGNED_STALL",2880.000000
"39__128_4",40,16,"SQ_LDS_BANK_CONFLICT",384.000000
"39__128_4",40,16,"SQ_LDS_UNALIGNED_STALL",0.00000000e+00
"39__128_4_4096_2",40,16,"SQ_LDS_BANK_CONFLICT",0.00000000e+00
"39__128_4_4096_2",40,16,"SQ_LDS_UNALIGNED_STALL",2912.000000
"39__128_4_4096_4",40,16,"SQ_LDS_BANK_CONFLICT",384.000000
"39__128_4_4096_4",40,16,"SQ_LDS_UNALIGNED_STALL",0.00000000e+00
"39__128_4_4096_8",40,16,"SQ_LDS_BANK_CONFLICT",128.000000
"39__128_4_4096_8",40,16,"SQ_LDS_UNALIGNED_STALL",0.00000000e+00
"39__128_4_4096_16",40,16,"SQ_LDS_BANK_CONFLICT",128.000000
"39__128_4_4096_16",40,16,"SQ_LDS_UNALIGNED_STALL",0.00000000e+00
"39__128_8",40,16,"SQ_LDS_BANK_CONFLICT",1024.000000
"39__128_8",40,16,"SQ_LDS_UNALIGNED_STALL",0.00000000e+00
"39__128_8_2048_2",40,16,"SQ_LDS_BANK_CONFLICT",64.000000
"39__128_8_2048_2",40,16,"SQ_LDS_UNALIGNED_STALL",2912.000000
"39__128_8_2048_4",40,16,"SQ_LDS_BANK_CONFLICT",512.000000
"39__128_8_2048_4",40,16,"SQ_LDS_UNALIGNED_STALL",0.00000000e+00
"39__128_8_2048_8",40,16,"SQ_LDS_BANK_CONFLICT",256.000000
"39__128_8_2048_8",40,16,"SQ_LDS_UNALIGNED_STALL",0.00000000e+00
"39__128_8_2048_16",40,16,"SQ_LDS_BANK_CONFLICT",256.000000
"39__128_8_2048_16",40,16,"SQ_LDS_UNALIGNED_STALL",0.00000000e+00
"39__128_16",40,16,"SQ_LDS_BANK_CONFLICT",1280.000000
"39__128_16",40,16,"SQ_LDS_UNALIGNED_STALL",0.00000000e+00
"39__128_16_1024_2",36,16,"SQ_LDS_BANK_CONFLICT",0.00000000e+00
"39__128_16_1024_2",36,16,"SQ_LDS_UNALIGNED_STALL",3888.000000
"39__128_16_1024_4",36,16,"SQ_LDS_BANK_CONFLICT",208.000000
"39__128_16_1024_4",36,16,"SQ_LDS_UNALIGNED_STALL",0.00000000e+00
"39__128_16_1024_8",36,16,"SQ_LDS_BANK_CONFLICT",32.000000
"39__128_16_1024_8",36,16,"SQ_LDS_UNALIGNED_STALL",0.00000000e+00
"39__128_16_1024_16",36,16,"SQ_LDS_BANK_CONFLICT",272.000000
"39__128_16_1024_16",36,16,"SQ_LDS_UNALIGNED_STALL",0.00000000e+00
"39__1024_2",40,16,"SQ_LDS_BANK_CONFLICT",0.00000000e+00
"39__1024_2",40,16,"SQ_LDS_UNALIGNED_STALL",3840.000000
"39__1024_2_65536_2",40,16,"SQ_LDS_BANK_CONFLICT",0.00000000e+00
"39__1024_2_65536_2",40,16,"SQ_LDS_UNALIGNED_STALL",3840.000000
"39__1024_2_65536_4",40,16,"SQ_LDS_BANK_CONFLICT",0.00000000e+00
"39__1024_2_65536_4",40,16,"SQ_LDS_UNALIGNED_STALL",3840.000000
"39__1024_2_65536_8",40,16,"SQ_LDS_BANK_CONFLICT",0.00000000e+00
"39__1024_2_65536_8",40,16,"SQ_LDS_UNALIGNED_STALL",3840.000000
"39__1024_2_65536_16",40,16,"SQ_LDS_BANK_CONFLICT",0.00000000e+00
"39__1024_2_65536_16",40,16,"SQ_LDS_UNALIGNED_STALL",3840.000000
"39__1024_4",40,16,"SQ_LDS_BANK_CONFLICT",1024.000000
"39__1024_4",40,16,"SQ_LDS_UNALIGNED_STALL",0.00000000e+00
"39__1024_4_32768_2",40,16,"SQ_LDS_BANK_CONFLICT",1024.000000
"39__1024_4_32768_2",40,16,"SQ_LDS_UNALIGNED_STALL",0.00000000e+00
"39__1024_4_32768_4",40,16,"SQ_LDS_BANK_CONFLICT",1024.000000
"39__1024_4_32768_4",40,16,"SQ_LDS_UNALIGNED_STALL",0.00000000e+00
"39__1024_4_32768_8",40,16,"SQ_LDS_BANK_CONFLICT",1024.000000
"39__1024_4_32768_8",40,16,"SQ_LDS_UNALIGNED_STALL",0.00000000e+00
"39__1024_4_32768_16",40,16,"SQ_LDS_BANK_CONFLICT",1024.000000
"39__1024_4_32768_16",40,16,"SQ_LDS_UNALIGNED_STALL",0.00000000e+00
"39__1024_8",40,16,"SQ_LDS_BANK_CONFLICT",896.000000
"39__1024_8",40,16,"SQ_LDS_UNALIGNED_STALL",0.00000000e+00
"39__1024_8_16384_2",40,16,"SQ_LDS_BANK_CONFLICT",896.000000
"39__1024_8_16384_2",40,16,"SQ_LDS_UNALIGNED_STALL",0.00000000e+00
"39__1024_8_16384_4",40,16,"SQ_LDS_BANK_CONFLICT",896.000000
"39__1024_8_16384_4",40,16,"SQ_LDS_UNALIGNED_STALL",0.00000000e+00
"39__1024_8_16384_8",40,16,"SQ_LDS_BANK_CONFLICT",896.000000
"39__1024_8_16384_8",40,16,"SQ_LDS_UNALIGNED_STALL",0.00000000e+00
"39__1024_8_16384_16",40,16,"SQ_LDS_BANK_CONFLICT",896.000000
"39__1024_8_16384_16",40,16,"SQ_LDS_UNALIGNED_STALL",0.00000000e+00
"39__1024_16",40,16,"SQ_LDS_BANK_CONFLICT",1024.000000
"39__1024_16",40,16,"SQ_LDS_UNALIGNED_STALL",0.00000000e+00
"39__1024_16_8192_2",40,16,"SQ_LDS_BANK_CONFLICT",1024.000000
"39__1024_16_8192_2",40,16,"SQ_LDS_UNALIGNED_STALL",0.00000000e+00
"39__1024_16_8192_4",40,16,"SQ_LDS_BANK_CONFLICT",1024.000000
"39__1024_16_8192_4",40,16,"SQ_LDS_UNALIGNED_STALL",0.00000000e+00
"39__1024_16_8192_8",40,16,"SQ_LDS_BANK_CONFLICT",1024.000000
"39__1024_16_8192_8",40,16,"SQ_LDS_UNALIGNED_STALL",0.00000000e+00
"39__1024_16_8192_16",40,16,"SQ_LDS_BANK_CONFLICT",1024.000000
"39__1024_16_8192_16",40,16,"SQ_LDS_UNALIGNED_STALL",0.00000000e+00
"40__128_2",36,16,"SQ_LDS_BANK_CONFLICT",32.000000
"40__128_2",36,16,"SQ_LDS_UNALIGNED_STALL",2592.000000
"40__128_2_8192_2",36,16,"SQ_LDS_BANK_CONFLICT",32.000000
"40__128_2_8192_2",36,16,"SQ_LDS_UNALIGNED_STALL",2592.000000
"40__128_2_8192_4",36,16,"SQ_LDS_BANK_CONFLICT",32.000000
"40__128_2_8192_4",36,16,"SQ_LDS_UNALIGNED_STALL",2592.000000
"40__128_2_8192_8",36,16,"SQ_LDS_BANK_CONFLICT",32.000000
"40__128_2_8192_8",36,16,"SQ_LDS_UNALIGNED_STALL",2592.000000
"40__128_2_8192_16",36,16,"SQ_LDS_BANK_CONFLICT",32.000000
"40__128_2_8192_16",36,16,"SQ_LDS_UNALIGNED_STALL",2592.000000
"40__128_4",36,16,"SQ_LDS_BANK_CONFLICT",192.000000
"40__128_4",36,16,"SQ_LDS_UNALIGNED_STALL",448.000000
"40__128_4_4096_2",36,16,"SQ_LDS_BANK_CONFLICT",0.00000000e+00
"40__128_4_4096_2",36,16,"SQ_LDS_UNALIGNED_STALL",1888.000000
"40__128_4_4096_4",36,16,"SQ_LDS_BANK_CONFLICT",0.00000000e+00
"40__128_4_4096_4",36,16,"SQ_LDS_UNALIGNED_STALL",896.000000
"40__128_4_4096_8",36,16,"SQ_LDS_BANK_CONFLICT",64.000000
"40__128_4_4096_8",36,16,"SQ_LDS_UNALIGNED_STALL",448.000000
"40__128_4_4096_16",36,16,"SQ_LDS_BANK_CONFLICT",64.000000
"40__128_4_4096_16",36,16,"SQ_LDS_UNALIGNED_STALL",448.000000
"40__128_8",36,16,"SQ_LDS_BANK_CONFLICT",1024.000000
"40__128_8",36,16,"SQ_LDS_UNALIGNED_STALL",0.00000000e+00
"40__128_8_2048_2",48,16,"SQ_LDS_BANK_CONFLICT",32.000000
"40__128_8_2048_2",48,16,"SQ_LDS_UNALIGNED_STALL",2368.000000
"40__128_8_2048_4",48,16,"SQ_LDS_BANK_CONFLICT",64.000000
"40__128_8_2048_4",48,16,"SQ_LDS_UNALIGNED_STALL",896.000000
"40__128_8_2048_8",48,16,"SQ_LDS_BANK_CONFLICT",224.000000
"40__128_8_2048_8",48,16,"SQ_LDS_UNALIGNED_STALL",0.00000000e+00
"40__128_8_2048_16",48,16,"SQ_LDS_BANK_CONFLICT",224.000000
"40__128_8_2048_16",48,16,"SQ_LDS_UNALIGNED_STALL",0.00000000e+00
"40__128_16",36,16,"SQ_LDS_BANK_CONFLICT",1280.000000
"40__128_16",36,16,"SQ_LDS_UNALIGNED_STALL",0.00000000e+00
"40__128_16_1024_2",48,16,"SQ_LDS_BANK_CONFLICT",0.00000000e+00
"40__128_16_1024_2",48,16,"SQ_LDS_UNALIGNED_STALL",2848.000000
"40__128_16_1024_4",48,16,"SQ_LDS_BANK_CONFLICT",64.000000
"40__128_16_1024_4",48,16,"SQ_LDS_UNALIGNED_STALL",896.000000
"40__128_16_1024_8",48,16,"SQ_LDS_BANK_CONFLICT",96.000000
"40__128_16_1024_8",48,16,"SQ_LDS_UNALIGNED_STALL",0.00000000e+00
"40__128_16_1024_16",48,16,"SQ_LDS_BANK_CONFLICT",416.000000
"40__128_16_1024_16",48,16,"SQ_LDS_UNALIGNED_STALL",0.00000000e+00
"40__128_2",36,16,"SQ_LDS_BANK_CONFLICT",32.000000
"40__128_2",36,16,"SQ_LDS_UNALIGNED_STALL",2592.000000
"40__128_2_8192_2",36,16,"SQ_LDS_BANK_CONFLICT",32.000000
"40__128_2_8192_2",36,16,"SQ_LDS_UNALIGNED_STALL",2592.000000
"40__128_2_8192_4",36,16,"SQ_LDS_BANK_CONFLICT",32.000000
"40__128_2_8192_4",36,16,"SQ_LDS_UNALIGNED_STALL",2592.000000
"40__128_2_8192_8",36,16,"SQ_LDS_BANK_CONFLICT",32.000000
"40__128_2_8192_8",36,16,"SQ_LDS_UNALIGNED_STALL",2592.000000
"40__128_2_8192_16",36,16,"SQ_LDS_BANK_CONFLICT",32.000000
"40__128_2_8192_16",36,16,"SQ_LDS_UNALIGNED_STALL",2592.000000
"40__128_4",36,16,"SQ_LDS_BANK_CONFLICT",192.000000
"40__128_4",36,16,"SQ_LDS_UNALIGNED_STALL",448.000000
"40__128_4_4096_2",36,16,"SQ_LDS_BANK_CONFLICT",0.00000000e+00
"40__128_4_4096_2",36,16,"SQ_LDS_UNALIGNED_STALL",1888.000000
"40__128_4_4096_4",36,16,"SQ_LDS_BANK_CONFLICT",0.00000000e+00
"40__128_4_4096_4",36,16,"SQ_LDS_UNALIGNED_STALL",896.000000
"40__128_4_4096_8",36,16,"SQ_LDS_BANK_CONFLICT",64.000000
"40__128_4_4096_8",36,16,"SQ_LDS_UNALIGNED_STALL",448.000000
"40__128_4_4096_16",36,16,"SQ_LDS_BANK_CONFLICT",64.000000
"40__128_4_4096_16",36,16,"SQ_LDS_UNALIGNED_STALL",448.000000
"40__128_8",36,16,"SQ_LDS_BANK_CONFLICT",1024.000000
"40__128_8",36,16,"SQ_LDS_UNALIGNED_STALL",0.00000000e+00
"40__128_8_2048_2",48,16,"SQ_LDS_BANK_CONFLICT",32.000000
"40__128_8_2048_2",48,16,"SQ_LDS_UNALIGNED_STALL",2368.000000
"40__128_8_2048_4",48,16,"SQ_LDS_BANK_CONFLICT",64.000000
"40__128_8_2048_4",48,16,"SQ_LDS_UNALIGNED_STALL",896.000000
"40__128_8_2048_8",48,16,"SQ_LDS_BANK_CONFLICT",224.000000
"40__128_8_2048_8",48,16,"SQ_LDS_UNALIGNED_STALL",0.00000000e+00
"40__128_8_2048_16",48,16,"SQ_LDS_BANK_CONFLICT",224.000000
"40__128_8_2048_16",48,16,"SQ_LDS_UNALIGNED_STALL",0.00000000e+00
"40__128_16",36,16,"SQ_LDS_BANK_CONFLICT",1280.000000
"40__128_16",36,16,"SQ_LDS_UNALIGNED_STALL",0.00000000e+00
"40__128_16_1024_2",48,16,"SQ_LDS_BANK_CONFLICT",0.00000000e+00
"40__128_16_1024_2",48,16,"SQ_LDS_UNALIGNED_STALL",2848.000000
"40__128_16_1024_4",48,16,"SQ_LDS_BANK_CONFLICT",64.000000
"40__128_16_1024_4",48,16,"SQ_LDS_UNALIGNED_STALL",896.000000
"40__128_16_1024_8",48,16,"SQ_LDS_BANK_CONFLICT",96.000000
"40__128_16_1024_8",48,16,"SQ_LDS_UNALIGNED_STALL",0.00000000e+00
"40__128_16_1024_16",48,16,"SQ_LDS_BANK_CONFLICT",416.000000
"40__128_16_1024_16",48,16,"SQ_LDS_UNALIGNED_STALL",0.00000000e+00
"40__1024_2",36,16,"SQ_LDS_BANK_CONFLICT",0.00000000e+00
"40__1024_2",36,16,"SQ_LDS_UNALIGNED_STALL",2816.000000
"40__1024_2_65536_2",36,16,"SQ_LDS_BANK_CONFLICT",0.00000000e+00
"40__1024_2_65536_2",36,16,"SQ_LDS_UNALIGNED_STALL",2816.000000
"40__1024_2_65536_4",36,16,"SQ_LDS_BANK_CONFLICT",0.00000000e+00
"40__1024_2_65536_4",36,16,"SQ_LDS_UNALIGNED_STALL",2816.000000
"40__1024_2_65536_8",36,16,"SQ_LDS_BANK_CONFLICT",0.00000000e+00
"40__1024_2_65536_8",36,16,"SQ_LDS_UNALIGNED_STALL",2816.000000
"40__1024_2_65536_16",36,16,"SQ_LDS_BANK_CONFLICT",0.00000000e+00
"40__1024_2_65536_16",36,16,"SQ_LDS_UNALIGNED_STALL",2816.000000
"40__1024_4",36,16,"SQ_LDS_BANK_CONFLICT",896.000000
"40__1024_4",36,16,"SQ_LDS_UNALIGNED_STALL",896.000000
"40__1024_4_32768_2",36,16,"SQ_LDS_BANK_CONFLICT",896.000000
"40__1024_4_32768_2",36,16,"SQ_LDS_UNALIGNED_STALL",896.000000
"40__1024_4_32768_4",36,16,"SQ_LDS_BANK_CONFLICT",896.000000
"40__1024_4_32768_4",36,16,"SQ_LDS_UNALIGNED_STALL",896.000000
"40__1024_4_32768_8",36,16,"SQ_LDS_BANK_CONFLICT",896.000000
"40__1024_4_32768_8",36,16,"SQ_LDS_UNALIGNED_STALL",896.000000
"40__1024_4_32768_16",36,16,"SQ_LDS_BANK_CONFLICT",896.000000
"40__1024_4_32768_16",36,16,"SQ_LDS_UNALIGNED_STALL",896.000000
"40__1024_8",36,16,"SQ_LDS_BANK_CONFLICT",896.000000
"40__1024_8",36,16,"SQ_LDS_UNALIGNED_STALL",0.00000000e+00
"40__1024_8_16384_2",36,16,"SQ_LDS_BANK_CONFLICT",896.000000
"40__1024_8_16384_2",36,16,"SQ_LDS_UNALIGNED_STALL",0.00000000e+00
"40__1024_8_16384_4",36,16,"SQ_LDS_BANK_CONFLICT",896.000000
"40__1024_8_16384_4",36,16,"SQ_LDS_UNALIGNED_STALL",0.00000000e+00
"40__1024_8_16384_8",36,16,"SQ_LDS_BANK_CONFLICT",896.000000
"40__1024_8_16384_8",36,16,"SQ_LDS_UNALIGNED_STALL",0.00000000e+00
"40__1024_8_16384_16",36,16,"SQ_LDS_BANK_CONFLICT",896.000000
"40__1024_8_16384_16",36,16,"SQ_LDS_UNALIGNED_STALL",0.00000000e+00
"40__1024_16",36,16,"SQ_LDS_BANK_CONFLICT",1024.000000
"40__1024_16",36,16,"SQ_LDS_UNALIGNED_STALL",0.00000000e+00
"40__1024_16_8192_2",36,16,"SQ_LDS_BANK_CONFLICT",1024.000000
"40__1024_16_8192_2",36,16,"SQ_LDS_UNALIGNED_STALL",0.00000000e+00
"40__1024_16_8192_4",36,16,"SQ_LDS_BANK_CONFLICT",1024.000000
"40__1024_16_8192_4",36,16,"SQ_LDS_UNALIGNED_STALL",0.00000000e+00
"40__1024_16_8192_8",36,16,"SQ_LDS_BANK_CONFLICT",1024.000000
"40__1024_16_8192_8",36,16,"SQ_LDS_UNALIGNED_STALL",0.00000000e+00
"40__1024_16_8192_16",36,16,"SQ_LDS_BANK_CONFLICT",1024.000000
"40__1024_16_8192_16",36,16,"SQ_LDS_UNALIGNED_STALL",0.00000000e+00
"41__128_2",40,16,"SQ_LDS_BANK_CONFLICT",32.000000
"41__128_2",40,16,"SQ_LDS_UNALIGNED_STALL",2592.000000
"41__128_2_8192_2",40,16,"SQ_LDS_BANK_CONFLICT",32.000000
"41__128_2_8192_2",40,16,"SQ_LDS_UNALIGNED_STALL",2592.000000
"41__128_2_8192_4",40,16,"SQ_LDS_BANK_CONFLICT",32.000000
"41__128_2_8192_4",40,16,"SQ_LDS_UNALIGNED_STALL",2592.000000
"41__128_2_8192_8",40,16,"SQ_LDS_BANK_CONFLICT",32.000000
"41__128_2_8192_8",40,16,"SQ_LDS_UNALIGNED_STALL",2592.000000
"41__128_2_8192_16",40,16,"SQ_LDS_BANK_CONFLICT",32.000000
"41__128_2_8192_16",40,16,"SQ_LDS_UNALIGNED_STALL",2592.000000
"41__128_4",40,16,"SQ_LDS_BANK_CONFLICT",192.000000
"41__128_4",40,16,"SQ_LDS_UNALIGNED_STALL",448.000000
"41__128_4_4096_2",40,16,"SQ_LDS_BANK_CONFLICT",0.00000000e+00
"41__128_4_4096_2",40,16,"SQ_LDS_UNALIGNED_STALL",1888.000000
"41__128_4_4096_4",40,16,"SQ_LDS_BANK_CONFLICT",0.00000000e+00
"41__128_4_4096_4",40,16,"SQ_LDS_UNALIGNED_STALL",896.000000
"41__128_4_4096_8",40,16,"SQ_LDS_BANK_CONFLICT",64.000000
"41__128_4_4096_8",40,16,"SQ_LDS_UNALIGNED_STALL",448.000000
"41__128_4_4096_16",40,16,"SQ_LDS_BANK_CONFLICT",64.000000
"41__128_4_4096_16",40,16,"SQ_LDS_UNALIGNED_STALL",448.000000
"41__128_8",40,16,"SQ_LDS_BANK_CONFLICT",1024.000000
"41__128_8",40,16,"SQ_LDS_UNALIGNED_STALL",0.00000000e+00
"41__128_8_2048_2",40,16,"SQ_LDS_BANK_CONFLICT",64.000000
"41__128_8_2048_2",40,16,"SQ_LDS_UNALIGNED_STALL",1888.000000
"41__128_8_2048_4",40,16,"SQ_LDS_BANK_CONFLICT",128.000000
"41__128_8_2048_4",40,16,"SQ_LDS_UNALIGNED_STALL",896.000000
"41__128_8_2048_8",40,16,"SQ_LDS_BANK_CONFLICT",256.000000
"41__128_8_2048_8",40,16,"SQ_LDS_UNALIGNED_STALL",0.00000000e+00
"41__128_8_2048_16",40,16,"SQ_LDS_BANK_CONFLICT",256.000000
"41__128_8_2048_16",40,16,"SQ_LDS_UNALIGNED_STALL",0.00000000e+00
"41__128_16",40,16,"SQ_LDS_BANK_CONFLICT",1280.000000
"41__128_16",40,16,"SQ_LDS_UNALIGNED_STALL",0.00000000e+00
"41__128_16_1024_2",36,16,"SQ_LDS_BANK_CONFLICT",0.00000000e+00
"41__128_16_1024_2",36,16,"SQ_LDS_UNALIGNED_STALL",2864.000000
"41__128_16_1024_4",36,16,"SQ_LDS_BANK_CONFLICT",80.000000
"41__128_16_1024_4",36,16,"SQ_LDS_UNALIGNED_STALL",896.000000
"41__128_16_1024_8",36,16,"SQ_LDS_BANK_CONFLICT",32.000000
"41__128_16_1024_8",36,16,"SQ_LDS_UNALIGNED_STALL",0.00000000e+00
"41__128_16_1024_16",36,16,"SQ_LDS_BANK_CONFLICT",272.000000
"41__128_16_1024_16",36,16,"SQ_LDS_UNALIGNED_STALL",0.00000000e+00
"41__128_2",40,16,"SQ_LDS_BANK_CONFLICT",32.000000
"41__128_2",40,16,"SQ_LDS_UNALIGNED_STALL",2592.000000
"41__128_2_8192_2",40,16,"SQ_LDS_BANK_CONFLICT",32.000000
"41__128_2_8192_2",40,16,"SQ_LDS_UNALIGNED_STALL",2592.000000
"41__128_2_8192_4",40,16,"SQ_LDS_BANK_CONFLICT",32.000000
"41__128_2_8192_4",40,16,"SQ_LDS_UNALIGNED_STALL",2592.000000
"41__128_2_8192_8",40,16,"SQ_LDS_BANK_CONFLICT",32.000000
"41__128_2_8192_8",40,16,"SQ_LDS_UNALIGNED_STALL",2592.000000
"41__128_2_8192_16",40,16,"SQ_LDS_BANK_CONFLICT",32.000000
"41__128_2_8192_16",40,16,"SQ_LDS_UNALIGNED_STALL",2592.000000
"41__128_4",40,16,"SQ_LDS_BANK_CONFLICT",192.000000
"41__128_4",40,16,"SQ_LDS_UNALIGNED_STALL",448.000000
"41__128_4_4096_2",40,16,"SQ_LDS_BANK_CONFLICT",0.00000000e+00
"41__128_4_4096_2",40,16,"SQ_LDS_UNALIGNED_STALL",1888.000000
"41__128_4_4096_4",40,16,"SQ_LDS_BANK_CONFLICT",0.00000000e+00
"41__128_4_4096_4",40,16,"SQ_LDS_UNALIGNED_STALL",896.000000
"41__128_4_4096_8",40,16,"SQ_LDS_BANK_CONFLICT",64.000000
"41__128_4_4096_8",40,16,"SQ_LDS_UNALIGNED_STALL",448.000000
"41__128_4_4096_16",40,16,"SQ_LDS_BANK_CONFLICT",64.000000
"41__128_4_4096_16",40,16,"SQ_LDS_UNALIGNED_STALL",448.000000
"41__128_8",40,16,"SQ_LDS_BANK_CONFLICT",1024.000000
"41__128_8",40,16,"SQ_LDS_UNALIGNED_STALL",0.00000000e+00
"41__128_8_2048_2",40,16,"SQ_LDS_BANK_CONFLICT",64.000000
"41__128_8_2048_2",40,16,"SQ_LDS_UNALIGNED_STALL",1888.000000
"41__128_8_2048_4",40,16,"SQ_LDS_BANK_CONFLICT",128.000000
"41__128_8_2048_4",40,16,"SQ_LDS_UNALIGNED_STALL",896.000000
"41__128_8_2048_8",40,16,"SQ_LDS_BANK_CONFLICT",256.000000
"41__128_8_2048_8",40,16,"SQ_LDS_UNALIGNED_STALL",0.00000000e+00
"41__128_8_2048_16",40,16,"SQ_LDS_BANK_CONFLICT",256.000000
"41__128_8_2048_16",40,16,"SQ_LDS_UNALIGNED_STALL",0.00000000e+00
"41__128_16",40,16,"SQ_LDS_BANK_CONFLICT",1280.000000
"41__128_16",40,16,"SQ_LDS_UNALIGNED_STALL",0.00000000e+00
"41__128_16_1024_2",36,16,"SQ_LDS_BANK_CONFLICT",0.00000000e+00
"41__128_16_1024_2",36,16,"SQ_LDS_UNALIGNED_STALL",2864.000000
"41__128_16_1024_4",36,16,"SQ_LDS_BANK_CONFLICT",80.000000
"41__128_16_1024_4",36,16,"SQ_LDS_UNALIGNED_STALL",896.000000
"41__128_16_1024_8",36,16,"SQ_LDS_BANK_CONFLICT",32.000000
"41__128_16_1024_8",36,16,"SQ_LDS_UNALIGNED_STALL",0.00000000e+00
"41__128_16_1024_16",36,16,"SQ_LDS_BANK_CONFLICT",272.000000
"41__128_16_1024_16",36,16,"SQ_LDS_UNALIGNED_STALL",0.00000000e+00
"41__1024_2",40,16,"SQ_LDS_BANK_CONFLICT",0.00000000e+00
"41__1024_2",40,16,"SQ_LDS_UNALIGNED_STALL",2816.000000
"41__1024_2_65536_2",40,16,"SQ_LDS_BANK_CONFLICT",0.00000000e+00
"41__1024_2_65536_2",40,16,"SQ_LDS_UNALIGNED_STALL",2816.000000
"41__1024_2_65536_4",40,16,"SQ_LDS_BANK_CONFLICT",0.00000000e+00
"41__1024_2_65536_4",40,16,"SQ_LDS_UNALIGNED_STALL",2816.000000
"41__1024_2_65536_8",40,16,"SQ_LDS_BANK_CONFLICT",0.00000000e+00
"41__1024_2_65536_8",40,16,"SQ_LDS_UNALIGNED_STALL",2816.000000
"41__1024_2_65536_16",40,16,"SQ_LDS_BANK_CONFLICT",0.00000000e+00
"41__1024_2_65536_16",40,16,"SQ_LDS_UNALIGNED_STALL",2816.000000
"41__1024_4",40,16,"SQ_LDS_BANK_CONFLICT",896.000000
"41__1024_4",40,16,"SQ_LDS_UNALIGNED_STALL",896.000000
"41__1024_4_32768_2",40,16,"SQ_LDS_BANK_CONFLICT",896.000000
"41__1024_4_32768_2",40,16,"SQ_LDS_UNALIGNED_STALL",896.000000
"41__1024_4_32768_4",40,16,"SQ_LDS_BANK_CONFLICT",896.000000
"41__1024_4_32768_4",40,16,"SQ_LDS_UNALIGNED_STALL",896.000000
"41__1024_4_32768_8",40,16,"SQ_LDS_BANK_CONFLICT",896.000000
"41__1024_4_32768_8",40,16,"SQ_LDS_UNALIGNED_STALL",896.000000
"41__1024_4_32768_16",40,16,"SQ_LDS_BANK_CONFLICT",896.000000
"41__1024_4_32768_16",40,16,"SQ_LDS_UNALIGNED_STALL",896.000000
"41__1024_8",40,16,"SQ_LDS_BANK_CONFLICT",896.000000
"41__1024_8",40,16,"SQ_LDS_UNALIGNED_STALL",0.00000000e+00
"41__1024_8_16384_2",40,16,"SQ_LDS_BANK_CONFLICT",896.000000
"41__1024_8_16384_2",40,16,"SQ_LDS_UNALIGNED_STALL",0.00000000e+00
"41__1024_8_16384_4",40,16,"SQ_LDS_BANK_CONFLICT",896.000000
"41__1024_8_16384_4",40,16,"SQ_LDS_UNALIGNED_STALL",0.00000000e+00
"41__1024_8_16384_8",40,16,"SQ_LDS_BANK_CONFLICT",896.000000
"41__1024_8_16384_8",40,16,"SQ_LDS_UNALIGNED_STALL",0.00000000e+00
"41__1024_8_16384_16",40,16,"SQ_LDS_BANK_CONFLICT",896.000000
"41__1024_8_16384_16",40,16,"SQ_LDS_UNALIGNED_STALL",0.00000000e+00
"41__1024_16",40,16,"SQ_LDS_BANK_CONFLICT",1024.000000
"41__1024_16",40,16,"SQ_LDS_UNALIGNED_STALL",0.00000000e+00
"41__1024_16_8192_2",40,16,"SQ_LDS_BANK_CONFLICT",1024.000000
"41__1024_16_8192_2",40,16,"SQ_LDS_UNALIGNED_STALL",0.00000000e+00
"41__1024_16_8192_4",40,16,"SQ_LDS_BANK_CONFLICT",1024.000000
"41__1024_16_8192_4",40,16,"SQ_LDS_UNALIGNED_STALL",0.00000000e+00
"41__1024_16_8192_8",40,16,"SQ_LDS_BANK_CONFLICT",1024.000000
"41__1024_16_8192_8",40,16,"SQ_LDS_UNALIGNED_STALL",0.00000000e+00
"41__1024_16_8192_16",40,16,"SQ_LDS_BANK_CONFLICT",1024.000000
"41__1024_16_8192_16",40,16,"SQ_LDS_UNALIGNED_STALL",0.00000000e+00
"42__128_2",24,16,"SQ_LDS_BANK_CONFLICT",0.00000000e+00
"42__128_2",24,16,"SQ_LDS_UNALIGNED_STALL",960.000000
"42__128_2_8192_2",24,16,"SQ_LDS_BANK_CONFLICT",0.00000000e+00
"42__128_2_8192_2",24,16,"SQ_LDS_UNALIGNED_STALL",960.000000
"42__128_2_8192_4",24,16,"SQ_LDS_BANK_CONFLICT",0.00000000e+00
"42__128_2_8192_4",24,16,"SQ_LDS_UNALIGNED_STALL",960.000000
"42__128_2_8192_8",24,16,"SQ_LDS_BANK_CONFLICT",0.00000000e+00
"42__128_2_8192_8",24,16,"SQ_LDS_UNALIGNED_STALL",960.000000
"42__128_2_8192_16",24,16,"SQ_LDS_BANK_CONFLICT",0.00000000e+00
"42__128_2_8192_16",24,16,"SQ_LDS_UNALIGNED_STALL",960.000000
"42__128_4",24,16,"SQ_LDS_BANK_CONFLICT",64.000000
"42__128_4",24,16,"SQ_LDS_UNALIGNED_STALL",0.00000000e+00
"42__128_4_4096_2",24,16,"SQ_LDS_BANK_CONFLICT",64.000000
"42__128_4_4096_2",24,16,"SQ_LDS_UNALIGNED_STALL",0.00000000e+00
"42__128_4_4096_4",24,16,"SQ_LDS_BANK_CONFLICT",64.000000
"42__128_4_4096_4",24,16,"SQ_LDS_UNALIGNED_STALL",0.00000000e+00
"42__128_4_4096_8",24,16,"SQ_LDS_BANK_CONFLICT",64.000000
"42__128_4_4096_8",24,16,"SQ_LDS_UNALIGNED_STALL",0.00000000e+00
"42__128_4_4096_16",24,16,"SQ_LDS_BANK_CONFLICT",64.000000
"42__128_4_4096_16",24,16,"SQ_LDS_UNALIGNED_STALL",0.00000000e+00
"42__128_8",20,16,"SQ_LDS_BANK_CONFLICT",256.000000
"42__128_8",20,16,"SQ_LDS_UNALIGNED_STALL",0.00000000e+00
"42__128_8_2048_2",20,16,"SQ_LDS_BANK_CONFLICT",224.000000
"42__128_8_2048_2",20,16,"SQ_LDS_UNALIGNED_STALL",480.000000
"42__128_8_2048_4",20,16,"SQ_LDS_BANK_CONFLICT",256.000000
"42__128_8_2048_4",20,16,"SQ_LDS_UNALIGNED_STALL",0.00000000e+00
"42__128_8_2048_8",20,16,"SQ_LDS_BANK_CONFLICT",256.000000
"42__128_8_2048_8",20,16,"SQ_LDS_UNALIGNED_STALL",0.00000000e+00
"42__128_8_2048_16",20,16,"SQ_LDS_BANK_CONFLICT",128.000000
"42__128_8_2048_16",20,16,"SQ_LDS_UNALIGNED_STALL",0.00000000e+00
"42__128_16",20,16,"SQ_LDS_BANK_CONFLICT",384.000000
"42__128_16",20,16,"SQ_LDS_UNALIGNED_STALL",0.00000000e+00
"42__128_16_1024_2",20,16,"SQ_LDS_BANK_CONFLICT",192.000000
"42__128_16_1024_2",20,16,"SQ_LDS_UNALIGNED_STALL",960.000000
"42__128_16_1024_4",20,16,"SQ_LDS_BANK_CONFLICT",256.000000
"42__128_16_1024_4",20,16,"SQ_LDS_UNALIGNED_STALL",0.00000000e+00
"42__128_16_1024_8",20,16,"SQ_LDS_BANK_CONFLICT",128.000000
"42__128_16_1024_8",20,16,"SQ_LDS_UNALIGNED_STALL",0.00000000e+00
"42__128_16_1024_16",20,16,"SQ_LDS_BANK_CONFLICT",192.000000
"42__128_16_1024_16",20,16,"SQ_LDS_UNALIGNED_STALL",0.00000000e+00
"42__128_2",24,16,"SQ_LDS_BANK_CONFLICT",0.00000000e+00
"42__128_2",24,16,"SQ_LDS_UNALIGNED_STALL",960.000000
"42__128_2_8192_2",24,16,"SQ_LDS_BANK_CONFLICT",0.00000000e+00
"42__128_2_8192_2",24,16,"SQ_LDS_UNALIGNED_STALL",960.000000
"42__128_2_8192_4",24,16,"SQ_LDS_BANK_CONFLICT",0.00000000e+00
"42__128_2_8192_4",24,16,"SQ_LDS_UNALIGNED_STALL",960.000000
"42__128_2_8192_8",24,16,"SQ_LDS_BANK_CONFLICT",0.00000000e+00
"42__128_2_8192_8",24,16,"SQ_LDS_UNALIGNED_STALL",960.000000
"42__128_2_8192_16",24,16,"SQ_LDS_BANK_CONFLICT",0.00000000e+00
"42__128_2_8192_16",24,16,"SQ_LDS_UNALIGNED_STALL",960.000000
"42__128_4",24,16,"SQ_LDS_BANK_CONFLICT",64.000000
"42__128_4",24,16,"SQ_LDS_UNALIGNED_STALL",0.00000000e+00
"42__128_4_4096_2",24,16,"SQ_LDS_BANK_CONFLICT",64.000000
"42__128_4_4096_2",24,16,"SQ_LDS_UNALIGNED_STALL",0.00000000e+00
"42__128_4_4096_4",24,16,"SQ_LDS_BANK_CONFLICT",64.000000
"42__128_4_4096_4",24,16,"SQ_LDS_UNALIGNED_STALL",0.00000000e+00
"42__128_4_4096_8",24,16,"SQ_LDS_BANK_CONFLICT",64.000000
"42__128_4_4096_8",24,16,"SQ_LDS_UNALIGNED_STALL",0.00000000e+00
"42__128_4_4096_16",24,16,"SQ_LDS_BANK_CONFLICT",64.000000
"42__128_4_4096_16",24,16,"SQ_LDS_UNALIGNED_STALL",0.00000000e+00
"42__128_8",20,16,"SQ_LDS_BANK_CONFLICT",256.000000
"42__128_8",20,16,"SQ_LDS_UNALIGNED_STALL",0.00000000e+00
"42__128_8_2048_2",20,16,"SQ_LDS_BANK_CONFLICT",224.000000
"42__128_8_2048_2",20,16,"SQ_LDS_UNALIGNED_STALL",480.000000
"42__128_8_2048_4",20,16,"SQ_LDS_BANK_CONFLICT",256.000000
"42__128_8_2048_4",20,16,"SQ_LDS_UNALIGNED_STALL",0.00000000e+00
"42__128_8_2048_8",20,16,"SQ_LDS_BANK_CONFLICT",256.000000
"42__128_8_2048_8",20,16,"SQ_LDS_UNALIGNED_STALL",0.00000000e+00
"42__128_8_2048_16",20,16,"SQ_LDS_BANK_CONFLICT",128.000000
"42__128_8_2048_16",20,16,"SQ_LDS_UNALIGNED_STALL",0.00000000e+00
"42__128_16",20,16,"SQ_LDS_BANK_CONFLICT",384.000000
"42__128_16",20,16,"SQ_LDS_UNALIGNED_STALL",0.00000000e+00
"42__128_16_1024_2",20,16,"SQ_LDS_BANK_CONFLICT",192.000000
"42__128_16_1024_2",20,16,"SQ_LDS_UNALIGNED_STALL",960.000000
"42__128_16_1024_4",20,16,"SQ_LDS_BANK_CONFLICT",256.000000
"42__128_16_1024_4",20,16,"SQ_LDS_UNALIGNED_STALL",0.00000000e+00
"42__128_16_1024_8",20,16,"SQ_LDS_BANK_CONFLICT",128.000000
"42__128_16_1024_8",20,16,"SQ_LDS_UNALIGNED_STALL",0.00000000e+00
"42__128_16_1024_16",20,16,"SQ_LDS_BANK_CONFLICT",192.000000
"42__128_16_1024_16",20,16,"SQ_LDS_UNALIGNED_STALL",0.00000000e+00
"42__1024_2",24,16,"SQ_LDS_BANK_CONFLICT",192.000000
"42__1024_2",24,16,"SQ_LDS_UNALIGNED_STALL",960.000000
"42__1024_2_65536_2",24,16,"SQ_LDS_BANK_CONFLICT",192.000000
"42__1024_2_65536_2",24,16,"SQ_LDS_UNALIGNED_STALL",960.000000
"42__1024_2_65536_4",24,16,"SQ_LDS_BANK_CONFLICT",192.000000
"42__1024_2_65536_4",24,16,"SQ_LDS_UNALIGNED_STALL",960.000000
"42__1024_2_65536_8",24,16,"SQ_LDS_BANK_CONFLICT",192.000000
"42__1024_2_65536_8",24,16,"SQ_LDS_UNALIGNED_STALL",960.000000
"42__1024_2_65536_16",24,16,"SQ_LDS_BANK_CONFLICT",192.000000
"42__1024_2_65536_16",24,16,"SQ_LDS_UNALIGNED_STALL",960.000000
"42__1024_4",24,16,"SQ_LDS_BANK_CONFLICT",640.000000
"42__1024_4",24,16,"SQ_LDS_UNALIGNED_STALL",0.00000000e+00
"42__1024_4_32768_2",24,16,"SQ_LDS_BANK_CONFLICT",640.000000
"42__1024_4_32768_2",24,16,"SQ_LDS_UNALIGNED_STALL",0.00000000e+00
"42__1024_4_32768_4",24,16,"SQ_LDS_BANK_CONFLICT",640.000000
"42__1024_4_32768_4",24,16,"SQ_LDS_UNALIGNED_STALL",0.00000000e+00
"42__1024_4_32768_8",24,16,"SQ_LDS_BANK_CONFLICT",640.000000
"42__1024_4_32768_8",24,16,"SQ_LDS_UNALIGNED_STALL",0.00000000e+00
"42__1024_4_32768_16",24,16,"SQ_LDS_BANK_CONFLICT",640.000000
"42__1024_4_32768_16",24,16,"SQ_LDS_UNALIGNED_STALL",0.00000000e+00
"42__1024_8",24,16,"SQ_LDS_BANK_CONFLICT",512.000000
"42__1024_8",24,16,"SQ_LDS_UNALIGNED_STALL",0.00000000e+00
"42__1024_8_16384_2",24,16,"SQ_LDS_BANK_CONFLICT",512.000000
"42__1024_8_16384_2",24,16,"SQ_LDS_UNALIGNED_STALL",0.00000000e+00
"42__1024_8_16384_4",24,16,"SQ_LDS_BANK_CONFLICT",512.000000
"42__1024_8_16384_4",24,16,"SQ_LDS_UNALIGNED_STALL",0.00000000e+00
"42__1024_8_16384_8",24,16,"SQ_LDS_BANK_CONFLICT",512.000000
"42__1024_8_16384_8",24,16,"SQ_LDS_UNALIGNED_STALL",0.00000000e+00
"42__1024_8_16384_16",24,16,"SQ_LDS_BANK_CONFLICT",512.000000
"42__1024_8_16384_16",24,16,"SQ_LDS_UNALIGNED_STALL",0.00000000e+00
"42__1024_16",24,16,"SQ_LDS_BANK_CONFLICT",448.000000
"42__1024_16",24,16,"SQ_LDS_UNALIGNED_STALL",0.00000000e+00
"42__1024_16_8192_2",24,16,"SQ_LDS_BANK_CONFLICT",448.000000
"42__1024_16_8192_2",24,16,"SQ_LDS_UNALIGNED_STALL",0.00000000e+00
"42__1024_16_8192_4",24,16,"SQ_LDS_BANK_CONFLICT",448.000000
"42__1024_16_8192_4",24,16,"SQ_LDS_UNALIGNED_STALL",0.00000000e+00
"42__1024_16_8192_8",24,16,"SQ_LDS_BANK_CONFLICT",448.000000
"42__1024_16_8192_8",24,16,"SQ_LDS_UNALIGNED_STALL",0.00000000e+00
"42__1024_16_8192_16",24,16,"SQ_LDS_BANK_CONFLICT",448.000000
"42__1024_16_8192_16",24,16,"SQ_LDS_UNALIGNED_STALL",0.00000000e+00
"43__128_2",40,16,"SQ_LDS_BANK_CONFLICT",0.00000000e+00
"43__128_2",40,16,"SQ_LDS_UNALIGNED_STALL",960.000000
"43__128_2_8192_2",40,16,"SQ_LDS_BANK_CONFLICT",0.00000000e+00
"43__128_2_8192_2",40,16,"SQ_LDS_UNALIGNED_STALL",960.000000
"43__128_2_8192_4",40,16,"SQ_LDS_BANK_CONFLICT",0.00000000e+00
"43__128_2_8192_4",40,16,"SQ_LDS_UNALIGNED_STALL",960.000000
"43__128_2_8192_8",40,16,"SQ_LDS_BANK_CONFLICT",0.00000000e+00
"43__128_2_8192_8",40,16,"SQ_LDS_UNALIGNED_STALL",960.000000
"43__128_2_8192_16",40,16,"SQ_LDS_BANK_CONFLICT",0.00000000e+00
"43__128_2_8192_16",40,16,"SQ_LDS_UNALIGNED_STALL",960.000000
"43__128_4",40,16,"SQ_LDS_BANK_CONFLICT",64.000000
"43__128_4",40,16,"SQ_LDS_UNALIGNED_STALL",0.00000000e+00
"43__128_4_4096_2",40,16,"SQ_LDS_BANK_CONFLICT",64.000000
"43__128_4_4096_2",40,16,"SQ_LDS_UNALIGNED_STALL",0.00000000e+00
"43__128_4_4096_4",40,16,"SQ_LDS_BANK_CONFLICT",64.000000
"43__128_4_4096_4",40,16,"SQ_LDS_UNALIGNED_STALL",0.00000000e+00
"43__128_4_4096_8",40,16,"SQ_LDS_BANK_CONFLICT",64.000000
"43__128_4_4096_8",40,16,"SQ_LDS_UNALIGNED_STALL",0.00000000e+00
"43__128_4_4096_16",40,16,"SQ_LDS_BANK_CONFLICT",64.000000
"43__128_4_4096_16",40,16,"SQ_LDS_UNALIGNED_STALL",0.00000000e+00
"43__128_8",40,16,"SQ_LDS_BANK_CONFLICT",256.000000
"43__128_8",40,16,"SQ_LDS_UNALIGNED_STALL",0.00000000e+00
"43__128_8_2048_2",40,16,"SQ_LDS_BANK_CONFLICT",224.000000
"43__128_8_2048_2",40,16,"SQ_LDS_UNALIGNED_STALL",496.000000
"43__128_8_2048_4",40,16,"SQ_LDS_BANK_CONFLICT",256.000000
"43__128_8_2048_4",40,16,"SQ_LDS_UNALIGNED_STALL",0.00000000e+00
"43__128_8_2048_8",40,16,"SQ_LDS_BANK_CONFLICT",256.000000
"43__128_8_2048_8",40,16,"SQ_LDS_UNALIGNED_STALL",0.00000000e+00
"43__128_8_2048_16",40,16,"SQ_LDS_BANK_CONFLICT",128.000000
"43__128_8_2048_16",40,16,"SQ_LDS_UNALIGNED_STALL",0.00000000e+00
"43__128_16",40,16,"SQ_LDS_BANK_CONFLICT",384.000000
"43__128_16",40,16,"SQ_LDS_UNALIGNED_STALL",0.00000000e+00
"43__128_16_1024_2",36,16,"SQ_LDS_BANK_CONFLICT",192.000000
"43__128_16_1024_2",36,16,"SQ_LDS_UNALIGNED_STALL",976.000000
"43__128_16_1024_4",36,16,"SQ_LDS_BANK_CONFLICT",240.000000
"43__128_16_1024_4",36,16,"SQ_LDS_UNALIGNED_STALL",0.00000000e+00
"43__128_16_1024_8",36,16,"SQ_LDS_BANK_CONFLICT",96.000000
"43__128_16_1024_8",36,16,"SQ_LDS_UNALIGNED_STALL",0.00000000e+00
"43__128_16_1024_16",36,16,"SQ_LDS_BANK_CONFLICT",112.000000
"43__128_16_1024_16",36,16,"SQ_LDS_UNALIGNED_STALL",0.00000000e+00
"43__128_2",40,16,"SQ_LDS_BANK_CONFLICT",0.00000000e+00
"43__128_2",40,16,"SQ_LDS_UNALIGNED_STALL",960.000000
"43__128_2_8192_2",40,16,"SQ_LDS_BANK_CONFLICT",0.00000000e+00
"43__128_2_8192_2",40,16,"SQ_LDS_UNALIGNED_STALL",960.000000
"43__128_2_8192_4",40,16,"SQ_LDS_BANK_CONFLICT",0.00000000e+00
"43__128_2_8192_4",40,16,"SQ_LDS_UNALIGNED_STALL",960.000000
"43__128_2_8192_8",40,16,"SQ_LDS_BANK_CONFLICT",0.00000000e+00
"43__128_2_8192_8",40,16,"SQ_LDS_UNALIGNED_STALL",960.000000
"43__128_2_8192_16",40,16,"SQ_LDS_BANK_CONFLICT",0.00000000e+00
"43__128_2_8192_16",40,16,"SQ_LDS_UNALIGNED_STALL",960.000000
"43__128_4",40,16,"SQ_LDS_BANK_CONFLICT",64.000000
"43__128_4",40,16,"SQ_LDS_UNALIGNED_STALL",0.00000000e+00
"43__128_4_4096_2",40,16,"SQ_LDS_BANK_CONFLICT",64.000000
"43__128_4_4096_2",40,16,"SQ_LDS_UNALIGNED_STALL",0.00000000e+00
"43__128_4_4096_4",40,16,"SQ_LDS_BANK_CONFLICT",64.000000
"43__128_4_4096_4",40,16,"SQ_LDS_UNALIGNED_STALL",0.00000000e+00
"43__128_4_4096_8",40,16,"SQ_LDS_BANK_CONFLICT",64.000000
"43__128_4_4096_8",40,16,"SQ_LDS_UNALIGNED_STALL",0.00000000e+00
"43__128_4_4096_16",40,16,"SQ_LDS_BANK_CONFLICT",64.000000
"43__128_4_4096_16",40,16,"SQ_LDS_UNALIGNED_STALL",0.00000000e+00
"43__128_8",40,16,"SQ_LDS_BANK_CONFLICT",256.000000
"43__128_8",40,16,"SQ_LDS_UNALIGNED_STALL",0.00000000e+00
"43__128_8_2048_2",40,16,"SQ_LDS_BANK_CONFLICT",224.000000
"43__128_8_2048_2",40,16,"SQ_LDS_UNALIGNED_STALL",496.000000
"43__128_8_2048_4",40,16,"SQ_LDS_BANK_CONFLICT",256.000000
"43__128_8_2048_4",40,16,"SQ_LDS_UNALIGNED_STALL",0.00000000e+00
"43__128_8_2048_8",40,16,"SQ_LDS_BANK_CONFLICT",256.000000
"43__128_8_2048_8",40,16,"SQ_LDS_UNALIGNED_STALL",0.00000000e+00
"43__128_8_2048_16",40,16,"SQ_LDS_BANK_CONFLICT",128.000000
"43__128_8_2048_16",40,16,"SQ_LDS_UNALIGNED_STALL",0.00000000e+00
"43__128_16",40,16,"SQ_LDS_BANK_CONFLICT",384.000000
"43__128_16",40,16,"SQ_LDS_UNALIGNED_STALL",0.00000000e+00
"43__128_16_1024_2",36,16,"SQ_LDS_BANK_CONFLICT",192.000000
"43__128_16_1024_2",36,16,"SQ_LDS_UNALIGNED_STALL",976.000000
"43__128_16_1024_4",36,16,"SQ_LDS_BANK_CONFLICT",240.000000
"43__128_16_1024_4",36,16,"SQ_LDS_UNALIGNED_STALL",0.00000000e+00
"43__128_16_1024_8",36,16,"SQ_LDS_BANK_CONFLICT",96.000000
"43__128_16_1024_8",36,16,"SQ_LDS_UNALIGNED_STALL",0.00000000e+00
"43__128_16_1024_16",36,16,"SQ_LDS_BANK_CONFLICT",112.000000
"43__128_16_1024_16",36,16,"SQ_LDS_UNALIGNED_STALL",0.00000000e+00
"43__1024_2",40,16,"SQ_LDS_BANK_CONFLICT",192.000000
"43__1024_2",40,16,"SQ_LDS_UNALIGNED_STALL",960.000000
"43__1024_2_65536_2",40,16,"SQ_LDS_BANK_CONFLICT",192.000000
"43__1024_2_65536_2",40,16,"SQ_LDS_UNALIGNED_STALL",960.000000
"43__1024_2_65536_4",40,16,"SQ_LDS_BANK_CONFLICT",192.000000
"43__1024_2_65536_4",40,16,"SQ_LDS_UNALIGNED_STALL",960.000000
"43__1024_2_65536_8",40,16,"SQ_LDS_BANK_CONFLICT",192.000000
"43__1024_2_65536_8",40,16,"SQ_LDS_UNALIGNED_STALL",960.000000
"43__1024_2_65536_16",40,16,"SQ_LDS_BANK_CONFLICT",192.000000
"43__1024_2_65536_16",40,16,"SQ_LDS_UNALIGNED_STALL",960.000000
"43__1024_4",40,16,"SQ_LDS_BANK_CONFLICT",640.000000
"43__1024_4",40,16,"SQ_LDS_UNALIGNED_STALL",0.00000000e+00
"43__1024_4_32768_2",40,16,"SQ_LDS_BANK_CONFLICT",640.000000
"43__1024_4_32768_2",40,16,"SQ_LDS_UNALIGNED_STALL",0.00000000e+00
"43__1024_4_32768_4",40,16,"SQ_LDS_BANK_CONFLICT",640.000000
"43__1024_4_32768_4",40,16,"SQ_LDS_UNALIGNED_STALL",0.00000000e+00
"43__1024_4_32768_8",40,16,"SQ_LDS_BANK_CONFLICT",640.000000
"43__1024_4_32768_8",40,16,"SQ_LDS_UNALIGNED_STALL",0.00000000e+00
"43__1024_4_32768_16",40,16,"SQ_LDS_BANK_CONFLICT",640.000000
"43__1024_4_32768_16",40,16,"SQ_LDS_UNALIGNED_STALL",0.00000000e+00
"43__1024_8",40,16,"SQ_LDS_BANK_CONFLICT",512.000000
"43__1024_8",40,16,"SQ_LDS_UNALIGNED_STALL",0.00000000e+00
"43__1024_8_16384_2",40,16,"SQ_LDS_BANK_CONFLICT",512.000000
"43__1024_8_16384_2",40,16,"SQ_LDS_UNALIGNED_STALL",0.00000000e+00
"43__1024_8_16384_4",40,16,"SQ_LDS_BANK_CONFLICT",512.000000
"43__1024_8_16384_4",40,16,"SQ_LDS_UNALIGNED_STALL",0.00000000e+00
"43__1024_8_16384_8",40,16,"SQ_LDS_BANK_CONFLICT",512.000000
"43__1024_8_16384_8",40,16,"SQ_LDS_UNALIGNED_STALL",0.00000000e+00
"43__1024_8_16384_16",40,16,"SQ_LDS_BANK_CONFLICT",512.000000
"43__1024_8_16384_16",40,16,"SQ_LDS_UNALIGNED_STALL",0.00000000e+00
"43__1024_16",40,16,"SQ_LDS_BANK_CONFLICT",448.000000
"43__1024_16",40,16,"SQ_LDS_UNALIGNED_STALL",0.00000000e+00
"43__1024_16_8192_2",40,16,"SQ_LDS_BANK_CONFLICT",448.000000
"43__1024_16_8192_2",40,16,"SQ_LDS_UNALIGNED_STALL",0.00000000e+00
"43__1024_16_8192_4",40,16,"SQ_LDS_BANK_CONFLICT",448.000000
"43__1024_16_8192_4",40,16,"SQ_LDS_UNALIGNED_STALL",0.00000000e+00
"43__1024_16_8192_8",40,16,"SQ_LDS_BANK_CONFLICT",448.000000
"43__1024_16_8192_8",40,16,"SQ_LDS_UNALIGNED_STALL",0.00000000e+00
"43__1024_16_8192_16",40,16,"SQ_LDS_BANK_CONFLICT",448.000000
"43__1024_16_8192_16",40,16,"SQ_LDS_UNALIGNED_STALL",0.00000000e+00
"44__128_2",24,16,"SQ_LDS_BANK_CONFLICT",0.00000000e+00
"44__128_2",24,16,"SQ_LDS_UNALIGNED_STALL",1440.000000
"44__128_2_8192_2",24,16,"SQ_LDS_BANK_CONFLICT",0.00000000e+00
"44__128_2_8192_2",24,16,"SQ_LDS_UNALIGNED_STALL",1440.000000
"44__128_2_8192_4",24,16,"SQ_LDS_BANK_CONFLICT",0.00000000e+00
"44__128_2_8192_4",24,16,"SQ_LDS_UNALIGNED_STALL",1440.000000
"44__128_2_8192_8",24,16,"SQ_LDS_BANK_CONFLICT",0.00000000e+00
"44__128_2_8192_8",24,16,"SQ_LDS_UNALIGNED_STALL",1440.000000
"44__128_2_8192_16",24,16,"SQ_LDS_BANK_CONFLICT",0.00000000e+00
"44__128_2_8192_16",24,16,"SQ_LDS_UNALIGNED_STALL",1440.000000
"44__128_4",24,16,"SQ_LDS_BANK_CONFLICT",64.000000
"44__128_4",24,16,"SQ_LDS_UNALIGNED_STALL",0.00000000e+00
"44__128_4_4096_2",24,16,"SQ_LDS_BANK_CONFLICT",64.000000
"44__128_4_4096_2",24,16,"SQ_LDS_UNALIGNED_STALL",0.00000000e+00
"44__128_4_4096_4",24,16,"SQ_LDS_BANK_CONFLICT",64.000000
"44__128_4_4096_4",24,16,"SQ_LDS_UNALIGNED_STALL",0.00000000e+00
"44__128_4_4096_8",24,16,"SQ_LDS_BANK_CONFLICT",64.000000
"44__128_4_4096_8",24,16,"SQ_LDS_UNALIGNED_STALL",0.00000000e+00
"44__128_4_4096_16",24,16,"SQ_LDS_BANK_CONFLICT",64.000000
"44__128_4_4096_16",24,16,"SQ_LDS_UNALIGNED_STALL",0.00000000e+00
"44__128_8",24,16,"SQ_LDS_BANK_CONFLICT",256.000000
"44__128_8",24,16,"SQ_LDS_UNALIGNED_STALL",0.00000000e+00
"44__128_8_2048_2",24,16,"SQ_LDS_BANK_CONFLICT",32.000000
"44__128_8_2048_2",24,16,"SQ_LDS_UNALIGNED_STALL",1440.000000
"44__128_8_2048_4",24,16,"SQ_LDS_BANK_CONFLICT",256.000000
"44__128_8_2048_4",24,16,"SQ_LDS_UNALIGNED_STALL",0.00000000e+00
"44__128_8_2048_8",24,16,"SQ_LDS_BANK_CONFLICT",256.000000
"44__128_8_2048_8",24,16,"SQ_LDS_UNALIGNED_STALL",0.00000000e+00
"44__128_8_2048_16",24,16,"SQ_LDS_BANK_CONFLICT",128.000000
"44__128_8_2048_16",24,16,"SQ_LDS_UNALIGNED_STALL",0.00000000e+00
"44__128_16",24,16,"SQ_LDS_BANK_CONFLICT",384.000000
"44__128_16",24,16,"SQ_LDS_UNALIGNED_STALL",0.00000000e+00
"44__128_16_1024_2",24,16,"SQ_LDS_BANK_CONFLICT",0.00000000e+00
"44__128_16_1024_2",24,16,"SQ_LDS_UNALIGNED_STALL",1920.000000
"44__128_16_1024_4",24,16,"SQ_LDS_BANK_CONFLICT",256.000000
"44__128_16_1024_4",24,16,"SQ_LDS_UNALIGNED_STALL",0.00000000e+00
"44__128_16_1024_8",24,16,"SQ_LDS_BANK_CONFLICT",128.000000
"44__128_16_1024_8",24,16,"SQ_LDS_UNALIGNED_STALL",0.00000000e+00
"44__128_16_1024_16",24,16,"SQ_LDS_BANK_CONFLICT",192.000000
"44__128_16_1024_16",24,16,"SQ_LDS_UNALIGNED_STALL",0.00000000e+00
"44__128_2",24,16,"SQ_LDS_BANK_CONFLICT",0.00000000e+00
"44__128_2",24,16,"SQ_LDS_UNALIGNED_STALL",1440.000000
"44__128_2_8192_2",24,16,"SQ_LDS_BANK_CONFLICT",0.00000000e+00
"44__128_2_8192_2",24,16,"SQ_LDS_UNALIGNED_STALL",1440.000000
"44__128_2_8192_4",24,16,"SQ_LDS_BANK_CONFLICT",0.00000000e+00
"44__128_2_8192_4",24,16,"SQ_LDS_UNALIGNED_STALL",1440.000000
"44__128_2_8192_8",24,16,"SQ_LDS_BANK_CONFLICT",0.00000000e+00
"44__128_2_8192_8",24,16,"SQ_LDS_UNALIGNED_STALL",1440.000000
"44__128_2_8192_16",24,16,"SQ_LDS_BANK_CONFLICT",0.00000000e+00
"44__128_2_8192_16",24,16,"SQ_LDS_UNALIGNED_STALL",1440.000000
"44__128_4",24,16,"SQ_LDS_BANK_CONFLICT",64.000000
"44__128_4",24,16,"SQ_LDS_UNALIGNED_STALL",0.00000000e+00
"44__128_4_4096_2",24,16,"SQ_LDS_BANK_CONFLICT",64.000000
"44__128_4_4096_2",24,16,"SQ_LDS_UNALIGNED_STALL",0.00000000e+00
"44__128_4_4096_4",24,16,"SQ_LDS_BANK_CONFLICT",64.000000
"44__128_4_4096_4",24,16,"SQ_LDS_UNALIGNED_STALL",0.00000000e+00
"44__128_4_4096_8",24,16,"SQ_LDS_BANK_CONFLICT",64.000000
"44__128_4_4096_8",24,16,"SQ_LDS_UNALIGNED_STALL",0.00000000e+00
"44__128_4_4096_16",24,16,"SQ_LDS_BANK_CONFLICT",64.000000
"44__128_4_4096_16",24,16,"SQ_LDS_UNALIGNED_STALL",0.00000000e+00
"44__128_8",24,16,"SQ_LDS_BANK_CONFLICT",256.000000
"44__128_8",24,16,"SQ_LDS_UNALIGNED_STALL",0.00000000e+00
"44__128_8_2048_2",24,16,"SQ_LDS_BANK_CONFLICT",32.000000
"44__128_8_2048_2",24,16,"SQ_LDS_UNALIGNED_STALL",1440.000000
"44__128_8_2048_4",24,16,"SQ_LDS_BANK_CONFLICT",256.000000
"44__128_8_2048_4",24,16,"SQ_LDS_UNALIGNED_STALL",0.00000000e+00
"44__128_8_2048_8",24,16,"SQ_LDS_BANK_CONFLICT",256.000000
"44__128_8_2048_8",24,16,"SQ_LDS_UNALIGNED_STALL",0.00000000e+00
"44__128_8_2048_16",24,16,"SQ_LDS_BANK_CONFLICT",128.000000
"44__128_8_2048_16",24,16,"SQ_LDS_UNALIGNED_STALL",0.00000000e+00
"44__128_16",24,16,"SQ_LDS_BANK_CONFLICT",384.000000
"44__128_16",24,16,"SQ_LDS_UNALIGNED_STALL",0.00000000e+00
"44__128_16_1024_2",24,16,"SQ_LDS_BANK_CONFLICT",0.00000000e+00
"44__128_16_1024_2",24,16,"SQ_LDS_UNALIGNED_STALL",1920.000000
"44__128_16_1024_4",24,16,"SQ_LDS_BANK_CONFLICT",256.000000
"44__128_16_1024_4",24,16,"SQ_LDS_UNALIGNED_STALL",0.00000000e+00
"44__128_16_1024_8",24,16,"SQ_LDS_BANK_CONFLICT",128.000000
"44__128_16_1024_8",24,16,"SQ_LDS_UNALIGNED_STALL",0.00000000e+00
"44__128_16_1024_16",24,16,"SQ_LDS_BANK_CONFLICT",192.000000
"44__128_16_1024_16",24,16,"SQ_LDS_UNALIGNED_STALL",0.00000000e+00
"44__1024_2",24,16,"SQ_LDS_BANK_CONFLICT",0.00000000e+00
"44__1024_2",24,16,"SQ_LDS_UNALIGNED_STALL",1920.000000
"44__1024_2_65536_2",24,16,"SQ_LDS_BANK_CONFLICT",0.00000000e+00
"44__1024_2_65536_2",24,16,"SQ_LDS_UNALIGNED_STALL",1920.000000
"44__1024_2_65536_4",24,16,"SQ_LDS_BANK_CONFLICT",0.00000000e+00
"44__1024_2_65536_4",24,16,"SQ_LDS_UNALIGNED_STALL",1920.000000
"44__1024_2_65536_8",24,16,"SQ_LDS_BANK_CONFLICT",0.00000000e+00
"44__1024_2_65536_8",24,16,"SQ_LDS_UNALIGNED_STALL",1920.000000
"44__1024_2_65536_16",24,16,"SQ_LDS_BANK_CONFLICT",0.00000000e+00
"44__1024_2_65536_16",24,16,"SQ_LDS_UNALIGNED_STALL",1920.000000
"44__1024_4",24,16,"SQ_LDS_BANK_CONFLICT",640.000000
"44__1024_4",24,16,"SQ_LDS_UNALIGNED_STALL",0.00000000e+00
"44__1024_4_32768_2",24,16,"SQ_LDS_BANK_CONFLICT",640.000000
"44__1024_4_32768_2",24,16,"SQ_LDS_UNALIGNED_STALL",0.00000000e+00
"44__1024_4_32768_4",24,16,"SQ_LDS_BANK_CONFLICT",640.000000
"44__1024_4_32768_4",24,16,"SQ_LDS_UNALIGNED_STALL",0.00000000e+00
"44__1024_4_32768_8",24,16,"SQ_LDS_BANK_CONFLICT",640.000000
"44__1024_4_32768_8",24,16,"SQ_LDS_UNALIGNED_STALL",0.00000000e+00
"44__1024_4_32768_16",24,16,"SQ_LDS_BANK_CONFLICT",640.000000
"44__1024_4_32768_16",24,16,"SQ_LDS_UNALIGNED_STALL",0.00000000e+00
"44__1024_8",24,16,"SQ_LDS_BANK_CONFLICT",512.000000
"44__1024_8",24,16,"SQ_LDS_UNALIGNED_STALL",0.00000000e+00
"44__1024_8_16384_2",24,16,"SQ_LDS_BANK_CONFLICT",512.000000
"44__1024_8_16384_2",24,16,"SQ_LDS_UNALIGNED_STALL",0.00000000e+00
"44__1024_8_16384_4",24,16,"SQ_LDS_BANK_CONFLICT",512.000000
"44__1024_8_16384_4",24,16,"SQ_LDS_UNALIGNED_STALL",0.00000000e+00
"44__1024_8_16384_8",24,16,"SQ_LDS_BANK_CONFLICT",512.000000
"44__1024_8_16384_8",24,16,"SQ_LDS_UNALIGNED_STALL",0.00000000e+00
"44__1024_8_16384_16",24,16,"SQ_LDS_BANK_CONFLICT",512.000000
"44__1024_8_16384_16",24,16,"SQ_LDS_UNALIGNED_STALL",0.00000000e+00
"44__1024_16",24,16,"SQ_LDS_BANK_CONFLICT",448.000000
"44__1024_16",24,16,"SQ_LDS_UNALIGNED_STALL",0.00000000e+00
"44__1024_16_8192_2",24,16,"SQ_LDS_BANK_CONFLICT",448.000000
"44__1024_16_8192_2",24,16,"SQ_LDS_UNALIGNED_STALL",0.00000000e+00
"44__1024_16_8192_4",24,16,"SQ_LDS_BANK_CONFLICT",448.000000
"44__1024_16_8192_4",24,16,"SQ_LDS_UNALIGNED_STALL",0.00000000e+00
"44__1024_16_8192_8",24,16,"SQ_LDS_BANK_CONFLICT",448.000000
"44__1024_16_8192_8",24,16,"SQ_LDS_UNALIGNED_STALL",0.00000000e+00
"44__1024_16_8192_16",24,16,"SQ_LDS_BANK_CONFLICT",448.000000
"44__1024_16_8192_16",24,16,"SQ_LDS_UNALIGNED_STALL",0.00000000e+00
"45__128_2",40,16,"SQ_LDS_BANK_CONFLICT",0.00000000e+00
"45__128_2",40,16,"SQ_LDS_UNALIGNED_STALL",1440.000000
"45__128_2_8192_2",40,16,"SQ_LDS_BANK_CONFLICT",0.00000000e+00
"45__128_2_8192_2",40,16,"SQ_LDS_UNALIGNED_STALL",1440.000000
"45__128_2_8192_4",40,16,"SQ_LDS_BANK_CONFLICT",0.00000000e+00
"45__128_2_8192_4",40,16,"SQ_LDS_UNALIGNED_STALL",1440.000000
"45__128_2_8192_8",40,16,"SQ_LDS_BANK_CONFLICT",0.00000000e+00
"45__128_2_8192_8",40,16,"SQ_LDS_UNALIGNED_STALL",1440.000000
"45__128_2_8192_16",40,16,"SQ_LDS_BANK_CONFLICT",0.00000000e+00
"45__128_2_8192_16",40,16,"SQ_LDS_UNALIGNED_STALL",1440.000000
"45__128_4",40,16,"SQ_LDS_BANK_CONFLICT",64.000000
"45__128_4",40,16,"SQ_LDS_UNALIGNED_STALL",0.00000000e+00
"45__128_4_4096_2",40,16,"SQ_LDS_BANK_CONFLICT",64.000000
"45__128_4_4096_2",40,16,"SQ_LDS_UNALIGNED_STALL",0.00000000e+00
"45__128_4_4096_4",40,16,"SQ_LDS_BANK_CONFLICT",64.000000
"45__128_4_4096_4",40,16,"SQ_LDS_UNALIGNED_STALL",0.00000000e+00
"45__128_4_4096_8",40,16,"SQ_LDS_BANK_CONFLICT",64.000000
"45__128_4_4096_8",40,16,"SQ_LDS_UNALIGNED_STALL",0.00000000e+00
"45__128_4_4096_16",40,16,"SQ_LDS_BANK_CONFLICT",64.000000
"45__128_4_4096_16",40,16,"SQ_LDS_UNALIGNED_STALL",0.00000000e+00
"45__128_8",40,16,"SQ_LDS_BANK_CONFLICT",256.000000
"45__128_8",40,16,"SQ_LDS_UNALIGNED_STALL",0.00000000e+00
"45__128_8_2048_2",40,16,"SQ_LDS_BANK_CONFLICT",32.000000
"45__128_8_2048_2",40,16,"SQ_LDS_UNALIGNED_STALL",1456.000000
"45__128_8_2048_4",40,16,"SQ_LDS_BANK_CONFLICT",256.000000
"45__128_8_2048_4",40,16,"SQ_LDS_UNALIGNED_STALL",0.00000000e+00
"45__128_8_2048_8",40,16,"SQ_LDS_BANK_CONFLICT",256.000000
"45__128_8_2048_8",40,16,"SQ_LDS_UNALIGNED_STALL",0.00000000e+00
"45__128_8_2048_16",40,16,"SQ_LDS_BANK_CONFLICT",128.000000
"45__128_8_2048_16",40,16,"SQ_LDS_UNALIGNED_STALL",0.00000000e+00
"45__128_16",40,16,"SQ_LDS_BANK_CONFLICT",384.000000
"45__128_16",40,16,"SQ_LDS_UNALIGNED_STALL",0.00000000e+00
"45__128_16_1024_2",36,16,"SQ_LDS_BANK_CONFLICT",0.00000000e+00
"45__128_16_1024_2",36,16,"SQ_LDS_UNALIGNED_STALL",1936.000000
"45__128_16_1024_4",36,16,"SQ_LDS_BANK_CONFLICT",240.000000
"45__128_16_1024_4",36,16,"SQ_LDS_UNALIGNED_STALL",0.00000000e+00
"45__128_16_1024_8",36,16,"SQ_LDS_BANK_CONFLICT",96.000000
"45__128_16_1024_8",36,16,"SQ_LDS_UNALIGNED_STALL",0.00000000e+00
"45__128_16_1024_16",36,16,"SQ_LDS_BANK_CONFLICT",112.000000
"45__128_16_1024_16",36,16,"SQ_LDS_UNALIGNED_STALL",0.00000000e+00
"45__128_2",40,16,"SQ_LDS_BANK_CONFLICT",0.00000000e+00
"45__128_2",40,16,"SQ_LDS_UNALIGNED_STALL",1440.000000
"45__128_2_8192_2",40,16,"SQ_LDS_BANK_CONFLICT",0.00000000e+00
"45__128_2_8192_2",40,16,"SQ_LDS_UNALIGNED_STALL",1440.000000
"45__128_2_8192_4",40,16,"SQ_LDS_BANK_CONFLICT",0.00000000e+00
"45__128_2_8192_4",40,16,"SQ_LDS_UNALIGNED_STALL",1440.000000
"45__128_2_8192_8",40,16,"SQ_LDS_BANK_CONFLICT",0.00000000e+00
"45__128_2_8192_8",40,16,"SQ_LDS_UNALIGNED_STALL",1440.000000
"45__128_2_8192_16",40,16,"SQ_LDS_BANK_CONFLICT",0.00000000e+00
"45__128_2_8192_16",40,16,"SQ_LDS_UNALIGNED_STALL",1440.000000
"45__128_4",40,16,"SQ_LDS_BANK_CONFLICT",64.000000
"45__128_4",40,16,"SQ_LDS_UNALIGNED_STALL",0.00000000e+00
"45__128_4_4096_2",40,16,"SQ_LDS_BANK_CONFLICT",64.000000
"45__128_4_4096_2",40,16,"SQ_LDS_UNALIGNED_STALL",0.00000000e+00
"45__128_4_4096_4",40,16,"SQ_LDS_BANK_CONFLICT",64.000000
"45__128_4_4096_4",40,16,"SQ_LDS_UNALIGNED_STALL",0.00000000e+00
"45__128_4_4096_8",40,16,"SQ_LDS_BANK_CONFLICT",64.000000
"45__128_4_4096_8",40,16,"SQ_LDS_UNALIGNED_STALL",0.00000000e+00
"45__128_4_4096_16",40,16,"SQ_LDS_BANK_CONFLICT",64.000000
"45__128_4_4096_16",40,16,"SQ_LDS_UNALIGNED_STALL",0.00000000e+00
"45__128_8",40,16,"SQ_LDS_BANK_CONFLICT",256.000000
"45__128_8",40,16,"SQ_LDS_UNALIGNED_STALL",0.00000000e+00
"45__128_8_2048_2",40,16,"SQ_LDS_BANK_CONFLICT",32.000000
"45__128_8_2048_2",40,16,"SQ_LDS_UNALIGNED_STALL",1456.000000
"45__128_8_2048_4",40,16,"SQ_LDS_BANK_CONFLICT",256.000000
"45__128_8_2048_4",40,16,"SQ_LDS_UNALIGNED_STALL",0.00000000e+00
"45__128_8_2048_8",40,16,"SQ_LDS_BANK_CONFLICT",256.000000
"45__128_8_2048_8",40,16,"SQ_LDS_UNALIGNED_STALL",0.00000000e+00
"45__128_8_2048_16",40,16,"SQ_LDS_BANK_CONFLICT",128.000000
"45__128_8_2048_16",40,16,"SQ_LDS_UNALIGNED_STALL",0.00000000e+00
"45__128_16",40,16,"SQ_LDS_BANK_CONFLICT",384.000000
"45__128_16",40,16,"SQ_LDS_UNALIGNED_STALL",0.00000000e+00
"45__128_16_1024_2",36,16,"SQ_LDS_BANK_CONFLICT",0.00000000e+00
"45__128_16_1024_2",36,16,"SQ_LDS_UNALIGNED_STALL",1936.000000
"45__128_16_1024_4",36,16,"SQ_LDS_BANK_CONFLICT",240.000000
"45__128_16_1024_4",36,16,"SQ_LDS_UNALIGNED_STALL",0.00000000e+00
"45__128_16_1024_8",36,16,"SQ_LDS_BANK_CONFLICT",96.000000
"45__128_16_1024_8",36,16,"SQ_LDS_UNALIGNED_STALL",0.00000000e+00
"45__128_16_1024_16",36,16,"SQ_LDS_BANK_CONFLICT",112.000000
"45__128_16_1024_16",36,16,"SQ_LDS_UNALIGNED_STALL",0.00000000e+00
"45__1024_2",40,16,"SQ_LDS_BANK_CONFLICT",0.00000000e+00
"45__1024_2",40,16,"SQ_LDS_UNALIGNED_STALL",1920.000000
"45__1024_2_65536_2",40,16,"SQ_LDS_BANK_CONFLICT",0.00000000e+00
"45__1024_2_65536_2",40,16,"SQ_LDS_UNALIGNED_STALL",1920.000000
"45__1024_2_65536_4",40,16,"SQ_LDS_BANK_CONFLICT",0.00000000e+00
"45__1024_2_65536_4",40,16,"SQ_LDS_UNALIGNED_STALL",1920.000000
"45__1024_2_65536_8",40,16,"SQ_LDS_BANK_CONFLICT",0.00000000e+00
"45__1024_2_65536_8",40,16,"SQ_LDS_UNALIGNED_STALL",1920.000000
"45__1024_2_65536_16",40,16,"SQ_LDS_BANK_CONFLICT",0.00000000e+00
"45__1024_2_65536_16",40,16,"SQ_LDS_UNALIGNED_STALL",1920.000000
"45__1024_4",40,16,"SQ_LDS_BANK_CONFLICT",640.000000
"45__1024_4",40,16,"SQ_LDS_UNALIGNED_STALL",0.00000000e+00
"45__1024_4_32768_2",40,16,"SQ_LDS_BANK_CONFLICT",640.000000
"45__1024_4_32768_2",40,16,"SQ_LDS_UNALIGNED_STALL",0.00000000e+00
"45__1024_4_32768_4",40,16,"SQ_LDS_BANK_CONFLICT",640.000000
"45__1024_4_32768_4",40,16,"SQ_LDS_UNALIGNED_STALL",0.00000000e+00
"45__1024_4_32768_8",40,16,"SQ_LDS_BANK_CONFLICT",640.000000
"45__1024_4_32768_8",40,16,"SQ_LDS_UNALIGNED_STALL",0.00000000e+00
"45__1024_4_32768_16",40,16,"SQ_LDS_BANK_CONFLICT",640.000000
"45__1024_4_32768_16",40,16,"SQ_LDS_UNALIGNED_STALL",0.00000000e+00
"45__1024_8",40,16,"SQ_LDS_BANK_CONFLICT",512.000000
"45__1024_8",40,16,"SQ_LDS_UNALIGNED_STALL",0.00000000e+00
"45__1024_8_16384_2",40,16,"SQ_LDS_BANK_CONFLICT",512.000000
"45__1024_8_16384_2",40,16,"SQ_LDS_UNALIGNED_STALL",0.00000000e+00
"45__1024_8_16384_4",40,16,"SQ_LDS_BANK_CONFLICT",512.000000
"45__1024_8_16384_4",40,16,"SQ_LDS_UNALIGNED_STALL",0.00000000e+00
"45__1024_8_16384_8",40,16,"SQ_LDS_BANK_CONFLICT",512.000000
"45__1024_8_16384_8",40,16,"SQ_LDS_UNALIGNED_STALL",0.00000000e+00
"45__1024_8_16384_16",40,16,"SQ_LDS_BANK_CONFLICT",512.000000
"45__1024_8_16384_16",40,16,"SQ_LDS_UNALIGNED_STALL",0.00000000e+00
"45__1024_16",40,16,"SQ_LDS_BANK_CONFLICT",448.000000
"45__1024_16",40,16,"SQ_LDS_UNALIGNED_STALL",0.00000000e+00
"45__1024_16_8192_2",40,16,"SQ_LDS_BANK_CONFLICT",448.000000
"45__1024_16_8192_2",40,16,"SQ_LDS_UNALIGNED_STALL",0.00000000e+00
"45__1024_16_8192_4",40,16,"SQ_LDS_BANK_CONFLICT",448.000000
"45__1024_16_8192_4",40,16,"SQ_LDS_UNALIGNED_STALL",0.00000000e+00
"45__1024_16_8192_8",40,16,"SQ_LDS_BANK_CONFLICT",448.000000
"45__1024_16_8192_8",40,16,"SQ_LDS_UNALIGNED_STALL",0.00000000e+00
"45__1024_16_8192_16",40,16,"SQ_LDS_BANK_CONFLICT",448.000000
"45__1024_16_8192_16",40,16,"SQ_LDS_UNALIGNED_STALL",0.00000000e+00
"46__128_2",32,16,"SQ_LDS_BANK_CONFLICT",0.00000000e+00
"46__128_2",32,16,"SQ_LDS_UNALIGNED_STALL",1296.000000
"46__128_2_8192_2",32,16,"SQ_LDS_BANK_CONFLICT",0.00000000e+00
"46__128_2_8192_2",32,16,"SQ_LDS_UNALIGNED_STALL",1296.000000
"46__128_2_8192_4",32,16,"SQ_LDS_BANK_CONFLICT",0.00000000e+00
"46__128_2_8192_4",32,16,"SQ_LDS_UNALIGNED_STALL",1296.000000
"46__128_2_8192_8",32,16,"SQ_LDS_BANK_CONFLICT",0.00000000e+00
"46__128_2_8192_8",32,16,"SQ_LDS_UNALIGNED_STALL",1296.000000
"46__128_2_8192_16",32,16,"SQ_LDS_BANK_CONFLICT",0.00000000e+00
"46__128_2_8192_16",32,16,"SQ_LDS_UNALIGNED_STALL",1296.000000
"46__128_4",32,16,"SQ_LDS_BANK_CONFLICT",32.000000
"46__128_4",32,16,"SQ_LDS_UNALIGNED_STALL",224.000000
"46__128_4_4096_2",32,16,"SQ_LDS_BANK_CONFLICT",32.000000
"46__128_4_4096_2",32,16,"SQ_LDS_UNALIGNED_STALL",224.000000
"46__128_4_4096_4",32,16,"SQ_LDS_BANK_CONFLICT",32.000000
"46__128_4_4096_4",32,16,"SQ_LDS_UNALIGNED_STALL",224.000000
"46__128_4_4096_8",32,16,"SQ_LDS_BANK_CONFLICT",32.000000
"46__128_4_4096_8",32,16,"SQ_LDS_UNALIGNED_STALL",224.000000
"46__128_4_4096_16",32,16,"SQ_LDS_BANK_CONFLICT",32.000000
"46__128_4_4096_16",32,16,"SQ_LDS_UNALIGNED_STALL",224.000000
"46__128_8",32,16,"SQ_LDS_BANK_CONFLICT",256.000000
"46__128_8",32,16,"SQ_LDS_UNALIGNED_STALL",0.00000000e+00
"46__128_8_2048_2",32,16,"SQ_LDS_BANK_CONFLICT",32.000000
"46__128_8_2048_2",32,16,"SQ_LDS_UNALIGNED_STALL",928.000000
"46__128_8_2048_4",32,16,"SQ_LDS_BANK_CONFLICT",64.000000
"46__128_8_2048_4",32,16,"SQ_LDS_UNALIGNED_STALL",448.000000
"46__128_8_2048_8",32,16,"SQ_LDS_BANK_CONFLICT",256.000000
"46__128_8_2048_8",32,16,"SQ_LDS_UNALIGNED_STALL",0.00000000e+00
"46__128_8_2048_16",32,16,"SQ_LDS_BANK_CONFLICT",128.000000
"46__128_8_2048_16",32,16,"SQ_LDS_UNALIGNED_STALL",0.00000000e+00
"46__128_16",32,16,"SQ_LDS_BANK_CONFLICT",384.000000
"46__128_16",32,16,"SQ_LDS_UNALIGNED_STALL",0.00000000e+00
"46__128_16_1024_2",32,16,"SQ_LDS_BANK_CONFLICT",0.00000000e+00
"46__128_16_1024_2",32,16,"SQ_LDS_UNALIGNED_STALL",1408.000000
"46__128_16_1024_4",32,16,"SQ_LDS_BANK_CONFLICT",64.000000
"46__128_16_1024_4",32,16,"SQ_LDS_UNALIGNED_STALL",448.000000
"46__128_16_1024_8",32,16,"SQ_LDS_BANK_CONFLICT",128.000000
"46__128_16_1024_8",32,16,"SQ_LDS_UNALIGNED_STALL",0.00000000e+00
"46__128_16_1024_16",32,16,"SQ_LDS_BANK_CONFLICT",192.000000
"46__128_16_1024_16",32,16,"SQ_LDS_UNALIGNED_STALL",0.00000000e+00
"46__128_2",32,16,"SQ_LDS_BANK_CONFLICT",0.00000000e+00
"46__128_2",32,16,"SQ_LDS_UNALIGNED_STALL",1296.000000
"46__128_2_8192_2",32,16,"SQ_LDS_BANK_CONFLICT",0.00000000e+00
"46__128_2_8192_2",32,16,"SQ_LDS_UNALIGNED_STALL",1296.000000
"46__128_2_8192_4",32,16,"SQ_LDS_BANK_CONFLICT",0.00000000e+00
"46__128_2_8192_4",32,16,"SQ_LDS_UNALIGNED_STALL",1296.000000
"46__128_2_8192_8",32,16,"SQ_LDS_BANK_CONFLICT",0.00000000e+00
"46__128_2_8192_8",32,16,"SQ_LDS_UNALIGNED_STALL",1296.000000
"46__128_2_8192_16",32,16,"SQ_LDS_BANK_CONFLICT",0.00000000e+00
"46__128_2_8192_16",32,16,"SQ_LDS_UNALIGNED_STALL",1296.000000
"46__128_4",32,16,"SQ_LDS_BANK_CONFLICT",32.000000
"46__128_4",32,16,"SQ_LDS_UNALIGNED_STALL",224.000000
"46__128_4_4096_2",32,16,"SQ_LDS_BANK_CONFLICT",32.000000
"46__128_4_4096_2",32,16,"SQ_LDS_UNALIGNED_STALL",224.000000
"46__128_4_4096_4",32,16,"SQ_LDS_BANK_CONFLICT",32.000000
"46__128_4_4096_4",32,16,"SQ_LDS_UNALIGNED_STALL",224.000000
"46__128_4_4096_8",32,16,"SQ_LDS_BANK_CONFLICT",32.000000
"46__128_4_4096_8",32,16,"SQ_LDS_UNALIGNED_STALL",224.000000
"46__128_4_4096_16",32,16,"SQ_LDS_BANK_CONFLICT",32.000000
"46__128_4_4096_16",32,16,"SQ_LDS_UNALIGNED_STALL",224.000000
"46__128_8",32,16,"SQ_LDS_BANK_CONFLICT",256.000000
"46__128_8",32,16,"SQ_LDS_UNALIGNED_STALL",0.00000000e+00
"46__128_8_2048_2",32,16,"SQ_LDS_BANK_CONFLICT",32.000000
"46__128_8_2048_2",32,16,"SQ_LDS_UNALIGNED_STALL",928.000000
"46__128_8_2048_4",32,16,"SQ_LDS_BANK_CONFLICT",64.000000
"46__128_8_2048_4",32,16,"SQ_LDS_UNALIGNED_STALL",448.000000
"46__128_8_2048_8",32,16,"SQ_LDS_BANK_CONFLICT",256.000000
"46__128_8_2048_8",32,16,"SQ_LDS_UNALIGNED_STALL",0.00000000e+00
"46__128_8_2048_16",32,16,"SQ_LDS_BANK_CONFLICT",128.000000
"46__128_8_2048_16",32,16,"SQ_LDS_UNALIGNED_STALL",0.00000000e+00
"46__128_16",32,16,"SQ_LDS_BANK_CONFLICT",384.000000
"46__128_16",32,16,"SQ_LDS_UNALIGNED_STALL",0.00000000e+00
"46__128_16_1024_2",32,16,"SQ_LDS_BANK_CONFLICT",0.00000000e+00
"46__128_16_1024_2",32,16,"SQ_LDS_UNALIGNED_STALL",1408.000000
"46__128_16_1024_4",32,16,"SQ_LDS_BANK_CONFLICT",64.000000
"46__128_16_1024_4",32,16,"SQ_LDS_UNALIGNED_STALL",448.000000
"46__128_16_1024_8",32,16,"SQ_LDS_BANK_CONFLICT",128.000000
"46__128_16_1024_8",32,16,"SQ_LDS_UNALIGNED_STALL",0.00000000e+00
"46__128_16_1024_16",32,16,"SQ_LDS_BANK_CONFLICT",192.000000
"46__128_16_1024_16",32,16,"SQ_LDS_UNALIGNED_STALL",0.00000000e+00
"46__1024_2",32,16,"SQ_LDS_BANK_CONFLICT",0.00000000e+00
"46__1024_2",32,16,"SQ_LDS_UNALIGNED_STALL",1408.000000
"46__1024_2_65536_2",32,16,"SQ_LDS_BANK_CONFLICT",0.00000000e+00
"46__1024_2_65536_2",32,16,"SQ_LDS_UNALIGNED_STALL",1408.000000
"46__1024_2_65536_4",32,16,"SQ_LDS_BANK_CONFLICT",0.00000000e+00
"46__1024_2_65536_4",32,16,"SQ_LDS_UNALIGNED_STALL",1408.000000
"46__1024_2_65536_8",32,16,"SQ_LDS_BANK_CONFLICT",0.00000000e+00
"46__1024_2_65536_8",32,16,"SQ_LDS_UNALIGNED_STALL",1408.000000
"46__1024_2_65536_16",32,16,"SQ_LDS_BANK_CONFLICT",0.00000000e+00
"46__1024_2_65536_16",32,16,"SQ_LDS_UNALIGNED_STALL",1408.000000
"46__1024_4",32,16,"SQ_LDS_BANK_CONFLICT",448.000000
"46__1024_4",32,16,"SQ_LDS_UNALIGNED_STALL",448.000000
"46__1024_4_32768_2",32,16,"SQ_LDS_BANK_CONFLICT",448.000000
"46__1024_4_32768_2",32,16,"SQ_LDS_UNALIGNED_STALL",448.000000
"46__1024_4_32768_4",32,16,"SQ_LDS_BANK_CONFLICT",448.000000
"46__1024_4_32768_4",32,16,"SQ_LDS_UNALIGNED_STALL",448.000000
"46__1024_4_32768_8",32,16,"SQ_LDS_BANK_CONFLICT",448.000000
"46__1024_4_32768_8",32,16,"SQ_LDS_UNALIGNED_STALL",448.000000
"46__1024_4_32768_16",32,16,"SQ_LDS_BANK_CONFLICT",448.000000
"46__1024_4_32768_16",32,16,"SQ_LDS_UNALIGNED_STALL",448.000000
"46__1024_8",32,16,"SQ_LDS_BANK_CONFLICT",512.000000
"46__1024_8",32,16,"SQ_LDS_UNALIGNED_STALL",0.00000000e+00
"46__1024_8_16384_2",32,16,"SQ_LDS_BANK_CONFLICT",512.000000
"46__1024_8_16384_2",32,16,"SQ_LDS_UNALIGNED_STALL",0.00000000e+00
"46__1024_8_16384_4",32,16,"SQ_LDS_BANK_CONFLICT",512.000000
"46__1024_8_16384_4",32,16,"SQ_LDS_UNALIGNED_STALL",0.00000000e+00
"46__1024_8_16384_8",32,16,"SQ_LDS_BANK_CONFLICT",512.000000
"46__1024_8_16384_8",32,16,"SQ_LDS_UNALIGNED_STALL",0.00000000e+00
"46__1024_8_16384_16",32,16,"SQ_LDS_BANK_CONFLICT",512.000000
"46__1024_8_16384_16",32,16,"SQ_LDS_UNALIGNED_STALL",0.00000000e+00
"46__1024_16",32,16,"SQ_LDS_BANK_CONFLICT",448.000000
"46__1024_16",32,16,"SQ_LDS_UNALIGNED_STALL",0.00000000e+00
"46__1024_16_8192_2",32,16,"SQ_LDS_BANK_CONFLICT",448.000000
"46__1024_16_8192_2",32,16,"SQ_LDS_UNALIGNED_STALL",0.00000000e+00
"46__1024_16_8192_4",32,16,"SQ_LDS_BANK_CONFLICT",448.000000
"46__1024_16_8192_4",32,16,"SQ_LDS_UNALIGNED_STALL",0.00000000e+00
"46__1024_16_8192_8",32,16,"SQ_LDS_BANK_CONFLICT",448.000000
"46__1024_16_8192_8",32,16,"SQ_LDS_UNALIGNED_STALL",0.00000000e+00
"46__1024_16_8192_16",32,16,"SQ_LDS_BANK_CONFLICT",448.000000
"46__1024_16_8192_16",32,16,"SQ_LDS_UNALIGNED_STALL",0.00000000e+00
"47__128_2",40,16,"SQ_LDS_BANK_CONFLICT",0.00000000e+00
"47__128_2",40,16,"SQ_LDS_UNALIGNED_STALL",1296.000000
"47__128_2_8192_2",40,16,"SQ_LDS_BANK_CONFLICT",0.00000000e+00
"47__128_2_8192_2",40,16,"SQ_LDS_UNALIGNED_STALL",1296.000000
"47__128_2_8192_4",40,16,"SQ_LDS_BANK_CONFLICT",0.00000000e+00
"47__128_2_8192_4",40,16,"SQ_LDS_UNALIGNED_STALL",1296.000000
"47__128_2_8192_8",40,16,"SQ_LDS_BANK_CONFLICT",0.00000000e+00
"47__128_2_8192_8",40,16,"SQ_LDS_UNALIGNED_STALL",1296.000000
"47__128_2_8192_16",40,16,"SQ_LDS_BANK_CONFLICT",0.00000000e+00
"47__128_2_8192_16",40,16,"SQ_LDS_UNALIGNED_STALL",1296.000000
"47__128_4",40,16,"SQ_LDS_BANK_CONFLICT",32.000000
"47__128_4",40,16,"SQ_LDS_UNALIGNED_STALL",224.000000
"47__128_4_4096_2",40,16,"SQ_LDS_BANK_CONFLICT",32.000000
"47__128_4_4096_2",40,16,"SQ_LDS_UNALIGNED_STALL",224.000000
"47__128_4_4096_4",40,16,"SQ_LDS_BANK_CONFLICT",32.000000
"47__128_4_4096_4",40,16,"SQ_LDS_UNALIGNED_STALL",224.000000
"47__128_4_4096_8",40,16,"SQ_LDS_BANK_CONFLICT",32.000000
"47__128_4_4096_8",40,16,"SQ_LDS_UNALIGNED_STALL",224.000000
"47__128_4_4096_16",40,16,"SQ_LDS_BANK_CONFLICT",32.000000
"47__128_4_4096_16",40,16,"SQ_LDS_UNALIGNED_STALL",224.000000
"47__128_8",40,16,"SQ_LDS_BANK_CONFLICT",256.000000
"47__128_8",40,16,"SQ_LDS_UNALIGNED_STALL",0.00000000e+00
"47__128_8_2048_2",40,16,"SQ_LDS_BANK_CONFLICT",32.000000
"47__128_8_2048_2",40,16,"SQ_LDS_UNALIGNED_STALL",944.000000
"47__128_8_2048_4",40,16,"SQ_LDS_BANK_CONFLICT",64.000000
"47__128_8_2048_4",40,16,"SQ_LDS_UNALIGNED_STALL",448.000000
"47__128_8_2048_8",40,16,"SQ_LDS_BANK_CONFLICT",256.000000
"47__128_8_2048_8",40,16,"SQ_LDS_UNALIGNED_STALL",0.00000000e+00
"47__128_8_2048_16",40,16,"SQ_LDS_BANK_CONFLICT",128.000000
"47__128_8_2048_16",40,16,"SQ_LDS_UNALIGNED_STALL",0.00000000e+00
"47__128_16",40,16,"SQ_LDS_BANK_CONFLICT",384.000000
"47__128_16",40,16,"SQ_LDS_UNALIGNED_STALL",0.00000000e+00
"47__128_16_1024_2",36,16,"SQ_LDS_BANK_CONFLICT",0.00000000e+00
"47__128_16_1024_2",36,16,"SQ_LDS_UNALIGNED_STALL",1424.000000
"47__128_16_1024_4",36,16,"SQ_LDS_BANK_CONFLICT",48.000000
"47__128_16_1024_4",36,16,"SQ_LDS_UNALIGNED_STALL",448.000000
"47__128_16_1024_8",36,16,"SQ_LDS_BANK_CONFLICT",96.000000
"47__128_16_1024_8",36,16,"SQ_LDS_UNALIGNED_STALL",0.00000000e+00
"47__128_16_1024_16",36,16,"SQ_LDS_BANK_CONFLICT",112.000000
"47__128_16_1024_16",36,16,"SQ_LDS_UNALIGNED_STALL",0.00000000e+00
"47__128_2",40,16,"SQ_LDS_BANK_CONFLICT",0.00000000e+00
"47__128_2",40,16,"SQ_LDS_UNALIGNED_STALL",1296.000000
"47__128_2_8192_2",40,16,"SQ_LDS_BANK_CONFLICT",0.00000000e+00
"47__128_2_8192_2",40,16,"SQ_LDS_UNALIGNED_STALL",1296.000000
"47__128_2_8192_4",40,16,"SQ_LDS_BANK_CONFLICT",0.00000000e+00
"47__128_2_8192_4",40,16,"SQ_LDS_UNALIGNED_STALL",1296.000000
"47__128_2_8192_8",40,16,"SQ_LDS_BANK_CONFLICT",0.00000000e+00
"47__128_2_8192_8",40,16,"SQ_LDS_UNALIGNED_STALL",1296.000000
"47__128_2_8192_16",40,16,"SQ_LDS_BANK_CONFLICT",0.00000000e+00
"47__128_2_8192_16",40,16,"SQ_LDS_UNALIGNED_STALL",1296.000000
"47__128_4",40,16,"SQ_LDS_BANK_CONFLICT",32.000000
"47__128_4",40,16,"SQ_LDS_UNALIGNED_STALL",224.000000
"47__128_4_4096_2",40,16,"SQ_LDS_BANK_CONFLICT",32.000000
"47__128_4_4096_2",40,16,"SQ_LDS_UNALIGNED_STALL",224.000000
"47__128_4_4096_4",40,16,"SQ_LDS_BANK_CONFLICT",32.000000
"47__128_4_4096_4",40,16,"SQ_LDS_UNALIGNED_STALL",224.000000
"47__128_4_4096_8",40,16,"SQ_LDS_BANK_CONFLICT",32.000000
"47__128_4_4096_8",40,16,"SQ_LDS_UNALIGNED_STALL",224.000000
"47__128_4_4096_16",40,16,"SQ_LDS_BANK_CONFLICT",32.000000
"47__128_4_4096_16",40,16,"SQ_LDS_UNALIGNED_STALL",224.000000
"47__128_8",40,16,"SQ_LDS_BANK_CONFLICT",256.000000
"47__128_8",40,16,"SQ_LDS_UNALIGNED_STALL",0.00000000e+00
"47__128_8_2048_2",40,16,"SQ_LDS_BANK_CONFLICT",32.000000
"47__128_8_2048_2",40,16,"SQ_LDS_UNALIGNED_STALL",944.000000
"47__128_8_2048_4",40,16,"SQ_LDS_BANK_CONFLICT",64.000000
"47__128_8_2048_4",40,16,"SQ_LDS_UNALIGNED_STALL",448.000000
"47__128_8_2048_8",40,16,"SQ_LDS_BANK_CONFLICT",256.000000
"47__128_8_2048_8",40,16,"SQ_LDS_UNALIGNED_STALL",0.00000000e+00
"47__128_8_2048_16",40,16,"SQ_LDS_BANK_CONFLICT",128.000000
"47__128_8_2048_16",40,16,"SQ_LDS_UNALIGNED_STALL",0.00000000e+00
"47__128_16",40,16,"SQ_LDS_BANK_CONFLICT",384.000000
"47__128_16",40,16,"SQ_LDS_UNALIGNED_STALL",0.00000000e+00
"47__128_16_1024_2",36,16,"SQ_LDS_BANK_CONFLICT",0.00000000e+00
"47__128_16_1024_2",36,16,"SQ_LDS_UNALIGNED_STALL",1424.000000
"47__128_16_1024_4",36,16,"SQ_LDS_BANK_CONFLICT",48.000000
"47__128_16_1024_4",36,16,"SQ_LDS_UNALIGNED_STALL",448.000000
"47__128_16_1024_8",36,16,"SQ_LDS_BANK_CONFLICT",96.000000
"47__128_16_1024_8",36,16,"SQ_LDS_UNALIGNED_STALL",0.00000000e+00
"47__128_16_1024_16",36,16,"SQ_LDS_BANK_CONFLICT",112.000000
"47__128_16_1024_16",36,16,"SQ_LDS_UNALIGNED_STALL",0.00000000e+00
"47__1024_2",40,16,"SQ_LDS_BANK_CONFLICT",0.00000000e+00
"47__1024_2",40,16,"SQ_LDS_UNALIGNED_STALL",1408.000000
"47__1024_2_65536_2",40,16,"SQ_LDS_BANK_CONFLICT",0.00000000e+00
"47__1024_2_65536_2",40,16,"SQ_LDS_UNALIGNED_STALL",1408.000000
"47__1024_2_65536_4",40,16,"SQ_LDS_BANK_CONFLICT",0.00000000e+00
"47__1024_2_65536_4",40,16,"SQ_LDS_UNALIGNED_STALL",1408.000000
"47__1024_2_65536_8",40,16,"SQ_LDS_BANK_CONFLICT",0.00000000e+00
"47__1024_2_65536_8",40,16,"SQ_LDS_UNALIGNED_STALL",1408.000000
"47__1024_2_65536_16",40,16,"SQ_LDS_BANK_CONFLICT",0.00000000e+00
"47__1024_2_65536_16",40,16,"SQ_LDS_UNALIGNED_STALL",1408.000000
"47__1024_4",40,16,"SQ_LDS_BANK_CONFLICT",448.000000
"47__1024_4",40,16,"SQ_LDS_UNALIGNED_STALL",448.000000
"47__1024_4_32768_2",40,16,"SQ_LDS_BANK_CONFLICT",448.000000
"47__1024_4_32768_2",40,16,"SQ_LDS_UNALIGNED_STALL",448.000000
"47__1024_4_32768_4",40,16,"SQ_LDS_BANK_CONFLICT",448.000000
"47__1024_4_32768_4",40,16,"SQ_LDS_UNALIGNED_STALL",448.000000
"47__1024_4_32768_8",40,16,"SQ_LDS_BANK_CONFLICT",448.000000
"47__1024_4_32768_8",40,16,"SQ_LDS_UNALIGNED_STALL",448.000000
"47__1024_4_32768_16",40,16,"SQ_LDS_BANK_CONFLICT",448.000000
"47__1024_4_32768_16",40,16,"SQ_LDS_UNALIGNED_STALL",448.000000
"47__1024_8",40,16,"SQ_LDS_BANK_CONFLICT",512.000000
"47__1024_8",40,16,"SQ_LDS_UNALIGNED_STALL",0.00000000e+00
"47__1024_8_16384_2",40,16,"SQ_LDS_BANK_CONFLICT",512.000000
"47__1024_8_16384_2",40,16,"SQ_LDS_UNALIGNED_STALL",0.00000000e+00
"47__1024_8_16384_4",40,16,"SQ_LDS_BANK_CONFLICT",512.000000
"47__1024_8_16384_4",40,16,"SQ_LDS_UNALIGNED_STALL",0.00000000e+00
"47__1024_8_16384_8",40,16,"SQ_LDS_BANK_CONFLICT",512.000000
"47__1024_8_16384_8",40,16,"SQ_LDS_UNALIGNED_STALL",0.00000000e+00
"47__1024_8_16384_16",40,16,"SQ_LDS_BANK_CONFLICT",512.000000
"47__1024_8_16384_16",40,16,"SQ_LDS_UNALIGNED_STALL",0.00000000e+00
"47__1024_16",40,16,"SQ_LDS_BANK_CONFLICT",448.000000
"47__1024_16",40,16,"SQ_LDS_UNALIGNED_STALL",0.00000000e+00
"47__1024_16_8192_2",40,16,"SQ_LDS_BANK_CONFLICT",448.000000
"47__1024_16_8192_2",40,16,"SQ_LDS_UNALIGNED_STALL",0.00000000e+00
"47__1024_16_8192_4",40,16,"SQ_LDS_BANK_CONFLICT",448.000000
"47__1024_16_8192_4",40,16,"SQ_LDS_UNALIGNED_STALL",0.00000000e+00
"47__1024_16_8192_8",40,16,"SQ_LDS_BANK_CONFLICT",448.000000
"47__1024_16_8192_8",40,16,"SQ_LDS_UNALIGNED_STALL",0.00000000e+00
"47__1024_16_8192_16",40,16,"SQ_LDS_BANK_CONFLICT",448.000000
"47__1024_16_8192_16",40,16,"SQ_LDS_UNALIGNED_STALL",0.00000000e+00
"48__256_2",32,16,"SQ_LDS_BANK_CONFLICT",0.00000000e+00
"48__256_2",32,16,"SQ_LDS_UNALIGNED_STALL",1920.000000
"48__256_2_16384_2",32,16,"SQ_LDS_BANK_CONFLICT",0.00000000e+00
"48__256_2_16384_2",32,16,"SQ_LDS_UNALIGNED_STALL",1920.000000
"48__256_2_16384_4",32,16,"SQ_LDS_BANK_CONFLICT",0.00000000e+00
"48__256_2_16384_4",32,16,"SQ_LDS_UNALIGNED_STALL",1920.000000
"48__256_2_16384_8",32,16,"SQ_LDS_BANK_CONFLICT",0.00000000e+00
"48__256_2_16384_8",32,16,"SQ_LDS_UNALIGNED_STALL",1920.000000
"48__256_2_16384_16",32,16,"SQ_LDS_BANK_CONFLICT",0.00000000e+00
"48__256_2_16384_16",32,16,"SQ_LDS_UNALIGNED_STALL",1920.000000
"48__256_4",32,16,"SQ_LDS_BANK_CONFLICT",128.000000
"48__256_4",32,16,"SQ_LDS_UNALIGNED_STALL",0.00000000e+00
"48__256_4_8192_2",32,16,"SQ_LDS_BANK_CONFLICT",128.000000
"48__256_4_8192_2",32,16,"SQ_LDS_UNALIGNED_STALL",0.00000000e+00
"48__256_4_8192_4",32,16,"SQ_LDS_BANK_CONFLICT",128.000000
"48__256_4_8192_4",32,16,"SQ_LDS_UNALIGNED_STALL",0.00000000e+00
"48__256_4_8192_8",32,16,"SQ_LDS_BANK_CONFLICT",128.000000
"48__256_4_8192_8",32,16,"SQ_LDS_UNALIGNED_STALL",0.00000000e+00
"48__256_4_8192_16",32,16,"SQ_LDS_BANK_CONFLICT",128.000000
"48__256_4_8192_16",32,16,"SQ_LDS_UNALIGNED_STALL",0.00000000e+00
"48__256_8",32,16,"SQ_LDS_BANK_CONFLICT",512.000000
"48__256_8",32,16,"SQ_LDS_UNALIGNED_STALL",0.00000000e+00
"48__256_8_4096_2",32,16,"SQ_LDS_BANK_CONFLICT",448.000000
"48__256_8_4096_2",32,16,"SQ_LDS_UNALIGNED_STALL",960.000000
"48__256_8_4096_4",32,16,"SQ_LDS_BANK_CONFLICT",512.000000
"48__256_8_4096_4",32,16,"SQ_LDS_UNALIGNED_STALL",0.00000000e+00
"48__256_8_4096_8",32,16,"SQ_LDS_BANK_CONFLICT",512.000000
"48__256_8_4096_8",32,16,"SQ_LDS_UNALIGNED_STALL",0.00000000e+00
"48__256_8_4096_16",32,16,"SQ_LDS_BANK_CONFLICT",256.000000
"48__256_8_4096_16",32,16,"SQ_LDS_UNALIGNED_STALL",0.00000000e+00
"48__256_16",36,16,"SQ_LDS_BANK_CONFLICT",768.000000
"48__256_16",36,16,"SQ_LDS_UNALIGNED_STALL",0.00000000e+00
"48__256_16_2048_2",36,16,"SQ_LDS_BANK_CONFLICT",384.000000
"48__256_16_2048_2",36,16,"SQ_LDS_UNALIGNED_STALL",1920.000000
"48__256_16_2048_4",36,16,"SQ_LDS_BANK_CONFLICT",512.000000
"48__256_16_2048_4",36,16,"SQ_LDS_UNALIGNED_STALL",0.00000000e+00
"48__256_16_2048_8",36,16,"SQ_LDS_BANK_CONFLICT",256.000000
"48__256_16_2048_8",36,16,"SQ_LDS_UNALIGNED_STALL",0.00000000e+00
"48__256_16_2048_16",36,16,"SQ_LDS_BANK_CONFLICT",384.000000
"48__256_16_2048_16",36,16,"SQ_LDS_UNALIGNED_STALL",0.00000000e+00
"48__128_2",32,16,"SQ_LDS_BANK_CONFLICT",128.000000
"48__128_2",32,16,"SQ_LDS_UNALIGNED_STALL",992.000000
"48__128_2_8192_2",32,16,"SQ_LDS_BANK_CONFLICT",128.000000
"48__128_2_8192_2",32,16,"SQ_LDS_UNALIGNED_STALL",992.000000
"48__128_2_8192_4",32,16,"SQ_LDS_BANK_CONFLICT",128.000000
"48__128_2_8192_4",32,16,"SQ_LDS_UNALIGNED_STALL",992.000000
"48__128_2_8192_8",32,16,"SQ_LDS_BANK_CONFLICT",128.000000
"48__128_2_8192_8",32,16,"SQ_LDS_UNALIGNED_STALL",992.000000
"48__128_2_8192_16",32,16,"SQ_LDS_BANK_CONFLICT",128.000000
"48__128_2_8192_16",32,16,"SQ_LDS_UNALIGNED_STALL",992.000000
"48__128_4",32,16,"SQ_LDS_BANK_CONFLICT",512.000000
"48__128_4",32,16,"SQ_LDS_UNALIGNED_STALL",0.00000000e+00
"48__128_4_4096_2",32,16,"SQ_LDS_BANK_CONFLICT",448.000000
"48__128_4_4096_2",32,16,"SQ_LDS_UNALIGNED_STALL",960.000000
"48__128_4_4096_4",32,16,"SQ_LDS_BANK_CONFLICT",512.000000
"48__128_4_4096_4",32,16,"SQ_LDS_UNALIGNED_STALL",0.00000000e+00
"48__128_4_4096_8",32,16,"SQ_LDS_BANK_CONFLICT",512.000000
"48__128_4_4096_8",32,16,"SQ_LDS_UNALIGNED_STALL",0.00000000e+00
"48__128_4_4096_16",32,16,"SQ_LDS_BANK_CONFLICT",256.000000
"48__128_4_4096_16",32,16,"SQ_LDS_UNALIGNED_STALL",0.00000000e+00
"48__128_8",36,16,"SQ_LDS_BANK_CONFLICT",768.000000
"48__128_8",36,16,"SQ_LDS_UNALIGNED_STALL",0.00000000e+00
"48__128_8_2048_2",36,16,"SQ_LDS_BANK_CONFLICT",384.000000
"48__128_8_2048_2",36,16,"SQ_LDS_UNALIGNED_STALL",1920.000000
"48__128_8_2048_4",36,16,"SQ_LDS_BANK_CONFLICT",512.000000
"48__128_8_2048_4",36,16,"SQ_LDS_UNALIGNED_STALL",0.00000000e+00
"48__128_8_2048_8",36,16,"SQ_LDS_BANK_CONFLICT",256.000000
"48__128_8_2048_8",36,16,"SQ_LDS_UNALIGNED_STALL",0.00000000e+00
"48__128_8_2048_16",36,16,"SQ_LDS_BANK_CONFLICT",384.000000
"48__128_8_2048_16",36,16,"SQ_LDS_UNALIGNED_STALL",0.00000000e+00
"48__128_16",36,16,"SQ_LDS_BANK_CONFLICT",1280.000000
"48__128_16",36,16,"SQ_LDS_UNALIGNED_STALL",0.00000000e+00
"48__128_16_1024_2",36,16,"SQ_LDS_BANK_CONFLICT",384.000000
"48__128_16_1024_2",36,16,"SQ_LDS_UNALIGNED_STALL",1920.000000
"48__128_16_1024_4",36,16,"SQ_LDS_BANK_CONFLICT",256.000000
"48__128_16_1024_4",36,16,"SQ_LDS_UNALIGNED_STALL",0.00000000e+00
"48__128_16_1024_8",36,16,"SQ_LDS_BANK_CONFLICT",128.000000
"48__128_16_1024_8",36,16,"SQ_LDS_UNALIGNED_STALL",0.00000000e+00
"48__128_16_1024_16",36,16,"SQ_LDS_BANK_CONFLICT",512.000000
"48__128_16_1024_16",36,16,"SQ_LDS_UNALIGNED_STALL",0.00000000e+00
"48__2048_2",32,16,"SQ_LDS_BANK_CONFLICT",384.000000
"48__2048_2",32,16,"SQ_LDS_UNALIGNED_STALL",1920.000000
"48__2048_2_131072_2",32,16,"SQ_LDS_BANK_CONFLICT",384.000000
"48__2048_2_131072_2",32,16,"SQ_LDS_UNALIGNED_STALL",1920.000000
"48__2048_2_131072_4",32,16,"SQ_LDS_BANK_CONFLICT",384.000000
"48__2048_2_131072_4",32,16,"SQ_LDS_UNALIGNED_STALL",1920.000000
"48__2048_2_131072_8",32,16,"SQ_LDS_BANK_CONFLICT",384.000000
"48__2048_2_131072_8",32,16,"SQ_LDS_UNALIGNED_STALL",1920.000000
"48__2048_2_131072_16",32,16,"SQ_LDS_BANK_CONFLICT",384.000000
"48__2048_2_131072_16",32,16,"SQ_LDS_UNALIGNED_STALL",1920.000000
"48__2048_4",36,16,"SQ_LDS_BANK_CONFLICT",1280.000000
"48__2048_4",36,16,"SQ_LDS_UNALIGNED_STALL",0.00000000e+00
"48__2048_4_65536_2",36,16,"SQ_LDS_BANK_CONFLICT",1280.000000
"48__2048_4_65536_2",36,16,"SQ_LDS_UNALIGNED_STALL",0.00000000e+00
"48__2048_4_65536_4",36,16,"SQ_LDS_BANK_CONFLICT",1280.000000
"48__2048_4_65536_4",36,16,"SQ_LDS_UNALIGNED_STALL",0.00000000e+00
"48__2048_4_65536_8",36,16,"SQ_LDS_BANK_CONFLICT",1280.000000
"48__2048_4_65536_8",36,16,"SQ_LDS_UNALIGNED_STALL",0.00000000e+00
"48__2048_4_65536_16",36,16,"SQ_LDS_BANK_CONFLICT",1280.000000
"48__2048_4_65536_16",36,16,"SQ_LDS_UNALIGNED_STALL",0.00000000e+00
"48__2048_8",36,16,"SQ_LDS_BANK_CONFLICT",1024.000000
"48__2048_8",36,16,"SQ_LDS_UNALIGNED_STALL",0.00000000e+00
"48__2048_8_32768_2",36,16,"SQ_LDS_BANK_CONFLICT",1024.000000
"48__2048_8_32768_2",36,16,"SQ_LDS_UNALIGNED_STALL",0.00000000e+00
"48__2048_8_32768_4",36,16,"SQ_LDS_BANK_CONFLICT",1024.000000
"48__2048_8_32768_4",36,16,"SQ_LDS_UNALIGNED_STALL",0.00000000e+00
"48__2048_8_32768_8",36,16,"SQ_LDS_BANK_CONFLICT",1024.000000
"48__2048_8_32768_8",36,16,"SQ_LDS_UNALIGNED_STALL",0.00000000e+00
"48__2048_8_32768_16",36,16,"SQ_LDS_BANK_CONFLICT",1024.000000
"48__2048_8_32768_16",36,16,"SQ_LDS_UNALIGNED_STALL",0.00000000e+00
"48__2048_16",36,16,"SQ_LDS_BANK_CONFLICT",896.000000
"48__2048_16",36,16,"SQ_LDS_UNALIGNED_STALL",0.00000000e+00
"48__2048_16_16384_2",36,16,"SQ_LDS_BANK_CONFLICT",896.000000
"48__2048_16_16384_2",36,16,"SQ_LDS_UNALIGNED_STALL",0.00000000e+00
"48__2048_16_16384_4",36,16,"SQ_LDS_BANK_CONFLICT",896.000000
"48__2048_16_16384_4",36,16,"SQ_LDS_UNALIGNED_STALL",0.00000000e+00
"48__2048_16_16384_8",36,16,"SQ_LDS_BANK_CONFLICT",896.000000
"48__2048_16_16384_8",36,16,"SQ_LDS_UNALIGNED_STALL",0.00000000e+00
"48__2048_16_16384_16",36,16,"SQ_LDS_BANK_CONFLICT",896.000000
"48__2048_16_16384_16",36,16,"SQ_LDS_UNALIGNED_STALL",0.00000000e+00
"49__256_2",36,16,"SQ_LDS_BANK_CONFLICT",0.00000000e+00
"49__256_2",36,16,"SQ_LDS_UNALIGNED_STALL",1920.000000
"49__256_2_16384_2",36,16,"SQ_LDS_BANK_CONFLICT",0.00000000e+00
"49__256_2_16384_2",36,16,"SQ_LDS_UNALIGNED_STALL",1920.000000
"49__256_2_16384_4",36,16,"SQ_LDS_BANK_CONFLICT",0.00000000e+00
"49__256_2_16384_4",36,16,"SQ_LDS_UNALIGNED_STALL",1920.000000
"49__256_2_16384_8",36,16,"SQ_LDS_BANK_CONFLICT",0.00000000e+00
"49__256_2_16384_8",36,16,"SQ_LDS_UNALIGNED_STALL",1920.000000
"49__256_2_16384_16",36,16,"SQ_LDS_BANK_CONFLICT",0.00000000e+00
"49__256_2_16384_16",36,16,"SQ_LDS_UNALIGNED_STALL",1920.000000
"49__256_4",36,16,"SQ_LDS_BANK_CONFLICT",128.000000
"49__256_4",36,16,"SQ_LDS_UNALIGNED_STALL",0.00000000e+00
"49__256_4_8192_2",36,16,"SQ_LDS_BANK_CONFLICT",128.000000
"49__256_4_8192_2",36,16,"SQ_LDS_UNALIGNED_STALL",0.00000000e+00
"49__256_4_8192_4",36,16,"SQ_LDS_BANK_CONFLICT",128.000000
"49__256_4_8192_4",36,16,"SQ_LDS_UNALIGNED_STALL",0.00000000e+00
"49__256_4_8192_8",36,16,"SQ_LDS_BANK_CONFLICT",128.000000
"49__256_4_8192_8",36,16,"SQ_LDS_UNALIGNED_STALL",0.00000000e+00
"49__256_4_8192_16",36,16,"SQ_LDS_BANK_CONFLICT",128.000000
"49__256_4_8192_16",36,16,"SQ_LDS_UNALIGNED_STALL",0.00000000e+00
"49__256_8",36,16,"SQ_LDS_BANK_CONFLICT",512.000000
"49__256_8",36,16,"SQ_LDS_UNALIGNED_STALL",0.00000000e+00
"49__256_8_4096_2",36,16,"SQ_LDS_BANK_CONFLICT",448.000000
"49__256_8_4096_2",36,16,"SQ_LDS_UNALIGNED_STALL",992.000000
"49__256_8_4096_4",36,16,"SQ_LDS_BANK_CONFLICT",512.000000
"49__256_8_4096_4",36,16,"SQ_LDS_UNALIGNED_STALL",0.00000000e+00
"49__256_8_4096_8",36,16,"SQ_LDS_BANK_CONFLICT",512.000000
"49__256_8_4096_8",36,16,"SQ_LDS_UNALIGNED_STALL",0.00000000e+00
"49__256_8_4096_16",36,16,"SQ_LDS_BANK_CONFLICT",256.000000
"49__256_8_4096_16",36,16,"SQ_LDS_UNALIGNED_STALL",0.00000000e+00
"49__256_16",36,16,"SQ_LDS_BANK_CONFLICT",768.000000
"49__256_16",36,16,"SQ_LDS_UNALIGNED_STALL",0.00000000e+00
"49__256_16_2048_2",44,16,"SQ_LDS_BANK_CONFLICT",384.000000
"49__256_16_2048_2",44,16,"SQ_LDS_UNALIGNED_STALL",1952.000000
"49__256_16_2048_4",44,16,"SQ_LDS_BANK_CONFLICT",480.000000
"49__256_16_2048_4",44,16,"SQ_LDS_UNALIGNED_STALL",0.00000000e+00
"49__256_16_2048_8",44,16,"SQ_LDS_BANK_CONFLICT",192.000000
"49__256_16_2048_8",44,16,"SQ_LDS_UNALIGNED_STALL",0.00000000e+00
"49__256_16_2048_16",44,16,"SQ_LDS_BANK_CONFLICT",224.000000
"49__256_16_2048_16",44,16,"SQ_LDS_UNALIGNED_STALL",0.00000000e+00
"49__128_2",36,16,"SQ_LDS_BANK_CONFLICT",128.000000
"49__128_2",36,16,"SQ_LDS_UNALIGNED_STALL",992.000000
"49__128_2_8192_2",36,16,"SQ_LDS_BANK_CONFLICT",128.000000
"49__128_2_8192_2",36,16,"SQ_LDS_UNALIGNED_STALL",992.000000
"49__128_2_8192_4",36,16,"SQ_LDS_BANK_CONFLICT",128.000000
"49__128_2_8192_4",36,16,"SQ_LDS_UNALIGNED_STALL",992.000000
"49__128_2_8192_8",36,16,"SQ_LDS_BANK_CONFLICT",128.000000
"49__128_2_8192_8",36,16,"SQ_LDS_UNALIGNED_STALL",992.000000
"49__128_2_8192_16",36,16,"SQ_LDS_BANK_CONFLICT",128.000000
"49__128_2_8192_16",36,16,"SQ_LDS_UNALIGNED_STALL",992.000000
"49__128_4",36,16,"SQ_LDS_BANK_CONFLICT",512.000000
"49__128_4",36,16,"SQ_LDS_UNALIGNED_STALL",0.00000000e+00
"49__128_4_4096_2",36,16,"SQ_LDS_BANK_CONFLICT",448.000000
"49__128_4_4096_2",36,16,"SQ_LDS_UNALIGNED_STALL",992.000000
"49__128_4_4096_4",36,16,"SQ_LDS_BANK_CONFLICT",512.000000
"49__128_4_4096_4",36,16,"SQ_LDS_UNALIGNED_STALL",0.00000000e+00
"49__128_4_4096_8",36,16,"SQ_LDS_BANK_CONFLICT",512.000000
"49__128_4_4096_8",36,16,"SQ_LDS_UNALIGNED_STALL",0.00000000e+00
"49__128_4_4096_16",36,16,"SQ_LDS_BANK_CONFLICT",256.000000
"49__128_4_4096_16",36,16,"SQ_LDS_UNALIGNED_STALL",0.00000000e+00
"49__128_8",36,16,"SQ_LDS_BANK_CONFLICT",768.000000
"49__128_8",36,16,"SQ_LDS_UNALIGNED_STALL",0.00000000e+00
"49__128_8_2048_2",44,16,"SQ_LDS_BANK_CONFLICT",384.000000
"49__128_8_2048_2",44,16,"SQ_LDS_UNALIGNED_STALL",1952.000000
"49__128_8_2048_4",44,16,"SQ_LDS_BANK_CONFLICT",480.000000
"49__128_8_2048_4",44,16,"SQ_LDS_UNALIGNED_STALL",0.00000000e+00
"49__128_8_2048_8",44,16,"SQ_LDS_BANK_CONFLICT",192.000000
"49__128_8_2048_8",44,16,"SQ_LDS_UNALIGNED_STALL",0.00000000e+00
"49__128_8_2048_16",44,16,"SQ_LDS_BANK_CONFLICT",224.000000
"49__128_8_2048_16",44,16,"SQ_LDS_UNALIGNED_STALL",0.00000000e+00
"49__128_16",36,16,"SQ_LDS_BANK_CONFLICT",1280.000000
"49__128_16",36,16,"SQ_LDS_UNALIGNED_STALL",0.00000000e+00
"49__128_16_1024_2",44,16,"SQ_LDS_BANK_CONFLICT",384.000000
"49__128_16_1024_2",44,16,"SQ_LDS_UNALIGNED_STALL",1952.000000
"49__128_16_1024_4",44,16,"SQ_LDS_BANK_CONFLICT",224.000000
"49__128_16_1024_4",44,16,"SQ_LDS_UNALIGNED_STALL",0.00000000e+00
"49__128_16_1024_8",44,16,"SQ_LDS_BANK_CONFLICT",64.000000
"49__128_16_1024_8",44,16,"SQ_LDS_UNALIGNED_STALL",0.00000000e+00
"49__128_16_1024_16",44,16,"SQ_LDS_BANK_CONFLICT",352.000000
"49__128_16_1024_16",44,16,"SQ_LDS_UNALIGNED_STALL",0.00000000e+00
"49__2048_2",36,16,"SQ_LDS_BANK_CONFLICT",384.000000
"49__2048_2",36,16,"SQ_LDS_UNALIGNED_STALL",1920.000000
"49__2048_2_131072_2",36,16,"SQ_LDS_BANK_CONFLICT",384.000000
"49__2048_2_131072_2",36,16,"SQ_LDS_UNALIGNED_STALL",1920.000000
"49__2048_2_131072_4",36,16,"SQ_LDS_BANK_CONFLICT",384.000000
"49__2048_2_131072_4",36,16,"SQ_LDS_UNALIGNED_STALL",1920.000000
"49__2048_2_131072_8",36,16,"SQ_LDS_BANK_CONFLICT",384.000000
"49__2048_2_131072_8",36,16,"SQ_LDS_UNALIGNED_STALL",1920.000000
"49__2048_2_131072_16",36,16,"SQ_LDS_BANK_CONFLICT",384.000000
"49__2048_2_131072_16",36,16,"SQ_LDS_UNALIGNED_STALL",1920.000000
"49__2048_4",36,16,"SQ_LDS_BANK_CONFLICT",1280.000000
"49__2048_4",36,16,"SQ_LDS_UNALIGNED_STALL",0.00000000e+00
"49__2048_4_65536_2",36,16,"SQ_LDS_BANK_CONFLICT",1280.000000
"49__2048_4_65536_2",36,16,"SQ_LDS_UNALIGNED_STALL",0.00000000e+00
"49__2048_4_65536_4",36,16,"SQ_LDS_BANK_CONFLICT",1280.000000
"49__2048_4_65536_4",36,16,"SQ_LDS_UNALIGNED_STALL",0.00000000e+00
"49__2048_4_65536_8",36,16,"SQ_LDS_BANK_CONFLICT",1280.000000
"49__2048_4_65536_8",36,16,"SQ_LDS_UNALIGNED_STALL",0.00000000e+00
"49__2048_4_65536_16",36,16,"SQ_LDS_BANK_CONFLICT",1280.000000
"49__2048_4_65536_16",36,16,"SQ_LDS_UNALIGNED_STALL",0.00000000e+00
"49__2048_8",36,16,"SQ_LDS_BANK_CONFLICT",1024.000000
"49__2048_8",36,16,"SQ_LDS_UNALIGNED_STALL",0.00000000e+00
"49__2048_8_32768_2",36,16,"SQ_LDS_BANK_CONFLICT",1024.000000
"49__2048_8_32768_2",36,16,"SQ_LDS_UNALIGNED_STALL",0.00000000e+00
"49__2048_8_32768_4",36,16,"SQ_LDS_BANK_CONFLICT",1024.000000
"49__2048_8_32768_4",36,16,"SQ_LDS_UNALIGNED_STALL",0.00000000e+00
"49__2048_8_32768_8",36,16,"SQ_LDS_BANK_CONFLICT",1024.000000
"49__2048_8_32768_8",36,16,"SQ_LDS_UNALIGNED_STALL",0.00000000e+00
"49__2048_8_32768_16",36,16,"SQ_LDS_BANK_CONFLICT",1024.000000
"49__2048_8_32768_16",36,16,"SQ_LDS_UNALIGNED_STALL",0.00000000e+00
"49__2048_16",36,16,"SQ_LDS_BANK_CONFLICT",896.000000
"49__2048_16",36,16,"SQ_LDS_UNALIGNED_STALL",0.00000000e+00
"49__2048_16_16384_2",36,16,"SQ_LDS_BANK_CONFLICT",896.000000
"49__2048_16_16384_2",36,16,"SQ_LDS_UNALIGNED_STALL",0.00000000e+00
"49__2048_16_16384_4",36,16,"SQ_LDS_BANK_CONFLICT",896.000000
"49__2048_16_16384_4",36,16,"SQ_LDS_UNALIGNED_STALL",0.00000000e+00
"49__2048_16_16384_8",36,16,"SQ_LDS_BANK_CONFLICT",896.000000
"49__2048_16_16384_8",36,16,"SQ_LDS_UNALIGNED_STALL",0.00000000e+00
"49__2048_16_16384_16",36,16,"SQ_LDS_BANK_CONFLICT",896.000000
"49__2048_16_16384_16",36,16,"SQ_LDS_UNALIGNED_STALL",0.00000000e+00
"50__256_2",40,16,"SQ_LDS_BANK_CONFLICT",0.00000000e+00
"50__256_2",40,16,"SQ_LDS_UNALIGNED_STALL",2880.000000
"50__256_2_16384_2",40,16,"SQ_LDS_BANK_CONFLICT",0.00000000e+00
"50__256_2_16384_2",40,16,"SQ_LDS_UNALIGNED_STALL",2880.000000
"50__256_2_16384_4",40,16,"SQ_LDS_BANK_CONFLICT",0.00000000e+00
"50__256_2_16384_4",40,16,"SQ_LDS_UNALIGNED_STALL",2880.000000
"50__256_2_16384_8",40,16,"SQ_LDS_BANK_CONFLICT",0.00000000e+00
"50__256_2_16384_8",40,16,"SQ_LDS_UNALIGNED_STALL",2880.000000
"50__256_2_16384_16",40,16,"SQ_LDS_BANK_CONFLICT",0.00000000e+00
"50__256_2_16384_16",40,16,"SQ_LDS_UNALIGNED_STALL",2880.000000
"50__256_4",40,16,"SQ_LDS_BANK_CONFLICT",128.000000
"50__256_4",40,16,"SQ_LDS_UNALIGNED_STALL",0.00000000e+00
"50__256_4_8192_2",40,16,"SQ_LDS_BANK_CONFLICT",128.000000
"50__256_4_8192_2",40,16,"SQ_LDS_UNALIGNED_STALL",0.00000000e+00
"50__256_4_8192_4",40,16,"SQ_LDS_BANK_CONFLICT",128.000000
"50__256_4_8192_4",40,16,"SQ_LDS_UNALIGNED_STALL",0.00000000e+00
"50__256_4_8192_8",40,16,"SQ_LDS_BANK_CONFLICT",128.000000
"50__256_4_8192_8",40,16,"SQ_LDS_UNALIGNED_STALL",0.00000000e+00
"50__256_4_8192_16",40,16,"SQ_LDS_BANK_CONFLICT",128.000000
"50__256_4_8192_16",40,16,"SQ_LDS_UNALIGNED_STALL",0.00000000e+00
"50__256_8",40,16,"SQ_LDS_BANK_CONFLICT",512.000000
"50__256_8",40,16,"SQ_LDS_UNALIGNED_STALL",0.00000000e+00
"50__256_8_4096_2",40,16,"SQ_LDS_BANK_CONFLICT",64.000000
"50__256_8_4096_2",40,16,"SQ_LDS_UNALIGNED_STALL",2880.000000
"50__256_8_4096_4",40,16,"SQ_LDS_BANK_CONFLICT",512.000000
"50__256_8_4096_4",40,16,"SQ_LDS_UNALIGNED_STALL",0.00000000e+00
"50__256_8_4096_8",40,16,"SQ_LDS_BANK_CONFLICT",512.000000
"50__256_8_4096_8",40,16,"SQ_LDS_UNALIGNED_STALL",0.00000000e+00
"50__256_8_4096_16",40,16,"SQ_LDS_BANK_CONFLICT",256.000000
"50__256_8_4096_16",40,16,"SQ_LDS_UNALIGNED_STALL",0.00000000e+00
"50__256_16",36,16,"SQ_LDS_BANK_CONFLICT",768.000000
"50__256_16",36,16,"SQ_LDS_UNALIGNED_STALL",0.00000000e+00
"50__256_16_2048_2",32,16,"SQ_LDS_BANK_CONFLICT",0.00000000e+00
"50__256_16_2048_2",32,16,"SQ_LDS_UNALIGNED_STALL",3840.000000
"50__256_16_2048_4",32,16,"SQ_LDS_BANK_CONFLICT",512.000000
"50__256_16_2048_4",32,16,"SQ_LDS_UNALIGNED_STALL",0.00000000e+00
"50__256_16_2048_8",32,16,"SQ_LDS_BANK_CONFLICT",256.000000
"50__256_16_2048_8",32,16,"SQ_LDS_UNALIGNED_STALL",0.00000000e+00
"50__256_16_2048_16",32,16,"SQ_LDS_BANK_CONFLICT",384.000000
"50__256_16_2048_16",32,16,"SQ_LDS_UNALIGNED_STALL",0.00000000e+00
"50__128_2",40,16,"SQ_LDS_BANK_CONFLICT",64.000000
"50__128_2",40,16,"SQ_LDS_UNALIGNED_STALL",1952.000000
"50__128_2_8192_2",40,16,"SQ_LDS_BANK_CONFLICT",64.000000
"50__128_2_8192_2",40,16,"SQ_LDS_UNALIGNED_STALL",1952.000000
"50__128_2_8192_4",40,16,"SQ_LDS_BANK_CONFLICT",64.000000
"50__128_2_8192_4",40,16,"SQ_LDS_UNALIGNED_STALL",1952.000000
"50__128_2_8192_8",40,16,"SQ_LDS_BANK_CONFLICT",64.000000
"50__128_2_8192_8",40,16,"SQ_LDS_UNALIGNED_STALL",1952.000000
"50__128_2_8192_16",40,16,"SQ_LDS_BANK_CONFLICT",64.000000
"50__128_2_8192_16",40,16,"SQ_LDS_UNALIGNED_STALL",1952.000000
"50__128_4",40,16,"SQ_LDS_BANK_CONFLICT",512.000000
"50__128_4",40,16,"SQ_LDS_UNALIGNED_STALL",0.00000000e+00
"50__128_4_4096_2",40,16,"SQ_LDS_BANK_CONFLICT",64.000000
"50__128_4_4096_2",40,16,"SQ_LDS_UNALIGNED_STALL",2880.000000
"50__128_4_4096_4",40,16,"SQ_LDS_BANK_CONFLICT",512.000000
"50__128_4_4096_4",40,16,"SQ_LDS_UNALIGNED_STALL",0.00000000e+00
"50__128_4_4096_8",40,16,"SQ_LDS_BANK_CONFLICT",512.000000
"50__128_4_4096_8",40,16,"SQ_LDS_UNALIGNED_STALL",0.00000000e+00
"50__128_4_4096_16",40,16,"SQ_LDS_BANK_CONFLICT",256.000000
"50__128_4_4096_16",40,16,"SQ_LDS_UNALIGNED_STALL",0.00000000e+00
"50__128_8",36,16,"SQ_LDS_BANK_CONFLICT",768.000000
"50__128_8",36,16,"SQ_LDS_UNALIGNED_STALL",0.00000000e+00
"50__128_8_2048_2",32,16,"SQ_LDS_BANK_CONFLICT",0.00000000e+00
"50__128_8_2048_2",32,16,"SQ_LDS_UNALIGNED_STALL",3840.000000
"50__128_8_2048_4",32,16,"SQ_LDS_BANK_CONFLICT",512.000000
"50__128_8_2048_4",32,16,"SQ_LDS_UNALIGNED_STALL",0.00000000e+00
"50__128_8_2048_8",32,16,"SQ_LDS_BANK_CONFLICT",256.000000
"50__128_8_2048_8",32,16,"SQ_LDS_UNALIGNED_STALL",0.00000000e+00
"50__128_8_2048_16",32,16,"SQ_LDS_BANK_CONFLICT",384.000000
"50__128_8_2048_16",32,16,"SQ_LDS_UNALIGNED_STALL",0.00000000e+00
"50__128_16",36,16,"SQ_LDS_BANK_CONFLICT",1280.000000
"50__128_16",36,16,"SQ_LDS_UNALIGNED_STALL",0.00000000e+00
"50__128_16_1024_2",32,16,"SQ_LDS_BANK_CONFLICT",192.000000
"50__128_16_1024_2",32,16,"SQ_LDS_UNALIGNED_STALL",2880.000000
"50__128_16_1024_4",32,16,"SQ_LDS_BANK_CONFLICT",256.000000
"50__128_16_1024_4",32,16,"SQ_LDS_UNALIGNED_STALL",0.00000000e+00
"50__128_16_1024_8",32,16,"SQ_LDS_BANK_CONFLICT",128.000000
"50__128_16_1024_8",32,16,"SQ_LDS_UNALIGNED_STALL",0.00000000e+00
"50__128_16_1024_16",32,16,"SQ_LDS_BANK_CONFLICT",512.000000
"50__128_16_1024_16",32,16,"SQ_LDS_UNALIGNED_STALL",0.00000000e+00
"50__2048_2",40,16,"SQ_LDS_BANK_CONFLICT",0.00000000e+00
"50__2048_2",40,16,"SQ_LDS_UNALIGNED_STALL",3840.000000
"50__2048_2_131072_2",40,16,"SQ_LDS_BANK_CONFLICT",0.00000000e+00
"50__2048_2_131072_2",40,16,"SQ_LDS_UNALIGNED_STALL",3840.000000
"50__2048_2_131072_4",40,16,"SQ_LDS_BANK_CONFLICT",0.00000000e+00
"50__2048_2_131072_4",40,16,"SQ_LDS_UNALIGNED_STALL",3840.000000
"50__2048_2_131072_8",40,16,"SQ_LDS_BANK_CONFLICT",0.00000000e+00
"50__2048_2_131072_8",40,16,"SQ_LDS_UNALIGNED_STALL",3840.000000
"50__2048_2_131072_16",40,16,"SQ_LDS_BANK_CONFLICT",0.00000000e+00
"50__2048_2_131072_16",40,16,"SQ_LDS_UNALIGNED_STALL",3840.000000
"50__2048_4",40,16,"SQ_LDS_BANK_CONFLICT",1280.000000
"50__2048_4",40,16,"SQ_LDS_UNALIGNED_STALL",0.00000000e+00
"50__2048_4_65536_2",40,16,"SQ_LDS_BANK_CONFLICT",1280.000000
"50__2048_4_65536_2",40,16,"SQ_LDS_UNALIGNED_STALL",0.00000000e+00
"50__2048_4_65536_4",40,16,"SQ_LDS_BANK_CONFLICT",1280.000000
"50__2048_4_65536_4",40,16,"SQ_LDS_UNALIGNED_STALL",0.00000000e+00
"50__2048_4_65536_8",40,16,"SQ_LDS_BANK_CONFLICT",1280.000000
"50__2048_4_65536_8",40,16,"SQ_LDS_UNALIGNED_STALL",0.00000000e+00
"50__2048_4_65536_16",40,16,"SQ_LDS_BANK_CONFLICT",1280.000000
"50__2048_4_65536_16",40,16,"SQ_LDS_UNALIGNED_STALL",0.00000000e+00
"50__2048_8",40,16,"SQ_LDS_BANK_CONFLICT",1024.000000
"50__2048_8",40,16,"SQ_LDS_UNALIGNED_STALL",0.00000000e+00
"50__2048_8_32768_2",40,16,"SQ_LDS_BANK_CONFLICT",1024.000000
"50__2048_8_32768_2",40,16,"SQ_LDS_UNALIGNED_STALL",0.00000000e+00
"50__2048_8_32768_4",40,16,"SQ_LDS_BANK_CONFLICT",1024.000000
"50__2048_8_32768_4",40,16,"SQ_LDS_UNALIGNED_STALL",0.00000000e+00
"50__2048_8_32768_8",40,16,"SQ_LDS_BANK_CONFLICT",1024.000000
"50__2048_8_32768_8",40,16,"SQ_LDS_UNALIGNED_STALL",0.00000000e+00
"50__2048_8_32768_16",40,16,"SQ_LDS_BANK_CONFLICT",1024.000000
"50__2048_8_32768_16",40,16,"SQ_LDS_UNALIGNED_STALL",0.00000000e+00
"50__2048_16",40,16,"SQ_LDS_BANK_CONFLICT",896.000000
"50__2048_16",40,16,"SQ_LDS_UNALIGNED_STALL",0.00000000e+00
"50__2048_16_16384_2",40,16,"SQ_LDS_BANK_CONFLICT",896.000000
"50__2048_16_16384_2",40,16,"SQ_LDS_UNALIGNED_STALL",0.00000000e+00
"50__2048_16_16384_4",40,16,"SQ_LDS_BANK_CONFLICT",896.000000
"50__2048_16_16384_4",40,16,"SQ_LDS_UNALIGNED_STALL",0.00000000e+00
"50__2048_16_16384_8",40,16,"SQ_LDS_BANK_CONFLICT",896.000000
"50__2048_16_16384_8",40,16,"SQ_LDS_UNALIGNED_STALL",0.00000000e+00
"50__2048_16_16384_16",40,16,"SQ_LDS_BANK_CONFLICT",896.000000
"50__2048_16_16384_16",40,16,"SQ_LDS_UNALIGNED_STALL",0.00000000e+00
"51__256_2",40,16,"SQ_LDS_BANK_CONFLICT",0.00000000e+00
"51__256_2",40,16,"SQ_LDS_UNALIGNED_STALL",2880.000000
"51__256_2_16384_2",40,16,"SQ_LDS_BANK_CONFLICT",0.00000000e+00
"51__256_2_16384_2",40,16,"SQ_LDS_UNALIGNED_STALL",2880.000000
"51__256_2_16384_4",40,16,"SQ_LDS_BANK_CONFLICT",0.00000000e+00
"51__256_2_16384_4",40,16,"SQ_LDS_UNALIGNED_STALL",2880.000000
"51__256_2_16384_8",40,16,"SQ_LDS_BANK_CONFLICT",0.00000000e+00
"51__256_2_16384_8",40,16,"SQ_LDS_UNALIGNED_STALL",2880.000000
"51__256_2_16384_16",40,16,"SQ_LDS_BANK_CONFLICT",0.00000000e+00
"51__256_2_16384_16",40,16,"SQ_LDS_UNALIGNED_STALL",2880.000000
"51__256_4",40,16,"SQ_LDS_BANK_CONFLICT",128.000000
"51__256_4",40,16,"SQ_LDS_UNALIGNED_STALL",0.00000000e+00
"51__256_4_8192_2",40,16,"SQ_LDS_BANK_CONFLICT",128.000000
"51__256_4_8192_2",40,16,"SQ_LDS_UNALIGNED_STALL",0.00000000e+00
"51__256_4_8192_4",40,16,"SQ_LDS_BANK_CONFLICT",128.000000
"51__256_4_8192_4",40,16,"SQ_LDS_UNALIGNED_STALL",0.00000000e+00
"51__256_4_8192_8",40,16,"SQ_LDS_BANK_CONFLICT",128.000000
"51__256_4_8192_8",40,16,"SQ_LDS_UNALIGNED_STALL",0.00000000e+00
"51__256_4_8192_16",40,16,"SQ_LDS_BANK_CONFLICT",128.000000
"51__256_4_8192_16",40,16,"SQ_LDS_UNALIGNED_STALL",0.00000000e+00
"51__256_8",40,16,"SQ_LDS_BANK_CONFLICT",512.000000
"51__256_8",40,16,"SQ_LDS_UNALIGNED_STALL",0.00000000e+00
"51__256_8_4096_2",40,16,"SQ_LDS_BANK_CONFLICT",64.000000
"51__256_8_4096_2",40,16,"SQ_LDS_UNALIGNED_STALL",2912.000000
"51__256_8_4096_4",40,16,"SQ_LDS_BANK_CONFLICT",512.000000
"51__256_8_4096_4",40,16,"SQ_LDS_UNALIGNED_STALL",0.00000000e+00
"51__256_8_4096_8",40,16,"SQ_LDS_BANK_CONFLICT",512.000000
"51__256_8_4096_8",40,16,"SQ_LDS_UNALIGNED_STALL",0.00000000e+00
"51__256_8_4096_16",40,16,"SQ_LDS_BANK_CONFLICT",256.000000
"51__256_8_4096_16",40,16,"SQ_LDS_UNALIGNED_STALL",0.00000000e+00
"51__256_16",40,16,"SQ_LDS_BANK_CONFLICT",768.000000
"51__256_16",40,16,"SQ_LDS_UNALIGNED_STALL",0.00000000e+00
"51__256_16_2048_2",44,16,"SQ_LDS_BANK_CONFLICT",0.00000000e+00
"51__256_16_2048_2",44,16,"SQ_LDS_UNALIGNED_STALL",3872.000000
"51__256_16_2048_4",44,16,"SQ_LDS_BANK_CONFLICT",480.000000
"51__256_16_2048_4",44,16,"SQ_LDS_UNALIGNED_STALL",0.00000000e+00
"51__256_16_2048_8",44,16,"SQ_LDS_BANK_CONFLICT",192.000000
"51__256_16_2048_8",44,16,"SQ_LDS_UNALIGNED_STALL",0.00000000e+00
"51__256_16_2048_16",44,16,"SQ_LDS_BANK_CONFLICT",224.000000
"51__256_16_2048_16",44,16,"SQ_LDS_UNALIGNED_STALL",0.00000000e+00
"51__128_2",40,16,"SQ_LDS_BANK_CONFLICT",64.000000
"51__128_2",40,16,"SQ_LDS_UNALIGNED_STALL",1952.000000
"51__128_2_8192_2",40,16,"SQ_LDS_BANK_CONFLICT",64.000000
"51__128_2_8192_2",40,16,"SQ_LDS_UNALIGNED_STALL",1952.000000
"51__128_2_8192_4",40,16,"SQ_LDS_BANK_CONFLICT",64.000000
"51__128_2_8192_4",40,16,"SQ_LDS_UNALIGNED_STALL",1952.000000
"51__128_2_8192_8",40,16,"SQ_LDS_BANK_CONFLICT",64.000000
"51__128_2_8192_8",40,16,"SQ_LDS_UNALIGNED_STALL",1952.000000
"51__128_2_8192_16",40,16,"SQ_LDS_BANK_CONFLICT",64.000000
"51__128_2_8192_16",40,16,"SQ_LDS_UNALIGNED_STALL",1952.000000
"51__128_4",40,16,"SQ_LDS_BANK_CONFLICT",512.000000
"51__128_4",40,16,"SQ_LDS_UNALIGNED_STALL",0.00000000e+00
"51__128_4_4096_2",40,16,"SQ_LDS_BANK_CONFLICT",64.000000
"51__128_4_4096_2",40,16,"SQ_LDS_UNALIGNED_STALL",2912.000000
"51__128_4_4096_4",40,16,"SQ_LDS_BANK_CONFLICT",512.000000
"51__128_4_4096_4",40,16,"SQ_LDS_UNALIGNED_STALL",0.00000000e+00
"51__128_4_4096_8",40,16,"SQ_LDS_BANK_CONFLICT",512.000000
"51__128_4_4096_8",40,16,"SQ_LDS_UNALIGNED_STALL",0.00000000e+00
"51__128_4_4096_16",40,16,"SQ_LDS_BANK_CONFLICT",256.000000
"51__128_4_4096_16",40,16,"SQ_LDS_UNALIGNED_STALL",0.00000000e+00
"51__128_8",40,16,"SQ_LDS_BANK_CONFLICT",768.000000
"51__128_8",40,16,"SQ_LDS_UNALIGNED_STALL",0.00000000e+00
"51__128_8_2048_2",44,16,"SQ_LDS_BANK_CONFLICT",0.00000000e+00
"51__128_8_2048_2",44,16,"SQ_LDS_UNALIGNED_STALL",3872.000000
"51__128_8_2048_4",44,16,"SQ_LDS_BANK_CONFLICT",480.000000
"51__128_8_2048_4",44,16,"SQ_LDS_UNALIGNED_STALL",0.00000000e+00
"51__128_8_2048_8",44,16,"SQ_LDS_BANK_CONFLICT",192.000000
"51__128_8_2048_8",44,16,"SQ_LDS_UNALIGNED_STALL",0.00000000e+00
"51__128_8_2048_16",44,16,"SQ_LDS_BANK_CONFLICT",224.000000
"51__128_8_2048_16",44,16,"SQ_LDS_UNALIGNED_STALL",0.00000000e+00
"51__128_16",40,16,"SQ_LDS_BANK_CONFLICT",1280.000000
"51__128_16",40,16,"SQ_LDS_UNALIGNED_STALL",0.00000000e+00
"51__128_16_1024_2",44,16,"SQ_LDS_BANK_CONFLICT",192.000000
"51__128_16_1024_2",44,16,"SQ_LDS_UNALIGNED_STALL",2912.000000
"51__128_16_1024_4",44,16,"SQ_LDS_BANK_CONFLICT",224.000000
"51__128_16_1024_4",44,16,"SQ_LDS_UNALIGNED_STALL",0.00000000e+00
"51__128_16_1024_8",44,16,"SQ_LDS_BANK_CONFLICT",64.000000
"51__128_16_1024_8",44,16,"SQ_LDS_UNALIGNED_STALL",0.00000000e+00
"51__128_16_1024_16",44,16,"SQ_LDS_BANK_CONFLICT",352.000000
"51__128_16_1024_16",44,16,"SQ_LDS_UNALIGNED_STALL",0.00000000e+00
"51__2048_2",40,16,"SQ_LDS_BANK_CONFLICT",0.00000000e+00
"51__2048_2",40,16,"SQ_LDS_UNALIGNED_STALL",3840.000000
"51__2048_2_131072_2",40,16,"SQ_LDS_BANK_CONFLICT",0.00000000e+00
"51__2048_2_131072_2",40,16,"SQ_LDS_UNALIGNED_STALL",3840.000000
"51__2048_2_131072_4",40,16,"SQ_LDS_BANK_CONFLICT",0.00000000e+00
"51__2048_2_131072_4",40,16,"SQ_LDS_UNALIGNED_STALL",3840.000000
"51__2048_2_131072_8",40,16,"SQ_LDS_BANK_CONFLICT",0.00000000e+00
"51__2048_2_131072_8",40,16,"SQ_LDS_UNALIGNED_STALL",3840.000000
"51__2048_2_131072_16",40,16,"SQ_LDS_BANK_CONFLICT",0.00000000e+00
"51__2048_2_131072_16",40,16,"SQ_LDS_UNALIGNED_STALL",3840.000000
"51__2048_4",40,16,"SQ_LDS_BANK_CONFLICT",1280.000000
"51__2048_4",40,16,"SQ_LDS_UNALIGNED_STALL",0.00000000e+00
"51__2048_4_65536_2",40,16,"SQ_LDS_BANK_CONFLICT",1280.000000
"51__2048_4_65536_2",40,16,"SQ_LDS_UNALIGNED_STALL",0.00000000e+00
"51__2048_4_65536_4",40,16,"SQ_LDS_BANK_CONFLICT",1280.000000
"51__2048_4_65536_4",40,16,"SQ_LDS_UNALIGNED_STALL",0.00000000e+00
"51__2048_4_65536_8",40,16,"SQ_LDS_BANK_CONFLICT",1280.000000
"51__2048_4_65536_8",40,16,"SQ_LDS_UNALIGNED_STALL",0.00000000e+00
"51__2048_4_65536_16",40,16,"SQ_LDS_BANK_CONFLICT",1280.000000
"51__2048_4_65536_16",40,16,"SQ_LDS_UNALIGNED_STALL",0.00000000e+00
"51__2048_8",40,16,"SQ_LDS_BANK_CONFLICT",1024.000000
"51__2048_8",40,16,"SQ_LDS_UNALIGNED_STALL",0.00000000e+00
"51__2048_8_32768_2",40,16,"SQ_LDS_BANK_CONFLICT",1024.000000
"51__2048_8_32768_2",40,16,"SQ_LDS_UNALIGNED_STALL",0.00000000e+00
"51__2048_8_32768_4",40,16,"SQ_LDS_BANK_CONFLICT",1024.000000
"51__2048_8_32768_4",40,16,"SQ_LDS_UNALIGNED_STALL",0.00000000e+00
"51__2048_8_32768_8",40,16,"SQ_LDS_BANK_CONFLICT",1024.000000
"51__2048_8_32768_8",40,16,"SQ_LDS_UNALIGNED_STALL",0.00000000e+00
"51__2048_8_32768_16",40,16,"SQ_LDS_BANK_CONFLICT",1024.000000
"51__2048_8_32768_16",40,16,"SQ_LDS_UNALIGNED_STALL",0.00000000e+00
"51__2048_16",40,16,"SQ_LDS_BANK_CONFLICT",896.000000
"51__2048_16",40,16,"SQ_LDS_UNALIGNED_STALL",0.00000000e+00
"51__2048_16_16384_2",40,16,"SQ_LDS_BANK_CONFLICT",896.000000
"51__2048_16_16384_2",40,16,"SQ_LDS_UNALIGNED_STALL",0.00000000e+00
"51__2048_16_16384_4",40,16,"SQ_LDS_BANK_CONFLICT",896.000000
"51__2048_16_16384_4",40,16,"SQ_LDS_UNALIGNED_STALL",0.00000000e+00
"51__2048_16_16384_8",40,16,"SQ_LDS_BANK_CONFLICT",896.000000
"51__2048_16_16384_8",40,16,"SQ_LDS_UNALIGNED_STALL",0.00000000e+00
"51__2048_16_16384_16",40,16,"SQ_LDS_BANK_CONFLICT",896.000000
"51__2048_16_16384_16",40,16,"SQ_LDS_UNALIGNED_STALL",0.00000000e+00
"52__256_2",32,16,"SQ_LDS_BANK_CONFLICT",0.00000000e+00
"52__256_2",32,16,"SQ_LDS_UNALIGNED_STALL",2592.000000
"52__256_2_16384_2",32,16,"SQ_LDS_BANK_CONFLICT",0.00000000e+00
"52__256_2_16384_2",32,16,"SQ_LDS_UNALIGNED_STALL",2592.000000
"52__256_2_16384_4",32,16,"SQ_LDS_BANK_CONFLICT",0.00000000e+00
"52__256_2_16384_4",32,16,"SQ_LDS_UNALIGNED_STALL",2592.000000
"52__256_2_16384_8",32,16,"SQ_LDS_BANK_CONFLICT",0.00000000e+00
"52__256_2_16384_8",32,16,"SQ_LDS_UNALIGNED_STALL",2592.000000
"52__256_2_16384_16",32,16,"SQ_LDS_BANK_CONFLICT",0.00000000e+00
"52__256_2_16384_16",32,16,"SQ_LDS_UNALIGNED_STALL",2592.000000
"52__256_4",32,16,"SQ_LDS_BANK_CONFLICT",64.000000
"52__256_4",32,16,"SQ_LDS_UNALIGNED_STALL",448.000000
"52__256_4_8192_2",32,16,"SQ_LDS_BANK_CONFLICT",64.000000
"52__256_4_8192_2",32,16,"SQ_LDS_UNALIGNED_STALL",448.000000
"52__256_4_8192_4",32,16,"SQ_LDS_BANK_CONFLICT",64.000000
"52__256_4_8192_4",32,16,"SQ_LDS_UNALIGNED_STALL",448.000000
"52__256_4_8192_8",32,16,"SQ_LDS_BANK_CONFLICT",64.000000
"52__256_4_8192_8",32,16,"SQ_LDS_UNALIGNED_STALL",448.000000
"52__256_4_8192_16",32,16,"SQ_LDS_BANK_CONFLICT",64.000000
"52__256_4_8192_16",32,16,"SQ_LDS_UNALIGNED_STALL",448.000000
"52__256_8",32,16,"SQ_LDS_BANK_CONFLICT",512.000000
"52__256_8",32,16,"SQ_LDS_UNALIGNED_STALL",0.00000000e+00
"52__256_8_4096_2",32,16,"SQ_LDS_BANK_CONFLICT",64.000000
"52__256_8_4096_2",32,16,"SQ_LDS_UNALIGNED_STALL",1856.000000
"52__256_8_4096_4",32,16,"SQ_LDS_BANK_CONFLICT",128.000000
"52__256_8_4096_4",32,16,"SQ_LDS_UNALIGNED_STALL",896.000000
"52__256_8_4096_8",32,16,"SQ_LDS_BANK_CONFLICT",512.000000
"52__256_8_4096_8",32,16,"SQ_LDS_UNALIGNED_STALL",0.00000000e+00
"52__256_8_4096_16",32,16,"SQ_LDS_BANK_CONFLICT",256.000000
"52__256_8_4096_16",32,16,"SQ_LDS_UNALIGNED_STALL",0.00000000e+00
"52__256_16",32,16,"SQ_LDS_BANK_CONFLICT",768.000000
"52__256_16",32,16,"SQ_LDS_UNALIGNED_STALL",0.00000000e+00
"52__256_16_2048_2",32,16,"SQ_LDS_BANK_CONFLICT",0.00000000e+00
"52__256_16_2048_2",32,16,"SQ_LDS_UNALIGNED_STALL",2816.000000
"52__256_16_2048_4",32,16,"SQ_LDS_BANK_CONFLICT",128.000000
"52__256_16_2048_4",32,16,"SQ_LDS_UNALIGNED_STALL",896.000000
"52__256_16_2048_8",32,16,"SQ_LDS_BANK_CONFLICT",256.000000
"52__256_16_2048_8",32,16,"SQ_LDS_UNALIGNED_STALL",0.00000000e+00
"52__256_16_2048_16",32,16,"SQ_LDS_BANK_CONFLICT",384.000000
"52__256_16_2048_16",32,16,"SQ_LDS_UNALIGNED_STALL",0.00000000e+00
"52__128_2",32,16,"SQ_LDS_BANK_CONFLICT",32.000000
"52__128_2",32,16,"SQ_LDS_UNALIGNED_STALL",1664.000000
"52__128_2_8192_2",32,16,"SQ_LDS_BANK_CONFLICT",32.000000
"52__128_2_8192_2",32,16,"SQ_LDS_UNALIGNED_STALL",1664.000000
"52__128_2_8192_4",32,16,"SQ_LDS_BANK_CONFLICT",32.000000
"52__128_2_8192_4",32,16,"SQ_LDS_UNALIGNED_STALL",1664.000000
"52__128_2_8192_8",32,16,"SQ_LDS_BANK_CONFLICT",32.000000
"52__128_2_8192_8",32,16,"SQ_LDS_UNALIGNED_STALL",1664.000000
"52__128_2_8192_16",32,16,"SQ_LDS_BANK_CONFLICT",32.000000
"52__128_2_8192_16",32,16,"SQ_LDS_UNALIGNED_STALL",1664.000000
"52__128_4",32,16,"SQ_LDS_BANK_CONFLICT",320.000000
"52__128_4",32,16,"SQ_LDS_UNALIGNED_STALL",448.000000
"52__128_4_4096_2",32,16,"SQ_LDS_BANK_CONFLICT",64.000000
"52__128_4_4096_2",32,16,"SQ_LDS_UNALIGNED_STALL",1856.000000
"52__128_4_4096_4",32,16,"SQ_LDS_BANK_CONFLICT",128.000000
"52__128_4_4096_4",32,16,"SQ_LDS_UNALIGNED_STALL",896.000000
"52__128_4_4096_8",32,16,"SQ_LDS_BANK_CONFLICT",320.000000
"52__128_4_4096_8",32,16,"SQ_LDS_UNALIGNED_STALL",448.000000
"52__128_4_4096_16",32,16,"SQ_LDS_BANK_CONFLICT",192.000000
"52__128_4_4096_16",32,16,"SQ_LDS_UNALIGNED_STALL",448.000000
"52__128_8",32,16,"SQ_LDS_BANK_CONFLICT",768.000000
"52__128_8",32,16,"SQ_LDS_UNALIGNED_STALL",0.00000000e+00
"52__128_8_2048_2",32,16,"SQ_LDS_BANK_CONFLICT",0.00000000e+00
"52__128_8_2048_2",32,16,"SQ_LDS_UNALIGNED_STALL",2816.000000
"52__128_8_2048_4",32,16,"SQ_LDS_BANK_CONFLICT",128.000000
"52__128_8_2048_4",32,16,"SQ_LDS_UNALIGNED_STALL",896.000000
"52__128_8_2048_8",32,16,"SQ_LDS_BANK_CONFLICT",256.000000
"52__128_8_2048_8",32,16,"SQ_LDS_UNALIGNED_STALL",0.00000000e+00
"52__128_8_2048_16",32,16,"SQ_LDS_BANK_CONFLICT",384.000000
"52__128_8_2048_16",32,16,"SQ_LDS_UNALIGNED_STALL",0.00000000e+00
"52__128_16",32,16,"SQ_LDS_BANK_CONFLICT",1280.000000
"52__128_16",32,16,"SQ_LDS_UNALIGNED_STALL",0.00000000e+00
"52__128_16_1024_2",32,16,"SQ_LDS_BANK_CONFLICT",0.00000000e+00
"52__128_16_1024_2",32,16,"SQ_LDS_UNALIGNED_STALL",2816.000000
"52__128_16_1024_4",32,16,"SQ_LDS_BANK_CONFLICT",192.000000
"52__128_16_1024_4",32,16,"SQ_LDS_UNALIGNED_STALL",448.000000
"52__128_16_1024_8",32,16,"SQ_LDS_BANK_CONFLICT",128.000000
"52__128_16_1024_8",32,16,"SQ_LDS_UNALIGNED_STALL",0.00000000e+00
"52__128_16_1024_16",32,16,"SQ_LDS_BANK_CONFLICT",512.000000
"52__128_16_1024_16",32,16,"SQ_LDS_UNALIGNED_STALL",0.00000000e+00
"52__2048_2",32,16,"SQ_LDS_BANK_CONFLICT",0.00000000e+00
"52__2048_2",32,16,"SQ_LDS_UNALIGNED_STALL",2816.000000
"52__2048_2_131072_2",32,16,"SQ_LDS_BANK_CONFLICT",0.00000000e+00
"52__2048_2_131072_2",32,16,"SQ_LDS_UNALIGNED_STALL",2816.000000
"52__2048_2_131072_4",32,16,"SQ_LDS_BANK_CONFLICT",0.00000000e+00
"52__2048_2_131072_4",32,16,"SQ_LDS_UNALIGNED_STALL",2816.000000
"52__2048_2_131072_8",32,16,"SQ_LDS_BANK_CONFLICT",0.00000000e+00
"52__2048_2_131072_8",32,16,"SQ_LDS_UNALIGNED_STALL",2816.000000
"52__2048_2_131072_16",32,16,"SQ_LDS_BANK_CONFLICT",0.00000000e+00
"52__2048_2_131072_16",32,16,"SQ_LDS_UNALIGNED_STALL",2816.000000
"52__2048_4",32,16,"SQ_LDS_BANK_CONFLICT",896.000000
"52__2048_4",32,16,"SQ_LDS_UNALIGNED_STALL",896.000000
"52__2048_4_65536_2",32,16,"SQ_LDS_BANK_CONFLICT",896.000000
"52__2048_4_65536_2",32,16,"SQ_LDS_UNALIGNED_STALL",896.000000
"52__2048_4_65536_4",32,16,"SQ_LDS_BANK_CONFLICT",896.000000
"52__2048_4_65536_4",32,16,"SQ_LDS_UNALIGNED_STALL",896.000000
"52__2048_4_65536_8",32,16,"SQ_LDS_BANK_CONFLICT",896.000000
"52__2048_4_65536_8",32,16,"SQ_LDS_UNALIGNED_STALL",896.000000
"52__2048_4_65536_16",32,16,"SQ_LDS_BANK_CONFLICT",896.000000
"52__2048_4_65536_16",32,16,"SQ_LDS_UNALIGNED_STALL",896.000000
"52__2048_8",32,16,"SQ_LDS_BANK_CONFLICT",1024.000000
"52__2048_8",32,16,"SQ_LDS_UNALIGNED_STALL",0.00000000e+00
"52__2048_8_32768_2",32,16,"SQ_LDS_BANK_CONFLICT",1024.000000
"52__2048_8_32768_2",32,16,"SQ_LDS_UNALIGNED_STALL",0.00000000e+00
"52__2048_8_32768_4",32,16,"SQ_LDS_BANK_CONFLICT",1024.000000
"52__2048_8_32768_4",32,16,"SQ_LDS_UNALIGNED_STALL",0.00000000e+00
"52__2048_8_32768_8",32,16,"SQ_LDS_BANK_CONFLICT",1024.000000
"52__2048_8_32768_8",32,16,"SQ_LDS_UNALIGNED_STALL",0.00000000e+00
"52__2048_8_32768_16",32,16,"SQ_LDS_BANK_CONFLICT",1024.000000
"52__2048_8_32768_16",32,16,"SQ_LDS_UNALIGNED_STALL",0.00000000e+00
"52__2048_16",32,16,"SQ_LDS_BANK_CONFLICT",896.000000
"52__2048_16",32,16,"SQ_LDS_UNALIGNED_STALL",0.00000000e+00
"52__2048_16_16384_2",32,16,"SQ_LDS_BANK_CONFLICT",896.000000
"52__2048_16_16384_2",32,16,"SQ_LDS_UNALIGNED_STALL",0.00000000e+00
"52__2048_16_16384_4",32,16,"SQ_LDS_BANK_CONFLICT",896.000000
"52__2048_16_16384_4",32,16,"SQ_LDS_UNALIGNED_STALL",0.00000000e+00
"52__2048_16_16384_8",32,16,"SQ_LDS_BANK_CONFLICT",896.000000
"52__2048_16_16384_8",32,16,"SQ_LDS_UNALIGNED_STALL",0.00000000e+00
"52__2048_16_16384_16",32,16,"SQ_LDS_BANK_CONFLICT",896.000000
"52__2048_16_16384_16",32,16,"SQ_LDS_UNALIGNED_STALL",0.00000000e+00
"53__256_2",36,16,"SQ_LDS_BANK_CONFLICT",0.00000000e+00
"53__256_2",36,16,"SQ_LDS_UNALIGNED_STALL",2592.000000
"53__256_2_16384_2",36,16,"SQ_LDS_BANK_CONFLICT",0.00000000e+00
"53__256_2_16384_2",36,16,"SQ_LDS_UNALIGNED_STALL",2592.000000
"53__256_2_16384_4",36,16,"SQ_LDS_BANK_CONFLICT",0.00000000e+00
"53__256_2_16384_4",36,16,"SQ_LDS_UNALIGNED_STALL",2592.000000
"53__256_2_16384_8",36,16,"SQ_LDS_BANK_CONFLICT",0.00000000e+00
"53__256_2_16384_8",36,16,"SQ_LDS_UNALIGNED_STALL",2592.000000
"53__256_2_16384_16",36,16,"SQ_LDS_BANK_CONFLICT",0.00000000e+00
"53__256_2_16384_16",36,16,"SQ_LDS_UNALIGNED_STALL",2592.000000
"53__256_4",36,16,"SQ_LDS_BANK_CONFLICT",64.000000
"53__256_4",36,16,"SQ_LDS_UNALIGNED_STALL",448.000000
"53__256_4_8192_2",36,16,"SQ_LDS_BANK_CONFLICT",64.000000
"53__256_4_8192_2",36,16,"SQ_LDS_UNALIGNED_STALL",448.000000
"53__256_4_8192_4",36,16,"SQ_LDS_BANK_CONFLICT",64.000000
"53__256_4_8192_4",36,16,"SQ_LDS_UNALIGNED_STALL",448.000000
"53__256_4_8192_8",36,16,"SQ_LDS_BANK_CONFLICT",64.000000
"53__256_4_8192_8",36,16,"SQ_LDS_UNALIGNED_STALL",448.000000
"53__256_4_8192_16",36,16,"SQ_LDS_BANK_CONFLICT",64.000000
"53__256_4_8192_16",36,16,"SQ_LDS_UNALIGNED_STALL",448.000000
"53__256_8",36,16,"SQ_LDS_BANK_CONFLICT",512.000000
"53__256_8",36,16,"SQ_LDS_UNALIGNED_STALL",0.00000000e+00
"53__256_8_4096_2",36,16,"SQ_LDS_BANK_CONFLICT",64.000000
"53__256_8_4096_2",36,16,"SQ_LDS_UNALIGNED_STALL",1888.000000
"53__256_8_4096_4",36,16,"SQ_LDS_BANK_CONFLICT",128.000000
"53__256_8_4096_4",36,16,"SQ_LDS_UNALIGNED_STALL",896.000000
"53__256_8_4096_8",36,16,"SQ_LDS_BANK_CONFLICT",512.000000
"53__256_8_4096_8",36,16,"SQ_LDS_UNALIGNED_STALL",0.00000000e+00
"53__256_8_4096_16",36,16,"SQ_LDS_BANK_CONFLICT",256.000000
"53__256_8_4096_16",36,16,"SQ_LDS_UNALIGNED_STALL",0.00000000e+00
"53__256_16",36,16,"SQ_LDS_BANK_CONFLICT",768.000000
"53__256_16",36,16,"SQ_LDS_UNALIGNED_STALL",0.00000000e+00
"53__256_16_2048_2",48,16,"SQ_LDS_BANK_CONFLICT",0.00000000e+00
"53__256_16_2048_2",48,16,"SQ_LDS_UNALIGNED_STALL",2848.000000
"53__256_16_2048_4",48,16,"SQ_LDS_BANK_CONFLICT",96.000000
"53__256_16_2048_4",48,16,"SQ_LDS_UNALIGNED_STALL",896.000000
"53__256_16_2048_8",48,16,"SQ_LDS_BANK_CONFLICT",192.000000
"53__256_16_2048_8",48,16,"SQ_LDS_UNALIGNED_STALL",0.00000000e+00
"53__256_16_2048_16",48,16,"SQ_LDS_BANK_CONFLICT",224.000000
"53__256_16_2048_16",48,16,"SQ_LDS_UNALIGNED_STALL",0.00000000e+00
"53__128_2",36,16,"SQ_LDS_BANK_CONFLICT",32.000000
"53__128_2",36,16,"SQ_LDS_UNALIGNED_STALL",1664.000000
"53__128_2_8192_2",36,16,"SQ_LDS_BANK_CONFLICT",32.000000
"53__128_2_8192_2",36,16,"SQ_LDS_UNALIGNED_STALL",1664.000000
"53__128_2_8192_4",36,16,"SQ_LDS_BANK_CONFLICT",32.000000
"53__128_2_8192_4",36,16,"SQ_LDS_UNALIGNED_STALL",1664.000000
"53__128_2_8192_8",36,16,"SQ_LDS_BANK_CONFLICT",32.000000
"53__128_2_8192_8",36,16,"SQ_LDS_UNALIGNED_STALL",1664.000000
"53__128_2_8192_16",36,16,"SQ_LDS_BANK_CONFLICT",32.000000
"53__128_2_8192_16",36,16,"SQ_LDS_UNALIGNED_STALL",1664.000000
"53__128_4",36,16,"SQ_LDS_BANK_CONFLICT",320.000000
"53__128_4",36,16,"SQ_LDS_UNALIGNED_STALL",448.000000
"53__128_4_4096_2",36,16,"SQ_LDS_BANK_CONFLICT",64.000000
"53__128_4_4096_2",36,16,"SQ_LDS_UNALIGNED_STALL",1888.000000
"53__128_4_4096_4",36,16,"SQ_LDS_BANK_CONFLICT",128.000000
"53__128_4_4096_4",36,16,"SQ_LDS_UNALIGNED_STALL",896.000000
"53__128_4_4096_8",36,16,"SQ_LDS_BANK_CONFLICT",320.000000
"53__128_4_4096_8",36,16,"SQ_LDS_UNALIGNED_STALL",448.000000
"53__128_4_4096_16",36,16,"SQ_LDS_BANK_CONFLICT",192.000000
"53__128_4_4096_16",36,16,"SQ_LDS_UNALIGNED_STALL",448.000000
"53__128_8",36,16,"SQ_LDS_BANK_CONFLICT",768.000000
"53__128_8",36,16,"SQ_LDS_UNALIGNED_STALL",0.00000000e+00
"53__128_8_2048_2",48,16,"SQ_LDS_BANK_CONFLICT",0.00000000e+00
"53__128_8_2048_2",48,16,"SQ_LDS_UNALIGNED_STALL",2848.000000
"53__128_8_2048_4",48,16,"SQ_LDS_BANK_CONFLICT",96.000000
"53__128_8_2048_4",48,16,"SQ_LDS_UNALIGNED_STALL",896.000000
"53__128_8_2048_8",48,16,"SQ_LDS_BANK_CONFLICT",192.000000
"53__128_8_2048_8",48,16,"SQ_LDS_UNALIGNED_STALL",0.00000000e+00
"53__128_8_2048_16",48,16,"SQ_LDS_BANK_CONFLICT",224.000000
"53__128_8_2048_16",48,16,"SQ_LDS_UNALIGNED_STALL",0.00000000e+00
"53__128_16",36,16,"SQ_LDS_BANK_CONFLICT",1280.000000
"53__128_16",36,16,"SQ_LDS_UNALIGNED_STALL",0.00000000e+00
"53__128_16_1024_2",48,16,"SQ_LDS_BANK_CONFLICT",0.00000000e+00
"53__128_16_1024_2",48,16,"SQ_LDS_UNALIGNED_STALL",2848.000000
"53__128_16_1024_4",48,16,"SQ_LDS_BANK_CONFLICT",160.000000
"53__128_16_1024_4",48,16,"SQ_LDS_UNALIGNED_STALL",448.000000
"53__128_16_1024_8",48,16,"SQ_LDS_BANK_CONFLICT",64.000000
"53__128_16_1024_8",48,16,"SQ_LDS_UNALIGNED_STALL",0.00000000e+00
"53__128_16_1024_16",48,16,"SQ_LDS_BANK_CONFLICT",352.000000
"53__128_16_1024_16",48,16,"SQ_LDS_UNALIGNED_STALL",0.00000000e+00
"53__2048_2",36,16,"SQ_LDS_BANK_CONFLICT",0.00000000e+00
"53__2048_2",36,16,"SQ_LDS_UNALIGNED_STALL",2816.000000
"53__2048_2_131072_2",36,16,"SQ_LDS_BANK_CONFLICT",0.00000000e+00
"53__2048_2_131072_2",36,16,"SQ_LDS_UNALIGNED_STALL",2816.000000
"53__2048_2_131072_4",36,16,"SQ_LDS_BANK_CONFLICT",0.00000000e+00
"53__2048_2_131072_4",36,16,"SQ_LDS_UNALIGNED_STALL",2816.000000
"53__2048_2_131072_8",36,16,"SQ_LDS_BANK_CONFLICT",0.00000000e+00
"53__2048_2_131072_8",36,16,"SQ_LDS_UNALIGNED_STALL",2816.000000
"53__2048_2_131072_16",36,16,"SQ_LDS_BANK_CONFLICT",0.00000000e+00
"53__2048_2_131072_16",36,16,"SQ_LDS_UNALIGNED_STALL",2816.000000
"53__2048_4",36,16,"SQ_LDS_BANK_CONFLICT",896.000000
"53__2048_4",36,16,"SQ_LDS_UNALIGNED_STALL",896.000000
"53__2048_4_65536_2",36,16,"SQ_LDS_BANK_CONFLICT",896.000000
"53__2048_4_65536_2",36,16,"SQ_LDS_UNALIGNED_STALL",896.000000
"53__2048_4_65536_4",36,16,"SQ_LDS_BANK_CONFLICT",896.000000
"53__2048_4_65536_4",36,16,"SQ_LDS_UNALIGNED_STALL",896.000000
"53__2048_4_65536_8",36,16,"SQ_LDS_BANK_CONFLICT",896.000000
"53__2048_4_65536_8",36,16,"SQ_LDS_UNALIGNED_STALL",896.000000
"53__2048_4_65536_16",36,16,"SQ_LDS_BANK_CONFLICT",896.000000
"53__2048_4_65536_16",36,16,"SQ_LDS_UNALIGNED_STALL",896.000000
"53__2048_8",36,16,"SQ_LDS_BANK_CONFLICT",1024.000000
"53__2048_8",36,16,"SQ_LDS_UNALIGNED_STALL",0.00000000e+00
"53__2048_8_32768_2",36,16,"SQ_LDS_BANK_CONFLICT",1024.000000
"53__2048_8_32768_2",36,16,"SQ_LDS_UNALIGNED_STALL",0.00000000e+00
"53__2048_8_32768_4",36,16,"SQ_LDS_BANK_CONFLICT",1024.000000
"53__2048_8_32768_4",36,16,"SQ_LDS_UNALIGNED_STALL",0.00000000e+00
"53__2048_8_32768_8",36,16,"SQ_LDS_BANK_CONFLICT",1024.000000
"53__2048_8_32768_8",36,16,"SQ_LDS_UNALIGNED_STALL",0.00000000e+00
"53__2048_8_32768_16",36,16,"SQ_LDS_BANK_CONFLICT",1024.000000
"53__2048_8_32768_16",36,16,"SQ_LDS_UNALIGNED_STALL",0.00000000e+00
"53__2048_16",36,16,"SQ_LDS_BANK_CONFLICT",896.000000
"53__2048_16",36,16,"SQ_LDS_UNALIGNED_STALL",0.00000000e+00
"53__2048_16_16384_2",36,16,"SQ_LDS_BANK_CONFLICT",896.000000
"53__2048_16_16384_2",36,16,"SQ_LDS_UNALIGNED_STALL",0.00000000e+00
"53__2048_16_16384_4",36,16,"SQ_LDS_BANK_CONFLICT",896.000000
"53__2048_16_16384_4",36,16,"SQ_LDS_UNALIGNED_STALL",0.00000000e+00
"53__2048_16_16384_8",36,16,"SQ_LDS_BANK_CONFLICT",896.000000
"53__2048_16_16384_8",36,16,"SQ_LDS_UNALIGNED_STALL",0.00000000e+00
"53__2048_16_16384_16",36,16,"SQ_LDS_BANK_CONFLICT",896.000000
"53__2048_16_16384_16",36,16,"SQ_LDS_UNALIGNED_STALL",0.00000000e+00
