"0__32_4",40,16,"SQ_LDS_BANK_CONFLICT",1920.000000
"0__32_4",40,16,"SQ_LDS_UNALIGNED_STALL",0.00000000e+00
"0__32_4_512_4",36,16,"SQ_LDS_BANK_CONFLICT",184.000000
"0__32_4_512_4",36,16,"SQ_LDS_UNALIGNED_STALL",0.00000000e+00
"0__32_4_512_8",36,16,"SQ_LDS_BANK_CONFLICT",440.000000
"0__32_4_512_8",36,16,"SQ_LDS_UNALIGNED_STALL",0.00000000e+00
"0__32_4_512_16",36,16,"SQ_LDS_BANK_CONFLICT",952.000000
"0__32_4_512_16",36,16,"SQ_LDS_UNALIGNED_STALL",0.00000000e+00
"0__32_8",40,16,"SQ_LDS_BANK_CONFLICT",4096.000000
"0__32_8",40,16,"SQ_LDS_UNALIGNED_STALL",0.00000000e+00
"0__32_8_256_4",36,16,"SQ_LDS_BANK_CONFLICT",184.000000
"0__32_8_256_4",36,16,"SQ_LDS_UNALIGNED_STALL",0.00000000e+00
"0__32_8_256_8",36,16,"SQ_LDS_BANK_CONFLICT",512.000000
"0__32_8_256_8",36,16,"SQ_LDS_UNALIGNED_STALL",0.00000000e+00
"0__32_8_256_16",36,16,"SQ_LDS_BANK_CONFLICT",1080.000000
"0__32_8_256_16",36,16,"SQ_LDS_UNALIGNED_STALL",0.00000000e+00
"0__32_16",40,16,"SQ_LDS_BANK_CONFLICT",4352.000000
"0__32_16",40,16,"SQ_LDS_UNALIGNED_STALL",0.00000000e+00
"0__32_16_128_4",36,16,"SQ_LDS_BANK_CONFLICT",440.000000
"0__32_16_128_4",36,16,"SQ_LDS_UNALIGNED_STALL",0.00000000e+00
"0__32_16_128_8",36,16,"SQ_LDS_BANK_CONFLICT",1024.000000
"0__32_16_128_8",36,16,"SQ_LDS_UNALIGNED_STALL",0.00000000e+00
"0__32_16_128_16",36,16,"SQ_LDS_BANK_CONFLICT",2136.000000
"0__32_16_128_16",36,16,"SQ_LDS_UNALIGNED_STALL",0.00000000e+00
"0__256_4",40,16,"SQ_LDS_BANK_CONFLICT",512.000000
"0__256_4",40,16,"SQ_LDS_UNALIGNED_STALL",0.00000000e+00
"0__256_4_4096_4",40,16,"SQ_LDS_BANK_CONFLICT",512.000000
"0__256_4_4096_4",40,16,"SQ_LDS_UNALIGNED_STALL",0.00000000e+00
"0__256_4_4096_8",40,16,"SQ_LDS_BANK_CONFLICT",512.000000
"0__256_4_4096_8",40,16,"SQ_LDS_UNALIGNED_STALL",0.00000000e+00
"0__256_4_4096_16",40,16,"SQ_LDS_BANK_CONFLICT",512.000000
"0__256_4_4096_16",40,16,"SQ_LDS_UNALIGNED_STALL",0.00000000e+00
"0__256_8",40,16,"SQ_LDS_BANK_CONFLICT",768.000000
"0__256_8",40,16,"SQ_LDS_UNALIGNED_STALL",0.00000000e+00
"0__256_8_2048_4",40,16,"SQ_LDS_BANK_CONFLICT",512.000000
"0__256_8_2048_4",40,16,"SQ_LDS_UNALIGNED_STALL",0.00000000e+00
"0__256_8_2048_8",40,16,"SQ_LDS_BANK_CONFLICT",768.000000
"0__256_8_2048_8",40,16,"SQ_LDS_UNALIGNED_STALL",0.00000000e+00
"0__256_8_2048_16",40,16,"SQ_LDS_BANK_CONFLICT",768.000000
"0__256_8_2048_16",40,16,"SQ_LDS_UNALIGNED_STALL",0.00000000e+00
"0__256_16",40,16,"SQ_LDS_BANK_CONFLICT",1280.000000
"0__256_16",40,16,"SQ_LDS_UNALIGNED_STALL",0.00000000e+00
"0__256_16_1024_4",40,16,"SQ_LDS_BANK_CONFLICT",512.000000
"0__256_16_1024_4",40,16,"SQ_LDS_UNALIGNED_STALL",0.00000000e+00
"0__256_16_1024_8",40,16,"SQ_LDS_BANK_CONFLICT",768.000000
"0__256_16_1024_8",40,16,"SQ_LDS_UNALIGNED_STALL",0.00000000e+00
"0__256_16_1024_16",40,16,"SQ_LDS_BANK_CONFLICT",1280.000000
"0__256_16_1024_16",40,16,"SQ_LDS_UNALIGNED_STALL",0.00000000e+00
"0__64_4",40,16,"SQ_LDS_BANK_CONFLICT",896.000000
"0__64_4",40,16,"SQ_LDS_UNALIGNED_STALL",0.00000000e+00
"0__64_4_1024_4",40,16,"SQ_LDS_BANK_CONFLICT",128.000000
"0__64_4_1024_4",40,16,"SQ_LDS_UNALIGNED_STALL",0.00000000e+00
"0__64_4_1024_8",40,16,"SQ_LDS_BANK_CONFLICT",384.000000
"0__64_4_1024_8",40,16,"SQ_LDS_UNALIGNED_STALL",0.00000000e+00
"0__64_4_1024_16",40,16,"SQ_LDS_BANK_CONFLICT",896.000000
"0__64_4_1024_16",40,16,"SQ_LDS_UNALIGNED_STALL",0.00000000e+00
"0__64_8",40,16,"SQ_LDS_BANK_CONFLICT",2048.000000
"0__64_8",40,16,"SQ_LDS_UNALIGNED_STALL",0.00000000e+00
"0__64_8_512_4",36,16,"SQ_LDS_BANK_CONFLICT",200.000000
"0__64_8_512_4",36,16,"SQ_LDS_UNALIGNED_STALL",0.00000000e+00
"0__64_8_512_8",36,16,"SQ_LDS_BANK_CONFLICT",568.000000
"0__64_8_512_8",36,16,"SQ_LDS_UNALIGNED_STALL",0.00000000e+00
"0__64_8_512_16",36,16,"SQ_LDS_BANK_CONFLICT",1024.000000
"0__64_8_512_16",36,16,"SQ_LDS_UNALIGNED_STALL",0.00000000e+00
"0__64_16",40,16,"SQ_LDS_BANK_CONFLICT",4352.000000
"0__64_16",40,16,"SQ_LDS_UNALIGNED_STALL",0.00000000e+00
"0__64_16_256_4",36,16,"SQ_LDS_BANK_CONFLICT",200.000000
"0__64_16_256_4",36,16,"SQ_LDS_UNALIGNED_STALL",0.00000000e+00
"0__64_16_256_8",36,16,"SQ_LDS_BANK_CONFLICT",512.000000
"0__64_16_256_8",36,16,"SQ_LDS_UNALIGNED_STALL",0.00000000e+00
"0__64_16_256_16",36,16,"SQ_LDS_BANK_CONFLICT",1224.000000
"0__64_16_256_16",36,16,"SQ_LDS_UNALIGNED_STALL",0.00000000e+00
"0__128_4",40,16,"SQ_LDS_BANK_CONFLICT",512.000000
"0__128_4",40,16,"SQ_LDS_UNALIGNED_STALL",0.00000000e+00
"0__128_4_2048_4",40,16,"SQ_LDS_BANK_CONFLICT",256.000000
"0__128_4_2048_4",40,16,"SQ_LDS_UNALIGNED_STALL",0.00000000e+00
"0__128_4_2048_8",40,16,"SQ_LDS_BANK_CONFLICT",512.000000
"0__128_4_2048_8",40,16,"SQ_LDS_UNALIGNED_STALL",0.00000000e+00
"0__128_4_2048_16",40,16,"SQ_LDS_BANK_CONFLICT",512.000000
"0__128_4_2048_16",40,16,"SQ_LDS_UNALIGNED_STALL",0.00000000e+00
"0__128_8",40,16,"SQ_LDS_BANK_CONFLICT",1024.000000
"0__128_8",40,16,"SQ_LDS_UNALIGNED_STALL",0.00000000e+00
"0__128_8_1024_4",40,16,"SQ_LDS_BANK_CONFLICT",256.000000
"0__128_8_1024_4",40,16,"SQ_LDS_UNALIGNED_STALL",0.00000000e+00
"0__128_8_1024_8",40,16,"SQ_LDS_BANK_CONFLICT",512.000000
"0__128_8_1024_8",40,16,"SQ_LDS_UNALIGNED_STALL",0.00000000e+00
"0__128_8_1024_16",40,16,"SQ_LDS_BANK_CONFLICT",1024.000000
"0__128_8_1024_16",40,16,"SQ_LDS_UNALIGNED_STALL",0.00000000e+00
"0__128_16",40,16,"SQ_LDS_BANK_CONFLICT",2304.000000
"0__128_16",40,16,"SQ_LDS_UNALIGNED_STALL",0.00000000e+00
"0__128_16_512_4",36,16,"SQ_LDS_BANK_CONFLICT",232.000000
"0__128_16_512_4",36,16,"SQ_LDS_UNALIGNED_STALL",0.00000000e+00
"0__128_16_512_8",36,16,"SQ_LDS_BANK_CONFLICT",488.000000
"0__128_16_512_8",36,16,"SQ_LDS_UNALIGNED_STALL",0.00000000e+00
"0__128_16_512_16",36,16,"SQ_LDS_BANK_CONFLICT",1112.000000
"0__128_16_512_16",36,16,"SQ_LDS_UNALIGNED_STALL",0.00000000e+00
"1__32_4",40,16,"SQ_LDS_BANK_CONFLICT",1920.000000
"1__32_4",40,16,"SQ_LDS_UNALIGNED_STALL",0.00000000e+00
"1__32_4_512_4",40,16,"SQ_LDS_BANK_CONFLICT",128.000000
"1__32_4_512_4",40,16,"SQ_LDS_UNALIGNED_STALL",0.00000000e+00
"1__32_4_512_8",40,16,"SQ_LDS_BANK_CONFLICT",384.000000
"1__32_4_512_8",40,16,"SQ_LDS_UNALIGNED_STALL",0.00000000e+00
"1__32_4_512_16",40,16,"SQ_LDS_BANK_CONFLICT",896.000000
"1__32_4_512_16",40,16,"SQ_LDS_UNALIGNED_STALL",0.00000000e+00
"1__32_8",40,16,"SQ_LDS_BANK_CONFLICT",4096.000000
"1__32_8",40,16,"SQ_LDS_UNALIGNED_STALL",0.00000000e+00
"1__32_8_256_4",36,16,"SQ_LDS_BANK_CONFLICT",188.000000
"1__32_8_256_4",36,16,"SQ_LDS_UNALIGNED_STALL",0.00000000e+00
"1__32_8_256_8",36,16,"SQ_LDS_BANK_CONFLICT",452.000000
"1__32_8_256_8",36,16,"SQ_LDS_UNALIGNED_STALL",0.00000000e+00
"1__32_8_256_16",36,16,"SQ_LDS_BANK_CONFLICT",964.000000
"1__32_8_256_16",36,16,"SQ_LDS_UNALIGNED_STALL",0.00000000e+00
"1__32_16",40,16,"SQ_LDS_BANK_CONFLICT",4352.000000
"1__32_16",40,16,"SQ_LDS_UNALIGNED_STALL",0.00000000e+00
"1__32_16_128_4",36,16,"SQ_LDS_BANK_CONFLICT",444.000000
"1__32_16_128_4",36,16,"SQ_LDS_UNALIGNED_STALL",0.00000000e+00
"1__32_16_128_8",36,16,"SQ_LDS_BANK_CONFLICT",964.000000
"1__32_16_128_8",36,16,"SQ_LDS_UNALIGNED_STALL",0.00000000e+00
"1__32_16_128_16",36,16,"SQ_LDS_BANK_CONFLICT",2124.000000
"1__32_16_128_16",36,16,"SQ_LDS_UNALIGNED_STALL",0.00000000e+00
"1__256_4",36,16,"SQ_LDS_BANK_CONFLICT",512.000000
"1__256_4",36,16,"SQ_LDS_UNALIGNED_STALL",0.00000000e+00
"1__256_4_4096_4",36,16,"SQ_LDS_BANK_CONFLICT",512.000000
"1__256_4_4096_4",36,16,"SQ_LDS_UNALIGNED_STALL",0.00000000e+00
"1__256_4_4096_8",36,16,"SQ_LDS_BANK_CONFLICT",512.000000
"1__256_4_4096_8",36,16,"SQ_LDS_UNALIGNED_STALL",0.00000000e+00
"1__256_4_4096_16",36,16,"SQ_LDS_BANK_CONFLICT",512.000000
"1__256_4_4096_16",36,16,"SQ_LDS_UNALIGNED_STALL",0.00000000e+00
"1__256_8",36,16,"SQ_LDS_BANK_CONFLICT",768.000000
"1__256_8",36,16,"SQ_LDS_UNALIGNED_STALL",0.00000000e+00
"1__256_8_2048_4",36,16,"SQ_LDS_BANK_CONFLICT",512.000000
"1__256_8_2048_4",36,16,"SQ_LDS_UNALIGNED_STALL",0.00000000e+00
"1__256_8_2048_8",36,16,"SQ_LDS_BANK_CONFLICT",768.000000
"1__256_8_2048_8",36,16,"SQ_LDS_UNALIGNED_STALL",0.00000000e+00
"1__256_8_2048_16",36,16,"SQ_LDS_BANK_CONFLICT",768.000000
"1__256_8_2048_16",36,16,"SQ_LDS_UNALIGNED_STALL",0.00000000e+00
"1__256_16",36,16,"SQ_LDS_BANK_CONFLICT",1280.000000
"1__256_16",36,16,"SQ_LDS_UNALIGNED_STALL",0.00000000e+00
"1__256_16_1024_4",36,16,"SQ_LDS_BANK_CONFLICT",512.000000
"1__256_16_1024_4",36,16,"SQ_LDS_UNALIGNED_STALL",0.00000000e+00
"1__256_16_1024_8",36,16,"SQ_LDS_BANK_CONFLICT",768.000000
"1__256_16_1024_8",36,16,"SQ_LDS_UNALIGNED_STALL",0.00000000e+00
"1__256_16_1024_16",36,16,"SQ_LDS_BANK_CONFLICT",1280.000000
"1__256_16_1024_16",36,16,"SQ_LDS_UNALIGNED_STALL",0.00000000e+00
"1__64_4",36,16,"SQ_LDS_BANK_CONFLICT",896.000000
"1__64_4",36,16,"SQ_LDS_UNALIGNED_STALL",0.00000000e+00
"1__64_4_1024_4",36,16,"SQ_LDS_BANK_CONFLICT",128.000000
"1__64_4_1024_4",36,16,"SQ_LDS_UNALIGNED_STALL",0.00000000e+00
"1__64_4_1024_8",36,16,"SQ_LDS_BANK_CONFLICT",384.000000
"1__64_4_1024_8",36,16,"SQ_LDS_UNALIGNED_STALL",0.00000000e+00
"1__64_4_1024_16",36,16,"SQ_LDS_BANK_CONFLICT",896.000000
"1__64_4_1024_16",36,16,"SQ_LDS_UNALIGNED_STALL",0.00000000e+00
"1__64_8",36,16,"SQ_LDS_BANK_CONFLICT",2048.000000
"1__64_8",36,16,"SQ_LDS_UNALIGNED_STALL",0.00000000e+00
"1__64_8_512_4",36,16,"SQ_LDS_BANK_CONFLICT",256.000000
"1__64_8_512_4",36,16,"SQ_LDS_UNALIGNED_STALL",0.00000000e+00
"1__64_8_512_8",36,16,"SQ_LDS_BANK_CONFLICT",512.000000
"1__64_8_512_8",36,16,"SQ_LDS_UNALIGNED_STALL",0.00000000e+00
"1__64_8_512_16",36,16,"SQ_LDS_BANK_CONFLICT",1024.000000
"1__64_8_512_16",36,16,"SQ_LDS_UNALIGNED_STALL",0.00000000e+00
"1__64_16",36,16,"SQ_LDS_BANK_CONFLICT",4352.000000
"1__64_16",36,16,"SQ_LDS_UNALIGNED_STALL",0.00000000e+00
"1__64_16_256_4",36,16,"SQ_LDS_BANK_CONFLICT",196.000000
"1__64_16_256_4",36,16,"SQ_LDS_UNALIGNED_STALL",0.00000000e+00
"1__64_16_256_8",36,16,"SQ_LDS_BANK_CONFLICT",452.000000
"1__64_16_256_8",36,16,"SQ_LDS_UNALIGNED_STALL",0.00000000e+00
"1__64_16_256_16",36,16,"SQ_LDS_BANK_CONFLICT",1100.000000
"1__64_16_256_16",36,16,"SQ_LDS_UNALIGNED_STALL",0.00000000e+00
"1__128_4",36,16,"SQ_LDS_BANK_CONFLICT",512.000000
"1__128_4",36,16,"SQ_LDS_UNALIGNED_STALL",0.00000000e+00
"1__128_4_2048_4",36,16,"SQ_LDS_BANK_CONFLICT",256.000000
"1__128_4_2048_4",36,16,"SQ_LDS_UNALIGNED_STALL",0.00000000e+00
"1__128_4_2048_8",36,16,"SQ_LDS_BANK_CONFLICT",512.000000
"1__128_4_2048_8",36,16,"SQ_LDS_UNALIGNED_STALL",0.00000000e+00
"1__128_4_2048_16",36,16,"SQ_LDS_BANK_CONFLICT",512.000000
"1__128_4_2048_16",36,16,"SQ_LDS_UNALIGNED_STALL",0.00000000e+00
"1__128_8",36,16,"SQ_LDS_BANK_CONFLICT",1024.000000
"1__128_8",36,16,"SQ_LDS_UNALIGNED_STALL",0.00000000e+00
"1__128_8_1024_4",36,16,"SQ_LDS_BANK_CONFLICT",256.000000
"1__128_8_1024_4",36,16,"SQ_LDS_UNALIGNED_STALL",0.00000000e+00
"1__128_8_1024_8",36,16,"SQ_LDS_BANK_CONFLICT",512.000000
"1__128_8_1024_8",36,16,"SQ_LDS_UNALIGNED_STALL",0.00000000e+00
"1__128_8_1024_16",36,16,"SQ_LDS_BANK_CONFLICT",1024.000000
"1__128_8_1024_16",36,16,"SQ_LDS_UNALIGNED_STALL",0.00000000e+00
"1__128_16",36,16,"SQ_LDS_BANK_CONFLICT",2304.000000
"1__128_16",36,16,"SQ_LDS_UNALIGNED_STALL",0.00000000e+00
"1__128_16_512_4",36,16,"SQ_LDS_BANK_CONFLICT",512.000000
"1__128_16_512_4",36,16,"SQ_LDS_UNALIGNED_STALL",0.00000000e+00
"1__128_16_512_8",36,16,"SQ_LDS_BANK_CONFLICT",768.000000
"1__128_16_512_8",36,16,"SQ_LDS_UNALIGNED_STALL",0.00000000e+00
"1__128_16_512_16",36,16,"SQ_LDS_BANK_CONFLICT",1280.000000
"1__128_16_512_16",36,16,"SQ_LDS_UNALIGNED_STALL",0.00000000e+00
"2__32_4",40,16,"SQ_LDS_BANK_CONFLICT",896.000000
"2__32_4",40,16,"SQ_LDS_UNALIGNED_STALL",0.00000000e+00
"2__32_4_512_4",40,16,"SQ_LDS_BANK_CONFLICT",56.000000
"2__32_4_512_4",40,16,"SQ_LDS_UNALIGNED_STALL",0.00000000e+00
"2__32_4_512_8",40,16,"SQ_LDS_BANK_CONFLICT",184.000000
"2__32_4_512_8",40,16,"SQ_LDS_UNALIGNED_STALL",0.00000000e+00
"2__32_4_512_16",40,16,"SQ_LDS_BANK_CONFLICT",440.000000
"2__32_4_512_16",40,16,"SQ_LDS_UNALIGNED_STALL",0.00000000e+00
"2__32_8",44,16,"SQ_LDS_BANK_CONFLICT",2048.000000
"2__32_8",44,16,"SQ_LDS_UNALIGNED_STALL",0.00000000e+00
"2__32_8_256_4",40,16,"SQ_LDS_BANK_CONFLICT",56.000000
"2__32_8_256_4",40,16,"SQ_LDS_UNALIGNED_STALL",0.00000000e+00
"2__32_8_256_8",40,16,"SQ_LDS_BANK_CONFLICT",256.000000
"2__32_8_256_8",40,16,"SQ_LDS_UNALIGNED_STALL",0.00000000e+00
"2__32_8_256_16",40,16,"SQ_LDS_BANK_CONFLICT",568.000000
"2__32_8_256_16",40,16,"SQ_LDS_UNALIGNED_STALL",0.00000000e+00
"2__32_16",40,16,"SQ_LDS_BANK_CONFLICT",2304.000000
"2__32_16",40,16,"SQ_LDS_UNALIGNED_STALL",0.00000000e+00
"2__32_16_128_4",40,32,"SQ_LDS_BANK_CONFLICT",184.000000
"2__32_16_128_4",40,32,"SQ_LDS_UNALIGNED_STALL",0.00000000e+00
"2__32_16_128_8",40,32,"SQ_LDS_BANK_CONFLICT",512.000000
"2__32_16_128_8",40,32,"SQ_LDS_UNALIGNED_STALL",0.00000000e+00
"2__32_16_128_16",40,32,"SQ_LDS_BANK_CONFLICT",1112.000000
"2__32_16_128_16",40,32,"SQ_LDS_UNALIGNED_STALL",0.00000000e+00
"2__256_4",40,16,"SQ_LDS_BANK_CONFLICT",384.000000
"2__256_4",40,16,"SQ_LDS_UNALIGNED_STALL",0.00000000e+00
"2__256_4_4096_4",40,16,"SQ_LDS_BANK_CONFLICT",384.000000
"2__256_4_4096_4",40,16,"SQ_LDS_UNALIGNED_STALL",0.00000000e+00
"2__256_4_4096_8",40,16,"SQ_LDS_BANK_CONFLICT",384.000000
"2__256_4_4096_8",40,16,"SQ_LDS_UNALIGNED_STALL",0.00000000e+00
"2__256_4_4096_16",40,16,"SQ_LDS_BANK_CONFLICT",384.000000
"2__256_4_4096_16",40,16,"SQ_LDS_UNALIGNED_STALL",0.00000000e+00
"2__256_8",40,16,"SQ_LDS_BANK_CONFLICT",512.000000
"2__256_8",40,16,"SQ_LDS_UNALIGNED_STALL",0.00000000e+00
"2__256_8_2048_4",40,16,"SQ_LDS_BANK_CONFLICT",384.000000
"2__256_8_2048_4",40,16,"SQ_LDS_UNALIGNED_STALL",0.00000000e+00
"2__256_8_2048_8",40,16,"SQ_LDS_BANK_CONFLICT",512.000000
"2__256_8_2048_8",40,16,"SQ_LDS_UNALIGNED_STALL",0.00000000e+00
"2__256_8_2048_16",40,16,"SQ_LDS_BANK_CONFLICT",512.000000
"2__256_8_2048_16",40,16,"SQ_LDS_UNALIGNED_STALL",0.00000000e+00
"2__256_16",40,16,"SQ_LDS_BANK_CONFLICT",768.000000
"2__256_16",40,16,"SQ_LDS_UNALIGNED_STALL",0.00000000e+00
"2__256_16_1024_4",40,16,"SQ_LDS_BANK_CONFLICT",384.000000
"2__256_16_1024_4",40,16,"SQ_LDS_UNALIGNED_STALL",0.00000000e+00
"2__256_16_1024_8",40,16,"SQ_LDS_BANK_CONFLICT",512.000000
"2__256_16_1024_8",40,16,"SQ_LDS_UNALIGNED_STALL",0.00000000e+00
"2__256_16_1024_16",40,16,"SQ_LDS_BANK_CONFLICT",768.000000
"2__256_16_1024_16",40,16,"SQ_LDS_UNALIGNED_STALL",0.00000000e+00
"2__64_4",40,16,"SQ_LDS_BANK_CONFLICT",384.000000
"2__64_4",40,16,"SQ_LDS_UNALIGNED_STALL",0.00000000e+00
"2__64_4_1024_4",40,16,"SQ_LDS_BANK_CONFLICT",0.00000000e+00
"2__64_4_1024_4",40,16,"SQ_LDS_UNALIGNED_STALL",0.00000000e+00
"2__64_4_1024_8",40,16,"SQ_LDS_BANK_CONFLICT",128.000000
"2__64_4_1024_8",40,16,"SQ_LDS_UNALIGNED_STALL",0.00000000e+00
"2__64_4_1024_16",40,16,"SQ_LDS_BANK_CONFLICT",384.000000
"2__64_4_1024_16",40,16,"SQ_LDS_UNALIGNED_STALL",0.00000000e+00
"2__64_8",40,16,"SQ_LDS_BANK_CONFLICT",1024.000000
"2__64_8",40,16,"SQ_LDS_UNALIGNED_STALL",0.00000000e+00
"2__64_8_512_4",40,16,"SQ_LDS_BANK_CONFLICT",72.000000
"2__64_8_512_4",40,16,"SQ_LDS_UNALIGNED_STALL",0.00000000e+00
"2__64_8_512_8",40,16,"SQ_LDS_BANK_CONFLICT",312.000000
"2__64_8_512_8",40,16,"SQ_LDS_UNALIGNED_STALL",0.00000000e+00
"2__64_8_512_16",40,16,"SQ_LDS_BANK_CONFLICT",512.000000
"2__64_8_512_16",40,16,"SQ_LDS_UNALIGNED_STALL",0.00000000e+00
"2__64_16",40,16,"SQ_LDS_BANK_CONFLICT",2304.000000
"2__64_16",40,16,"SQ_LDS_UNALIGNED_STALL",0.00000000e+00
"2__64_16_256_4",40,16,"SQ_LDS_BANK_CONFLICT",72.000000
"2__64_16_256_4",40,16,"SQ_LDS_UNALIGNED_STALL",0.00000000e+00
"2__64_16_256_8",40,16,"SQ_LDS_BANK_CONFLICT",256.000000
"2__64_16_256_8",40,16,"SQ_LDS_UNALIGNED_STALL",0.00000000e+00
"2__64_16_256_16",40,16,"SQ_LDS_BANK_CONFLICT",712.000000
"2__64_16_256_16",40,16,"SQ_LDS_UNALIGNED_STALL",0.00000000e+00
"2__128_4",40,16,"SQ_LDS_BANK_CONFLICT",256.000000
"2__128_4",40,16,"SQ_LDS_UNALIGNED_STALL",0.00000000e+00
"2__128_4_2048_4",40,16,"SQ_LDS_BANK_CONFLICT",128.000000
"2__128_4_2048_4",40,16,"SQ_LDS_UNALIGNED_STALL",0.00000000e+00
"2__128_4_2048_8",40,16,"SQ_LDS_BANK_CONFLICT",256.000000
"2__128_4_2048_8",40,16,"SQ_LDS_UNALIGNED_STALL",0.00000000e+00
"2__128_4_2048_16",40,16,"SQ_LDS_BANK_CONFLICT",256.000000
"2__128_4_2048_16",40,16,"SQ_LDS_UNALIGNED_STALL",0.00000000e+00
"2__128_8",40,16,"SQ_LDS_BANK_CONFLICT",512.000000
"2__128_8",40,16,"SQ_LDS_UNALIGNED_STALL",0.00000000e+00
"2__128_8_1024_4",40,16,"SQ_LDS_BANK_CONFLICT",128.000000
"2__128_8_1024_4",40,16,"SQ_LDS_UNALIGNED_STALL",0.00000000e+00
"2__128_8_1024_8",40,16,"SQ_LDS_BANK_CONFLICT",256.000000
"2__128_8_1024_8",40,16,"SQ_LDS_UNALIGNED_STALL",0.00000000e+00
"2__128_8_1024_16",40,16,"SQ_LDS_BANK_CONFLICT",512.000000
"2__128_8_1024_16",40,16,"SQ_LDS_UNALIGNED_STALL",0.00000000e+00
"2__128_16",40,16,"SQ_LDS_BANK_CONFLICT",1280.000000
"2__128_16",40,16,"SQ_LDS_UNALIGNED_STALL",0.00000000e+00
"2__128_16_512_4",40,16,"SQ_LDS_BANK_CONFLICT",104.000000
"2__128_16_512_4",40,16,"SQ_LDS_UNALIGNED_STALL",0.00000000e+00
"2__128_16_512_8",40,16,"SQ_LDS_BANK_CONFLICT",232.000000
"2__128_16_512_8",40,16,"SQ_LDS_UNALIGNED_STALL",0.00000000e+00
"2__128_16_512_16",40,16,"SQ_LDS_BANK_CONFLICT",600.000000
"2__128_16_512_16",40,16,"SQ_LDS_UNALIGNED_STALL",0.00000000e+00
"3__32_4",40,16,"SQ_LDS_BANK_CONFLICT",896.000000
"3__32_4",40,16,"SQ_LDS_UNALIGNED_STALL",0.00000000e+00
"3__32_4_512_4",40,16,"SQ_LDS_BANK_CONFLICT",0.00000000e+00
"3__32_4_512_4",40,16,"SQ_LDS_UNALIGNED_STALL",0.00000000e+00
"3__32_4_512_8",40,16,"SQ_LDS_BANK_CONFLICT",128.000000
"3__32_4_512_8",40,16,"SQ_LDS_UNALIGNED_STALL",0.00000000e+00
"3__32_4_512_16",40,16,"SQ_LDS_BANK_CONFLICT",384.000000
"3__32_4_512_16",40,16,"SQ_LDS_UNALIGNED_STALL",0.00000000e+00
"3__32_8",40,16,"SQ_LDS_BANK_CONFLICT",2048.000000
"3__32_8",40,16,"SQ_LDS_UNALIGNED_STALL",0.00000000e+00
"3__32_8_256_4",36,16,"SQ_LDS_BANK_CONFLICT",60.000000
"3__32_8_256_4",36,16,"SQ_LDS_UNALIGNED_STALL",0.00000000e+00
"3__32_8_256_8",36,16,"SQ_LDS_BANK_CONFLICT",196.000000
"3__32_8_256_8",36,16,"SQ_LDS_UNALIGNED_STALL",0.00000000e+00
"3__32_8_256_16",36,16,"SQ_LDS_BANK_CONFLICT",452.000000
"3__32_8_256_16",36,16,"SQ_LDS_UNALIGNED_STALL",0.00000000e+00
"3__32_16",40,16,"SQ_LDS_BANK_CONFLICT",2304.000000
"3__32_16",40,16,"SQ_LDS_UNALIGNED_STALL",0.00000000e+00
"3__32_16_128_4",36,32,"SQ_LDS_BANK_CONFLICT",188.000000
"3__32_16_128_4",36,32,"SQ_LDS_UNALIGNED_STALL",0.00000000e+00
"3__32_16_128_8",36,32,"SQ_LDS_BANK_CONFLICT",452.000000
"3__32_16_128_8",36,32,"SQ_LDS_UNALIGNED_STALL",0.00000000e+00
"3__32_16_128_16",36,32,"SQ_LDS_BANK_CONFLICT",1100.000000
"3__32_16_128_16",36,32,"SQ_LDS_UNALIGNED_STALL",0.00000000e+00
"3__256_4",40,16,"SQ_LDS_BANK_CONFLICT",384.000000
"3__256_4",40,16,"SQ_LDS_UNALIGNED_STALL",0.00000000e+00
"3__256_4_4096_4",40,16,"SQ_LDS_BANK_CONFLICT",384.000000
"3__256_4_4096_4",40,16,"SQ_LDS_UNALIGNED_STALL",0.00000000e+00
"3__256_4_4096_8",40,16,"SQ_LDS_BANK_CONFLICT",384.000000
"3__256_4_4096_8",40,16,"SQ_LDS_UNALIGNED_STALL",0.00000000e+00
"3__256_4_4096_16",40,16,"SQ_LDS_BANK_CONFLICT",384.000000
"3__256_4_4096_16",40,16,"SQ_LDS_UNALIGNED_STALL",0.00000000e+00
"3__256_8",40,16,"SQ_LDS_BANK_CONFLICT",512.000000
"3__256_8",40,16,"SQ_LDS_UNALIGNED_STALL",0.00000000e+00
"3__256_8_2048_4",40,16,"SQ_LDS_BANK_CONFLICT",384.000000
"3__256_8_2048_4",40,16,"SQ_LDS_UNALIGNED_STALL",0.00000000e+00
"3__256_8_2048_8",40,16,"SQ_LDS_BANK_CONFLICT",512.000000
"3__256_8_2048_8",40,16,"SQ_LDS_UNALIGNED_STALL",0.00000000e+00
"3__256_8_2048_16",40,16,"SQ_LDS_BANK_CONFLICT",512.000000
"3__256_8_2048_16",40,16,"SQ_LDS_UNALIGNED_STALL",0.00000000e+00
"3__256_16",40,16,"SQ_LDS_BANK_CONFLICT",768.000000
"3__256_16",40,16,"SQ_LDS_UNALIGNED_STALL",0.00000000e+00
"3__256_16_1024_4",40,16,"SQ_LDS_BANK_CONFLICT",384.000000
"3__256_16_1024_4",40,16,"SQ_LDS_UNALIGNED_STALL",0.00000000e+00
"3__256_16_1024_8",40,16,"SQ_LDS_BANK_CONFLICT",512.000000
"3__256_16_1024_8",40,16,"SQ_LDS_UNALIGNED_STALL",0.00000000e+00
"3__256_16_1024_16",40,16,"SQ_LDS_BANK_CONFLICT",768.000000
"3__256_16_1024_16",40,16,"SQ_LDS_UNALIGNED_STALL",0.00000000e+00
"3__64_4",36,16,"SQ_LDS_BANK_CONFLICT",384.000000
"3__64_4",36,16,"SQ_LDS_UNALIGNED_STALL",0.00000000e+00
"3__64_4_1024_4",36,16,"SQ_LDS_BANK_CONFLICT",0.00000000e+00
"3__64_4_1024_4",36,16,"SQ_LDS_UNALIGNED_STALL",0.00000000e+00
"3__64_4_1024_8",36,16,"SQ_LDS_BANK_CONFLICT",128.000000
"3__64_4_1024_8",36,16,"SQ_LDS_UNALIGNED_STALL",0.00000000e+00
"3__64_4_1024_16",36,16,"SQ_LDS_BANK_CONFLICT",384.000000
"3__64_4_1024_16",36,16,"SQ_LDS_UNALIGNED_STALL",0.00000000e+00
"3__64_8",36,16,"SQ_LDS_BANK_CONFLICT",1024.000000
"3__64_8",36,16,"SQ_LDS_UNALIGNED_STALL",0.00000000e+00
"3__64_8_512_4",36,16,"SQ_LDS_BANK_CONFLICT",128.000000
"3__64_8_512_4",36,16,"SQ_LDS_UNALIGNED_STALL",0.00000000e+00
"3__64_8_512_8",36,16,"SQ_LDS_BANK_CONFLICT",256.000000
"3__64_8_512_8",36,16,"SQ_LDS_UNALIGNED_STALL",0.00000000e+00
"3__64_8_512_16",36,16,"SQ_LDS_BANK_CONFLICT",512.000000
"3__64_8_512_16",36,16,"SQ_LDS_UNALIGNED_STALL",0.00000000e+00
"3__64_16",36,16,"SQ_LDS_BANK_CONFLICT",2304.000000
"3__64_16",36,16,"SQ_LDS_UNALIGNED_STALL",0.00000000e+00
"3__64_16_256_4",36,16,"SQ_LDS_BANK_CONFLICT",68.000000
"3__64_16_256_4",36,16,"SQ_LDS_UNALIGNED_STALL",0.00000000e+00
"3__64_16_256_8",36,16,"SQ_LDS_BANK_CONFLICT",196.000000
"3__64_16_256_8",36,16,"SQ_LDS_UNALIGNED_STALL",0.00000000e+00
"3__64_16_256_16",36,16,"SQ_LDS_BANK_CONFLICT",588.000000
"3__64_16_256_16",36,16,"SQ_LDS_UNALIGNED_STALL",0.00000000e+00
"3__128_4",36,16,"SQ_LDS_BANK_CONFLICT",256.000000
"3__128_4",36,16,"SQ_LDS_UNALIGNED_STALL",0.00000000e+00
"3__128_4_2048_4",36,16,"SQ_LDS_BANK_CONFLICT",128.000000
"3__128_4_2048_4",36,16,"SQ_LDS_UNALIGNED_STALL",0.00000000e+00
"3__128_4_2048_8",36,16,"SQ_LDS_BANK_CONFLICT",256.000000
"3__128_4_2048_8",36,16,"SQ_LDS_UNALIGNED_STALL",0.00000000e+00
"3__128_4_2048_16",36,16,"SQ_LDS_BANK_CONFLICT",256.000000
"3__128_4_2048_16",36,16,"SQ_LDS_UNALIGNED_STALL",0.00000000e+00
"3__128_8",36,16,"SQ_LDS_BANK_CONFLICT",512.000000
"3__128_8",36,16,"SQ_LDS_UNALIGNED_STALL",0.00000000e+00
"3__128_8_1024_4",36,16,"SQ_LDS_BANK_CONFLICT",128.000000
"3__128_8_1024_4",36,16,"SQ_LDS_UNALIGNED_STALL",0.00000000e+00
"3__128_8_1024_8",36,16,"SQ_LDS_BANK_CONFLICT",256.000000
"3__128_8_1024_8",36,16,"SQ_LDS_UNALIGNED_STALL",0.00000000e+00
"3__128_8_1024_16",36,16,"SQ_LDS_BANK_CONFLICT",512.000000
"3__128_8_1024_16",36,16,"SQ_LDS_UNALIGNED_STALL",0.00000000e+00
"3__128_16",36,16,"SQ_LDS_BANK_CONFLICT",1280.000000
"3__128_16",36,16,"SQ_LDS_UNALIGNED_STALL",0.00000000e+00
"3__128_16_512_4",36,16,"SQ_LDS_BANK_CONFLICT",384.000000
"3__128_16_512_4",36,16,"SQ_LDS_UNALIGNED_STALL",0.00000000e+00
"3__128_16_512_8",36,16,"SQ_LDS_BANK_CONFLICT",512.000000
"3__128_16_512_8",36,16,"SQ_LDS_UNALIGNED_STALL",0.00000000e+00
"3__128_16_512_16",36,16,"SQ_LDS_BANK_CONFLICT",768.000000
"3__128_16_512_16",36,16,"SQ_LDS_UNALIGNED_STALL",0.00000000e+00
"4__32_8",40,16,"SQ_LDS_BANK_CONFLICT",1024.000000
"4__32_8",40,16,"SQ_LDS_UNALIGNED_STALL",0.00000000e+00
"4__32_8_256_8",36,16,"SQ_LDS_BANK_CONFLICT",128.000000
"4__32_8_256_8",36,16,"SQ_LDS_UNALIGNED_STALL",0.00000000e+00
"4__32_8_256_16",36,16,"SQ_LDS_BANK_CONFLICT",312.000000
"4__32_8_256_16",36,16,"SQ_LDS_UNALIGNED_STALL",0.00000000e+00
"4__32_16",40,16,"SQ_LDS_BANK_CONFLICT",1280.000000
"4__32_16",40,16,"SQ_LDS_UNALIGNED_STALL",0.00000000e+00
"4__32_16_128_8",36,32,"SQ_LDS_BANK_CONFLICT",256.000000
"4__32_16_128_8",36,32,"SQ_LDS_UNALIGNED_STALL",0.00000000e+00
"4__32_16_128_16",36,32,"SQ_LDS_BANK_CONFLICT",600.000000
"4__32_16_128_16",36,32,"SQ_LDS_UNALIGNED_STALL",0.00000000e+00
"4__256_8",36,16,"SQ_LDS_BANK_CONFLICT",384.000000
"4__256_8",36,16,"SQ_LDS_UNALIGNED_STALL",0.00000000e+00
"4__256_8_2048_8",36,16,"SQ_LDS_BANK_CONFLICT",384.000000
"4__256_8_2048_8",36,16,"SQ_LDS_UNALIGNED_STALL",0.00000000e+00
"4__256_8_2048_16",36,16,"SQ_LDS_BANK_CONFLICT",384.000000
"4__256_8_2048_16",36,16,"SQ_LDS_UNALIGNED_STALL",0.00000000e+00
"4__256_16",36,16,"SQ_LDS_BANK_CONFLICT",512.000000
"4__256_16",36,16,"SQ_LDS_UNALIGNED_STALL",0.00000000e+00
"4__256_16_1024_8",36,16,"SQ_LDS_BANK_CONFLICT",384.000000
"4__256_16_1024_8",36,16,"SQ_LDS_UNALIGNED_STALL",0.00000000e+00
"4__256_16_1024_16",36,16,"SQ_LDS_BANK_CONFLICT",512.000000
"4__256_16_1024_16",36,16,"SQ_LDS_UNALIGNED_STALL",0.00000000e+00
"4__64_8",36,16,"SQ_LDS_BANK_CONFLICT",512.000000
"4__64_8",36,16,"SQ_LDS_UNALIGNED_STALL",0.00000000e+00
"4__64_8_512_8",36,16,"SQ_LDS_BANK_CONFLICT",184.000000
"4__64_8_512_8",36,16,"SQ_LDS_UNALIGNED_STALL",0.00000000e+00
"4__64_8_512_16",36,16,"SQ_LDS_BANK_CONFLICT",256.000000
"4__64_8_512_16",36,16,"SQ_LDS_UNALIGNED_STALL",0.00000000e+00
"4__64_16",36,16,"SQ_LDS_BANK_CONFLICT",1280.000000
"4__64_16",36,16,"SQ_LDS_UNALIGNED_STALL",0.00000000e+00
"4__64_16_256_8",36,16,"SQ_LDS_BANK_CONFLICT",128.000000
"4__64_16_256_8",36,16,"SQ_LDS_UNALIGNED_STALL",0.00000000e+00
"4__64_16_256_16",36,16,"SQ_LDS_BANK_CONFLICT",456.000000
"4__64_16_256_16",36,16,"SQ_LDS_UNALIGNED_STALL",0.00000000e+00
"4__128_8",36,16,"SQ_LDS_BANK_CONFLICT",256.000000
"4__128_8",36,16,"SQ_LDS_UNALIGNED_STALL",0.00000000e+00
"4__128_8_1024_8",36,16,"SQ_LDS_BANK_CONFLICT",128.000000
"4__128_8_1024_8",36,16,"SQ_LDS_UNALIGNED_STALL",0.00000000e+00
"4__128_8_1024_16",36,16,"SQ_LDS_BANK_CONFLICT",256.000000
"4__128_8_1024_16",36,16,"SQ_LDS_UNALIGNED_STALL",0.00000000e+00
"4__128_16",36,16,"SQ_LDS_BANK_CONFLICT",768.000000
"4__128_16",36,16,"SQ_LDS_UNALIGNED_STALL",0.00000000e+00
"4__128_16_512_8",36,16,"SQ_LDS_BANK_CONFLICT",104.000000
"4__128_16_512_8",36,16,"SQ_LDS_UNALIGNED_STALL",0.00000000e+00
"4__128_16_512_16",36,16,"SQ_LDS_BANK_CONFLICT",344.000000
"4__128_16_512_16",36,16,"SQ_LDS_UNALIGNED_STALL",0.00000000e+00
"5__32_8",40,16,"SQ_LDS_BANK_CONFLICT",1024.000000
"5__32_8",40,16,"SQ_LDS_UNALIGNED_STALL",0.00000000e+00
"5__32_8_256_8",36,16,"SQ_LDS_BANK_CONFLICT",68.000000
"5__32_8_256_8",36,16,"SQ_LDS_UNALIGNED_STALL",0.00000000e+00
"5__32_8_256_16",36,16,"SQ_LDS_BANK_CONFLICT",196.000000
"5__32_8_256_16",36,16,"SQ_LDS_UNALIGNED_STALL",0.00000000e+00
"5__32_16",40,16,"SQ_LDS_BANK_CONFLICT",1280.000000
"5__32_16",40,16,"SQ_LDS_UNALIGNED_STALL",0.00000000e+00
"5__32_16_128_8",36,16,"SQ_LDS_BANK_CONFLICT",196.000000
"5__32_16_128_8",36,16,"SQ_LDS_UNALIGNED_STALL",0.00000000e+00
"5__32_16_128_16",36,16,"SQ_LDS_BANK_CONFLICT",588.000000
"5__32_16_128_16",36,16,"SQ_LDS_UNALIGNED_STALL",0.00000000e+00
"5__256_8",36,16,"SQ_LDS_BANK_CONFLICT",384.000000
"5__256_8",36,16,"SQ_LDS_UNALIGNED_STALL",0.00000000e+00
"5__256_8_2048_8",36,16,"SQ_LDS_BANK_CONFLICT",384.000000
"5__256_8_2048_8",36,16,"SQ_LDS_UNALIGNED_STALL",0.00000000e+00
"5__256_8_2048_16",36,16,"SQ_LDS_BANK_CONFLICT",384.000000
"5__256_8_2048_16",36,16,"SQ_LDS_UNALIGNED_STALL",0.00000000e+00
"5__256_16",36,16,"SQ_LDS_BANK_CONFLICT",512.000000
"5__256_16",36,16,"SQ_LDS_UNALIGNED_STALL",0.00000000e+00
"5__256_16_1024_8",36,16,"SQ_LDS_BANK_CONFLICT",384.000000
"5__256_16_1024_8",36,16,"SQ_LDS_UNALIGNED_STALL",0.00000000e+00
"5__256_16_1024_16",36,16,"SQ_LDS_BANK_CONFLICT",512.000000
"5__256_16_1024_16",36,16,"SQ_LDS_UNALIGNED_STALL",0.00000000e+00
"5__64_8",36,16,"SQ_LDS_BANK_CONFLICT",512.000000
"5__64_8",36,16,"SQ_LDS_UNALIGNED_STALL",0.00000000e+00
"5__64_8_512_8",36,16,"SQ_LDS_BANK_CONFLICT",128.000000
"5__64_8_512_8",36,16,"SQ_LDS_UNALIGNED_STALL",0.00000000e+00
"5__64_8_512_16",36,16,"SQ_LDS_BANK_CONFLICT",256.000000
"5__64_8_512_16",36,16,"SQ_LDS_UNALIGNED_STALL",0.00000000e+00
"5__64_16",36,16,"SQ_LDS_BANK_CONFLICT",1280.000000
"5__64_16",36,16,"SQ_LDS_UNALIGNED_STALL",0.00000000e+00
"5__64_16_256_8",36,16,"SQ_LDS_BANK_CONFLICT",68.000000
"5__64_16_256_8",36,16,"SQ_LDS_UNALIGNED_STALL",0.00000000e+00
"5__64_16_256_16",36,16,"SQ_LDS_BANK_CONFLICT",332.000000
"5__64_16_256_16",36,16,"SQ_LDS_UNALIGNED_STALL",0.00000000e+00
"5__128_8",36,16,"SQ_LDS_BANK_CONFLICT",256.000000
"5__128_8",36,16,"SQ_LDS_UNALIGNED_STALL",0.00000000e+00
"5__128_8_1024_8",36,16,"SQ_LDS_BANK_CONFLICT",128.000000
"5__128_8_1024_8",36,16,"SQ_LDS_UNALIGNED_STALL",0.00000000e+00
"5__128_8_1024_16",36,16,"SQ_LDS_BANK_CONFLICT",256.000000
"5__128_8_1024_16",36,16,"SQ_LDS_UNALIGNED_STALL",0.00000000e+00
"5__128_16",36,16,"SQ_LDS_BANK_CONFLICT",768.000000
"5__128_16",36,16,"SQ_LDS_UNALIGNED_STALL",0.00000000e+00
"5__128_16_512_8",36,16,"SQ_LDS_BANK_CONFLICT",384.000000
"5__128_16_512_8",36,16,"SQ_LDS_UNALIGNED_STALL",0.00000000e+00
"5__128_16_512_16",36,16,"SQ_LDS_BANK_CONFLICT",512.000000
"5__128_16_512_16",36,16,"SQ_LDS_UNALIGNED_STALL",0.00000000e+00
"6__32_4",40,16,"SQ_LDS_BANK_CONFLICT",448.000000
"6__32_4",40,16,"SQ_LDS_UNALIGNED_STALL",0.00000000e+00
"6__32_4_512_4",36,16,"SQ_LDS_BANK_CONFLICT",24.000000
"6__32_4_512_4",36,16,"SQ_LDS_UNALIGNED_STALL",0.00000000e+00
"6__32_4_512_8",36,16,"SQ_LDS_BANK_CONFLICT",88.000000
"6__32_4_512_8",36,16,"SQ_LDS_UNALIGNED_STALL",0.00000000e+00
"6__32_4_512_16",36,16,"SQ_LDS_BANK_CONFLICT",216.000000
"6__32_4_512_16",36,16,"SQ_LDS_UNALIGNED_STALL",0.00000000e+00
"6__32_8",40,16,"SQ_LDS_BANK_CONFLICT",1024.000000
"6__32_8",40,16,"SQ_LDS_UNALIGNED_STALL",0.00000000e+00
"6__32_8_256_4",36,16,"SQ_LDS_BANK_CONFLICT",24.000000
"6__32_8_256_4",36,16,"SQ_LDS_UNALIGNED_STALL",0.00000000e+00
"6__32_8_256_8",36,16,"SQ_LDS_BANK_CONFLICT",128.000000
"6__32_8_256_8",36,16,"SQ_LDS_UNALIGNED_STALL",0.00000000e+00
"6__32_8_256_16",36,16,"SQ_LDS_BANK_CONFLICT",280.000000
"6__32_8_256_16",36,16,"SQ_LDS_UNALIGNED_STALL",0.00000000e+00
"6__32_16",40,16,"SQ_LDS_BANK_CONFLICT",1152.000000
"6__32_16",40,16,"SQ_LDS_UNALIGNED_STALL",0.00000000e+00
"6__32_16_128_4",36,16,"SQ_LDS_BANK_CONFLICT",88.000000
"6__32_16_128_4",36,16,"SQ_LDS_UNALIGNED_STALL",0.00000000e+00
"6__32_16_128_8",36,16,"SQ_LDS_BANK_CONFLICT",256.000000
"6__32_16_128_8",36,16,"SQ_LDS_UNALIGNED_STALL",0.00000000e+00
"6__32_16_128_16",36,16,"SQ_LDS_BANK_CONFLICT",568.000000
"6__32_16_128_16",36,16,"SQ_LDS_UNALIGNED_STALL",0.00000000e+00
"6__256_4",40,16,"SQ_LDS_BANK_CONFLICT",192.000000
"6__256_4",40,16,"SQ_LDS_UNALIGNED_STALL",0.00000000e+00
"6__256_4_4096_4",40,16,"SQ_LDS_BANK_CONFLICT",192.000000
"6__256_4_4096_4",40,16,"SQ_LDS_UNALIGNED_STALL",0.00000000e+00
"6__256_4_4096_8",40,16,"SQ_LDS_BANK_CONFLICT",192.000000
"6__256_4_4096_8",40,16,"SQ_LDS_UNALIGNED_STALL",0.00000000e+00
"6__256_4_4096_16",40,16,"SQ_LDS_BANK_CONFLICT",192.000000
"6__256_4_4096_16",40,16,"SQ_LDS_UNALIGNED_STALL",0.00000000e+00
"6__256_8",40,16,"SQ_LDS_BANK_CONFLICT",256.000000
"6__256_8",40,16,"SQ_LDS_UNALIGNED_STALL",0.00000000e+00
"6__256_8_2048_4",36,16,"SQ_LDS_BANK_CONFLICT",192.000000
"6__256_8_2048_4",36,16,"SQ_LDS_UNALIGNED_STALL",0.00000000e+00
"6__256_8_2048_8",36,16,"SQ_LDS_BANK_CONFLICT",256.000000
"6__256_8_2048_8",36,16,"SQ_LDS_UNALIGNED_STALL",0.00000000e+00
"6__256_8_2048_16",36,16,"SQ_LDS_BANK_CONFLICT",256.000000
"6__256_8_2048_16",36,16,"SQ_LDS_UNALIGNED_STALL",0.00000000e+00
"6__256_16",36,16,"SQ_LDS_BANK_CONFLICT",384.000000
"6__256_16",36,16,"SQ_LDS_UNALIGNED_STALL",0.00000000e+00
"6__256_16_1024_4",36,16,"SQ_LDS_BANK_CONFLICT",192.000000
"6__256_16_1024_4",36,16,"SQ_LDS_UNALIGNED_STALL",0.00000000e+00
"6__256_16_1024_8",36,16,"SQ_LDS_BANK_CONFLICT",256.000000
"6__256_16_1024_8",36,16,"SQ_LDS_UNALIGNED_STALL",0.00000000e+00
"6__256_16_1024_16",36,16,"SQ_LDS_BANK_CONFLICT",384.000000
"6__256_16_1024_16",36,16,"SQ_LDS_UNALIGNED_STALL",0.00000000e+00
"6__64_4",36,16,"SQ_LDS_BANK_CONFLICT",192.000000
"6__64_4",36,16,"SQ_LDS_UNALIGNED_STALL",0.00000000e+00
"6__64_4_1024_4",36,16,"SQ_LDS_BANK_CONFLICT",0.00000000e+00
"6__64_4_1024_4",36,16,"SQ_LDS_UNALIGNED_STALL",0.00000000e+00
"6__64_4_1024_8",36,16,"SQ_LDS_BANK_CONFLICT",64.000000
"6__64_4_1024_8",36,16,"SQ_LDS_UNALIGNED_STALL",0.00000000e+00
"6__64_4_1024_16",36,16,"SQ_LDS_BANK_CONFLICT",192.000000
"6__64_4_1024_16",36,16,"SQ_LDS_UNALIGNED_STALL",0.00000000e+00
"6__64_8",36,16,"SQ_LDS_BANK_CONFLICT",512.000000
"6__64_8",36,16,"SQ_LDS_UNALIGNED_STALL",0.00000000e+00
"6__64_8_512_4",36,16,"SQ_LDS_BANK_CONFLICT",40.000000
"6__64_8_512_4",36,16,"SQ_LDS_UNALIGNED_STALL",0.00000000e+00
"6__64_8_512_8",36,16,"SQ_LDS_BANK_CONFLICT",152.000000
"6__64_8_512_8",36,16,"SQ_LDS_UNALIGNED_STALL",0.00000000e+00
"6__64_8_512_16",36,16,"SQ_LDS_BANK_CONFLICT",256.000000
"6__64_8_512_16",36,16,"SQ_LDS_UNALIGNED_STALL",0.00000000e+00
"6__64_16",36,16,"SQ_LDS_BANK_CONFLICT",1152.000000
"6__64_16",36,16,"SQ_LDS_UNALIGNED_STALL",0.00000000e+00
"6__64_16_256_4",36,16,"SQ_LDS_BANK_CONFLICT",40.000000
"6__64_16_256_4",36,16,"SQ_LDS_UNALIGNED_STALL",0.00000000e+00
"6__64_16_256_8",36,16,"SQ_LDS_BANK_CONFLICT",128.000000
"6__64_16_256_8",36,16,"SQ_LDS_UNALIGNED_STALL",0.00000000e+00
"6__64_16_256_16",36,16,"SQ_LDS_BANK_CONFLICT",360.000000
"6__64_16_256_16",36,16,"SQ_LDS_UNALIGNED_STALL",0.00000000e+00
"6__128_4",36,16,"SQ_LDS_BANK_CONFLICT",128.000000
"6__128_4",36,16,"SQ_LDS_UNALIGNED_STALL",0.00000000e+00
"6__128_4_2048_4",36,16,"SQ_LDS_BANK_CONFLICT",64.000000
"6__128_4_2048_4",36,16,"SQ_LDS_UNALIGNED_STALL",0.00000000e+00
"6__128_4_2048_8",36,16,"SQ_LDS_BANK_CONFLICT",128.000000
"6__128_4_2048_8",36,16,"SQ_LDS_UNALIGNED_STALL",0.00000000e+00
"6__128_4_2048_16",36,16,"SQ_LDS_BANK_CONFLICT",128.000000
"6__128_4_2048_16",36,16,"SQ_LDS_UNALIGNED_STALL",0.00000000e+00
"6__128_8",36,16,"SQ_LDS_BANK_CONFLICT",256.000000
"6__128_8",36,16,"SQ_LDS_UNALIGNED_STALL",0.00000000e+00
"6__128_8_1024_4",36,16,"SQ_LDS_BANK_CONFLICT",64.000000
"6__128_8_1024_4",36,16,"SQ_LDS_UNALIGNED_STALL",0.00000000e+00
"6__128_8_1024_8",36,16,"SQ_LDS_BANK_CONFLICT",128.000000
"6__128_8_1024_8",36,16,"SQ_LDS_UNALIGNED_STALL",0.00000000e+00
"6__128_8_1024_16",36,16,"SQ_LDS_BANK_CONFLICT",256.000000
"6__128_8_1024_16",36,16,"SQ_LDS_UNALIGNED_STALL",0.00000000e+00
"6__128_16",36,16,"SQ_LDS_BANK_CONFLICT",640.000000
"6__128_16",36,16,"SQ_LDS_UNALIGNED_STALL",0.00000000e+00
"6__128_16_512_4",36,16,"SQ_LDS_BANK_CONFLICT",72.000000
"6__128_16_512_4",36,16,"SQ_LDS_UNALIGNED_STALL",0.00000000e+00
"6__128_16_512_8",36,16,"SQ_LDS_BANK_CONFLICT",136.000000
"6__128_16_512_8",36,16,"SQ_LDS_UNALIGNED_STALL",0.00000000e+00
"6__128_16_512_16",36,16,"SQ_LDS_BANK_CONFLICT",312.000000
"6__128_16_512_16",36,16,"SQ_LDS_UNALIGNED_STALL",0.00000000e+00
"7__32_4",40,16,"SQ_LDS_BANK_CONFLICT",448.000000
"7__32_4",40,16,"SQ_LDS_UNALIGNED_STALL",0.00000000e+00
"7__32_4_512_4",40,16,"SQ_LDS_BANK_CONFLICT",0.00000000e+00
"7__32_4_512_4",40,16,"SQ_LDS_UNALIGNED_STALL",0.00000000e+00
"7__32_4_512_8",40,16,"SQ_LDS_BANK_CONFLICT",64.000000
"7__32_4_512_8",40,16,"SQ_LDS_UNALIGNED_STALL",0.00000000e+00
"7__32_4_512_16",40,16,"SQ_LDS_BANK_CONFLICT",192.000000
"7__32_4_512_16",40,16,"SQ_LDS_UNALIGNED_STALL",0.00000000e+00
"7__32_8",40,16,"SQ_LDS_BANK_CONFLICT",1024.000000
"7__32_8",40,16,"SQ_LDS_UNALIGNED_STALL",0.00000000e+00
"7__32_8_256_4",36,16,"SQ_LDS_BANK_CONFLICT",28.000000
"7__32_8_256_4",36,16,"SQ_LDS_UNALIGNED_STALL",0.00000000e+00
"7__32_8_256_8",36,16,"SQ_LDS_BANK_CONFLICT",100.000000
"7__32_8_256_8",36,16,"SQ_LDS_UNALIGNED_STALL",0.00000000e+00
"7__32_8_256_16",36,16,"SQ_LDS_BANK_CONFLICT",228.000000
"7__32_8_256_16",36,16,"SQ_LDS_UNALIGNED_STALL",0.00000000e+00
"7__32_16",40,16,"SQ_LDS_BANK_CONFLICT",1152.000000
"7__32_16",40,16,"SQ_LDS_UNALIGNED_STALL",0.00000000e+00
"7__32_16_128_4",36,16,"SQ_LDS_BANK_CONFLICT",92.000000
"7__32_16_128_4",36,16,"SQ_LDS_UNALIGNED_STALL",0.00000000e+00
"7__32_16_128_8",36,16,"SQ_LDS_BANK_CONFLICT",228.000000
"7__32_16_128_8",36,16,"SQ_LDS_UNALIGNED_STALL",0.00000000e+00
"7__32_16_128_16",36,16,"SQ_LDS_BANK_CONFLICT",556.000000
"7__32_16_128_16",36,16,"SQ_LDS_UNALIGNED_STALL",0.00000000e+00
"7__256_4",36,16,"SQ_LDS_BANK_CONFLICT",192.000000
"7__256_4",36,16,"SQ_LDS_UNALIGNED_STALL",0.00000000e+00
"7__256_4_4096_4",36,16,"SQ_LDS_BANK_CONFLICT",192.000000
"7__256_4_4096_4",36,16,"SQ_LDS_UNALIGNED_STALL",0.00000000e+00
"7__256_4_4096_8",36,16,"SQ_LDS_BANK_CONFLICT",192.000000
"7__256_4_4096_8",36,16,"SQ_LDS_UNALIGNED_STALL",0.00000000e+00
"7__256_4_4096_16",36,16,"SQ_LDS_BANK_CONFLICT",192.000000
"7__256_4_4096_16",36,16,"SQ_LDS_UNALIGNED_STALL",0.00000000e+00
"7__256_8",36,16,"SQ_LDS_BANK_CONFLICT",256.000000
"7__256_8",36,16,"SQ_LDS_UNALIGNED_STALL",0.00000000e+00
"7__256_8_2048_4",36,16,"SQ_LDS_BANK_CONFLICT",192.000000
"7__256_8_2048_4",36,16,"SQ_LDS_UNALIGNED_STALL",0.00000000e+00
"7__256_8_2048_8",36,16,"SQ_LDS_BANK_CONFLICT",256.000000
"7__256_8_2048_8",36,16,"SQ_LDS_UNALIGNED_STALL",0.00000000e+00
"7__256_8_2048_16",36,16,"SQ_LDS_BANK_CONFLICT",256.000000
"7__256_8_2048_16",36,16,"SQ_LDS_UNALIGNED_STALL",0.00000000e+00
"7__256_16",36,16,"SQ_LDS_BANK_CONFLICT",384.000000
"7__256_16",36,16,"SQ_LDS_UNALIGNED_STALL",0.00000000e+00
"7__256_16_1024_4",36,16,"SQ_LDS_BANK_CONFLICT",192.000000
"7__256_16_1024_4",36,16,"SQ_LDS_UNALIGNED_STALL",0.00000000e+00
"7__256_16_1024_8",36,16,"SQ_LDS_BANK_CONFLICT",256.000000
"7__256_16_1024_8",36,16,"SQ_LDS_UNALIGNED_STALL",0.00000000e+00
"7__256_16_1024_16",36,16,"SQ_LDS_BANK_CONFLICT",384.000000
"7__256_16_1024_16",36,16,"SQ_LDS_UNALIGNED_STALL",0.00000000e+00
"7__64_4",36,16,"SQ_LDS_BANK_CONFLICT",192.000000
"7__64_4",36,16,"SQ_LDS_UNALIGNED_STALL",0.00000000e+00
"7__64_4_1024_4",36,16,"SQ_LDS_BANK_CONFLICT",0.00000000e+00
"7__64_4_1024_4",36,16,"SQ_LDS_UNALIGNED_STALL",0.00000000e+00
"7__64_4_1024_8",36,16,"SQ_LDS_BANK_CONFLICT",64.000000
"7__64_4_1024_8",36,16,"SQ_LDS_UNALIGNED_STALL",0.00000000e+00
"7__64_4_1024_16",36,16,"SQ_LDS_BANK_CONFLICT",192.000000
"7__64_4_1024_16",36,16,"SQ_LDS_UNALIGNED_STALL",0.00000000e+00
"7__64_8",36,16,"SQ_LDS_BANK_CONFLICT",512.000000
"7__64_8",36,16,"SQ_LDS_UNALIGNED_STALL",0.00000000e+00
"7__64_8_512_4",36,16,"SQ_LDS_BANK_CONFLICT",64.000000
"7__64_8_512_4",36,16,"SQ_LDS_UNALIGNED_STALL",0.00000000e+00
"7__64_8_512_8",36,16,"SQ_LDS_BANK_CONFLICT",128.000000
"7__64_8_512_8",36,16,"SQ_LDS_UNALIGNED_STALL",0.00000000e+00
"7__64_8_512_16",36,16,"SQ_LDS_BANK_CONFLICT",256.000000
"7__64_8_512_16",36,16,"SQ_LDS_UNALIGNED_STALL",0.00000000e+00
"7__64_16",36,16,"SQ_LDS_BANK_CONFLICT",1152.000000
"7__64_16",36,16,"SQ_LDS_UNALIGNED_STALL",0.00000000e+00
"7__64_16_256_4",36,16,"SQ_LDS_BANK_CONFLICT",36.000000
"7__64_16_256_4",36,16,"SQ_LDS_UNALIGNED_STALL",0.00000000e+00
"7__64_16_256_8",36,16,"SQ_LDS_BANK_CONFLICT",100.000000
"7__64_16_256_8",36,16,"SQ_LDS_UNALIGNED_STALL",0.00000000e+00
"7__64_16_256_16",36,16,"SQ_LDS_BANK_CONFLICT",300.000000
"7__64_16_256_16",36,16,"SQ_LDS_UNALIGNED_STALL",0.00000000e+00
"7__128_4",36,16,"SQ_LDS_BANK_CONFLICT",128.000000
"7__128_4",36,16,"SQ_LDS_UNALIGNED_STALL",0.00000000e+00
"7__128_4_2048_4",36,16,"SQ_LDS_BANK_CONFLICT",64.000000
"7__128_4_2048_4",36,16,"SQ_LDS_UNALIGNED_STALL",0.00000000e+00
"7__128_4_2048_8",36,16,"SQ_LDS_BANK_CONFLICT",128.000000
"7__128_4_2048_8",36,16,"SQ_LDS_UNALIGNED_STALL",0.00000000e+00
"7__128_4_2048_16",36,16,"SQ_LDS_BANK_CONFLICT",128.000000
"7__128_4_2048_16",36,16,"SQ_LDS_UNALIGNED_STALL",0.00000000e+00
"7__128_8",36,16,"SQ_LDS_BANK_CONFLICT",256.000000
"7__128_8",36,16,"SQ_LDS_UNALIGNED_STALL",0.00000000e+00
"7__128_8_1024_4",36,16,"SQ_LDS_BANK_CONFLICT",64.000000
"7__128_8_1024_4",36,16,"SQ_LDS_UNALIGNED_STALL",0.00000000e+00
"7__128_8_1024_8",36,16,"SQ_LDS_BANK_CONFLICT",128.000000
"7__128_8_1024_8",36,16,"SQ_LDS_UNALIGNED_STALL",0.00000000e+00
"7__128_8_1024_16",36,16,"SQ_LDS_BANK_CONFLICT",256.000000
"7__128_8_1024_16",36,16,"SQ_LDS_UNALIGNED_STALL",0.00000000e+00
"7__128_16",36,16,"SQ_LDS_BANK_CONFLICT",640.000000
"7__128_16",36,16,"SQ_LDS_UNALIGNED_STALL",0.00000000e+00
"7__128_16_512_4",36,16,"SQ_LDS_BANK_CONFLICT",192.000000
"7__128_16_512_4",36,16,"SQ_LDS_UNALIGNED_STALL",0.00000000e+00
"7__128_16_512_8",36,16,"SQ_LDS_BANK_CONFLICT",256.000000
"7__128_16_512_8",36,16,"SQ_LDS_UNALIGNED_STALL",0.00000000e+00
"7__128_16_512_16",36,16,"SQ_LDS_BANK_CONFLICT",384.000000
"7__128_16_512_16",36,16,"SQ_LDS_UNALIGNED_STALL",0.00000000e+00
"8__32_4",40,16,"SQ_LDS_BANK_CONFLICT",448.000000
"8__32_4",40,16,"SQ_LDS_UNALIGNED_STALL",0.00000000e+00
"8__32_4_512_4",36,16,"SQ_LDS_BANK_CONFLICT",24.000000
"8__32_4_512_4",36,16,"SQ_LDS_UNALIGNED_STALL",0.00000000e+00
"8__32_4_512_8",36,16,"SQ_LDS_BANK_CONFLICT",88.000000
"8__32_4_512_8",36,16,"SQ_LDS_UNALIGNED_STALL",0.00000000e+00
"8__32_4_512_16",36,16,"SQ_LDS_BANK_CONFLICT",216.000000
"8__32_4_512_16",36,16,"SQ_LDS_UNALIGNED_STALL",0.00000000e+00
"8__32_8",40,16,"SQ_LDS_BANK_CONFLICT",1024.000000
"8__32_8",40,16,"SQ_LDS_UNALIGNED_STALL",0.00000000e+00
"8__32_8_256_4",36,16,"SQ_LDS_BANK_CONFLICT",24.000000
"8__32_8_256_4",36,16,"SQ_LDS_UNALIGNED_STALL",0.00000000e+00
"8__32_8_256_8",36,16,"SQ_LDS_BANK_CONFLICT",128.000000
"8__32_8_256_8",36,16,"SQ_LDS_UNALIGNED_STALL",0.00000000e+00
"8__32_8_256_16",36,16,"SQ_LDS_BANK_CONFLICT",280.000000
"8__32_8_256_16",36,16,"SQ_LDS_UNALIGNED_STALL",0.00000000e+00
"8__32_16",40,16,"SQ_LDS_BANK_CONFLICT",1152.000000
"8__32_16",40,16,"SQ_LDS_UNALIGNED_STALL",0.00000000e+00
"8__32_16_128_4",36,32,"SQ_LDS_BANK_CONFLICT",88.000000
"8__32_16_128_4",36,32,"SQ_LDS_UNALIGNED_STALL",0.00000000e+00
"8__32_16_128_8",36,32,"SQ_LDS_BANK_CONFLICT",256.000000
"8__32_16_128_8",36,32,"SQ_LDS_UNALIGNED_STALL",0.00000000e+00
"8__32_16_128_16",36,32,"SQ_LDS_BANK_CONFLICT",568.000000
"8__32_16_128_16",36,32,"SQ_LDS_UNALIGNED_STALL",0.00000000e+00
"8__256_4",40,16,"SQ_LDS_BANK_CONFLICT",192.000000
"8__256_4",40,16,"SQ_LDS_UNALIGNED_STALL",0.00000000e+00
"8__256_4_4096_4",40,16,"SQ_LDS_BANK_CONFLICT",192.000000
"8__256_4_4096_4",40,16,"SQ_LDS_UNALIGNED_STALL",0.00000000e+00
"8__256_4_4096_8",40,16,"SQ_LDS_BANK_CONFLICT",192.000000
"8__256_4_4096_8",40,16,"SQ_LDS_UNALIGNED_STALL",0.00000000e+00
"8__256_4_4096_16",40,16,"SQ_LDS_BANK_CONFLICT",192.000000
"8__256_4_4096_16",40,16,"SQ_LDS_UNALIGNED_STALL",0.00000000e+00
"8__256_8",40,16,"SQ_LDS_BANK_CONFLICT",256.000000
"8__256_8",40,16,"SQ_LDS_UNALIGNED_STALL",0.00000000e+00
"8__256_8_2048_4",40,16,"SQ_LDS_BANK_CONFLICT",192.000000
"8__256_8_2048_4",40,16,"SQ_LDS_UNALIGNED_STALL",0.00000000e+00
"8__256_8_2048_8",40,16,"SQ_LDS_BANK_CONFLICT",256.000000
"8__256_8_2048_8",40,16,"SQ_LDS_UNALIGNED_STALL",0.00000000e+00
"8__256_8_2048_16",40,16,"SQ_LDS_BANK_CONFLICT",256.000000
"8__256_8_2048_16",40,16,"SQ_LDS_UNALIGNED_STALL",0.00000000e+00
"8__256_16",40,16,"SQ_LDS_BANK_CONFLICT",384.000000
"8__256_16",40,16,"SQ_LDS_UNALIGNED_STALL",0.00000000e+00
"8__256_16_1024_4",40,16,"SQ_LDS_BANK_CONFLICT",192.000000
"8__256_16_1024_4",40,16,"SQ_LDS_UNALIGNED_STALL",0.00000000e+00
"8__256_16_1024_8",40,16,"SQ_LDS_BANK_CONFLICT",256.000000
"8__256_16_1024_8",40,16,"SQ_LDS_UNALIGNED_STALL",0.00000000e+00
"8__256_16_1024_16",40,16,"SQ_LDS_BANK_CONFLICT",384.000000
"8__256_16_1024_16",40,16,"SQ_LDS_UNALIGNED_STALL",0.00000000e+00
"8__64_4",36,16,"SQ_LDS_BANK_CONFLICT",192.000000
"8__64_4",36,16,"SQ_LDS_UNALIGNED_STALL",0.00000000e+00
"8__64_4_1024_4",36,16,"SQ_LDS_BANK_CONFLICT",0.00000000e+00
"8__64_4_1024_4",36,16,"SQ_LDS_UNALIGNED_STALL",0.00000000e+00
"8__64_4_1024_8",36,16,"SQ_LDS_BANK_CONFLICT",64.000000
"8__64_4_1024_8",36,16,"SQ_LDS_UNALIGNED_STALL",0.00000000e+00
"8__64_4_1024_16",36,16,"SQ_LDS_BANK_CONFLICT",192.000000
"8__64_4_1024_16",36,16,"SQ_LDS_UNALIGNED_STALL",0.00000000e+00
"8__64_8",36,16,"SQ_LDS_BANK_CONFLICT",512.000000
"8__64_8",36,16,"SQ_LDS_UNALIGNED_STALL",0.00000000e+00
"8__64_8_512_4",36,16,"SQ_LDS_BANK_CONFLICT",40.000000
"8__64_8_512_4",36,16,"SQ_LDS_UNALIGNED_STALL",0.00000000e+00
"8__64_8_512_8",36,16,"SQ_LDS_BANK_CONFLICT",152.000000
"8__64_8_512_8",36,16,"SQ_LDS_UNALIGNED_STALL",0.00000000e+00
"8__64_8_512_16",36,16,"SQ_LDS_BANK_CONFLICT",256.000000
"8__64_8_512_16",36,16,"SQ_LDS_UNALIGNED_STALL",0.00000000e+00
"8__64_16",36,16,"SQ_LDS_BANK_CONFLICT",1152.000000
"8__64_16",36,16,"SQ_LDS_UNALIGNED_STALL",0.00000000e+00
"8__64_16_256_4",36,16,"SQ_LDS_BANK_CONFLICT",40.000000
"8__64_16_256_4",36,16,"SQ_LDS_UNALIGNED_STALL",0.00000000e+00
"8__64_16_256_8",36,16,"SQ_LDS_BANK_CONFLICT",128.000000
"8__64_16_256_8",36,16,"SQ_LDS_UNALIGNED_STALL",0.00000000e+00
"8__64_16_256_16",36,16,"SQ_LDS_BANK_CONFLICT",360.000000
"8__64_16_256_16",36,16,"SQ_LDS_UNALIGNED_STALL",0.00000000e+00
"8__128_4",36,16,"SQ_LDS_BANK_CONFLICT",128.000000
"8__128_4",36,16,"SQ_LDS_UNALIGNED_STALL",0.00000000e+00
"8__128_4_2048_4",36,16,"SQ_LDS_BANK_CONFLICT",64.000000
"8__128_4_2048_4",36,16,"SQ_LDS_UNALIGNED_STALL",0.00000000e+00
"8__128_4_2048_8",36,16,"SQ_LDS_BANK_CONFLICT",128.000000
"8__128_4_2048_8",36,16,"SQ_LDS_UNALIGNED_STALL",0.00000000e+00
"8__128_4_2048_16",36,16,"SQ_LDS_BANK_CONFLICT",128.000000
"8__128_4_2048_16",36,16,"SQ_LDS_UNALIGNED_STALL",0.00000000e+00
"8__128_8",36,16,"SQ_LDS_BANK_CONFLICT",256.000000
"8__128_8",36,16,"SQ_LDS_UNALIGNED_STALL",0.00000000e+00
"8__128_8_1024_4",36,16,"SQ_LDS_BANK_CONFLICT",64.000000
"8__128_8_1024_4",36,16,"SQ_LDS_UNALIGNED_STALL",0.00000000e+00
"8__128_8_1024_8",36,16,"SQ_LDS_BANK_CONFLICT",128.000000
"8__128_8_1024_8",36,16,"SQ_LDS_UNALIGNED_STALL",0.00000000e+00
"8__128_8_1024_16",36,16,"SQ_LDS_BANK_CONFLICT",256.000000
"8__128_8_1024_16",36,16,"SQ_LDS_UNALIGNED_STALL",0.00000000e+00
"8__128_16",36,16,"SQ_LDS_BANK_CONFLICT",640.000000
"8__128_16",36,16,"SQ_LDS_UNALIGNED_STALL",0.00000000e+00
"8__128_16_512_4",36,16,"SQ_LDS_BANK_CONFLICT",72.000000
"8__128_16_512_4",36,16,"SQ_LDS_UNALIGNED_STALL",0.00000000e+00
"8__128_16_512_8",36,16,"SQ_LDS_BANK_CONFLICT",136.000000
"8__128_16_512_8",36,16,"SQ_LDS_UNALIGNED_STALL",0.00000000e+00
"8__128_16_512_16",36,16,"SQ_LDS_BANK_CONFLICT",312.000000
"8__128_16_512_16",36,16,"SQ_LDS_UNALIGNED_STALL",0.00000000e+00
"9__32_4",40,16,"SQ_LDS_BANK_CONFLICT",448.000000
"9__32_4",40,16,"SQ_LDS_UNALIGNED_STALL",0.00000000e+00
"9__32_4_512_4",40,16,"SQ_LDS_BANK_CONFLICT",0.00000000e+00
"9__32_4_512_4",40,16,"SQ_LDS_UNALIGNED_STALL",0.00000000e+00
"9__32_4_512_8",40,16,"SQ_LDS_BANK_CONFLICT",64.000000
"9__32_4_512_8",40,16,"SQ_LDS_UNALIGNED_STALL",0.00000000e+00
"9__32_4_512_16",40,16,"SQ_LDS_BANK_CONFLICT",192.000000
"9__32_4_512_16",40,16,"SQ_LDS_UNALIGNED_STALL",0.00000000e+00
"9__32_8",40,16,"SQ_LDS_BANK_CONFLICT",1024.000000
"9__32_8",40,16,"SQ_LDS_UNALIGNED_STALL",0.00000000e+00
"9__32_8_256_4",36,16,"SQ_LDS_BANK_CONFLICT",28.000000
"9__32_8_256_4",36,16,"SQ_LDS_UNALIGNED_STALL",0.00000000e+00
"9__32_8_256_8",36,16,"SQ_LDS_BANK_CONFLICT",100.000000
"9__32_8_256_8",36,16,"SQ_LDS_UNALIGNED_STALL",0.00000000e+00
"9__32_8_256_16",36,16,"SQ_LDS_BANK_CONFLICT",228.000000
"9__32_8_256_16",36,16,"SQ_LDS_UNALIGNED_STALL",0.00000000e+00
"9__32_16",36,16,"SQ_LDS_BANK_CONFLICT",1152.000000
"9__32_16",36,16,"SQ_LDS_UNALIGNED_STALL",0.00000000e+00
"9__32_16_128_4",36,16,"SQ_LDS_BANK_CONFLICT",92.000000
"9__32_16_128_4",36,16,"SQ_LDS_UNALIGNED_STALL",0.00000000e+00
"9__32_16_128_8",36,16,"SQ_LDS_BANK_CONFLICT",228.000000
"9__32_16_128_8",36,16,"SQ_LDS_UNALIGNED_STALL",0.00000000e+00
"9__32_16_128_16",36,16,"SQ_LDS_BANK_CONFLICT",556.000000
"9__32_16_128_16",36,16,"SQ_LDS_UNALIGNED_STALL",0.00000000e+00
"9__256_4",36,16,"SQ_LDS_BANK_CONFLICT",192.000000
"9__256_4",36,16,"SQ_LDS_UNALIGNED_STALL",0.00000000e+00
"9__256_4_4096_4",36,16,"SQ_LDS_BANK_CONFLICT",192.000000
"9__256_4_4096_4",36,16,"SQ_LDS_UNALIGNED_STALL",0.00000000e+00
"9__256_4_4096_8",36,16,"SQ_LDS_BANK_CONFLICT",192.000000
"9__256_4_4096_8",36,16,"SQ_LDS_UNALIGNED_STALL",0.00000000e+00
"9__256_4_4096_16",36,16,"SQ_LDS_BANK_CONFLICT",192.000000
"9__256_4_4096_16",36,16,"SQ_LDS_UNALIGNED_STALL",0.00000000e+00
"9__256_8",36,16,"SQ_LDS_BANK_CONFLICT",256.000000
"9__256_8",36,16,"SQ_LDS_UNALIGNED_STALL",0.00000000e+00
"9__256_8_2048_4",36,16,"SQ_LDS_BANK_CONFLICT",192.000000
"9__256_8_2048_4",36,16,"SQ_LDS_UNALIGNED_STALL",0.00000000e+00
"9__256_8_2048_8",36,16,"SQ_LDS_BANK_CONFLICT",256.000000
"9__256_8_2048_8",36,16,"SQ_LDS_UNALIGNED_STALL",0.00000000e+00
"9__256_8_2048_16",36,16,"SQ_LDS_BANK_CONFLICT",256.000000
"9__256_8_2048_16",36,16,"SQ_LDS_UNALIGNED_STALL",0.00000000e+00
"9__256_16",36,16,"SQ_LDS_BANK_CONFLICT",384.000000
"9__256_16",36,16,"SQ_LDS_UNALIGNED_STALL",0.00000000e+00
"9__256_16_1024_4",36,16,"SQ_LDS_BANK_CONFLICT",192.000000
"9__256_16_1024_4",36,16,"SQ_LDS_UNALIGNED_STALL",0.00000000e+00
"9__256_16_1024_8",36,16,"SQ_LDS_BANK_CONFLICT",256.000000
"9__256_16_1024_8",36,16,"SQ_LDS_UNALIGNED_STALL",0.00000000e+00
"9__256_16_1024_16",36,16,"SQ_LDS_BANK_CONFLICT",384.000000
"9__256_16_1024_16",36,16,"SQ_LDS_UNALIGNED_STALL",0.00000000e+00
"9__64_4",36,16,"SQ_LDS_BANK_CONFLICT",192.000000
"9__64_4",36,16,"SQ_LDS_UNALIGNED_STALL",0.00000000e+00
"9__64_4_1024_4",36,16,"SQ_LDS_BANK_CONFLICT",0.00000000e+00
"9__64_4_1024_4",36,16,"SQ_LDS_UNALIGNED_STALL",0.00000000e+00
"9__64_4_1024_8",36,16,"SQ_LDS_BANK_CONFLICT",64.000000
"9__64_4_1024_8",36,16,"SQ_LDS_UNALIGNED_STALL",0.00000000e+00
"9__64_4_1024_16",36,16,"SQ_LDS_BANK_CONFLICT",192.000000
"9__64_4_1024_16",36,16,"SQ_LDS_UNALIGNED_STALL",0.00000000e+00
"9__64_8",36,16,"SQ_LDS_BANK_CONFLICT",512.000000
"9__64_8",36,16,"SQ_LDS_UNALIGNED_STALL",0.00000000e+00
"9__64_8_512_4",36,16,"SQ_LDS_BANK_CONFLICT",64.000000
"9__64_8_512_4",36,16,"SQ_LDS_UNALIGNED_STALL",0.00000000e+00
"9__64_8_512_8",36,16,"SQ_LDS_BANK_CONFLICT",128.000000
"9__64_8_512_8",36,16,"SQ_LDS_UNALIGNED_STALL",0.00000000e+00
"9__64_8_512_16",36,16,"SQ_LDS_BANK_CONFLICT",256.000000
"9__64_8_512_16",36,16,"SQ_LDS_UNALIGNED_STALL",0.00000000e+00
"9__64_16",36,16,"SQ_LDS_BANK_CONFLICT",1152.000000
"9__64_16",36,16,"SQ_LDS_UNALIGNED_STALL",0.00000000e+00
"9__64_16_256_4",36,16,"SQ_LDS_BANK_CONFLICT",36.000000
"9__64_16_256_4",36,16,"SQ_LDS_UNALIGNED_STALL",0.00000000e+00
"9__64_16_256_8",36,16,"SQ_LDS_BANK_CONFLICT",100.000000
"9__64_16_256_8",36,16,"SQ_LDS_UNALIGNED_STALL",0.00000000e+00
"9__64_16_256_16",36,16,"SQ_LDS_BANK_CONFLICT",300.000000
"9__64_16_256_16",36,16,"SQ_LDS_UNALIGNED_STALL",0.00000000e+00
"9__128_4",36,16,"SQ_LDS_BANK_CONFLICT",128.000000
"9__128_4",36,16,"SQ_LDS_UNALIGNED_STALL",0.00000000e+00
"9__128_4_2048_4",36,16,"SQ_LDS_BANK_CONFLICT",64.000000
"9__128_4_2048_4",36,16,"SQ_LDS_UNALIGNED_STALL",0.00000000e+00
"9__128_4_2048_8",36,16,"SQ_LDS_BANK_CONFLICT",128.000000
"9__128_4_2048_8",36,16,"SQ_LDS_UNALIGNED_STALL",0.00000000e+00
"9__128_4_2048_16",36,16,"SQ_LDS_BANK_CONFLICT",128.000000
"9__128_4_2048_16",36,16,"SQ_LDS_UNALIGNED_STALL",0.00000000e+00
"9__128_8",36,16,"SQ_LDS_BANK_CONFLICT",256.000000
"9__128_8",36,16,"SQ_LDS_UNALIGNED_STALL",0.00000000e+00
"9__128_8_1024_4",36,16,"SQ_LDS_BANK_CONFLICT",64.000000
"9__128_8_1024_4",36,16,"SQ_LDS_UNALIGNED_STALL",0.00000000e+00
"9__128_8_1024_8",36,16,"SQ_LDS_BANK_CONFLICT",128.000000
"9__128_8_1024_8",36,16,"SQ_LDS_UNALIGNED_STALL",0.00000000e+00
"9__128_8_1024_16",36,16,"SQ_LDS_BANK_CONFLICT",256.000000
"9__128_8_1024_16",36,16,"SQ_LDS_UNALIGNED_STALL",0.00000000e+00
"9__128_16",36,16,"SQ_LDS_BANK_CONFLICT",640.000000
"9__128_16",36,16,"SQ_LDS_UNALIGNED_STALL",0.00000000e+00
"9__128_16_512_4",36,16,"SQ_LDS_BANK_CONFLICT",192.000000
"9__128_16_512_4",36,16,"SQ_LDS_UNALIGNED_STALL",0.00000000e+00
"9__128_16_512_8",36,16,"SQ_LDS_BANK_CONFLICT",256.000000
"9__128_16_512_8",36,16,"SQ_LDS_UNALIGNED_STALL",0.00000000e+00
"9__128_16_512_16",36,16,"SQ_LDS_BANK_CONFLICT",384.000000
"9__128_16_512_16",36,16,"SQ_LDS_UNALIGNED_STALL",0.00000000e+00
"10__32_8",40,16,"SQ_LDS_BANK_CONFLICT",512.000000
"10__32_8",40,16,"SQ_LDS_UNALIGNED_STALL",0.00000000e+00
"10__32_8_256_8",36,16,"SQ_LDS_BANK_CONFLICT",64.000000
"10__32_8_256_8",36,16,"SQ_LDS_UNALIGNED_STALL",0.00000000e+00
"10__32_8_256_16",36,16,"SQ_LDS_BANK_CONFLICT",152.000000
"10__32_8_256_16",36,16,"SQ_LDS_UNALIGNED_STALL",0.00000000e+00
"10__32_16",40,16,"SQ_LDS_BANK_CONFLICT",640.000000
"10__32_16",40,16,"SQ_LDS_UNALIGNED_STALL",0.00000000e+00
"10__32_16_128_8",36,32,"SQ_LDS_BANK_CONFLICT",128.000000
"10__32_16_128_8",36,32,"SQ_LDS_UNALIGNED_STALL",0.00000000e+00
"10__32_16_128_16",36,32,"SQ_LDS_BANK_CONFLICT",312.000000
"10__32_16_128_16",36,32,"SQ_LDS_UNALIGNED_STALL",0.00000000e+00
"10__256_8",36,16,"SQ_LDS_BANK_CONFLICT",192.000000
"10__256_8",36,16,"SQ_LDS_UNALIGNED_STALL",0.00000000e+00
"10__256_8_2048_8",36,16,"SQ_LDS_BANK_CONFLICT",192.000000
"10__256_8_2048_8",36,16,"SQ_LDS_UNALIGNED_STALL",0.00000000e+00
"10__256_8_2048_16",36,16,"SQ_LDS_BANK_CONFLICT",192.000000
"10__256_8_2048_16",36,16,"SQ_LDS_UNALIGNED_STALL",0.00000000e+00
"10__256_16",36,16,"SQ_LDS_BANK_CONFLICT",256.000000
"10__256_16",36,16,"SQ_LDS_UNALIGNED_STALL",0.00000000e+00
"10__256_16_1024_8",36,16,"SQ_LDS_BANK_CONFLICT",192.000000
"10__256_16_1024_8",36,16,"SQ_LDS_UNALIGNED_STALL",0.00000000e+00
"10__256_16_1024_16",36,16,"SQ_LDS_BANK_CONFLICT",256.000000
"10__256_16_1024_16",36,16,"SQ_LDS_UNALIGNED_STALL",0.00000000e+00
"10__64_8",36,16,"SQ_LDS_BANK_CONFLICT",256.000000
"10__64_8",36,16,"SQ_LDS_UNALIGNED_STALL",0.00000000e+00
"10__64_8_512_8",36,16,"SQ_LDS_BANK_CONFLICT",88.000000
"10__64_8_512_8",36,16,"SQ_LDS_UNALIGNED_STALL",0.00000000e+00
"10__64_8_512_16",36,16,"SQ_LDS_BANK_CONFLICT",128.000000
"10__64_8_512_16",36,16,"SQ_LDS_UNALIGNED_STALL",0.00000000e+00
"10__64_16",36,16,"SQ_LDS_BANK_CONFLICT",640.000000
"10__64_16",36,16,"SQ_LDS_UNALIGNED_STALL",0.00000000e+00
"10__64_16_256_8",36,16,"SQ_LDS_BANK_CONFLICT",64.000000
"10__64_16_256_8",36,16,"SQ_LDS_UNALIGNED_STALL",0.00000000e+00
"10__64_16_256_16",36,16,"SQ_LDS_BANK_CONFLICT",232.000000
"10__64_16_256_16",36,16,"SQ_LDS_UNALIGNED_STALL",0.00000000e+00
"10__128_8",36,16,"SQ_LDS_BANK_CONFLICT",128.000000
"10__128_8",36,16,"SQ_LDS_UNALIGNED_STALL",0.00000000e+00
"10__128_8_1024_8",36,16,"SQ_LDS_BANK_CONFLICT",64.000000
"10__128_8_1024_8",36,16,"SQ_LDS_UNALIGNED_STALL",0.00000000e+00
"10__128_8_1024_16",36,16,"SQ_LDS_BANK_CONFLICT",128.000000
"10__128_8_1024_16",36,16,"SQ_LDS_UNALIGNED_STALL",0.00000000e+00
"10__128_16",36,16,"SQ_LDS_BANK_CONFLICT",384.000000
"10__128_16",36,16,"SQ_LDS_UNALIGNED_STALL",0.00000000e+00
"10__128_16_512_8",36,16,"SQ_LDS_BANK_CONFLICT",72.000000
"10__128_16_512_8",36,16,"SQ_LDS_UNALIGNED_STALL",0.00000000e+00
"10__128_16_512_16",36,16,"SQ_LDS_BANK_CONFLICT",184.000000
"10__128_16_512_16",36,16,"SQ_LDS_UNALIGNED_STALL",0.00000000e+00
"11__32_8",40,16,"SQ_LDS_BANK_CONFLICT",512.000000
"11__32_8",40,16,"SQ_LDS_UNALIGNED_STALL",0.00000000e+00
"11__32_8_256_8",36,16,"SQ_LDS_BANK_CONFLICT",36.000000
"11__32_8_256_8",36,16,"SQ_LDS_UNALIGNED_STALL",0.00000000e+00
"11__32_8_256_16",36,16,"SQ_LDS_BANK_CONFLICT",100.000000
"11__32_8_256_16",36,16,"SQ_LDS_UNALIGNED_STALL",0.00000000e+00
"11__32_16",40,16,"SQ_LDS_BANK_CONFLICT",640.000000
"11__32_16",40,16,"SQ_LDS_UNALIGNED_STALL",0.00000000e+00
"11__32_16_128_8",36,32,"SQ_LDS_BANK_CONFLICT",100.000000
"11__32_16_128_8",36,32,"SQ_LDS_UNALIGNED_STALL",0.00000000e+00
"11__32_16_128_16",36,32,"SQ_LDS_BANK_CONFLICT",300.000000
"11__32_16_128_16",36,32,"SQ_LDS_UNALIGNED_STALL",0.00000000e+00
"11__256_8",36,16,"SQ_LDS_BANK_CONFLICT",192.000000
"11__256_8",36,16,"SQ_LDS_UNALIGNED_STALL",0.00000000e+00
"11__256_8_2048_8",36,16,"SQ_LDS_BANK_CONFLICT",192.000000
"11__256_8_2048_8",36,16,"SQ_LDS_UNALIGNED_STALL",0.00000000e+00
"11__256_8_2048_16",36,16,"SQ_LDS_BANK_CONFLICT",192.000000
"11__256_8_2048_16",36,16,"SQ_LDS_UNALIGNED_STALL",0.00000000e+00
"11__256_16",36,16,"SQ_LDS_BANK_CONFLICT",256.000000
"11__256_16",36,16,"SQ_LDS_UNALIGNED_STALL",0.00000000e+00
"11__256_16_1024_8",36,16,"SQ_LDS_BANK_CONFLICT",192.000000
"11__256_16_1024_8",36,16,"SQ_LDS_UNALIGNED_STALL",0.00000000e+00
"11__256_16_1024_16",36,16,"SQ_LDS_BANK_CONFLICT",256.000000
"11__256_16_1024_16",36,16,"SQ_LDS_UNALIGNED_STALL",0.00000000e+00
"11__64_8",36,16,"SQ_LDS_BANK_CONFLICT",256.000000
"11__64_8",36,16,"SQ_LDS_UNALIGNED_STALL",0.00000000e+00
"11__64_8_512_8",36,16,"SQ_LDS_BANK_CONFLICT",64.000000
"11__64_8_512_8",36,16,"SQ_LDS_UNALIGNED_STALL",0.00000000e+00
"11__64_8_512_16",36,16,"SQ_LDS_BANK_CONFLICT",128.000000
"11__64_8_512_16",36,16,"SQ_LDS_UNALIGNED_STALL",0.00000000e+00
"11__64_16",36,16,"SQ_LDS_BANK_CONFLICT",640.000000
"11__64_16",36,16,"SQ_LDS_UNALIGNED_STALL",0.00000000e+00
"11__64_16_256_8",36,16,"SQ_LDS_BANK_CONFLICT",36.000000
"11__64_16_256_8",36,16,"SQ_LDS_UNALIGNED_STALL",0.00000000e+00
"11__64_16_256_16",36,16,"SQ_LDS_BANK_CONFLICT",172.000000
"11__64_16_256_16",36,16,"SQ_LDS_UNALIGNED_STALL",0.00000000e+00
"11__128_8",36,16,"SQ_LDS_BANK_CONFLICT",128.000000
"11__128_8",36,16,"SQ_LDS_UNALIGNED_STALL",0.00000000e+00
"11__128_8_1024_8",36,16,"SQ_LDS_BANK_CONFLICT",64.000000
"11__128_8_1024_8",36,16,"SQ_LDS_UNALIGNED_STALL",0.00000000e+00
"11__128_8_1024_16",36,16,"SQ_LDS_BANK_CONFLICT",128.000000
"11__128_8_1024_16",36,16,"SQ_LDS_UNALIGNED_STALL",0.00000000e+00
"11__128_16",36,16,"SQ_LDS_BANK_CONFLICT",384.000000
"11__128_16",36,16,"SQ_LDS_UNALIGNED_STALL",0.00000000e+00
"11__128_16_512_8",36,16,"SQ_LDS_BANK_CONFLICT",192.000000
"11__128_16_512_8",36,16,"SQ_LDS_UNALIGNED_STALL",0.00000000e+00
"11__128_16_512_16",36,16,"SQ_LDS_BANK_CONFLICT",256.000000
"11__128_16_512_16",36,16,"SQ_LDS_UNALIGNED_STALL",0.00000000e+00
"12__64_4",40,16,"SQ_LDS_BANK_CONFLICT",896.000000
"12__64_4",40,16,"SQ_LDS_UNALIGNED_STALL",0.00000000e+00
"12__64_4_1024_4",36,16,"SQ_LDS_BANK_CONFLICT",48.000000
"12__64_4_1024_4",36,16,"SQ_LDS_UNALIGNED_STALL",0.00000000e+00
"12__64_4_1024_8",36,16,"SQ_LDS_BANK_CONFLICT",176.000000
"12__64_4_1024_8",36,16,"SQ_LDS_UNALIGNED_STALL",0.00000000e+00
"12__64_4_1024_16",36,16,"SQ_LDS_BANK_CONFLICT",432.000000
"12__64_4_1024_16",36,16,"SQ_LDS_UNALIGNED_STALL",0.00000000e+00
"12__64_8",40,16,"SQ_LDS_BANK_CONFLICT",2048.000000
"12__64_8",40,16,"SQ_LDS_UNALIGNED_STALL",0.00000000e+00
"12__64_8_512_4",36,16,"SQ_LDS_BANK_CONFLICT",48.000000
"12__64_8_512_4",36,16,"SQ_LDS_UNALIGNED_STALL",0.00000000e+00
"12__64_8_512_8",36,16,"SQ_LDS_BANK_CONFLICT",304.000000
"12__64_8_512_8",36,16,"SQ_LDS_UNALIGNED_STALL",0.00000000e+00
"12__64_8_512_16",36,16,"SQ_LDS_BANK_CONFLICT",512.000000
"12__64_8_512_16",36,16,"SQ_LDS_UNALIGNED_STALL",0.00000000e+00
"12__64_16",40,16,"SQ_LDS_BANK_CONFLICT",2304.000000
"12__64_16",40,16,"SQ_LDS_UNALIGNED_STALL",0.00000000e+00
"12__64_16_256_4",36,16,"SQ_LDS_BANK_CONFLICT",176.000000
"12__64_16_256_4",36,16,"SQ_LDS_UNALIGNED_STALL",0.00000000e+00
"12__64_16_256_8",36,16,"SQ_LDS_BANK_CONFLICT",512.000000
"12__64_16_256_8",36,16,"SQ_LDS_UNALIGNED_STALL",0.00000000e+00
"12__64_16_256_16",36,16,"SQ_LDS_BANK_CONFLICT",1136.000000
"12__64_16_256_16",36,16,"SQ_LDS_UNALIGNED_STALL",0.00000000e+00
"12__512_4",40,16,"SQ_LDS_BANK_CONFLICT",896.000000
"12__512_4",40,16,"SQ_LDS_UNALIGNED_STALL",0.00000000e+00
"12__512_4_8192_4",40,16,"SQ_LDS_BANK_CONFLICT",896.000000
"12__512_4_8192_4",40,16,"SQ_LDS_UNALIGNED_STALL",0.00000000e+00
"12__512_4_8192_8",40,16,"SQ_LDS_BANK_CONFLICT",896.000000
"12__512_4_8192_8",40,16,"SQ_LDS_UNALIGNED_STALL",0.00000000e+00
"12__512_4_8192_16",40,16,"SQ_LDS_BANK_CONFLICT",896.000000
"12__512_4_8192_16",40,16,"SQ_LDS_UNALIGNED_STALL",0.00000000e+00
"12__512_8",40,16,"SQ_LDS_BANK_CONFLICT",1024.000000
"12__512_8",40,16,"SQ_LDS_UNALIGNED_STALL",0.00000000e+00
"12__512_8_4096_4",40,16,"SQ_LDS_BANK_CONFLICT",896.000000
"12__512_8_4096_4",40,16,"SQ_LDS_UNALIGNED_STALL",0.00000000e+00
"12__512_8_4096_8",40,16,"SQ_LDS_BANK_CONFLICT",1024.000000
"12__512_8_4096_8",40,16,"SQ_LDS_UNALIGNED_STALL",0.00000000e+00
"12__512_8_4096_16",40,16,"SQ_LDS_BANK_CONFLICT",1024.000000
"12__512_8_4096_16",40,16,"SQ_LDS_UNALIGNED_STALL",0.00000000e+00
"12__512_16",40,16,"SQ_LDS_BANK_CONFLICT",1280.000000
"12__512_16",40,16,"SQ_LDS_UNALIGNED_STALL",0.00000000e+00
"12__512_16_2048_4",40,16,"SQ_LDS_BANK_CONFLICT",896.000000
"12__512_16_2048_4",40,16,"SQ_LDS_UNALIGNED_STALL",0.00000000e+00
"12__512_16_2048_8",40,16,"SQ_LDS_BANK_CONFLICT",1024.000000
"12__512_16_2048_8",40,16,"SQ_LDS_UNALIGNED_STALL",0.00000000e+00
"12__512_16_2048_16",40,16,"SQ_LDS_BANK_CONFLICT",1280.000000
"12__512_16_2048_16",40,16,"SQ_LDS_UNALIGNED_STALL",0.00000000e+00
"12__128_4",40,16,"SQ_LDS_BANK_CONFLICT",512.000000
"12__128_4",40,16,"SQ_LDS_UNALIGNED_STALL",0.00000000e+00
"12__128_4_2048_4",40,16,"SQ_LDS_BANK_CONFLICT",128.000000
"12__128_4_2048_4",40,16,"SQ_LDS_UNALIGNED_STALL",0.00000000e+00
"12__128_4_2048_8",40,16,"SQ_LDS_BANK_CONFLICT",256.000000
"12__128_4_2048_8",40,16,"SQ_LDS_UNALIGNED_STALL",0.00000000e+00
"12__128_4_2048_16",40,16,"SQ_LDS_BANK_CONFLICT",512.000000
"12__128_4_2048_16",40,16,"SQ_LDS_UNALIGNED_STALL",0.00000000e+00
"12__128_8",40,16,"SQ_LDS_BANK_CONFLICT",1024.000000
"12__128_8",40,16,"SQ_LDS_UNALIGNED_STALL",0.00000000e+00
"12__128_8_1024_4",36,16,"SQ_LDS_BANK_CONFLICT",32.000000
"12__128_8_1024_4",36,16,"SQ_LDS_UNALIGNED_STALL",0.00000000e+00
"12__128_8_1024_8",36,16,"SQ_LDS_BANK_CONFLICT",208.000000
"12__128_8_1024_8",36,16,"SQ_LDS_UNALIGNED_STALL",0.00000000e+00
"12__128_8_1024_16",36,16,"SQ_LDS_BANK_CONFLICT",464.000000
"12__128_8_1024_16",36,16,"SQ_LDS_UNALIGNED_STALL",0.00000000e+00
"12__128_16",40,16,"SQ_LDS_BANK_CONFLICT",2304.000000
"12__128_16",40,16,"SQ_LDS_UNALIGNED_STALL",0.00000000e+00
"12__128_16_512_4",36,16,"SQ_LDS_BANK_CONFLICT",32.000000
"12__128_16_512_4",36,16,"SQ_LDS_UNALIGNED_STALL",0.00000000e+00
"12__128_16_512_8",36,16,"SQ_LDS_BANK_CONFLICT",208.000000
"12__128_16_512_8",36,16,"SQ_LDS_UNALIGNED_STALL",0.00000000e+00
"12__128_16_512_16",36,16,"SQ_LDS_BANK_CONFLICT",624.000000
"12__128_16_512_16",36,16,"SQ_LDS_UNALIGNED_STALL",0.00000000e+00
"12__256_4",40,16,"SQ_LDS_BANK_CONFLICT",512.000000
"12__256_4",40,16,"SQ_LDS_UNALIGNED_STALL",0.00000000e+00
"12__256_4_4096_4",40,16,"SQ_LDS_BANK_CONFLICT",384.000000
"12__256_4_4096_4",40,16,"SQ_LDS_UNALIGNED_STALL",0.00000000e+00
"12__256_4_4096_8",40,16,"SQ_LDS_BANK_CONFLICT",512.000000
"12__256_4_4096_8",40,16,"SQ_LDS_UNALIGNED_STALL",0.00000000e+00
"12__256_4_4096_16",40,16,"SQ_LDS_BANK_CONFLICT",512.000000
"12__256_4_4096_16",40,16,"SQ_LDS_UNALIGNED_STALL",0.00000000e+00
"12__256_8",40,16,"SQ_LDS_BANK_CONFLICT",768.000000
"12__256_8",40,16,"SQ_LDS_UNALIGNED_STALL",0.00000000e+00
"12__256_8_2048_4",40,16,"SQ_LDS_BANK_CONFLICT",384.000000
"12__256_8_2048_4",40,16,"SQ_LDS_UNALIGNED_STALL",0.00000000e+00
"12__256_8_2048_8",40,16,"SQ_LDS_BANK_CONFLICT",512.000000
"12__256_8_2048_8",40,16,"SQ_LDS_UNALIGNED_STALL",0.00000000e+00
"12__256_8_2048_16",40,16,"SQ_LDS_BANK_CONFLICT",768.000000
"12__256_8_2048_16",40,16,"SQ_LDS_UNALIGNED_STALL",0.00000000e+00
"12__256_16",40,16,"SQ_LDS_BANK_CONFLICT",1280.000000
"12__256_16",40,16,"SQ_LDS_UNALIGNED_STALL",0.00000000e+00
"12__256_16_1024_4",36,16,"SQ_LDS_BANK_CONFLICT",144.000000
"12__256_16_1024_4",36,16,"SQ_LDS_UNALIGNED_STALL",0.00000000e+00
"12__256_16_1024_8",36,16,"SQ_LDS_BANK_CONFLICT",272.000000
"12__256_16_1024_8",36,16,"SQ_LDS_UNALIGNED_STALL",0.00000000e+00
"12__256_16_1024_16",36,16,"SQ_LDS_BANK_CONFLICT",624.000000
"12__256_16_1024_16",36,16,"SQ_LDS_UNALIGNED_STALL",0.00000000e+00
"13__64_4",40,16,"SQ_LDS_BANK_CONFLICT",896.000000
"13__64_4",40,16,"SQ_LDS_UNALIGNED_STALL",0.00000000e+00
"13__64_4_1024_4",40,16,"SQ_LDS_BANK_CONFLICT",0.00000000e+00
"13__64_4_1024_4",40,16,"SQ_LDS_UNALIGNED_STALL",0.00000000e+00
"13__64_4_1024_8",40,16,"SQ_LDS_BANK_CONFLICT",128.000000
"13__64_4_1024_8",40,16,"SQ_LDS_UNALIGNED_STALL",0.00000000e+00
"13__64_4_1024_16",40,16,"SQ_LDS_BANK_CONFLICT",384.000000
"13__64_4_1024_16",40,16,"SQ_LDS_UNALIGNED_STALL",0.00000000e+00
"13__64_8",40,16,"SQ_LDS_BANK_CONFLICT",2048.000000
"13__64_8",40,16,"SQ_LDS_UNALIGNED_STALL",0.00000000e+00
"13__64_8_512_4",36,16,"SQ_LDS_BANK_CONFLICT",56.000000
"13__64_8_512_4",36,16,"SQ_LDS_UNALIGNED_STALL",0.00000000e+00
"13__64_8_512_8",36,16,"SQ_LDS_BANK_CONFLICT",200.000000
"13__64_8_512_8",36,16,"SQ_LDS_UNALIGNED_STALL",0.00000000e+00
"13__64_8_512_16",36,16,"SQ_LDS_BANK_CONFLICT",456.000000
"13__64_8_512_16",36,16,"SQ_LDS_UNALIGNED_STALL",0.00000000e+00
"13__64_16",40,16,"SQ_LDS_BANK_CONFLICT",2304.000000
"13__64_16",40,16,"SQ_LDS_UNALIGNED_STALL",0.00000000e+00
"13__64_16_256_4",36,16,"SQ_LDS_BANK_CONFLICT",184.000000
"13__64_16_256_4",36,16,"SQ_LDS_UNALIGNED_STALL",0.00000000e+00
"13__64_16_256_8",36,16,"SQ_LDS_BANK_CONFLICT",456.000000
"13__64_16_256_8",36,16,"SQ_LDS_UNALIGNED_STALL",0.00000000e+00
"13__64_16_256_16",36,16,"SQ_LDS_BANK_CONFLICT",1112.000000
"13__64_16_256_16",36,16,"SQ_LDS_UNALIGNED_STALL",0.00000000e+00
"13__512_4",40,16,"SQ_LDS_BANK_CONFLICT",896.000000
"13__512_4",40,16,"SQ_LDS_UNALIGNED_STALL",0.00000000e+00
"13__512_4_8192_4",40,16,"SQ_LDS_BANK_CONFLICT",896.000000
"13__512_4_8192_4",40,16,"SQ_LDS_UNALIGNED_STALL",0.00000000e+00
"13__512_4_8192_8",40,16,"SQ_LDS_BANK_CONFLICT",896.000000
"13__512_4_8192_8",40,16,"SQ_LDS_UNALIGNED_STALL",0.00000000e+00
"13__512_4_8192_16",40,16,"SQ_LDS_BANK_CONFLICT",896.000000
"13__512_4_8192_16",40,16,"SQ_LDS_UNALIGNED_STALL",0.00000000e+00
"13__512_8",40,16,"SQ_LDS_BANK_CONFLICT",1024.000000
"13__512_8",40,16,"SQ_LDS_UNALIGNED_STALL",0.00000000e+00
"13__512_8_4096_4",40,16,"SQ_LDS_BANK_CONFLICT",896.000000
"13__512_8_4096_4",40,16,"SQ_LDS_UNALIGNED_STALL",0.00000000e+00
"13__512_8_4096_8",40,16,"SQ_LDS_BANK_CONFLICT",1024.000000
"13__512_8_4096_8",40,16,"SQ_LDS_UNALIGNED_STALL",0.00000000e+00
"13__512_8_4096_16",40,16,"SQ_LDS_BANK_CONFLICT",1024.000000
"13__512_8_4096_16",40,16,"SQ_LDS_UNALIGNED_STALL",0.00000000e+00
"13__512_16",40,16,"SQ_LDS_BANK_CONFLICT",1280.000000
"13__512_16",40,16,"SQ_LDS_UNALIGNED_STALL",0.00000000e+00
"13__512_16_2048_4",40,16,"SQ_LDS_BANK_CONFLICT",896.000000
"13__512_16_2048_4",40,16,"SQ_LDS_UNALIGNED_STALL",0.00000000e+00
"13__512_16_2048_8",40,16,"SQ_LDS_BANK_CONFLICT",1024.000000
"13__512_16_2048_8",40,16,"SQ_LDS_UNALIGNED_STALL",0.00000000e+00
"13__512_16_2048_16",40,16,"SQ_LDS_BANK_CONFLICT",1280.000000
"13__512_16_2048_16",40,16,"SQ_LDS_UNALIGNED_STALL",0.00000000e+00
"13__128_4",40,16,"SQ_LDS_BANK_CONFLICT",512.000000
"13__128_4",40,16,"SQ_LDS_UNALIGNED_STALL",0.00000000e+00
"13__128_4_2048_4",40,16,"SQ_LDS_BANK_CONFLICT",128.000000
"13__128_4_2048_4",40,16,"SQ_LDS_UNALIGNED_STALL",0.00000000e+00
"13__128_4_2048_8",40,16,"SQ_LDS_BANK_CONFLICT",256.000000
"13__128_4_2048_8",40,16,"SQ_LDS_UNALIGNED_STALL",0.00000000e+00
"13__128_4_2048_16",40,16,"SQ_LDS_BANK_CONFLICT",512.000000
"13__128_4_2048_16",40,16,"SQ_LDS_UNALIGNED_STALL",0.00000000e+00
"13__128_8",40,16,"SQ_LDS_BANK_CONFLICT",1024.000000
"13__128_8",40,16,"SQ_LDS_UNALIGNED_STALL",0.00000000e+00
"13__128_8_1024_4",40,16,"SQ_LDS_BANK_CONFLICT",128.000000
"13__128_8_1024_4",40,16,"SQ_LDS_UNALIGNED_STALL",0.00000000e+00
"13__128_8_1024_8",40,16,"SQ_LDS_BANK_CONFLICT",256.000000
"13__128_8_1024_8",40,16,"SQ_LDS_UNALIGNED_STALL",0.00000000e+00
"13__128_8_1024_16",40,16,"SQ_LDS_BANK_CONFLICT",512.000000
"13__128_8_1024_16",40,16,"SQ_LDS_UNALIGNED_STALL",0.00000000e+00
"13__128_16",40,16,"SQ_LDS_BANK_CONFLICT",2304.000000
"13__128_16",40,16,"SQ_LDS_UNALIGNED_STALL",0.00000000e+00
"13__128_16_512_4",36,16,"SQ_LDS_BANK_CONFLICT",72.000000
"13__128_16_512_4",36,16,"SQ_LDS_UNALIGNED_STALL",0.00000000e+00
"13__128_16_512_8",36,16,"SQ_LDS_BANK_CONFLICT",144.000000
"13__128_16_512_8",36,16,"SQ_LDS_UNALIGNED_STALL",0.00000000e+00
"13__128_16_512_16",36,16,"SQ_LDS_BANK_CONFLICT",488.000000
"13__128_16_512_16",36,16,"SQ_LDS_UNALIGNED_STALL",0.00000000e+00
"13__256_4",40,16,"SQ_LDS_BANK_CONFLICT",512.000000
"13__256_4",40,16,"SQ_LDS_UNALIGNED_STALL",0.00000000e+00
"13__256_4_4096_4",40,16,"SQ_LDS_BANK_CONFLICT",384.000000
"13__256_4_4096_4",40,16,"SQ_LDS_UNALIGNED_STALL",0.00000000e+00
"13__256_4_4096_8",40,16,"SQ_LDS_BANK_CONFLICT",512.000000
"13__256_4_4096_8",40,16,"SQ_LDS_UNALIGNED_STALL",0.00000000e+00
"13__256_4_4096_16",40,16,"SQ_LDS_BANK_CONFLICT",512.000000
"13__256_4_4096_16",40,16,"SQ_LDS_UNALIGNED_STALL",0.00000000e+00
"13__256_8",40,16,"SQ_LDS_BANK_CONFLICT",768.000000
"13__256_8",40,16,"SQ_LDS_UNALIGNED_STALL",0.00000000e+00
"13__256_8_2048_4",40,16,"SQ_LDS_BANK_CONFLICT",384.000000
"13__256_8_2048_4",40,16,"SQ_LDS_UNALIGNED_STALL",0.00000000e+00
"13__256_8_2048_8",40,16,"SQ_LDS_BANK_CONFLICT",512.000000
"13__256_8_2048_8",40,16,"SQ_LDS_UNALIGNED_STALL",0.00000000e+00
"13__256_8_2048_16",40,16,"SQ_LDS_BANK_CONFLICT",768.000000
"13__256_8_2048_16",40,16,"SQ_LDS_UNALIGNED_STALL",0.00000000e+00
"13__256_16",40,16,"SQ_LDS_BANK_CONFLICT",1280.000000
"13__256_16",40,16,"SQ_LDS_UNALIGNED_STALL",0.00000000e+00
"13__256_16_1024_4",40,16,"SQ_LDS_BANK_CONFLICT",384.000000
"13__256_16_1024_4",40,16,"SQ_LDS_UNALIGNED_STALL",0.00000000e+00
"13__256_16_1024_8",40,16,"SQ_LDS_BANK_CONFLICT",512.000000
"13__256_16_1024_8",40,16,"SQ_LDS_UNALIGNED_STALL",0.00000000e+00
"13__256_16_1024_16",40,16,"SQ_LDS_BANK_CONFLICT",768.000000
"13__256_16_1024_16",40,16,"SQ_LDS_UNALIGNED_STALL",0.00000000e+00
"14__64_4",40,16,"SQ_LDS_BANK_CONFLICT",896.000000
"14__64_4",40,16,"SQ_LDS_UNALIGNED_STALL",0.00000000e+00
"14__64_4_1024_4",36,16,"SQ_LDS_BANK_CONFLICT",48.000000
"14__64_4_1024_4",36,16,"SQ_LDS_UNALIGNED_STALL",0.00000000e+00
"14__64_4_1024_8",36,16,"SQ_LDS_BANK_CONFLICT",176.000000
"14__64_4_1024_8",36,16,"SQ_LDS_UNALIGNED_STALL",0.00000000e+00
"14__64_4_1024_16",36,16,"SQ_LDS_BANK_CONFLICT",432.000000
"14__64_4_1024_16",36,16,"SQ_LDS_UNALIGNED_STALL",0.00000000e+00
"14__64_8",40,16,"SQ_LDS_BANK_CONFLICT",2048.000000
"14__64_8",40,16,"SQ_LDS_UNALIGNED_STALL",0.00000000e+00
"14__64_8_512_4",36,16,"SQ_LDS_BANK_CONFLICT",48.000000
"14__64_8_512_4",36,16,"SQ_LDS_UNALIGNED_STALL",0.00000000e+00
"14__64_8_512_8",36,16,"SQ_LDS_BANK_CONFLICT",304.000000
"14__64_8_512_8",36,16,"SQ_LDS_UNALIGNED_STALL",0.00000000e+00
"14__64_8_512_16",36,16,"SQ_LDS_BANK_CONFLICT",512.000000
"14__64_8_512_16",36,16,"SQ_LDS_UNALIGNED_STALL",0.00000000e+00
"14__64_16",40,16,"SQ_LDS_BANK_CONFLICT",2304.000000
"14__64_16",40,16,"SQ_LDS_UNALIGNED_STALL",0.00000000e+00
"14__64_16_256_4",36,16,"SQ_LDS_BANK_CONFLICT",176.000000
"14__64_16_256_4",36,16,"SQ_LDS_UNALIGNED_STALL",0.00000000e+00
"14__64_16_256_8",36,16,"SQ_LDS_BANK_CONFLICT",512.000000
"14__64_16_256_8",36,16,"SQ_LDS_UNALIGNED_STALL",0.00000000e+00
"14__64_16_256_16",36,16,"SQ_LDS_BANK_CONFLICT",1136.000000
"14__64_16_256_16",36,16,"SQ_LDS_UNALIGNED_STALL",0.00000000e+00
"14__512_4",40,16,"SQ_LDS_BANK_CONFLICT",896.000000
"14__512_4",40,16,"SQ_LDS_UNALIGNED_STALL",0.00000000e+00
"14__512_4_8192_4",40,16,"SQ_LDS_BANK_CONFLICT",896.000000
"14__512_4_8192_4",40,16,"SQ_LDS_UNALIGNED_STALL",0.00000000e+00
"14__512_4_8192_8",40,16,"SQ_LDS_BANK_CONFLICT",896.000000
"14__512_4_8192_8",40,16,"SQ_LDS_UNALIGNED_STALL",0.00000000e+00
"14__512_4_8192_16",40,16,"SQ_LDS_BANK_CONFLICT",896.000000
"14__512_4_8192_16",40,16,"SQ_LDS_UNALIGNED_STALL",0.00000000e+00
"14__512_8",40,16,"SQ_LDS_BANK_CONFLICT",1024.000000
"14__512_8",40,16,"SQ_LDS_UNALIGNED_STALL",0.00000000e+00
"14__512_8_4096_4",40,16,"SQ_LDS_BANK_CONFLICT",896.000000
"14__512_8_4096_4",40,16,"SQ_LDS_UNALIGNED_STALL",0.00000000e+00
"14__512_8_4096_8",40,16,"SQ_LDS_BANK_CONFLICT",1024.000000
"14__512_8_4096_8",40,16,"SQ_LDS_UNALIGNED_STALL",0.00000000e+00
"14__512_8_4096_16",40,16,"SQ_LDS_BANK_CONFLICT",1024.000000
"14__512_8_4096_16",40,16,"SQ_LDS_UNALIGNED_STALL",0.00000000e+00
"14__512_16",40,16,"SQ_LDS_BANK_CONFLICT",1280.000000
"14__512_16",40,16,"SQ_LDS_UNALIGNED_STALL",0.00000000e+00
"14__512_16_2048_4",40,16,"SQ_LDS_BANK_CONFLICT",896.000000
"14__512_16_2048_4",40,16,"SQ_LDS_UNALIGNED_STALL",0.00000000e+00
"14__512_16_2048_8",40,16,"SQ_LDS_BANK_CONFLICT",1024.000000
"14__512_16_2048_8",40,16,"SQ_LDS_UNALIGNED_STALL",0.00000000e+00
"14__512_16_2048_16",40,16,"SQ_LDS_BANK_CONFLICT",1280.000000
"14__512_16_2048_16",40,16,"SQ_LDS_UNALIGNED_STALL",0.00000000e+00
"14__128_4",40,16,"SQ_LDS_BANK_CONFLICT",512.000000
"14__128_4",40,16,"SQ_LDS_UNALIGNED_STALL",0.00000000e+00
"14__128_4_2048_4",40,16,"SQ_LDS_BANK_CONFLICT",128.000000
"14__128_4_2048_4",40,16,"SQ_LDS_UNALIGNED_STALL",0.00000000e+00
"14__128_4_2048_8",40,16,"SQ_LDS_BANK_CONFLICT",256.000000
"14__128_4_2048_8",40,16,"SQ_LDS_UNALIGNED_STALL",0.00000000e+00
"14__128_4_2048_16",40,16,"SQ_LDS_BANK_CONFLICT",512.000000
"14__128_4_2048_16",40,16,"SQ_LDS_UNALIGNED_STALL",0.00000000e+00
"14__128_8",40,16,"SQ_LDS_BANK_CONFLICT",1024.000000
"14__128_8",40,16,"SQ_LDS_UNALIGNED_STALL",0.00000000e+00
"14__128_8_1024_4",36,16,"SQ_LDS_BANK_CONFLICT",32.000000
"14__128_8_1024_4",36,16,"SQ_LDS_UNALIGNED_STALL",0.00000000e+00
"14__128_8_1024_8",36,16,"SQ_LDS_BANK_CONFLICT",208.000000
"14__128_8_1024_8",36,16,"SQ_LDS_UNALIGNED_STALL",0.00000000e+00
"14__128_8_1024_16",36,16,"SQ_LDS_BANK_CONFLICT",464.000000
"14__128_8_1024_16",36,16,"SQ_LDS_UNALIGNED_STALL",0.00000000e+00
"14__128_16",40,16,"SQ_LDS_BANK_CONFLICT",2304.000000
"14__128_16",40,16,"SQ_LDS_UNALIGNED_STALL",0.00000000e+00
"14__128_16_512_4",36,16,"SQ_LDS_BANK_CONFLICT",32.000000
"14__128_16_512_4",36,16,"SQ_LDS_UNALIGNED_STALL",0.00000000e+00
"14__128_16_512_8",36,16,"SQ_LDS_BANK_CONFLICT",208.000000
"14__128_16_512_8",36,16,"SQ_LDS_UNALIGNED_STALL",0.00000000e+00
"14__128_16_512_16",36,16,"SQ_LDS_BANK_CONFLICT",624.000000
"14__128_16_512_16",36,16,"SQ_LDS_UNALIGNED_STALL",0.00000000e+00
"14__256_4",40,16,"SQ_LDS_BANK_CONFLICT",512.000000
"14__256_4",40,16,"SQ_LDS_UNALIGNED_STALL",0.00000000e+00
"14__256_4_4096_4",40,16,"SQ_LDS_BANK_CONFLICT",384.000000
"14__256_4_4096_4",40,16,"SQ_LDS_UNALIGNED_STALL",0.00000000e+00
"14__256_4_4096_8",40,16,"SQ_LDS_BANK_CONFLICT",512.000000
"14__256_4_4096_8",40,16,"SQ_LDS_UNALIGNED_STALL",0.00000000e+00
"14__256_4_4096_16",40,16,"SQ_LDS_BANK_CONFLICT",512.000000
"14__256_4_4096_16",40,16,"SQ_LDS_UNALIGNED_STALL",0.00000000e+00
"14__256_8",40,16,"SQ_LDS_BANK_CONFLICT",768.000000
"14__256_8",40,16,"SQ_LDS_UNALIGNED_STALL",0.00000000e+00
"14__256_8_2048_4",40,16,"SQ_LDS_BANK_CONFLICT",384.000000
"14__256_8_2048_4",40,16,"SQ_LDS_UNALIGNED_STALL",0.00000000e+00
"14__256_8_2048_8",40,16,"SQ_LDS_BANK_CONFLICT",512.000000
"14__256_8_2048_8",40,16,"SQ_LDS_UNALIGNED_STALL",0.00000000e+00
"14__256_8_2048_16",40,16,"SQ_LDS_BANK_CONFLICT",768.000000
"14__256_8_2048_16",40,16,"SQ_LDS_UNALIGNED_STALL",0.00000000e+00
"14__256_16",40,16,"SQ_LDS_BANK_CONFLICT",1280.000000
"14__256_16",40,16,"SQ_LDS_UNALIGNED_STALL",0.00000000e+00
"14__256_16_1024_4",36,16,"SQ_LDS_BANK_CONFLICT",144.000000
"14__256_16_1024_4",36,16,"SQ_LDS_UNALIGNED_STALL",0.00000000e+00
"14__256_16_1024_8",36,16,"SQ_LDS_BANK_CONFLICT",272.000000
"14__256_16_1024_8",36,16,"SQ_LDS_UNALIGNED_STALL",0.00000000e+00
"14__256_16_1024_16",36,16,"SQ_LDS_BANK_CONFLICT",624.000000
"14__256_16_1024_16",36,16,"SQ_LDS_UNALIGNED_STALL",0.00000000e+00
"15__64_4",40,16,"SQ_LDS_BANK_CONFLICT",896.000000
"15__64_4",40,16,"SQ_LDS_UNALIGNED_STALL",0.00000000e+00
"15__64_4_1024_4",40,16,"SQ_LDS_BANK_CONFLICT",0.00000000e+00
"15__64_4_1024_4",40,16,"SQ_LDS_UNALIGNED_STALL",0.00000000e+00
"15__64_4_1024_8",40,16,"SQ_LDS_BANK_CONFLICT",128.000000
"15__64_4_1024_8",40,16,"SQ_LDS_UNALIGNED_STALL",0.00000000e+00
"15__64_4_1024_16",40,16,"SQ_LDS_BANK_CONFLICT",384.000000
"15__64_4_1024_16",40,16,"SQ_LDS_UNALIGNED_STALL",0.00000000e+00
"15__64_8",44,16,"SQ_LDS_BANK_CONFLICT",2048.000000
"15__64_8",44,16,"SQ_LDS_UNALIGNED_STALL",0.00000000e+00
"15__64_8_512_4",40,16,"SQ_LDS_BANK_CONFLICT",56.000000
"15__64_8_512_4",40,16,"SQ_LDS_UNALIGNED_STALL",0.00000000e+00
"15__64_8_512_8",40,16,"SQ_LDS_BANK_CONFLICT",200.000000
"15__64_8_512_8",40,16,"SQ_LDS_UNALIGNED_STALL",0.00000000e+00
"15__64_8_512_16",40,16,"SQ_LDS_BANK_CONFLICT",456.000000
"15__64_8_512_16",40,16,"SQ_LDS_UNALIGNED_STALL",0.00000000e+00
"15__64_16",44,16,"SQ_LDS_BANK_CONFLICT",2304.000000
"15__64_16",44,16,"SQ_LDS_UNALIGNED_STALL",0.00000000e+00
"15__64_16_256_4",40,16,"SQ_LDS_BANK_CONFLICT",184.000000
"15__64_16_256_4",40,16,"SQ_LDS_UNALIGNED_STALL",0.00000000e+00
"15__64_16_256_8",40,16,"SQ_LDS_BANK_CONFLICT",456.000000
"15__64_16_256_8",40,16,"SQ_LDS_UNALIGNED_STALL",0.00000000e+00
"15__64_16_256_16",40,16,"SQ_LDS_BANK_CONFLICT",1112.000000
"15__64_16_256_16",40,16,"SQ_LDS_UNALIGNED_STALL",0.00000000e+00
"15__512_4",40,16,"SQ_LDS_BANK_CONFLICT",896.000000
"15__512_4",40,16,"SQ_LDS_UNALIGNED_STALL",0.00000000e+00
"15__512_4_8192_4",40,16,"SQ_LDS_BANK_CONFLICT",896.000000
"15__512_4_8192_4",40,16,"SQ_LDS_UNALIGNED_STALL",0.00000000e+00
"15__512_4_8192_8",40,16,"SQ_LDS_BANK_CONFLICT",896.000000
"15__512_4_8192_8",40,16,"SQ_LDS_UNALIGNED_STALL",0.00000000e+00
"15__512_4_8192_16",40,16,"SQ_LDS_BANK_CONFLICT",896.000000
"15__512_4_8192_16",40,16,"SQ_LDS_UNALIGNED_STALL",0.00000000e+00
"15__512_8",40,16,"SQ_LDS_BANK_CONFLICT",1024.000000
"15__512_8",40,16,"SQ_LDS_UNALIGNED_STALL",0.00000000e+00
"15__512_8_4096_4",40,16,"SQ_LDS_BANK_CONFLICT",896.000000
"15__512_8_4096_4",40,16,"SQ_LDS_UNALIGNED_STALL",0.00000000e+00
"15__512_8_4096_8",40,16,"SQ_LDS_BANK_CONFLICT",1024.000000
"15__512_8_4096_8",40,16,"SQ_LDS_UNALIGNED_STALL",0.00000000e+00
"15__512_8_4096_16",40,16,"SQ_LDS_BANK_CONFLICT",1024.000000
"15__512_8_4096_16",40,16,"SQ_LDS_UNALIGNED_STALL",0.00000000e+00
"15__512_16",40,16,"SQ_LDS_BANK_CONFLICT",1280.000000
"15__512_16",40,16,"SQ_LDS_UNALIGNED_STALL",0.00000000e+00
"15__512_16_2048_4",40,16,"SQ_LDS_BANK_CONFLICT",896.000000
"15__512_16_2048_4",40,16,"SQ_LDS_UNALIGNED_STALL",0.00000000e+00
"15__512_16_2048_8",40,16,"SQ_LDS_BANK_CONFLICT",1024.000000
"15__512_16_2048_8",40,16,"SQ_LDS_UNALIGNED_STALL",0.00000000e+00
"15__512_16_2048_16",40,16,"SQ_LDS_BANK_CONFLICT",1280.000000
"15__512_16_2048_16",40,16,"SQ_LDS_UNALIGNED_STALL",0.00000000e+00
"15__128_4",40,16,"SQ_LDS_BANK_CONFLICT",512.000000
"15__128_4",40,16,"SQ_LDS_UNALIGNED_STALL",0.00000000e+00
"15__128_4_2048_4",40,16,"SQ_LDS_BANK_CONFLICT",128.000000
"15__128_4_2048_4",40,16,"SQ_LDS_UNALIGNED_STALL",0.00000000e+00
"15__128_4_2048_8",40,16,"SQ_LDS_BANK_CONFLICT",256.000000
"15__128_4_2048_8",40,16,"SQ_LDS_UNALIGNED_STALL",0.00000000e+00
"15__128_4_2048_16",40,16,"SQ_LDS_BANK_CONFLICT",512.000000
"15__128_4_2048_16",40,16,"SQ_LDS_UNALIGNED_STALL",0.00000000e+00
"15__128_8",40,16,"SQ_LDS_BANK_CONFLICT",1024.000000
"15__128_8",40,16,"SQ_LDS_UNALIGNED_STALL",0.00000000e+00
"15__128_8_1024_4",40,16,"SQ_LDS_BANK_CONFLICT",128.000000
"15__128_8_1024_4",40,16,"SQ_LDS_UNALIGNED_STALL",0.00000000e+00
"15__128_8_1024_8",40,16,"SQ_LDS_BANK_CONFLICT",256.000000
"15__128_8_1024_8",40,16,"SQ_LDS_UNALIGNED_STALL",0.00000000e+00
"15__128_8_1024_16",40,16,"SQ_LDS_BANK_CONFLICT",512.000000
"15__128_8_1024_16",40,16,"SQ_LDS_UNALIGNED_STALL",0.00000000e+00
"15__128_16",40,16,"SQ_LDS_BANK_CONFLICT",2304.000000
"15__128_16",40,16,"SQ_LDS_UNALIGNED_STALL",0.00000000e+00
"15__128_16_512_4",40,16,"SQ_LDS_BANK_CONFLICT",72.000000
"15__128_16_512_4",40,16,"SQ_LDS_UNALIGNED_STALL",0.00000000e+00
"15__128_16_512_8",40,16,"SQ_LDS_BANK_CONFLICT",144.000000
"15__128_16_512_8",40,16,"SQ_LDS_UNALIGNED_STALL",0.00000000e+00
"15__128_16_512_16",40,16,"SQ_LDS_BANK_CONFLICT",488.000000
"15__128_16_512_16",40,16,"SQ_LDS_UNALIGNED_STALL",0.00000000e+00
"15__256_4",40,16,"SQ_LDS_BANK_CONFLICT",512.000000
"15__256_4",40,16,"SQ_LDS_UNALIGNED_STALL",0.00000000e+00
"15__256_4_4096_4",40,16,"SQ_LDS_BANK_CONFLICT",384.000000
"15__256_4_4096_4",40,16,"SQ_LDS_UNALIGNED_STALL",0.00000000e+00
"15__256_4_4096_8",40,16,"SQ_LDS_BANK_CONFLICT",512.000000
"15__256_4_4096_8",40,16,"SQ_LDS_UNALIGNED_STALL",0.00000000e+00
"15__256_4_4096_16",40,16,"SQ_LDS_BANK_CONFLICT",512.000000
"15__256_4_4096_16",40,16,"SQ_LDS_UNALIGNED_STALL",0.00000000e+00
"15__256_8",40,16,"SQ_LDS_BANK_CONFLICT",768.000000
"15__256_8",40,16,"SQ_LDS_UNALIGNED_STALL",0.00000000e+00
"15__256_8_2048_4",40,16,"SQ_LDS_BANK_CONFLICT",384.000000
"15__256_8_2048_4",40,16,"SQ_LDS_UNALIGNED_STALL",0.00000000e+00
"15__256_8_2048_8",40,16,"SQ_LDS_BANK_CONFLICT",512.000000
"15__256_8_2048_8",40,16,"SQ_LDS_UNALIGNED_STALL",0.00000000e+00
"15__256_8_2048_16",40,16,"SQ_LDS_BANK_CONFLICT",768.000000
"15__256_8_2048_16",40,16,"SQ_LDS_UNALIGNED_STALL",0.00000000e+00
"15__256_16",40,16,"SQ_LDS_BANK_CONFLICT",1280.000000
"15__256_16",40,16,"SQ_LDS_UNALIGNED_STALL",0.00000000e+00
"15__256_16_1024_4",40,16,"SQ_LDS_BANK_CONFLICT",384.000000
"15__256_16_1024_4",40,16,"SQ_LDS_UNALIGNED_STALL",0.00000000e+00
"15__256_16_1024_8",40,16,"SQ_LDS_BANK_CONFLICT",512.000000
"15__256_16_1024_8",40,16,"SQ_LDS_UNALIGNED_STALL",0.00000000e+00
"15__256_16_1024_16",40,16,"SQ_LDS_BANK_CONFLICT",768.000000
"15__256_16_1024_16",40,16,"SQ_LDS_UNALIGNED_STALL",0.00000000e+00
"16__64_8",40,16,"SQ_LDS_BANK_CONFLICT",1024.000000
"16__64_8",40,16,"SQ_LDS_UNALIGNED_STALL",0.00000000e+00
"16__64_8_512_8",36,16,"SQ_LDS_BANK_CONFLICT",176.000000
"16__64_8_512_8",36,16,"SQ_LDS_UNALIGNED_STALL",0.00000000e+00
"16__64_8_512_16",36,16,"SQ_LDS_BANK_CONFLICT",256.000000
"16__64_8_512_16",36,16,"SQ_LDS_UNALIGNED_STALL",0.00000000e+00
"16__64_16",40,16,"SQ_LDS_BANK_CONFLICT",1280.000000
"16__64_16",40,16,"SQ_LDS_UNALIGNED_STALL",0.00000000e+00
"16__64_16_256_8",36,16,"SQ_LDS_BANK_CONFLICT",256.000000
"16__64_16_256_8",36,16,"SQ_LDS_UNALIGNED_STALL",0.00000000e+00
"16__64_16_256_16",36,16,"SQ_LDS_BANK_CONFLICT",624.000000
"16__64_16_256_16",36,16,"SQ_LDS_UNALIGNED_STALL",0.00000000e+00
"16__512_8",40,16,"SQ_LDS_BANK_CONFLICT",896.000000
"16__512_8",40,16,"SQ_LDS_UNALIGNED_STALL",0.00000000e+00
"16__512_8_4096_8",40,16,"SQ_LDS_BANK_CONFLICT",896.000000
"16__512_8_4096_8",40,16,"SQ_LDS_UNALIGNED_STALL",0.00000000e+00
"16__512_8_4096_16",40,16,"SQ_LDS_BANK_CONFLICT",896.000000
"16__512_8_4096_16",40,16,"SQ_LDS_UNALIGNED_STALL",0.00000000e+00
"16__512_16",40,16,"SQ_LDS_BANK_CONFLICT",1024.000000
"16__512_16",40,16,"SQ_LDS_UNALIGNED_STALL",0.00000000e+00
"16__512_16_2048_8",40,16,"SQ_LDS_BANK_CONFLICT",896.000000
"16__512_16_2048_8",40,16,"SQ_LDS_UNALIGNED_STALL",0.00000000e+00
"16__512_16_2048_16",40,16,"SQ_LDS_BANK_CONFLICT",1024.000000
"16__512_16_2048_16",40,16,"SQ_LDS_UNALIGNED_STALL",0.00000000e+00
"16__128_8",40,16,"SQ_LDS_BANK_CONFLICT",512.000000
"16__128_8",40,16,"SQ_LDS_UNALIGNED_STALL",0.00000000e+00
"16__128_8_1024_8",36,16,"SQ_LDS_BANK_CONFLICT",80.000000
"16__128_8_1024_8",36,16,"SQ_LDS_UNALIGNED_STALL",0.00000000e+00
"16__128_8_1024_16",36,16,"SQ_LDS_BANK_CONFLICT",208.000000
"16__128_8_1024_16",36,16,"SQ_LDS_UNALIGNED_STALL",0.00000000e+00
"16__128_16",40,16,"SQ_LDS_BANK_CONFLICT",1280.000000
"16__128_16",40,16,"SQ_LDS_UNALIGNED_STALL",0.00000000e+00
"16__128_16_512_8",36,16,"SQ_LDS_BANK_CONFLICT",80.000000
"16__128_16_512_8",36,16,"SQ_LDS_UNALIGNED_STALL",0.00000000e+00
"16__128_16_512_16",36,16,"SQ_LDS_BANK_CONFLICT",368.000000
"16__128_16_512_16",36,16,"SQ_LDS_UNALIGNED_STALL",0.00000000e+00
"16__256_8",40,16,"SQ_LDS_BANK_CONFLICT",512.000000
"16__256_8",40,16,"SQ_LDS_UNALIGNED_STALL",0.00000000e+00
"16__256_8_2048_8",40,16,"SQ_LDS_BANK_CONFLICT",384.000000
"16__256_8_2048_8",40,16,"SQ_LDS_UNALIGNED_STALL",0.00000000e+00
"16__256_8_2048_16",40,16,"SQ_LDS_BANK_CONFLICT",512.000000
"16__256_8_2048_16",40,16,"SQ_LDS_UNALIGNED_STALL",0.00000000e+00
"16__256_16",40,16,"SQ_LDS_BANK_CONFLICT",768.000000
"16__256_16",40,16,"SQ_LDS_UNALIGNED_STALL",0.00000000e+00
"16__256_16_1024_8",36,16,"SQ_LDS_BANK_CONFLICT",144.000000
"16__256_16_1024_8",36,16,"SQ_LDS_UNALIGNED_STALL",0.00000000e+00
"16__256_16_1024_16",36,16,"SQ_LDS_BANK_CONFLICT",368.000000
"16__256_16_1024_16",36,16,"SQ_LDS_UNALIGNED_STALL",0.00000000e+00
"17__64_8",40,16,"SQ_LDS_BANK_CONFLICT",1024.000000
"17__64_8",40,16,"SQ_LDS_UNALIGNED_STALL",0.00000000e+00
"17__64_8_512_8",36,16,"SQ_LDS_BANK_CONFLICT",72.000000
"17__64_8_512_8",36,16,"SQ_LDS_UNALIGNED_STALL",0.00000000e+00
"17__64_8_512_16",36,16,"SQ_LDS_BANK_CONFLICT",200.000000
"17__64_8_512_16",36,16,"SQ_LDS_UNALIGNED_STALL",0.00000000e+00
"17__64_16",40,16,"SQ_LDS_BANK_CONFLICT",1280.000000
"17__64_16",40,16,"SQ_LDS_UNALIGNED_STALL",0.00000000e+00
"17__64_16_256_8",36,16,"SQ_LDS_BANK_CONFLICT",200.000000
"17__64_16_256_8",36,16,"SQ_LDS_UNALIGNED_STALL",0.00000000e+00
"17__64_16_256_16",36,16,"SQ_LDS_BANK_CONFLICT",600.000000
"17__64_16_256_16",36,16,"SQ_LDS_UNALIGNED_STALL",0.00000000e+00
"17__512_8",36,16,"SQ_LDS_BANK_CONFLICT",896.000000
"17__512_8",36,16,"SQ_LDS_UNALIGNED_STALL",0.00000000e+00
"17__512_8_4096_8",36,16,"SQ_LDS_BANK_CONFLICT",896.000000
"17__512_8_4096_8",36,16,"SQ_LDS_UNALIGNED_STALL",0.00000000e+00
"17__512_8_4096_16",36,16,"SQ_LDS_BANK_CONFLICT",896.000000
"17__512_8_4096_16",36,16,"SQ_LDS_UNALIGNED_STALL",0.00000000e+00
"17__512_16",36,16,"SQ_LDS_BANK_CONFLICT",1024.000000
"17__512_16",36,16,"SQ_LDS_UNALIGNED_STALL",0.00000000e+00
"17__512_16_2048_8",36,16,"SQ_LDS_BANK_CONFLICT",896.000000
"17__512_16_2048_8",36,16,"SQ_LDS_UNALIGNED_STALL",0.00000000e+00
"17__512_16_2048_16",36,16,"SQ_LDS_BANK_CONFLICT",1024.000000
"17__512_16_2048_16",36,16,"SQ_LDS_UNALIGNED_STALL",0.00000000e+00
"17__128_8",36,16,"SQ_LDS_BANK_CONFLICT",512.000000
"17__128_8",36,16,"SQ_LDS_UNALIGNED_STALL",0.00000000e+00
"17__128_8_1024_8",36,16,"SQ_LDS_BANK_CONFLICT",128.000000
"17__128_8_1024_8",36,16,"SQ_LDS_UNALIGNED_STALL",0.00000000e+00
"17__128_8_1024_16",36,16,"SQ_LDS_BANK_CONFLICT",256.000000
"17__128_8_1024_16",36,16,"SQ_LDS_UNALIGNED_STALL",0.00000000e+00
"17__128_16",36,16,"SQ_LDS_BANK_CONFLICT",1280.000000
"17__128_16",36,16,"SQ_LDS_UNALIGNED_STALL",0.00000000e+00
"17__128_16_512_8",36,16,"SQ_LDS_BANK_CONFLICT",16.000000
"17__128_16_512_8",36,16,"SQ_LDS_UNALIGNED_STALL",0.00000000e+00
"17__128_16_512_16",36,16,"SQ_LDS_BANK_CONFLICT",232.000000
"17__128_16_512_16",36,16,"SQ_LDS_UNALIGNED_STALL",0.00000000e+00
"17__256_8",36,16,"SQ_LDS_BANK_CONFLICT",512.000000
"17__256_8",36,16,"SQ_LDS_UNALIGNED_STALL",0.00000000e+00
"17__256_8_2048_8",36,16,"SQ_LDS_BANK_CONFLICT",384.000000
"17__256_8_2048_8",36,16,"SQ_LDS_UNALIGNED_STALL",0.00000000e+00
"17__256_8_2048_16",36,16,"SQ_LDS_BANK_CONFLICT",512.000000
"17__256_8_2048_16",36,16,"SQ_LDS_UNALIGNED_STALL",0.00000000e+00
"17__256_16",36,16,"SQ_LDS_BANK_CONFLICT",768.000000
"17__256_16",36,16,"SQ_LDS_UNALIGNED_STALL",0.00000000e+00
"17__256_16_1024_8",36,16,"SQ_LDS_BANK_CONFLICT",384.000000
"17__256_16_1024_8",36,16,"SQ_LDS_UNALIGNED_STALL",0.00000000e+00
"17__256_16_1024_16",36,16,"SQ_LDS_BANK_CONFLICT",512.000000
"17__256_16_1024_16",36,16,"SQ_LDS_UNALIGNED_STALL",0.00000000e+00
"18__64_4",40,16,"SQ_LDS_BANK_CONFLICT",3840.000000
"18__64_4",40,16,"SQ_LDS_UNALIGNED_STALL",0.00000000e+00
"18__64_4_1024_4",48,16,"SQ_LDS_BANK_CONFLICT",368.000000
"18__64_4_1024_4",48,16,"SQ_LDS_UNALIGNED_STALL",0.00000000e+00
"18__64_4_1024_8",48,16,"SQ_LDS_BANK_CONFLICT",880.000000
"18__64_4_1024_8",48,16,"SQ_LDS_UNALIGNED_STALL",0.00000000e+00
"18__64_4_1024_16",48,16,"SQ_LDS_BANK_CONFLICT",1904.000000
"18__64_4_1024_16",48,16,"SQ_LDS_UNALIGNED_STALL",0.00000000e+00
"18__64_8",40,16,"SQ_LDS_BANK_CONFLICT",8192.000000
"18__64_8",40,16,"SQ_LDS_UNALIGNED_STALL",0.00000000e+00
"18__64_8_512_4",48,16,"SQ_LDS_BANK_CONFLICT",368.000000
"18__64_8_512_4",48,16,"SQ_LDS_UNALIGNED_STALL",0.00000000e+00
"18__64_8_512_8",48,16,"SQ_LDS_BANK_CONFLICT",1136.000000
"18__64_8_512_8",48,16,"SQ_LDS_UNALIGNED_STALL",0.00000000e+00
"18__64_8_512_16",48,16,"SQ_LDS_BANK_CONFLICT",2048.000000
"18__64_8_512_16",48,16,"SQ_LDS_UNALIGNED_STALL",0.00000000e+00
"18__64_16",40,16,"SQ_LDS_BANK_CONFLICT",8704.000000
"18__64_16",40,16,"SQ_LDS_UNALIGNED_STALL",0.00000000e+00
"18__64_16_256_4",64,16,"SQ_LDS_BANK_CONFLICT",880.000000
"18__64_16_256_4",64,16,"SQ_LDS_UNALIGNED_STALL",0.00000000e+00
"18__64_16_256_8",64,16,"SQ_LDS_BANK_CONFLICT",2048.000000
"18__64_16_256_8",64,16,"SQ_LDS_UNALIGNED_STALL",0.00000000e+00
"18__64_16_256_16",64,16,"SQ_LDS_BANK_CONFLICT",4272.000000
"18__64_16_256_16",64,16,"SQ_LDS_UNALIGNED_STALL",0.00000000e+00
"18__512_4",40,16,"SQ_LDS_BANK_CONFLICT",2048.000000
"18__512_4",40,16,"SQ_LDS_UNALIGNED_STALL",0.00000000e+00
"18__512_4_8192_4",40,16,"SQ_LDS_BANK_CONFLICT",2048.000000
"18__512_4_8192_4",40,16,"SQ_LDS_UNALIGNED_STALL",0.00000000e+00
"18__512_4_8192_8",40,16,"SQ_LDS_BANK_CONFLICT",2048.000000
"18__512_4_8192_8",40,16,"SQ_LDS_UNALIGNED_STALL",0.00000000e+00
"18__512_4_8192_16",40,16,"SQ_LDS_BANK_CONFLICT",2048.000000
"18__512_4_8192_16",40,16,"SQ_LDS_UNALIGNED_STALL",0.00000000e+00
"18__512_8",40,16,"SQ_LDS_BANK_CONFLICT",2560.000000
"18__512_8",40,16,"SQ_LDS_UNALIGNED_STALL",0.00000000e+00
"18__512_8_4096_4",40,16,"SQ_LDS_BANK_CONFLICT",2048.000000
"18__512_8_4096_4",40,16,"SQ_LDS_UNALIGNED_STALL",0.00000000e+00
"18__512_8_4096_8",40,16,"SQ_LDS_BANK_CONFLICT",2560.000000
"18__512_8_4096_8",40,16,"SQ_LDS_UNALIGNED_STALL",0.00000000e+00
"18__512_8_4096_16",40,16,"SQ_LDS_BANK_CONFLICT",2560.000000
"18__512_8_4096_16",40,16,"SQ_LDS_UNALIGNED_STALL",0.00000000e+00
"18__512_16",40,16,"SQ_LDS_BANK_CONFLICT",3584.000000
"18__512_16",40,16,"SQ_LDS_UNALIGNED_STALL",0.00000000e+00
"18__512_16_2048_4",40,16,"SQ_LDS_BANK_CONFLICT",2048.000000
"18__512_16_2048_4",40,16,"SQ_LDS_UNALIGNED_STALL",0.00000000e+00
"18__512_16_2048_8",40,16,"SQ_LDS_BANK_CONFLICT",2560.000000
"18__512_16_2048_8",40,16,"SQ_LDS_UNALIGNED_STALL",0.00000000e+00
"18__512_16_2048_16",40,16,"SQ_LDS_BANK_CONFLICT",3584.000000
"18__512_16_2048_16",40,16,"SQ_LDS_UNALIGNED_STALL",0.00000000e+00
"18__128_4",40,16,"SQ_LDS_BANK_CONFLICT",2048.000000
"18__128_4",40,16,"SQ_LDS_UNALIGNED_STALL",0.00000000e+00
"18__128_4_2048_4",40,16,"SQ_LDS_BANK_CONFLICT",512.000000
"18__128_4_2048_4",40,16,"SQ_LDS_UNALIGNED_STALL",0.00000000e+00
"18__128_4_2048_8",40,16,"SQ_LDS_BANK_CONFLICT",1024.000000
"18__128_4_2048_8",40,16,"SQ_LDS_UNALIGNED_STALL",0.00000000e+00
"18__128_4_2048_16",40,16,"SQ_LDS_BANK_CONFLICT",2048.000000
"18__128_4_2048_16",40,16,"SQ_LDS_UNALIGNED_STALL",0.00000000e+00
"18__128_8",40,16,"SQ_LDS_BANK_CONFLICT",4096.000000
"18__128_8",40,16,"SQ_LDS_UNALIGNED_STALL",0.00000000e+00
"18__128_8_1024_4",48,16,"SQ_LDS_BANK_CONFLICT",288.000000
"18__128_8_1024_4",48,16,"SQ_LDS_UNALIGNED_STALL",0.00000000e+00
"18__128_8_1024_8",48,16,"SQ_LDS_BANK_CONFLICT",912.000000
"18__128_8_1024_8",48,16,"SQ_LDS_UNALIGNED_STALL",0.00000000e+00
"18__128_8_1024_16",48,16,"SQ_LDS_BANK_CONFLICT",1936.000000
"18__128_8_1024_16",48,16,"SQ_LDS_UNALIGNED_STALL",0.00000000e+00
"18__128_16",40,16,"SQ_LDS_BANK_CONFLICT",8704.000000
"18__128_16",40,16,"SQ_LDS_UNALIGNED_STALL",0.00000000e+00
"18__128_16_512_4",48,16,"SQ_LDS_BANK_CONFLICT",288.000000
"18__128_16_512_4",48,16,"SQ_LDS_UNALIGNED_STALL",0.00000000e+00
"18__128_16_512_8",48,16,"SQ_LDS_BANK_CONFLICT",912.000000
"18__128_16_512_8",48,16,"SQ_LDS_UNALIGNED_STALL",0.00000000e+00
"18__128_16_512_16",48,16,"SQ_LDS_BANK_CONFLICT",2224.000000
"18__128_16_512_16",48,16,"SQ_LDS_UNALIGNED_STALL",0.00000000e+00
"18__256_4",40,16,"SQ_LDS_BANK_CONFLICT",1536.000000
"18__256_4",40,16,"SQ_LDS_UNALIGNED_STALL",0.00000000e+00
"18__256_4_4096_4",40,16,"SQ_LDS_BANK_CONFLICT",1024.000000
"18__256_4_4096_4",40,16,"SQ_LDS_UNALIGNED_STALL",0.00000000e+00
"18__256_4_4096_8",40,16,"SQ_LDS_BANK_CONFLICT",1536.000000
"18__256_4_4096_8",40,16,"SQ_LDS_UNALIGNED_STALL",0.00000000e+00
"18__256_4_4096_16",40,16,"SQ_LDS_BANK_CONFLICT",1536.000000
"18__256_4_4096_16",40,16,"SQ_LDS_UNALIGNED_STALL",0.00000000e+00
"18__256_8",40,16,"SQ_LDS_BANK_CONFLICT",2560.000000
"18__256_8",40,16,"SQ_LDS_UNALIGNED_STALL",0.00000000e+00
"18__256_8_2048_4",40,16,"SQ_LDS_BANK_CONFLICT",1024.000000
"18__256_8_2048_4",40,16,"SQ_LDS_UNALIGNED_STALL",0.00000000e+00
"18__256_8_2048_8",40,16,"SQ_LDS_BANK_CONFLICT",1536.000000
"18__256_8_2048_8",40,16,"SQ_LDS_UNALIGNED_STALL",0.00000000e+00
"18__256_8_2048_16",40,16,"SQ_LDS_BANK_CONFLICT",2560.000000
"18__256_8_2048_16",40,16,"SQ_LDS_UNALIGNED_STALL",0.00000000e+00
"18__256_16",40,16,"SQ_LDS_BANK_CONFLICT",4608.000000
"18__256_16",40,16,"SQ_LDS_UNALIGNED_STALL",0.00000000e+00
"18__256_16_1024_4",48,16,"SQ_LDS_BANK_CONFLICT",464.000000
"18__256_16_1024_4",48,16,"SQ_LDS_UNALIGNED_STALL",0.00000000e+00
"18__256_16_1024_8",48,16,"SQ_LDS_BANK_CONFLICT",976.000000
"18__256_16_1024_8",48,16,"SQ_LDS_UNALIGNED_STALL",0.00000000e+00
"18__256_16_1024_16",48,16,"SQ_LDS_BANK_CONFLICT",2224.000000
"18__256_16_1024_16",48,16,"SQ_LDS_UNALIGNED_STALL",0.00000000e+00
"19__64_4",40,16,"SQ_LDS_BANK_CONFLICT",3840.000000
"19__64_4",40,16,"SQ_LDS_UNALIGNED_STALL",0.00000000e+00
"19__64_4_1024_4",40,16,"SQ_LDS_BANK_CONFLICT",256.000000
"19__64_4_1024_4",40,16,"SQ_LDS_UNALIGNED_STALL",0.00000000e+00
"19__64_4_1024_8",40,16,"SQ_LDS_BANK_CONFLICT",768.000000
"19__64_4_1024_8",40,16,"SQ_LDS_UNALIGNED_STALL",0.00000000e+00
"19__64_4_1024_16",40,16,"SQ_LDS_BANK_CONFLICT",1792.000000
"19__64_4_1024_16",40,16,"SQ_LDS_UNALIGNED_STALL",0.00000000e+00
"19__64_8",40,16,"SQ_LDS_BANK_CONFLICT",8192.000000
"19__64_8",40,16,"SQ_LDS_UNALIGNED_STALL",0.00000000e+00
"19__64_8_512_4",44,16,"SQ_LDS_BANK_CONFLICT",376.000000
"19__64_8_512_4",44,16,"SQ_LDS_UNALIGNED_STALL",0.00000000e+00
"19__64_8_512_8",44,16,"SQ_LDS_BANK_CONFLICT",904.000000
"19__64_8_512_8",44,16,"SQ_LDS_UNALIGNED_STALL",0.00000000e+00
"19__64_8_512_16",44,16,"SQ_LDS_BANK_CONFLICT",1928.000000
"19__64_8_512_16",44,16,"SQ_LDS_UNALIGNED_STALL",0.00000000e+00
"19__64_16",40,16,"SQ_LDS_BANK_CONFLICT",8704.000000
"19__64_16",40,16,"SQ_LDS_UNALIGNED_STALL",0.00000000e+00
"19__64_16_256_4",64,16,"SQ_LDS_BANK_CONFLICT",888.000000
"19__64_16_256_4",64,16,"SQ_LDS_UNALIGNED_STALL",0.00000000e+00
"19__64_16_256_8",64,16,"SQ_LDS_BANK_CONFLICT",1928.000000
"19__64_16_256_8",64,16,"SQ_LDS_UNALIGNED_STALL",0.00000000e+00
"19__64_16_256_16",64,16,"SQ_LDS_BANK_CONFLICT",4248.000000
"19__64_16_256_16",64,16,"SQ_LDS_UNALIGNED_STALL",0.00000000e+00
"19__512_4",40,16,"SQ_LDS_BANK_CONFLICT",2048.000000
"19__512_4",40,16,"SQ_LDS_UNALIGNED_STALL",0.00000000e+00
"19__512_4_8192_4",40,16,"SQ_LDS_BANK_CONFLICT",2048.000000
"19__512_4_8192_4",40,16,"SQ_LDS_UNALIGNED_STALL",0.00000000e+00
"19__512_4_8192_8",40,16,"SQ_LDS_BANK_CONFLICT",2048.000000
"19__512_4_8192_8",40,16,"SQ_LDS_UNALIGNED_STALL",0.00000000e+00
"19__512_4_8192_16",40,16,"SQ_LDS_BANK_CONFLICT",2048.000000
"19__512_4_8192_16",40,16,"SQ_LDS_UNALIGNED_STALL",0.00000000e+00
"19__512_8",40,16,"SQ_LDS_BANK_CONFLICT",2560.000000
"19__512_8",40,16,"SQ_LDS_UNALIGNED_STALL",0.00000000e+00
"19__512_8_4096_4",40,16,"SQ_LDS_BANK_CONFLICT",2048.000000
"19__512_8_4096_4",40,16,"SQ_LDS_UNALIGNED_STALL",0.00000000e+00
"19__512_8_4096_8",40,16,"SQ_LDS_BANK_CONFLICT",2560.000000
"19__512_8_4096_8",40,16,"SQ_LDS_UNALIGNED_STALL",0.00000000e+00
"19__512_8_4096_16",40,16,"SQ_LDS_BANK_CONFLICT",2560.000000
"19__512_8_4096_16",40,16,"SQ_LDS_UNALIGNED_STALL",0.00000000e+00
"19__512_16",40,16,"SQ_LDS_BANK_CONFLICT",3584.000000
"19__512_16",40,16,"SQ_LDS_UNALIGNED_STALL",0.00000000e+00
"19__512_16_2048_4",40,16,"SQ_LDS_BANK_CONFLICT",2048.000000
"19__512_16_2048_4",40,16,"SQ_LDS_UNALIGNED_STALL",0.00000000e+00
"19__512_16_2048_8",40,16,"SQ_LDS_BANK_CONFLICT",2560.000000
"19__512_16_2048_8",40,16,"SQ_LDS_UNALIGNED_STALL",0.00000000e+00
"19__512_16_2048_16",40,16,"SQ_LDS_BANK_CONFLICT",3584.000000
"19__512_16_2048_16",40,16,"SQ_LDS_UNALIGNED_STALL",0.00000000e+00
"19__128_4",40,16,"SQ_LDS_BANK_CONFLICT",2048.000000
"19__128_4",40,16,"SQ_LDS_UNALIGNED_STALL",0.00000000e+00
"19__128_4_2048_4",40,16,"SQ_LDS_BANK_CONFLICT",512.000000
"19__128_4_2048_4",40,16,"SQ_LDS_UNALIGNED_STALL",0.00000000e+00
"19__128_4_2048_8",40,16,"SQ_LDS_BANK_CONFLICT",1024.000000
"19__128_4_2048_8",40,16,"SQ_LDS_UNALIGNED_STALL",0.00000000e+00
"19__128_4_2048_16",40,16,"SQ_LDS_BANK_CONFLICT",2048.000000
"19__128_4_2048_16",40,16,"SQ_LDS_UNALIGNED_STALL",0.00000000e+00
"19__128_8",40,16,"SQ_LDS_BANK_CONFLICT",4096.000000
"19__128_8",40,16,"SQ_LDS_UNALIGNED_STALL",0.00000000e+00
"19__128_8_1024_4",40,16,"SQ_LDS_BANK_CONFLICT",512.000000
"19__128_8_1024_4",40,16,"SQ_LDS_UNALIGNED_STALL",0.00000000e+00
"19__128_8_1024_8",40,16,"SQ_LDS_BANK_CONFLICT",1024.000000
"19__128_8_1024_8",40,16,"SQ_LDS_UNALIGNED_STALL",0.00000000e+00
"19__128_8_1024_16",40,16,"SQ_LDS_BANK_CONFLICT",2048.000000
"19__128_8_1024_16",40,16,"SQ_LDS_UNALIGNED_STALL",0.00000000e+00
"19__128_16",40,16,"SQ_LDS_BANK_CONFLICT",8704.000000
"19__128_16",40,16,"SQ_LDS_UNALIGNED_STALL",0.00000000e+00
"19__128_16_512_4",44,16,"SQ_LDS_BANK_CONFLICT",392.000000
"19__128_16_512_4",44,16,"SQ_LDS_UNALIGNED_STALL",0.00000000e+00
"19__128_16_512_8",44,16,"SQ_LDS_BANK_CONFLICT",784.000000
"19__128_16_512_8",44,16,"SQ_LDS_UNALIGNED_STALL",0.00000000e+00
"19__128_16_512_16",44,16,"SQ_LDS_BANK_CONFLICT",1960.000000
"19__128_16_512_16",44,16,"SQ_LDS_UNALIGNED_STALL",0.00000000e+00
"19__256_4",40,16,"SQ_LDS_BANK_CONFLICT",1536.000000
"19__256_4",40,16,"SQ_LDS_UNALIGNED_STALL",0.00000000e+00
"19__256_4_4096_4",40,16,"SQ_LDS_BANK_CONFLICT",1024.000000
"19__256_4_4096_4",40,16,"SQ_LDS_UNALIGNED_STALL",0.00000000e+00
"19__256_4_4096_8",40,16,"SQ_LDS_BANK_CONFLICT",1536.000000
"19__256_4_4096_8",40,16,"SQ_LDS_UNALIGNED_STALL",0.00000000e+00
"19__256_4_4096_16",40,16,"SQ_LDS_BANK_CONFLICT",1536.000000
"19__256_4_4096_16",40,16,"SQ_LDS_UNALIGNED_STALL",0.00000000e+00
"19__256_8",40,16,"SQ_LDS_BANK_CONFLICT",2560.000000
"19__256_8",40,16,"SQ_LDS_UNALIGNED_STALL",0.00000000e+00
"19__256_8_2048_4",40,16,"SQ_LDS_BANK_CONFLICT",1024.000000
"19__256_8_2048_4",40,16,"SQ_LDS_UNALIGNED_STALL",0.00000000e+00
"19__256_8_2048_8",40,16,"SQ_LDS_BANK_CONFLICT",1536.000000
"19__256_8_2048_8",40,16,"SQ_LDS_UNALIGNED_STALL",0.00000000e+00
"19__256_8_2048_16",40,16,"SQ_LDS_BANK_CONFLICT",2560.000000
"19__256_8_2048_16",40,16,"SQ_LDS_UNALIGNED_STALL",0.00000000e+00
"19__256_16",40,16,"SQ_LDS_BANK_CONFLICT",4608.000000
"19__256_16",40,16,"SQ_LDS_UNALIGNED_STALL",0.00000000e+00
"19__256_16_1024_4",40,16,"SQ_LDS_BANK_CONFLICT",1024.000000
"19__256_16_1024_4",40,16,"SQ_LDS_UNALIGNED_STALL",0.00000000e+00
"19__256_16_1024_8",40,16,"SQ_LDS_BANK_CONFLICT",1536.000000
"19__256_16_1024_8",40,16,"SQ_LDS_UNALIGNED_STALL",0.00000000e+00
"19__256_16_1024_16",40,16,"SQ_LDS_BANK_CONFLICT",2560.000000
"19__256_16_1024_16",40,16,"SQ_LDS_UNALIGNED_STALL",0.00000000e+00
"20__64_4",88,16,"SQ_LDS_BANK_CONFLICT",1792.000000
"20__64_4",88,16,"SQ_LDS_UNALIGNED_STALL",0.00000000e+00
"20__64_4_1024_4",88,16,"SQ_LDS_BANK_CONFLICT",112.000000
"20__64_4_1024_4",88,16,"SQ_LDS_UNALIGNED_STALL",0.00000000e+00
"20__64_4_1024_8",88,16,"SQ_LDS_BANK_CONFLICT",368.000000
"20__64_4_1024_8",88,16,"SQ_LDS_UNALIGNED_STALL",0.00000000e+00
"20__64_4_1024_16",88,16,"SQ_LDS_BANK_CONFLICT",880.000000
"20__64_4_1024_16",88,16,"SQ_LDS_UNALIGNED_STALL",0.00000000e+00
"20__64_8",88,16,"SQ_LDS_BANK_CONFLICT",4096.000000
"20__64_8",88,16,"SQ_LDS_UNALIGNED_STALL",0.00000000e+00
"20__64_8_512_4",88,16,"SQ_LDS_BANK_CONFLICT",112.000000
"20__64_8_512_4",88,16,"SQ_LDS_UNALIGNED_STALL",0.00000000e+00
"20__64_8_512_8",88,16,"SQ_LDS_BANK_CONFLICT",624.000000
"20__64_8_512_8",88,16,"SQ_LDS_UNALIGNED_STALL",0.00000000e+00
"20__64_8_512_16",88,16,"SQ_LDS_BANK_CONFLICT",1024.000000
"20__64_8_512_16",88,16,"SQ_LDS_UNALIGNED_STALL",0.00000000e+00
"20__64_16",88,16,"SQ_LDS_BANK_CONFLICT",4608.000000
"20__64_16",88,16,"SQ_LDS_UNALIGNED_STALL",0.00000000e+00
"20__64_16_256_4",88,16,"SQ_LDS_BANK_CONFLICT",368.000000
"20__64_16_256_4",88,16,"SQ_LDS_UNALIGNED_STALL",0.00000000e+00
"20__64_16_256_8",76,16,"SQ_LDS_BANK_CONFLICT",1024.000000
"20__64_16_256_8",76,16,"SQ_LDS_UNALIGNED_STALL",0.00000000e+00
"20__64_16_256_16",76,16,"SQ_LDS_BANK_CONFLICT",2224.000000
"20__64_16_256_16",76,16,"SQ_LDS_UNALIGNED_STALL",0.00000000e+00
"20__512_4",88,16,"SQ_LDS_BANK_CONFLICT",1792.000000
"20__512_4",88,16,"SQ_LDS_UNALIGNED_STALL",0.00000000e+00
"20__512_4_8192_4",88,16,"SQ_LDS_BANK_CONFLICT",1792.000000
"20__512_4_8192_4",88,16,"SQ_LDS_UNALIGNED_STALL",0.00000000e+00
"20__512_4_8192_8",88,16,"SQ_LDS_BANK_CONFLICT",1792.000000
"20__512_4_8192_8",88,16,"SQ_LDS_UNALIGNED_STALL",0.00000000e+00
"20__512_4_8192_16",88,16,"SQ_LDS_BANK_CONFLICT",1792.000000
"20__512_4_8192_16",88,16,"SQ_LDS_UNALIGNED_STALL",0.00000000e+00
"20__512_8",88,16,"SQ_LDS_BANK_CONFLICT",2048.000000
"20__512_8",88,16,"SQ_LDS_UNALIGNED_STALL",0.00000000e+00
"20__512_8_4096_4",88,16,"SQ_LDS_BANK_CONFLICT",1792.000000
"20__512_8_4096_4",88,16,"SQ_LDS_UNALIGNED_STALL",0.00000000e+00
"20__512_8_4096_8",88,16,"SQ_LDS_BANK_CONFLICT",2048.000000
"20__512_8_4096_8",88,16,"SQ_LDS_UNALIGNED_STALL",0.00000000e+00
"20__512_8_4096_16",88,16,"SQ_LDS_BANK_CONFLICT",2048.000000
"20__512_8_4096_16",88,16,"SQ_LDS_UNALIGNED_STALL",0.00000000e+00
"20__512_16",88,16,"SQ_LDS_BANK_CONFLICT",2560.000000
"20__512_16",88,16,"SQ_LDS_UNALIGNED_STALL",0.00000000e+00
"20__512_16_2048_4",88,16,"SQ_LDS_BANK_CONFLICT",1792.000000
"20__512_16_2048_4",88,16,"SQ_LDS_UNALIGNED_STALL",0.00000000e+00
"20__512_16_2048_8",88,16,"SQ_LDS_BANK_CONFLICT",2048.000000
"20__512_16_2048_8",88,16,"SQ_LDS_UNALIGNED_STALL",0.00000000e+00
"20__512_16_2048_16",88,16,"SQ_LDS_BANK_CONFLICT",2560.000000
"20__512_16_2048_16",88,16,"SQ_LDS_UNALIGNED_STALL",0.00000000e+00
"20__128_4",88,16,"SQ_LDS_BANK_CONFLICT",1024.000000
"20__128_4",88,16,"SQ_LDS_UNALIGNED_STALL",0.00000000e+00
"20__128_4_2048_4",88,16,"SQ_LDS_BANK_CONFLICT",256.000000
"20__128_4_2048_4",88,16,"SQ_LDS_UNALIGNED_STALL",0.00000000e+00
"20__128_4_2048_8",88,16,"SQ_LDS_BANK_CONFLICT",512.000000
"20__128_4_2048_8",88,16,"SQ_LDS_UNALIGNED_STALL",0.00000000e+00
"20__128_4_2048_16",88,16,"SQ_LDS_BANK_CONFLICT",1024.000000
"20__128_4_2048_16",88,16,"SQ_LDS_UNALIGNED_STALL",0.00000000e+00
"20__128_8",88,16,"SQ_LDS_BANK_CONFLICT",2048.000000
"20__128_8",88,16,"SQ_LDS_UNALIGNED_STALL",0.00000000e+00
"20__128_8_1024_4",88,16,"SQ_LDS_BANK_CONFLICT",32.000000
"20__128_8_1024_4",88,16,"SQ_LDS_UNALIGNED_STALL",0.00000000e+00
"20__128_8_1024_8",88,16,"SQ_LDS_BANK_CONFLICT",400.000000
"20__128_8_1024_8",88,16,"SQ_LDS_UNALIGNED_STALL",0.00000000e+00
"20__128_8_1024_16",88,16,"SQ_LDS_BANK_CONFLICT",912.000000
"20__128_8_1024_16",88,16,"SQ_LDS_UNALIGNED_STALL",0.00000000e+00
"20__128_16",88,16,"SQ_LDS_BANK_CONFLICT",4608.000000
"20__128_16",88,16,"SQ_LDS_UNALIGNED_STALL",0.00000000e+00
"20__128_16_512_4",88,16,"SQ_LDS_BANK_CONFLICT",32.000000
"20__128_16_512_4",88,16,"SQ_LDS_UNALIGNED_STALL",0.00000000e+00
"20__128_16_512_8",88,16,"SQ_LDS_BANK_CONFLICT",400.000000
"20__128_16_512_8",88,16,"SQ_LDS_UNALIGNED_STALL",0.00000000e+00
"20__128_16_512_16",88,16,"SQ_LDS_BANK_CONFLICT",1200.000000
"20__128_16_512_16",88,16,"SQ_LDS_UNALIGNED_STALL",0.00000000e+00
"20__256_4",88,16,"SQ_LDS_BANK_CONFLICT",1024.000000
"20__256_4",88,16,"SQ_LDS_UNALIGNED_STALL",0.00000000e+00
"20__256_4_4096_4",88,16,"SQ_LDS_BANK_CONFLICT",768.000000
"20__256_4_4096_4",88,16,"SQ_LDS_UNALIGNED_STALL",0.00000000e+00
"20__256_4_4096_8",88,16,"SQ_LDS_BANK_CONFLICT",1024.000000
"20__256_4_4096_8",88,16,"SQ_LDS_UNALIGNED_STALL",0.00000000e+00
"20__256_4_4096_16",88,16,"SQ_LDS_BANK_CONFLICT",1024.000000
"20__256_4_4096_16",88,16,"SQ_LDS_UNALIGNED_STALL",0.00000000e+00
"20__256_8",88,16,"SQ_LDS_BANK_CONFLICT",1536.000000
"20__256_8",88,16,"SQ_LDS_UNALIGNED_STALL",0.00000000e+00
"20__256_8_2048_4",88,16,"SQ_LDS_BANK_CONFLICT",768.000000
"20__256_8_2048_4",88,16,"SQ_LDS_UNALIGNED_STALL",0.00000000e+00
"20__256_8_2048_8",88,16,"SQ_LDS_BANK_CONFLICT",1024.000000
"20__256_8_2048_8",88,16,"SQ_LDS_UNALIGNED_STALL",0.00000000e+00
"20__256_8_2048_16",88,16,"SQ_LDS_BANK_CONFLICT",1536.000000
"20__256_8_2048_16",88,16,"SQ_LDS_UNALIGNED_STALL",0.00000000e+00
"20__256_16",88,16,"SQ_LDS_BANK_CONFLICT",2560.000000
"20__256_16",88,16,"SQ_LDS_UNALIGNED_STALL",0.00000000e+00
"20__256_16_1024_4",88,16,"SQ_LDS_BANK_CONFLICT",208.000000
"20__256_16_1024_4",88,16,"SQ_LDS_UNALIGNED_STALL",0.00000000e+00
"20__256_16_1024_8",88,16,"SQ_LDS_BANK_CONFLICT",464.000000
"20__256_16_1024_8",88,16,"SQ_LDS_UNALIGNED_STALL",0.00000000e+00
"20__256_16_1024_16",88,16,"SQ_LDS_BANK_CONFLICT",1200.000000
"20__256_16_1024_16",88,16,"SQ_LDS_UNALIGNED_STALL",0.00000000e+00
"21__64_4",40,16,"SQ_LDS_BANK_CONFLICT",1792.000000
"21__64_4",40,16,"SQ_LDS_UNALIGNED_STALL",0.00000000e+00
"21__64_4_1024_4",40,16,"SQ_LDS_BANK_CONFLICT",0.00000000e+00
"21__64_4_1024_4",40,16,"SQ_LDS_UNALIGNED_STALL",0.00000000e+00
"21__64_4_1024_8",40,16,"SQ_LDS_BANK_CONFLICT",256.000000
"21__64_4_1024_8",40,16,"SQ_LDS_UNALIGNED_STALL",0.00000000e+00
"21__64_4_1024_16",40,16,"SQ_LDS_BANK_CONFLICT",768.000000
"21__64_4_1024_16",40,16,"SQ_LDS_UNALIGNED_STALL",0.00000000e+00
"21__64_8",40,16,"SQ_LDS_BANK_CONFLICT",4096.000000
"21__64_8",40,16,"SQ_LDS_UNALIGNED_STALL",0.00000000e+00
"21__64_8_512_4",48,16,"SQ_LDS_BANK_CONFLICT",120.000000
"21__64_8_512_4",48,16,"SQ_LDS_UNALIGNED_STALL",0.00000000e+00
"21__64_8_512_8",48,16,"SQ_LDS_BANK_CONFLICT",392.000000
"21__64_8_512_8",48,16,"SQ_LDS_UNALIGNED_STALL",0.00000000e+00
"21__64_8_512_16",48,16,"SQ_LDS_BANK_CONFLICT",904.000000
"21__64_8_512_16",48,16,"SQ_LDS_UNALIGNED_STALL",0.00000000e+00
"21__64_16",40,16,"SQ_LDS_BANK_CONFLICT",4608.000000
"21__64_16",40,16,"SQ_LDS_UNALIGNED_STALL",0.00000000e+00
"21__64_16_256_4",44,16,"SQ_LDS_BANK_CONFLICT",376.000000
"21__64_16_256_4",44,16,"SQ_LDS_UNALIGNED_STALL",0.00000000e+00
"21__64_16_256_8",44,16,"SQ_LDS_BANK_CONFLICT",904.000000
"21__64_16_256_8",44,16,"SQ_LDS_UNALIGNED_STALL",0.00000000e+00
"21__64_16_256_16",44,16,"SQ_LDS_BANK_CONFLICT",2200.000000
"21__64_16_256_16",44,16,"SQ_LDS_UNALIGNED_STALL",0.00000000e+00
"21__512_4",44,16,"SQ_LDS_BANK_CONFLICT",1792.000000
"21__512_4",44,16,"SQ_LDS_UNALIGNED_STALL",0.00000000e+00
"21__512_4_8192_4",40,16,"SQ_LDS_BANK_CONFLICT",1792.000000
"21__512_4_8192_4",40,16,"SQ_LDS_UNALIGNED_STALL",0.00000000e+00
"21__512_4_8192_8",40,16,"SQ_LDS_BANK_CONFLICT",1792.000000
"21__512_4_8192_8",40,16,"SQ_LDS_UNALIGNED_STALL",0.00000000e+00
"21__512_4_8192_16",40,16,"SQ_LDS_BANK_CONFLICT",1792.000000
"21__512_4_8192_16",40,16,"SQ_LDS_UNALIGNED_STALL",0.00000000e+00
"21__512_8",44,16,"SQ_LDS_BANK_CONFLICT",2048.000000
"21__512_8",44,16,"SQ_LDS_UNALIGNED_STALL",0.00000000e+00
"21__512_8_4096_4",40,16,"SQ_LDS_BANK_CONFLICT",1792.000000
"21__512_8_4096_4",40,16,"SQ_LDS_UNALIGNED_STALL",0.00000000e+00
"21__512_8_4096_8",40,16,"SQ_LDS_BANK_CONFLICT",2048.000000
"21__512_8_4096_8",40,16,"SQ_LDS_UNALIGNED_STALL",0.00000000e+00
"21__512_8_4096_16",40,16,"SQ_LDS_BANK_CONFLICT",2048.000000
"21__512_8_4096_16",40,16,"SQ_LDS_UNALIGNED_STALL",0.00000000e+00
"21__512_16",44,16,"SQ_LDS_BANK_CONFLICT",2560.000000
"21__512_16",44,16,"SQ_LDS_UNALIGNED_STALL",0.00000000e+00
"21__512_16_2048_4",40,16,"SQ_LDS_BANK_CONFLICT",1792.000000
"21__512_16_2048_4",40,16,"SQ_LDS_UNALIGNED_STALL",0.00000000e+00
"21__512_16_2048_8",40,16,"SQ_LDS_BANK_CONFLICT",2048.000000
"21__512_16_2048_8",40,16,"SQ_LDS_UNALIGNED_STALL",0.00000000e+00
"21__512_16_2048_16",40,16,"SQ_LDS_BANK_CONFLICT",2560.000000
"21__512_16_2048_16",40,16,"SQ_LDS_UNALIGNED_STALL",0.00000000e+00
"21__128_4",40,16,"SQ_LDS_BANK_CONFLICT",1024.000000
"21__128_4",40,16,"SQ_LDS_UNALIGNED_STALL",0.00000000e+00
"21__128_4_2048_4",40,16,"SQ_LDS_BANK_CONFLICT",256.000000
"21__128_4_2048_4",40,16,"SQ_LDS_UNALIGNED_STALL",0.00000000e+00
"21__128_4_2048_8",40,16,"SQ_LDS_BANK_CONFLICT",512.000000
"21__128_4_2048_8",40,16,"SQ_LDS_UNALIGNED_STALL",0.00000000e+00
"21__128_4_2048_16",40,16,"SQ_LDS_BANK_CONFLICT",1024.000000
"21__128_4_2048_16",40,16,"SQ_LDS_UNALIGNED_STALL",0.00000000e+00
"21__128_8",40,16,"SQ_LDS_BANK_CONFLICT",2048.000000
"21__128_8",40,16,"SQ_LDS_UNALIGNED_STALL",0.00000000e+00
"21__128_8_1024_4",40,16,"SQ_LDS_BANK_CONFLICT",256.000000
"21__128_8_1024_4",40,16,"SQ_LDS_UNALIGNED_STALL",0.00000000e+00
"21__128_8_1024_8",40,16,"SQ_LDS_BANK_CONFLICT",512.000000
"21__128_8_1024_8",40,16,"SQ_LDS_UNALIGNED_STALL",0.00000000e+00
"21__128_8_1024_16",40,16,"SQ_LDS_BANK_CONFLICT",1024.000000
"21__128_8_1024_16",40,16,"SQ_LDS_UNALIGNED_STALL",0.00000000e+00
"21__128_16",40,16,"SQ_LDS_BANK_CONFLICT",4608.000000
"21__128_16",40,16,"SQ_LDS_UNALIGNED_STALL",0.00000000e+00
"21__128_16_512_4",48,16,"SQ_LDS_BANK_CONFLICT",136.000000
"21__128_16_512_4",48,16,"SQ_LDS_UNALIGNED_STALL",0.00000000e+00
"21__128_16_512_8",48,16,"SQ_LDS_BANK_CONFLICT",272.000000
"21__128_16_512_8",48,16,"SQ_LDS_UNALIGNED_STALL",0.00000000e+00
"21__128_16_512_16",48,16,"SQ_LDS_BANK_CONFLICT",936.000000
"21__128_16_512_16",48,16,"SQ_LDS_UNALIGNED_STALL",0.00000000e+00
"21__256_4",40,16,"SQ_LDS_BANK_CONFLICT",1024.000000
"21__256_4",40,16,"SQ_LDS_UNALIGNED_STALL",0.00000000e+00
"21__256_4_4096_4",40,16,"SQ_LDS_BANK_CONFLICT",768.000000
"21__256_4_4096_4",40,16,"SQ_LDS_UNALIGNED_STALL",0.00000000e+00
"21__256_4_4096_8",40,16,"SQ_LDS_BANK_CONFLICT",1024.000000
"21__256_4_4096_8",40,16,"SQ_LDS_UNALIGNED_STALL",0.00000000e+00
"21__256_4_4096_16",40,16,"SQ_LDS_BANK_CONFLICT",1024.000000
"21__256_4_4096_16",40,16,"SQ_LDS_UNALIGNED_STALL",0.00000000e+00
"21__256_8",40,16,"SQ_LDS_BANK_CONFLICT",1536.000000
"21__256_8",40,16,"SQ_LDS_UNALIGNED_STALL",0.00000000e+00
"21__256_8_2048_4",40,16,"SQ_LDS_BANK_CONFLICT",768.000000
"21__256_8_2048_4",40,16,"SQ_LDS_UNALIGNED_STALL",0.00000000e+00
"21__256_8_2048_8",40,16,"SQ_LDS_BANK_CONFLICT",1024.000000
"21__256_8_2048_8",40,16,"SQ_LDS_UNALIGNED_STALL",0.00000000e+00
"21__256_8_2048_16",40,16,"SQ_LDS_BANK_CONFLICT",1536.000000
"21__256_8_2048_16",40,16,"SQ_LDS_UNALIGNED_STALL",0.00000000e+00
"21__256_16",40,16,"SQ_LDS_BANK_CONFLICT",2560.000000
"21__256_16",40,16,"SQ_LDS_UNALIGNED_STALL",0.00000000e+00
"21__256_16_1024_4",40,16,"SQ_LDS_BANK_CONFLICT",768.000000
"21__256_16_1024_4",40,16,"SQ_LDS_UNALIGNED_STALL",0.00000000e+00
"21__256_16_1024_8",40,16,"SQ_LDS_BANK_CONFLICT",1024.000000
"21__256_16_1024_8",40,16,"SQ_LDS_UNALIGNED_STALL",0.00000000e+00
"21__256_16_1024_16",40,16,"SQ_LDS_BANK_CONFLICT",1536.000000
"21__256_16_1024_16",40,16,"SQ_LDS_UNALIGNED_STALL",0.00000000e+00
"22__64_8",40,16,"SQ_LDS_BANK_CONFLICT",2048.000000
"22__64_8",40,16,"SQ_LDS_UNALIGNED_STALL",0.00000000e+00
"22__64_8_512_8",48,16,"SQ_LDS_BANK_CONFLICT",368.000000
"22__64_8_512_8",48,16,"SQ_LDS_UNALIGNED_STALL",0.00000000e+00
"22__64_8_512_16",48,16,"SQ_LDS_BANK_CONFLICT",512.000000
"22__64_8_512_16",48,16,"SQ_LDS_UNALIGNED_STALL",0.00000000e+00
"22__64_16",40,16,"SQ_LDS_BANK_CONFLICT",2560.000000
"22__64_16",40,16,"SQ_LDS_UNALIGNED_STALL",0.00000000e+00
"22__64_16_256_8",52,16,"SQ_LDS_BANK_CONFLICT",512.000000
"22__64_16_256_8",52,16,"SQ_LDS_UNALIGNED_STALL",0.00000000e+00
"22__64_16_256_16",52,16,"SQ_LDS_BANK_CONFLICT",1200.000000
"22__64_16_256_16",52,16,"SQ_LDS_UNALIGNED_STALL",0.00000000e+00
"22__512_8",40,16,"SQ_LDS_BANK_CONFLICT",1792.000000
"22__512_8",40,16,"SQ_LDS_UNALIGNED_STALL",0.00000000e+00
"22__512_8_4096_8",40,16,"SQ_LDS_BANK_CONFLICT",1792.000000
"22__512_8_4096_8",40,16,"SQ_LDS_UNALIGNED_STALL",0.00000000e+00
"22__512_8_4096_16",40,16,"SQ_LDS_BANK_CONFLICT",1792.000000
"22__512_8_4096_16",40,16,"SQ_LDS_UNALIGNED_STALL",0.00000000e+00
"22__512_16",40,16,"SQ_LDS_BANK_CONFLICT",2048.000000
"22__512_16",40,16,"SQ_LDS_UNALIGNED_STALL",0.00000000e+00
"22__512_16_2048_8",40,16,"SQ_LDS_BANK_CONFLICT",1792.000000
"22__512_16_2048_8",40,16,"SQ_LDS_UNALIGNED_STALL",0.00000000e+00
"22__512_16_2048_16",40,16,"SQ_LDS_BANK_CONFLICT",2048.000000
"22__512_16_2048_16",40,16,"SQ_LDS_UNALIGNED_STALL",0.00000000e+00
"22__128_8",40,16,"SQ_LDS_BANK_CONFLICT",1024.000000
"22__128_8",40,16,"SQ_LDS_UNALIGNED_STALL",0.00000000e+00
"22__128_8_1024_8",52,16,"SQ_LDS_BANK_CONFLICT",144.000000
"22__128_8_1024_8",52,16,"SQ_LDS_UNALIGNED_STALL",0.00000000e+00
"22__128_8_1024_16",52,16,"SQ_LDS_BANK_CONFLICT",400.000000
"22__128_8_1024_16",52,16,"SQ_LDS_UNALIGNED_STALL",0.00000000e+00
"22__128_16",40,16,"SQ_LDS_BANK_CONFLICT",2560.000000
"22__128_16",40,16,"SQ_LDS_UNALIGNED_STALL",0.00000000e+00
"22__128_16_512_8",48,16,"SQ_LDS_BANK_CONFLICT",144.000000
"22__128_16_512_8",48,16,"SQ_LDS_UNALIGNED_STALL",0.00000000e+00
"22__128_16_512_16",48,16,"SQ_LDS_BANK_CONFLICT",688.000000
"22__128_16_512_16",48,16,"SQ_LDS_UNALIGNED_STALL",0.00000000e+00
"22__256_8",40,16,"SQ_LDS_BANK_CONFLICT",1024.000000
"22__256_8",40,16,"SQ_LDS_UNALIGNED_STALL",0.00000000e+00
"22__256_8_2048_8",40,16,"SQ_LDS_BANK_CONFLICT",768.000000
"22__256_8_2048_8",40,16,"SQ_LDS_UNALIGNED_STALL",0.00000000e+00
"22__256_8_2048_16",40,16,"SQ_LDS_BANK_CONFLICT",1024.000000
"22__256_8_2048_16",40,16,"SQ_LDS_UNALIGNED_STALL",0.00000000e+00
"22__256_16",40,16,"SQ_LDS_BANK_CONFLICT",1536.000000
"22__256_16",40,16,"SQ_LDS_UNALIGNED_STALL",0.00000000e+00
"22__256_16_1024_8",52,16,"SQ_LDS_BANK_CONFLICT",208.000000
"22__256_16_1024_8",52,16,"SQ_LDS_UNALIGNED_STALL",0.00000000e+00
"22__256_16_1024_16",48,16,"SQ_LDS_BANK_CONFLICT",688.000000
"22__256_16_1024_16",48,16,"SQ_LDS_UNALIGNED_STALL",0.00000000e+00
"23__64_8",40,16,"SQ_LDS_BANK_CONFLICT",2048.000000
"23__64_8",40,16,"SQ_LDS_UNALIGNED_STALL",0.00000000e+00
"23__64_8_512_8",44,16,"SQ_LDS_BANK_CONFLICT",136.000000
"23__64_8_512_8",44,16,"SQ_LDS_UNALIGNED_STALL",0.00000000e+00
"23__64_8_512_16",44,16,"SQ_LDS_BANK_CONFLICT",392.000000
"23__64_8_512_16",44,16,"SQ_LDS_UNALIGNED_STALL",0.00000000e+00
"23__64_16",40,16,"SQ_LDS_BANK_CONFLICT",2560.000000
"23__64_16",40,16,"SQ_LDS_UNALIGNED_STALL",0.00000000e+00
"23__64_16_256_8",44,16,"SQ_LDS_BANK_CONFLICT",392.000000
"23__64_16_256_8",44,16,"SQ_LDS_UNALIGNED_STALL",0.00000000e+00
"23__64_16_256_16",44,16,"SQ_LDS_BANK_CONFLICT",1176.000000
"23__64_16_256_16",44,16,"SQ_LDS_UNALIGNED_STALL",0.00000000e+00
"23__512_8",40,16,"SQ_LDS_BANK_CONFLICT",1792.000000
"23__512_8",40,16,"SQ_LDS_UNALIGNED_STALL",0.00000000e+00
"23__512_8_4096_8",40,16,"SQ_LDS_BANK_CONFLICT",1792.000000
"23__512_8_4096_8",40,16,"SQ_LDS_UNALIGNED_STALL",0.00000000e+00
"23__512_8_4096_16",40,16,"SQ_LDS_BANK_CONFLICT",1792.000000
"23__512_8_4096_16",40,16,"SQ_LDS_UNALIGNED_STALL",0.00000000e+00
"23__512_16",40,16,"SQ_LDS_BANK_CONFLICT",2048.000000
"23__512_16",40,16,"SQ_LDS_UNALIGNED_STALL",0.00000000e+00
"23__512_16_2048_8",40,16,"SQ_LDS_BANK_CONFLICT",1792.000000
"23__512_16_2048_8",40,16,"SQ_LDS_UNALIGNED_STALL",0.00000000e+00
"23__512_16_2048_16",40,16,"SQ_LDS_BANK_CONFLICT",2048.000000
"23__512_16_2048_16",40,16,"SQ_LDS_UNALIGNED_STALL",0.00000000e+00
"23__128_8",40,16,"SQ_LDS_BANK_CONFLICT",1024.000000
"23__128_8",40,16,"SQ_LDS_UNALIGNED_STALL",0.00000000e+00
"23__128_8_1024_8",40,16,"SQ_LDS_BANK_CONFLICT",256.000000
"23__128_8_1024_8",40,16,"SQ_LDS_UNALIGNED_STALL",0.00000000e+00
"23__128_8_1024_16",40,16,"SQ_LDS_BANK_CONFLICT",512.000000
"23__128_8_1024_16",40,16,"SQ_LDS_UNALIGNED_STALL",0.00000000e+00
"23__128_16",40,16,"SQ_LDS_BANK_CONFLICT",2560.000000
"23__128_16",40,16,"SQ_LDS_UNALIGNED_STALL",0.00000000e+00
"23__128_16_512_8",44,16,"SQ_LDS_BANK_CONFLICT",16.000000
"23__128_16_512_8",44,16,"SQ_LDS_UNALIGNED_STALL",0.00000000e+00
"23__128_16_512_16",44,16,"SQ_LDS_BANK_CONFLICT",424.000000
"23__128_16_512_16",44,16,"SQ_LDS_UNALIGNED_STALL",0.00000000e+00
"23__256_8",40,16,"SQ_LDS_BANK_CONFLICT",1024.000000
"23__256_8",40,16,"SQ_LDS_UNALIGNED_STALL",0.00000000e+00
"23__256_8_2048_8",40,16,"SQ_LDS_BANK_CONFLICT",768.000000
"23__256_8_2048_8",40,16,"SQ_LDS_UNALIGNED_STALL",0.00000000e+00
"23__256_8_2048_16",40,16,"SQ_LDS_BANK_CONFLICT",1024.000000
"23__256_8_2048_16",40,16,"SQ_LDS_UNALIGNED_STALL",0.00000000e+00
"23__256_16",40,16,"SQ_LDS_BANK_CONFLICT",1536.000000
"23__256_16",40,16,"SQ_LDS_UNALIGNED_STALL",0.00000000e+00
"23__256_16_1024_8",40,16,"SQ_LDS_BANK_CONFLICT",768.000000
"23__256_16_1024_8",40,16,"SQ_LDS_UNALIGNED_STALL",0.00000000e+00
"23__256_16_1024_16",40,16,"SQ_LDS_BANK_CONFLICT",1024.000000
"23__256_16_1024_16",40,16,"SQ_LDS_UNALIGNED_STALL",0.00000000e+00
"24__128_4",44,16,"SQ_LDS_BANK_CONFLICT",1792.000000
"24__128_4",44,16,"SQ_LDS_UNALIGNED_STALL",0.00000000e+00
"24__128_4_2048_4",60,16,"SQ_LDS_BANK_CONFLICT",96.000000
"24__128_4_2048_4",60,16,"SQ_LDS_UNALIGNED_STALL",0.00000000e+00
"24__128_4_2048_8",60,16,"SQ_LDS_BANK_CONFLICT",352.000000
"24__128_4_2048_8",60,16,"SQ_LDS_UNALIGNED_STALL",0.00000000e+00
"24__128_4_2048_16",60,16,"SQ_LDS_BANK_CONFLICT",864.000000
"24__128_4_2048_16",60,16,"SQ_LDS_UNALIGNED_STALL",0.00000000e+00
"24__128_8",44,16,"SQ_LDS_BANK_CONFLICT",4096.000000
"24__128_8",44,16,"SQ_LDS_UNALIGNED_STALL",0.00000000e+00
"24__128_8_1024_4",60,16,"SQ_LDS_BANK_CONFLICT",96.000000
"24__128_8_1024_4",60,16,"SQ_LDS_UNALIGNED_STALL",0.00000000e+00
"24__128_8_1024_8",60,16,"SQ_LDS_BANK_CONFLICT",512.000000
"24__128_8_1024_8",60,16,"SQ_LDS_UNALIGNED_STALL",0.00000000e+00
"24__128_8_1024_16",60,16,"SQ_LDS_BANK_CONFLICT",1024.000000
"24__128_8_1024_16",60,16,"SQ_LDS_UNALIGNED_STALL",0.00000000e+00
"24__128_16",44,16,"SQ_LDS_BANK_CONFLICT",4608.000000
"24__128_16",44,16,"SQ_LDS_UNALIGNED_STALL",0.00000000e+00
"24__128_16_512_4",64,16,"SQ_LDS_BANK_CONFLICT",352.000000
"24__128_16_512_4",64,16,"SQ_LDS_UNALIGNED_STALL",0.00000000e+00
"24__128_16_512_8",64,16,"SQ_LDS_BANK_CONFLICT",1120.000000
"24__128_16_512_8",64,16,"SQ_LDS_UNALIGNED_STALL",0.00000000e+00
"24__128_16_512_16",64,16,"SQ_LDS_BANK_CONFLICT",2272.000000
"24__128_16_512_16",64,16,"SQ_LDS_UNALIGNED_STALL",0.00000000e+00
"24__1024_4",40,16,"SQ_LDS_BANK_CONFLICT",1792.000000
"24__1024_4",40,16,"SQ_LDS_UNALIGNED_STALL",0.00000000e+00
"24__1024_4_16384_4",40,16,"SQ_LDS_BANK_CONFLICT",1792.000000
"24__1024_4_16384_4",40,16,"SQ_LDS_UNALIGNED_STALL",0.00000000e+00
"24__1024_4_16384_8",40,16,"SQ_LDS_BANK_CONFLICT",1792.000000
"24__1024_4_16384_8",40,16,"SQ_LDS_UNALIGNED_STALL",0.00000000e+00
"24__1024_4_16384_16",40,16,"SQ_LDS_BANK_CONFLICT",1792.000000
"24__1024_4_16384_16",40,16,"SQ_LDS_UNALIGNED_STALL",0.00000000e+00
"24__1024_8",44,16,"SQ_LDS_BANK_CONFLICT",2048.000000
"24__1024_8",44,16,"SQ_LDS_UNALIGNED_STALL",0.00000000e+00
"24__1024_8_8192_4",44,16,"SQ_LDS_BANK_CONFLICT",1792.000000
"24__1024_8_8192_4",44,16,"SQ_LDS_UNALIGNED_STALL",0.00000000e+00
"24__1024_8_8192_8",44,16,"SQ_LDS_BANK_CONFLICT",2048.000000
"24__1024_8_8192_8",44,16,"SQ_LDS_UNALIGNED_STALL",0.00000000e+00
"24__1024_8_8192_16",44,16,"SQ_LDS_BANK_CONFLICT",2048.000000
"24__1024_8_8192_16",44,16,"SQ_LDS_UNALIGNED_STALL",0.00000000e+00
"24__1024_16",40,16,"SQ_LDS_BANK_CONFLICT",2560.000000
"24__1024_16",40,16,"SQ_LDS_UNALIGNED_STALL",0.00000000e+00
"24__1024_16_4096_4",44,16,"SQ_LDS_BANK_CONFLICT",1792.000000
"24__1024_16_4096_4",44,16,"SQ_LDS_UNALIGNED_STALL",0.00000000e+00
"24__1024_16_4096_8",44,16,"SQ_LDS_BANK_CONFLICT",2048.000000
"24__1024_16_4096_8",44,16,"SQ_LDS_UNALIGNED_STALL",0.00000000e+00
"24__1024_16_4096_16",44,16,"SQ_LDS_BANK_CONFLICT",2560.000000
"24__1024_16_4096_16",44,16,"SQ_LDS_UNALIGNED_STALL",0.00000000e+00
"24__64_4",44,16,"SQ_LDS_BANK_CONFLICT",4096.000000
"24__64_4",44,16,"SQ_LDS_UNALIGNED_STALL",0.00000000e+00
"24__64_4_1024_4",60,16,"SQ_LDS_BANK_CONFLICT",96.000000
"24__64_4_1024_4",60,16,"SQ_LDS_UNALIGNED_STALL",0.00000000e+00
"24__64_4_1024_8",60,16,"SQ_LDS_BANK_CONFLICT",512.000000
"24__64_4_1024_8",60,16,"SQ_LDS_UNALIGNED_STALL",0.00000000e+00
"24__64_4_1024_16",60,16,"SQ_LDS_BANK_CONFLICT",1024.000000
"24__64_4_1024_16",60,16,"SQ_LDS_UNALIGNED_STALL",0.00000000e+00
"24__64_8",44,16,"SQ_LDS_BANK_CONFLICT",4608.000000
"24__64_8",44,16,"SQ_LDS_UNALIGNED_STALL",0.00000000e+00
"24__64_8_512_4",64,16,"SQ_LDS_BANK_CONFLICT",352.000000
"24__64_8_512_4",64,16,"SQ_LDS_UNALIGNED_STALL",0.00000000e+00
"24__64_8_512_8",64,16,"SQ_LDS_BANK_CONFLICT",1120.000000
"24__64_8_512_8",64,16,"SQ_LDS_UNALIGNED_STALL",0.00000000e+00
"24__64_8_512_16",64,16,"SQ_LDS_BANK_CONFLICT",2272.000000
"24__64_8_512_16",64,16,"SQ_LDS_UNALIGNED_STALL",0.00000000e+00
"24__64_16",44,16,"SQ_LDS_BANK_CONFLICT",5632.000000
"24__64_16",44,16,"SQ_LDS_UNALIGNED_STALL",0.00000000e+00
"24__64_16_256_4",92,16,"SQ_LDS_BANK_CONFLICT",864.000000
"24__64_16_256_4",92,16,"SQ_LDS_UNALIGNED_STALL",0.00000000e+00
"24__64_16_256_8",92,16,"SQ_LDS_BANK_CONFLICT",1952.000000
"24__64_16_256_8",92,16,"SQ_LDS_UNALIGNED_STALL",0.00000000e+00
"24__64_16_256_16",92,16,"SQ_LDS_BANK_CONFLICT",4320.000000
"24__64_16_256_16",92,16,"SQ_LDS_UNALIGNED_STALL",0.00000000e+00
"24__256_4",44,16,"SQ_LDS_BANK_CONFLICT",1024.000000
"24__256_4",44,16,"SQ_LDS_UNALIGNED_STALL",0.00000000e+00
"24__256_4_4096_4",44,16,"SQ_LDS_BANK_CONFLICT",256.000000
"24__256_4_4096_4",44,16,"SQ_LDS_UNALIGNED_STALL",0.00000000e+00
"24__256_4_4096_8",44,16,"SQ_LDS_BANK_CONFLICT",512.000000
"24__256_4_4096_8",44,16,"SQ_LDS_UNALIGNED_STALL",0.00000000e+00
"24__256_4_4096_16",44,16,"SQ_LDS_BANK_CONFLICT",1024.000000
"24__256_4_4096_16",44,16,"SQ_LDS_UNALIGNED_STALL",0.00000000e+00
"24__256_8",40,16,"SQ_LDS_BANK_CONFLICT",2048.000000
"24__256_8",40,16,"SQ_LDS_UNALIGNED_STALL",0.00000000e+00
"24__256_8_2048_4",60,16,"SQ_LDS_BANK_CONFLICT",160.000000
"24__256_8_2048_4",60,16,"SQ_LDS_UNALIGNED_STALL",0.00000000e+00
"24__256_8_2048_8",60,16,"SQ_LDS_BANK_CONFLICT",608.000000
"24__256_8_2048_8",60,16,"SQ_LDS_UNALIGNED_STALL",0.00000000e+00
"24__256_8_2048_16",60,16,"SQ_LDS_BANK_CONFLICT",1120.000000
"24__256_8_2048_16",60,16,"SQ_LDS_UNALIGNED_STALL",0.00000000e+00
"24__256_16",44,16,"SQ_LDS_BANK_CONFLICT",4608.000000
"24__256_16",44,16,"SQ_LDS_UNALIGNED_STALL",0.00000000e+00
"24__256_16_1024_4",60,16,"SQ_LDS_BANK_CONFLICT",160.000000
"24__256_16_1024_4",60,16,"SQ_LDS_UNALIGNED_STALL",0.00000000e+00
"24__256_16_1024_8",60,16,"SQ_LDS_BANK_CONFLICT",608.000000
"24__256_16_1024_8",60,16,"SQ_LDS_UNALIGNED_STALL",0.00000000e+00
"24__256_16_1024_16",60,16,"SQ_LDS_BANK_CONFLICT",1440.000000
"24__256_16_1024_16",60,16,"SQ_LDS_UNALIGNED_STALL",0.00000000e+00
"24__512_4",44,16,"SQ_LDS_BANK_CONFLICT",1024.000000
"24__512_4",44,16,"SQ_LDS_UNALIGNED_STALL",0.00000000e+00
"24__512_4_8192_4",44,16,"SQ_LDS_BANK_CONFLICT",768.000000
"24__512_4_8192_4",44,16,"SQ_LDS_UNALIGNED_STALL",0.00000000e+00
"24__512_4_8192_8",44,16,"SQ_LDS_BANK_CONFLICT",1024.000000
"24__512_4_8192_8",44,16,"SQ_LDS_UNALIGNED_STALL",0.00000000e+00
"24__512_4_8192_16",44,16,"SQ_LDS_BANK_CONFLICT",1024.000000
"24__512_4_8192_16",44,16,"SQ_LDS_UNALIGNED_STALL",0.00000000e+00
"24__512_8",44,16,"SQ_LDS_BANK_CONFLICT",1536.000000
"24__512_8",44,16,"SQ_LDS_UNALIGNED_STALL",0.00000000e+00
"24__512_8_4096_4",44,16,"SQ_LDS_BANK_CONFLICT",768.000000
"24__512_8_4096_4",44,16,"SQ_LDS_UNALIGNED_STALL",0.00000000e+00
"24__512_8_4096_8",44,16,"SQ_LDS_BANK_CONFLICT",1024.000000
"24__512_8_4096_8",44,16,"SQ_LDS_UNALIGNED_STALL",0.00000000e+00
"24__512_8_4096_16",44,16,"SQ_LDS_BANK_CONFLICT",1536.000000
"24__512_8_4096_16",44,16,"SQ_LDS_UNALIGNED_STALL",0.00000000e+00
"24__512_16",44,16,"SQ_LDS_BANK_CONFLICT",2560.000000
"24__512_16",44,16,"SQ_LDS_UNALIGNED_STALL",0.00000000e+00
"24__512_16_2048_4",60,16,"SQ_LDS_BANK_CONFLICT",480.000000
"24__512_16_2048_4",60,16,"SQ_LDS_UNALIGNED_STALL",0.00000000e+00
"24__512_16_2048_8",60,16,"SQ_LDS_BANK_CONFLICT",736.000000
"24__512_16_2048_8",60,16,"SQ_LDS_UNALIGNED_STALL",0.00000000e+00
"24__512_16_2048_16",60,16,"SQ_LDS_BANK_CONFLICT",1632.000000
"24__512_16_2048_16",60,16,"SQ_LDS_UNALIGNED_STALL",0.00000000e+00
"25__128_4",40,16,"SQ_LDS_BANK_CONFLICT",1792.000000
"25__128_4",40,16,"SQ_LDS_UNALIGNED_STALL",0.00000000e+00
"25__128_4_2048_4",40,16,"SQ_LDS_BANK_CONFLICT",0.00000000e+00
"25__128_4_2048_4",40,16,"SQ_LDS_UNALIGNED_STALL",0.00000000e+00
"25__128_4_2048_8",40,16,"SQ_LDS_BANK_CONFLICT",256.000000
"25__128_4_2048_8",40,16,"SQ_LDS_UNALIGNED_STALL",0.00000000e+00
"25__128_4_2048_16",40,16,"SQ_LDS_BANK_CONFLICT",768.000000
"25__128_4_2048_16",40,16,"SQ_LDS_UNALIGNED_STALL",0.00000000e+00
"25__128_8",40,16,"SQ_LDS_BANK_CONFLICT",4096.000000
"25__128_8",40,16,"SQ_LDS_UNALIGNED_STALL",0.00000000e+00
"25__128_8_1024_4",48,16,"SQ_LDS_BANK_CONFLICT",112.000000
"25__128_8_1024_4",48,16,"SQ_LDS_UNALIGNED_STALL",0.00000000e+00
"25__128_8_1024_8",48,16,"SQ_LDS_BANK_CONFLICT",400.000000
"25__128_8_1024_8",48,16,"SQ_LDS_UNALIGNED_STALL",0.00000000e+00
"25__128_8_1024_16",48,16,"SQ_LDS_BANK_CONFLICT",912.000000
"25__128_8_1024_16",48,16,"SQ_LDS_UNALIGNED_STALL",0.00000000e+00
"25__128_16",40,16,"SQ_LDS_BANK_CONFLICT",4608.000000
"25__128_16",40,16,"SQ_LDS_UNALIGNED_STALL",0.00000000e+00
"25__128_16_512_4",64,16,"SQ_LDS_BANK_CONFLICT",368.000000
"25__128_16_512_4",64,16,"SQ_LDS_UNALIGNED_STALL",0.00000000e+00
"25__128_16_512_8",64,16,"SQ_LDS_BANK_CONFLICT",912.000000
"25__128_16_512_8",64,16,"SQ_LDS_UNALIGNED_STALL",0.00000000e+00
"25__128_16_512_16",64,16,"SQ_LDS_BANK_CONFLICT",2112.000000
"25__128_16_512_16",64,16,"SQ_LDS_UNALIGNED_STALL",0.00000000e+00
"25__1024_4",40,16,"SQ_LDS_BANK_CONFLICT",1792.000000
"25__1024_4",40,16,"SQ_LDS_UNALIGNED_STALL",0.00000000e+00
"25__1024_4_16384_4",40,16,"SQ_LDS_BANK_CONFLICT",1792.000000
"25__1024_4_16384_4",40,16,"SQ_LDS_UNALIGNED_STALL",0.00000000e+00
"25__1024_4_16384_8",40,16,"SQ_LDS_BANK_CONFLICT",1792.000000
"25__1024_4_16384_8",40,16,"SQ_LDS_UNALIGNED_STALL",0.00000000e+00
"25__1024_4_16384_16",40,16,"SQ_LDS_BANK_CONFLICT",1792.000000
"25__1024_4_16384_16",40,16,"SQ_LDS_UNALIGNED_STALL",0.00000000e+00
"25__1024_8",40,16,"SQ_LDS_BANK_CONFLICT",2048.000000
"25__1024_8",40,16,"SQ_LDS_UNALIGNED_STALL",0.00000000e+00
"25__1024_8_8192_4",40,16,"SQ_LDS_BANK_CONFLICT",1792.000000
"25__1024_8_8192_4",40,16,"SQ_LDS_UNALIGNED_STALL",0.00000000e+00
"25__1024_8_8192_8",40,16,"SQ_LDS_BANK_CONFLICT",2048.000000
"25__1024_8_8192_8",40,16,"SQ_LDS_UNALIGNED_STALL",0.00000000e+00
"25__1024_8_8192_16",40,16,"SQ_LDS_BANK_CONFLICT",2048.000000
"25__1024_8_8192_16",40,16,"SQ_LDS_UNALIGNED_STALL",0.00000000e+00
"25__1024_16",40,16,"SQ_LDS_BANK_CONFLICT",2560.000000
"25__1024_16",40,16,"SQ_LDS_UNALIGNED_STALL",0.00000000e+00
"25__1024_16_4096_4",40,16,"SQ_LDS_BANK_CONFLICT",1792.000000
"25__1024_16_4096_4",40,16,"SQ_LDS_UNALIGNED_STALL",0.00000000e+00
"25__1024_16_4096_8",40,16,"SQ_LDS_BANK_CONFLICT",2048.000000
"25__1024_16_4096_8",40,16,"SQ_LDS_UNALIGNED_STALL",0.00000000e+00
"25__1024_16_4096_16",40,16,"SQ_LDS_BANK_CONFLICT",2560.000000
"25__1024_16_4096_16",40,16,"SQ_LDS_UNALIGNED_STALL",0.00000000e+00
"25__64_4",40,16,"SQ_LDS_BANK_CONFLICT",4096.000000
"25__64_4",40,16,"SQ_LDS_UNALIGNED_STALL",0.00000000e+00
"25__64_4_1024_4",48,16,"SQ_LDS_BANK_CONFLICT",112.000000
"25__64_4_1024_4",48,16,"SQ_LDS_UNALIGNED_STALL",0.00000000e+00
"25__64_4_1024_8",48,16,"SQ_LDS_BANK_CONFLICT",400.000000
"25__64_4_1024_8",48,16,"SQ_LDS_UNALIGNED_STALL",0.00000000e+00
"25__64_4_1024_16",48,16,"SQ_LDS_BANK_CONFLICT",912.000000
"25__64_4_1024_16",48,16,"SQ_LDS_UNALIGNED_STALL",0.00000000e+00
"25__64_8",40,16,"SQ_LDS_BANK_CONFLICT",4608.000000
"25__64_8",40,16,"SQ_LDS_UNALIGNED_STALL",0.00000000e+00
"25__64_8_512_4",64,16,"SQ_LDS_BANK_CONFLICT",368.000000
"25__64_8_512_4",64,16,"SQ_LDS_UNALIGNED_STALL",0.00000000e+00
"25__64_8_512_8",64,16,"SQ_LDS_BANK_CONFLICT",912.000000
"25__64_8_512_8",64,16,"SQ_LDS_UNALIGNED_STALL",0.00000000e+00
"25__64_8_512_16",64,16,"SQ_LDS_BANK_CONFLICT",2112.000000
"25__64_8_512_16",64,16,"SQ_LDS_UNALIGNED_STALL",0.00000000e+00
"25__64_16",40,16,"SQ_LDS_BANK_CONFLICT",5632.000000
"25__64_16",40,16,"SQ_LDS_UNALIGNED_STALL",0.00000000e+00
"25__64_16_256_4",92,16,"SQ_LDS_BANK_CONFLICT",880.000000
"25__64_16_256_4",92,16,"SQ_LDS_UNALIGNED_STALL",0.00000000e+00
"25__64_16_256_8",92,16,"SQ_LDS_BANK_CONFLICT",1936.000000
"25__64_16_256_8",92,16,"SQ_LDS_UNALIGNED_STALL",0.00000000e+00
"25__64_16_256_16",92,16,"SQ_LDS_BANK_CONFLICT",4048.000000
"25__64_16_256_16",92,16,"SQ_LDS_UNALIGNED_STALL",0.00000000e+00
"25__256_4",40,16,"SQ_LDS_BANK_CONFLICT",1024.000000
"25__256_4",40,16,"SQ_LDS_UNALIGNED_STALL",0.00000000e+00
"25__256_4_4096_4",40,16,"SQ_LDS_BANK_CONFLICT",256.000000
"25__256_4_4096_4",40,16,"SQ_LDS_UNALIGNED_STALL",0.00000000e+00
"25__256_4_4096_8",40,16,"SQ_LDS_BANK_CONFLICT",512.000000
"25__256_4_4096_8",40,16,"SQ_LDS_UNALIGNED_STALL",0.00000000e+00
"25__256_4_4096_16",40,16,"SQ_LDS_BANK_CONFLICT",1024.000000
"25__256_4_4096_16",40,16,"SQ_LDS_UNALIGNED_STALL",0.00000000e+00
"25__256_8",40,16,"SQ_LDS_BANK_CONFLICT",2048.000000
"25__256_8",40,16,"SQ_LDS_UNALIGNED_STALL",0.00000000e+00
"25__256_8_2048_4",40,16,"SQ_LDS_BANK_CONFLICT",256.000000
"25__256_8_2048_4",40,16,"SQ_LDS_UNALIGNED_STALL",0.00000000e+00
"25__256_8_2048_8",40,16,"SQ_LDS_BANK_CONFLICT",512.000000
"25__256_8_2048_8",40,16,"SQ_LDS_UNALIGNED_STALL",0.00000000e+00
"25__256_8_2048_16",40,16,"SQ_LDS_BANK_CONFLICT",1024.000000
"25__256_8_2048_16",40,16,"SQ_LDS_UNALIGNED_STALL",0.00000000e+00
"25__256_16",40,16,"SQ_LDS_BANK_CONFLICT",4608.000000
"25__256_16",40,16,"SQ_LDS_UNALIGNED_STALL",0.00000000e+00
"25__256_16_1024_4",48,16,"SQ_LDS_BANK_CONFLICT",144.000000
"25__256_16_1024_4",48,16,"SQ_LDS_UNALIGNED_STALL",0.00000000e+00
"25__256_16_1024_8",48,16,"SQ_LDS_BANK_CONFLICT",400.000000
"25__256_16_1024_8",48,16,"SQ_LDS_UNALIGNED_STALL",0.00000000e+00
"25__256_16_1024_16",48,16,"SQ_LDS_BANK_CONFLICT",1200.000000
"25__256_16_1024_16",48,16,"SQ_LDS_UNALIGNED_STALL",0.00000000e+00
"25__512_4",40,16,"SQ_LDS_BANK_CONFLICT",1024.000000
"25__512_4",40,16,"SQ_LDS_UNALIGNED_STALL",0.00000000e+00
"25__512_4_8192_4",40,16,"SQ_LDS_BANK_CONFLICT",768.000000
"25__512_4_8192_4",40,16,"SQ_LDS_UNALIGNED_STALL",0.00000000e+00
"25__512_4_8192_8",40,16,"SQ_LDS_BANK_CONFLICT",1024.000000
"25__512_4_8192_8",40,16,"SQ_LDS_UNALIGNED_STALL",0.00000000e+00
"25__512_4_8192_16",40,16,"SQ_LDS_BANK_CONFLICT",1024.000000
"25__512_4_8192_16",40,16,"SQ_LDS_UNALIGNED_STALL",0.00000000e+00
"25__512_8",40,16,"SQ_LDS_BANK_CONFLICT",1536.000000
"25__512_8",40,16,"SQ_LDS_UNALIGNED_STALL",0.00000000e+00
"25__512_8_4096_4",40,16,"SQ_LDS_BANK_CONFLICT",768.000000
"25__512_8_4096_4",40,16,"SQ_LDS_UNALIGNED_STALL",0.00000000e+00
"25__512_8_4096_8",40,16,"SQ_LDS_BANK_CONFLICT",1024.000000
"25__512_8_4096_8",40,16,"SQ_LDS_UNALIGNED_STALL",0.00000000e+00
"25__512_8_4096_16",40,16,"SQ_LDS_BANK_CONFLICT",1536.000000
"25__512_8_4096_16",40,16,"SQ_LDS_UNALIGNED_STALL",0.00000000e+00
"25__512_16",40,16,"SQ_LDS_BANK_CONFLICT",2560.000000
"25__512_16",40,16,"SQ_LDS_UNALIGNED_STALL",0.00000000e+00
"25__512_16_2048_4",40,16,"SQ_LDS_BANK_CONFLICT",768.000000
"25__512_16_2048_4",40,16,"SQ_LDS_UNALIGNED_STALL",0.00000000e+00
"25__512_16_2048_8",40,16,"SQ_LDS_BANK_CONFLICT",1024.000000
"25__512_16_2048_8",40,16,"SQ_LDS_UNALIGNED_STALL",0.00000000e+00
"25__512_16_2048_16",40,16,"SQ_LDS_BANK_CONFLICT",1536.000000
"25__512_16_2048_16",40,16,"SQ_LDS_UNALIGNED_STALL",0.00000000e+00
"26__128_4",48,16,"SQ_LDS_BANK_CONFLICT",1792.000000
"26__128_4",48,16,"SQ_LDS_UNALIGNED_STALL",0.00000000e+00
"26__128_4_2048_4",60,16,"SQ_LDS_BANK_CONFLICT",96.000000
"26__128_4_2048_4",60,16,"SQ_LDS_UNALIGNED_STALL",0.00000000e+00
"26__128_4_2048_8",60,16,"SQ_LDS_BANK_CONFLICT",352.000000
"26__128_4_2048_8",60,16,"SQ_LDS_UNALIGNED_STALL",0.00000000e+00
"26__128_4_2048_16",60,16,"SQ_LDS_BANK_CONFLICT",864.000000
"26__128_4_2048_16",60,16,"SQ_LDS_UNALIGNED_STALL",0.00000000e+00
"26__128_8",48,16,"SQ_LDS_BANK_CONFLICT",4096.000000
"26__128_8",48,16,"SQ_LDS_UNALIGNED_STALL",0.00000000e+00
"26__128_8_1024_4",60,16,"SQ_LDS_BANK_CONFLICT",96.000000
"26__128_8_1024_4",60,16,"SQ_LDS_UNALIGNED_STALL",0.00000000e+00
"26__128_8_1024_8",60,16,"SQ_LDS_BANK_CONFLICT",512.000000
"26__128_8_1024_8",60,16,"SQ_LDS_UNALIGNED_STALL",0.00000000e+00
"26__128_8_1024_16",60,16,"SQ_LDS_BANK_CONFLICT",1024.000000
"26__128_8_1024_16",60,16,"SQ_LDS_UNALIGNED_STALL",0.00000000e+00
"26__128_16",48,16,"SQ_LDS_BANK_CONFLICT",4608.000000
"26__128_16",48,16,"SQ_LDS_UNALIGNED_STALL",0.00000000e+00
"26__128_16_512_4",60,16,"SQ_LDS_BANK_CONFLICT",352.000000
"26__128_16_512_4",60,16,"SQ_LDS_UNALIGNED_STALL",0.00000000e+00
"26__128_16_512_8",60,16,"SQ_LDS_BANK_CONFLICT",1120.000000
"26__128_16_512_8",60,16,"SQ_LDS_UNALIGNED_STALL",0.00000000e+00
"26__128_16_512_16",60,16,"SQ_LDS_BANK_CONFLICT",2272.000000
"26__128_16_512_16",60,16,"SQ_LDS_UNALIGNED_STALL",0.00000000e+00
"26__1024_4",48,16,"SQ_LDS_BANK_CONFLICT",1792.000000
"26__1024_4",48,16,"SQ_LDS_UNALIGNED_STALL",0.00000000e+00
"26__1024_4_16384_4",48,16,"SQ_LDS_BANK_CONFLICT",1792.000000
"26__1024_4_16384_4",48,16,"SQ_LDS_UNALIGNED_STALL",0.00000000e+00
"26__1024_4_16384_8",48,16,"SQ_LDS_BANK_CONFLICT",1792.000000
"26__1024_4_16384_8",48,16,"SQ_LDS_UNALIGNED_STALL",0.00000000e+00
"26__1024_4_16384_16",48,16,"SQ_LDS_BANK_CONFLICT",1792.000000
"26__1024_4_16384_16",48,16,"SQ_LDS_UNALIGNED_STALL",0.00000000e+00
"26__1024_8",48,16,"SQ_LDS_BANK_CONFLICT",2048.000000
"26__1024_8",48,16,"SQ_LDS_UNALIGNED_STALL",0.00000000e+00
"26__1024_8_8192_4",44,16,"SQ_LDS_BANK_CONFLICT",1792.000000
"26__1024_8_8192_4",44,16,"SQ_LDS_UNALIGNED_STALL",0.00000000e+00
"26__1024_8_8192_8",44,16,"SQ_LDS_BANK_CONFLICT",2048.000000
"26__1024_8_8192_8",44,16,"SQ_LDS_UNALIGNED_STALL",0.00000000e+00
"26__1024_8_8192_16",44,16,"SQ_LDS_BANK_CONFLICT",2048.000000
"26__1024_8_8192_16",44,16,"SQ_LDS_UNALIGNED_STALL",0.00000000e+00
"26__1024_16",48,16,"SQ_LDS_BANK_CONFLICT",2560.000000
"26__1024_16",48,16,"SQ_LDS_UNALIGNED_STALL",0.00000000e+00
"26__1024_16_4096_4",44,16,"SQ_LDS_BANK_CONFLICT",1792.000000
"26__1024_16_4096_4",44,16,"SQ_LDS_UNALIGNED_STALL",0.00000000e+00
"26__1024_16_4096_8",48,16,"SQ_LDS_BANK_CONFLICT",2048.000000
"26__1024_16_4096_8",48,16,"SQ_LDS_UNALIGNED_STALL",0.00000000e+00
"26__1024_16_4096_16",44,16,"SQ_LDS_BANK_CONFLICT",2560.000000
"26__1024_16_4096_16",44,16,"SQ_LDS_UNALIGNED_STALL",0.00000000e+00
"26__64_4",44,16,"SQ_LDS_BANK_CONFLICT",4096.000000
"26__64_4",44,16,"SQ_LDS_UNALIGNED_STALL",0.00000000e+00
"26__64_4_1024_4",60,16,"SQ_LDS_BANK_CONFLICT",96.000000
"26__64_4_1024_4",60,16,"SQ_LDS_UNALIGNED_STALL",0.00000000e+00
"26__64_4_1024_8",60,16,"SQ_LDS_BANK_CONFLICT",512.000000
"26__64_4_1024_8",60,16,"SQ_LDS_UNALIGNED_STALL",0.00000000e+00
"26__64_4_1024_16",60,16,"SQ_LDS_BANK_CONFLICT",1024.000000
"26__64_4_1024_16",60,16,"SQ_LDS_UNALIGNED_STALL",0.00000000e+00
"26__64_8",44,16,"SQ_LDS_BANK_CONFLICT",4608.000000
"26__64_8",44,16,"SQ_LDS_UNALIGNED_STALL",0.00000000e+00
"26__64_8_512_4",60,16,"SQ_LDS_BANK_CONFLICT",352.000000
"26__64_8_512_4",60,16,"SQ_LDS_UNALIGNED_STALL",0.00000000e+00
"26__64_8_512_8",60,16,"SQ_LDS_BANK_CONFLICT",1120.000000
"26__64_8_512_8",60,16,"SQ_LDS_UNALIGNED_STALL",0.00000000e+00
"26__64_8_512_16",60,16,"SQ_LDS_BANK_CONFLICT",2272.000000
"26__64_8_512_16",60,16,"SQ_LDS_UNALIGNED_STALL",0.00000000e+00
"26__64_16",44,16,"SQ_LDS_BANK_CONFLICT",5632.000000
"26__64_16",44,16,"SQ_LDS_UNALIGNED_STALL",0.00000000e+00
"26__64_16_256_4",60,16,"SQ_LDS_BANK_CONFLICT",864.000000
"26__64_16_256_4",60,16,"SQ_LDS_UNALIGNED_STALL",0.00000000e+00
"26__64_16_256_8",60,16,"SQ_LDS_BANK_CONFLICT",1952.000000
"26__64_16_256_8",60,16,"SQ_LDS_UNALIGNED_STALL",0.00000000e+00
"26__64_16_256_16",60,16,"SQ_LDS_BANK_CONFLICT",4320.000000
"26__64_16_256_16",60,16,"SQ_LDS_UNALIGNED_STALL",0.00000000e+00
"26__256_4",48,16,"SQ_LDS_BANK_CONFLICT",1024.000000
"26__256_4",48,16,"SQ_LDS_UNALIGNED_STALL",0.00000000e+00
"26__256_4_4096_4",48,16,"SQ_LDS_BANK_CONFLICT",256.000000
"26__256_4_4096_4",48,16,"SQ_LDS_UNALIGNED_STALL",0.00000000e+00
"26__256_4_4096_8",48,16,"SQ_LDS_BANK_CONFLICT",512.000000
"26__256_4_4096_8",48,16,"SQ_LDS_UNALIGNED_STALL",0.00000000e+00
"26__256_4_4096_16",48,16,"SQ_LDS_BANK_CONFLICT",1024.000000
"26__256_4_4096_16",48,16,"SQ_LDS_UNALIGNED_STALL",0.00000000e+00
"26__256_8",48,16,"SQ_LDS_BANK_CONFLICT",2048.000000
"26__256_8",48,16,"SQ_LDS_UNALIGNED_STALL",0.00000000e+00
"26__256_8_2048_4",60,16,"SQ_LDS_BANK_CONFLICT",160.000000
"26__256_8_2048_4",60,16,"SQ_LDS_UNALIGNED_STALL",0.00000000e+00
"26__256_8_2048_8",60,16,"SQ_LDS_BANK_CONFLICT",608.000000
"26__256_8_2048_8",60,16,"SQ_LDS_UNALIGNED_STALL",0.00000000e+00
"26__256_8_2048_16",60,16,"SQ_LDS_BANK_CONFLICT",1120.000000
"26__256_8_2048_16",60,16,"SQ_LDS_UNALIGNED_STALL",0.00000000e+00
"26__256_16",48,16,"SQ_LDS_BANK_CONFLICT",4608.000000
"26__256_16",48,16,"SQ_LDS_UNALIGNED_STALL",0.00000000e+00
"26__256_16_1024_4",60,16,"SQ_LDS_BANK_CONFLICT",160.000000
"26__256_16_1024_4",60,16,"SQ_LDS_UNALIGNED_STALL",0.00000000e+00
"26__256_16_1024_8",60,16,"SQ_LDS_BANK_CONFLICT",608.000000
"26__256_16_1024_8",60,16,"SQ_LDS_UNALIGNED_STALL",0.00000000e+00
"26__256_16_1024_16",60,16,"SQ_LDS_BANK_CONFLICT",1440.000000
"26__256_16_1024_16",60,16,"SQ_LDS_UNALIGNED_STALL",0.00000000e+00
"26__512_4",48,16,"SQ_LDS_BANK_CONFLICT",1024.000000
"26__512_4",48,16,"SQ_LDS_UNALIGNED_STALL",0.00000000e+00
"26__512_4_8192_4",48,16,"SQ_LDS_BANK_CONFLICT",768.000000
"26__512_4_8192_4",48,16,"SQ_LDS_UNALIGNED_STALL",0.00000000e+00
"26__512_4_8192_8",48,16,"SQ_LDS_BANK_CONFLICT",1024.000000
"26__512_4_8192_8",48,16,"SQ_LDS_UNALIGNED_STALL",0.00000000e+00
"26__512_4_8192_16",48,16,"SQ_LDS_BANK_CONFLICT",1024.000000
"26__512_4_8192_16",48,16,"SQ_LDS_UNALIGNED_STALL",0.00000000e+00
"26__512_8",48,16,"SQ_LDS_BANK_CONFLICT",1536.000000
"26__512_8",48,16,"SQ_LDS_UNALIGNED_STALL",0.00000000e+00
"26__512_8_4096_4",48,16,"SQ_LDS_BANK_CONFLICT",768.000000
"26__512_8_4096_4",48,16,"SQ_LDS_UNALIGNED_STALL",0.00000000e+00
"26__512_8_4096_8",48,16,"SQ_LDS_BANK_CONFLICT",1024.000000
"26__512_8_4096_8",48,16,"SQ_LDS_UNALIGNED_STALL",0.00000000e+00
"26__512_8_4096_16",48,16,"SQ_LDS_BANK_CONFLICT",1536.000000
"26__512_8_4096_16",48,16,"SQ_LDS_UNALIGNED_STALL",0.00000000e+00
"26__512_16",48,16,"SQ_LDS_BANK_CONFLICT",2560.000000
"26__512_16",48,16,"SQ_LDS_UNALIGNED_STALL",0.00000000e+00
"26__512_16_2048_4",60,16,"SQ_LDS_BANK_CONFLICT",480.000000
"26__512_16_2048_4",60,16,"SQ_LDS_UNALIGNED_STALL",0.00000000e+00
"26__512_16_2048_8",60,16,"SQ_LDS_BANK_CONFLICT",736.000000
"26__512_16_2048_8",60,16,"SQ_LDS_UNALIGNED_STALL",0.00000000e+00
"26__512_16_2048_16",60,16,"SQ_LDS_BANK_CONFLICT",1632.000000
"26__512_16_2048_16",60,16,"SQ_LDS_UNALIGNED_STALL",0.00000000e+00
"27__128_4",88,16,"SQ_LDS_BANK_CONFLICT",1792.000000
"27__128_4",88,16,"SQ_LDS_UNALIGNED_STALL",0.00000000e+00
"27__128_4_2048_4",88,16,"SQ_LDS_BANK_CONFLICT",0.00000000e+00
"27__128_4_2048_4",88,16,"SQ_LDS_UNALIGNED_STALL",0.00000000e+00
"27__128_4_2048_8",88,16,"SQ_LDS_BANK_CONFLICT",256.000000
"27__128_4_2048_8",88,16,"SQ_LDS_UNALIGNED_STALL",0.00000000e+00
"27__128_4_2048_16",88,16,"SQ_LDS_BANK_CONFLICT",768.000000
"27__128_4_2048_16",88,16,"SQ_LDS_UNALIGNED_STALL",0.00000000e+00
"27__128_8",88,16,"SQ_LDS_BANK_CONFLICT",4096.000000
"27__128_8",88,16,"SQ_LDS_UNALIGNED_STALL",0.00000000e+00
"27__128_8_1024_4",88,16,"SQ_LDS_BANK_CONFLICT",112.000000
"27__128_8_1024_4",88,16,"SQ_LDS_UNALIGNED_STALL",0.00000000e+00
"27__128_8_1024_8",88,16,"SQ_LDS_BANK_CONFLICT",400.000000
"27__128_8_1024_8",88,16,"SQ_LDS_UNALIGNED_STALL",0.00000000e+00
"27__128_8_1024_16",88,16,"SQ_LDS_BANK_CONFLICT",912.000000
"27__128_8_1024_16",88,16,"SQ_LDS_UNALIGNED_STALL",0.00000000e+00
"27__128_16",88,16,"SQ_LDS_BANK_CONFLICT",4608.000000
"27__128_16",88,16,"SQ_LDS_UNALIGNED_STALL",0.00000000e+00
"27__128_16_512_4",88,16,"SQ_LDS_BANK_CONFLICT",368.000000
"27__128_16_512_4",88,16,"SQ_LDS_UNALIGNED_STALL",0.00000000e+00
"27__128_16_512_8",76,16,"SQ_LDS_BANK_CONFLICT",912.000000
"27__128_16_512_8",76,16,"SQ_LDS_UNALIGNED_STALL",0.00000000e+00
"27__128_16_512_16",88,16,"SQ_LDS_BANK_CONFLICT",2112.000000
"27__128_16_512_16",88,16,"SQ_LDS_UNALIGNED_STALL",0.00000000e+00
"27__1024_4",88,16,"SQ_LDS_BANK_CONFLICT",1792.000000
"27__1024_4",88,16,"SQ_LDS_UNALIGNED_STALL",0.00000000e+00
"27__1024_4_16384_4",88,16,"SQ_LDS_BANK_CONFLICT",1792.000000
"27__1024_4_16384_4",88,16,"SQ_LDS_UNALIGNED_STALL",0.00000000e+00
"27__1024_4_16384_8",88,16,"SQ_LDS_BANK_CONFLICT",1792.000000
"27__1024_4_16384_8",88,16,"SQ_LDS_UNALIGNED_STALL",0.00000000e+00
"27__1024_4_16384_16",88,16,"SQ_LDS_BANK_CONFLICT",1792.000000
"27__1024_4_16384_16",88,16,"SQ_LDS_UNALIGNED_STALL",0.00000000e+00
"27__1024_8",88,16,"SQ_LDS_BANK_CONFLICT",2048.000000
"27__1024_8",88,16,"SQ_LDS_UNALIGNED_STALL",0.00000000e+00
"27__1024_8_8192_4",88,16,"SQ_LDS_BANK_CONFLICT",1792.000000
"27__1024_8_8192_4",88,16,"SQ_LDS_UNALIGNED_STALL",0.00000000e+00
"27__1024_8_8192_8",88,16,"SQ_LDS_BANK_CONFLICT",2048.000000
"27__1024_8_8192_8",88,16,"SQ_LDS_UNALIGNED_STALL",0.00000000e+00
"27__1024_8_8192_16",88,16,"SQ_LDS_BANK_CONFLICT",2048.000000
"27__1024_8_8192_16",88,16,"SQ_LDS_UNALIGNED_STALL",0.00000000e+00
"27__1024_16",88,16,"SQ_LDS_BANK_CONFLICT",2560.000000
"27__1024_16",88,16,"SQ_LDS_UNALIGNED_STALL",0.00000000e+00
"27__1024_16_4096_4",88,16,"SQ_LDS_BANK_CONFLICT",1792.000000
"27__1024_16_4096_4",88,16,"SQ_LDS_UNALIGNED_STALL",0.00000000e+00
"27__1024_16_4096_8",88,16,"SQ_LDS_BANK_CONFLICT",2048.000000
"27__1024_16_4096_8",88,16,"SQ_LDS_UNALIGNED_STALL",0.00000000e+00
"27__1024_16_4096_16",88,16,"SQ_LDS_BANK_CONFLICT",2560.000000
"27__1024_16_4096_16",88,16,"SQ_LDS_UNALIGNED_STALL",0.00000000e+00
"27__64_4",88,16,"SQ_LDS_BANK_CONFLICT",4096.000000
"27__64_4",88,16,"SQ_LDS_UNALIGNED_STALL",0.00000000e+00
"27__64_4_1024_4",88,16,"SQ_LDS_BANK_CONFLICT",112.000000
"27__64_4_1024_4",88,16,"SQ_LDS_UNALIGNED_STALL",0.00000000e+00
"27__64_4_1024_8",88,16,"SQ_LDS_BANK_CONFLICT",400.000000
"27__64_4_1024_8",88,16,"SQ_LDS_UNALIGNED_STALL",0.00000000e+00
"27__64_4_1024_16",88,16,"SQ_LDS_BANK_CONFLICT",912.000000
"27__64_4_1024_16",88,16,"SQ_LDS_UNALIGNED_STALL",0.00000000e+00
"27__64_8",88,16,"SQ_LDS_BANK_CONFLICT",4608.000000
"27__64_8",88,16,"SQ_LDS_UNALIGNED_STALL",0.00000000e+00
"27__64_8_512_4",88,16,"SQ_LDS_BANK_CONFLICT",368.000000
"27__64_8_512_4",88,16,"SQ_LDS_UNALIGNED_STALL",0.00000000e+00
"27__64_8_512_8",88,16,"SQ_LDS_BANK_CONFLICT",912.000000
"27__64_8_512_8",88,16,"SQ_LDS_UNALIGNED_STALL",0.00000000e+00
"27__64_8_512_16",88,16,"SQ_LDS_BANK_CONFLICT",2112.000000
"27__64_8_512_16",88,16,"SQ_LDS_UNALIGNED_STALL",0.00000000e+00
"27__64_16",88,16,"SQ_LDS_BANK_CONFLICT",5632.000000
"27__64_16",88,16,"SQ_LDS_UNALIGNED_STALL",0.00000000e+00
"27__64_16_256_4",76,16,"SQ_LDS_BANK_CONFLICT",880.000000
"27__64_16_256_4",76,16,"SQ_LDS_UNALIGNED_STALL",0.00000000e+00
"27__64_16_256_8",88,16,"SQ_LDS_BANK_CONFLICT",1936.000000
"27__64_16_256_8",88,16,"SQ_LDS_UNALIGNED_STALL",0.00000000e+00
"27__64_16_256_16",88,16,"SQ_LDS_BANK_CONFLICT",4048.000000
"27__64_16_256_16",88,16,"SQ_LDS_UNALIGNED_STALL",0.00000000e+00
"27__256_4",88,16,"SQ_LDS_BANK_CONFLICT",1024.000000
"27__256_4",88,16,"SQ_LDS_UNALIGNED_STALL",0.00000000e+00
"27__256_4_4096_4",88,16,"SQ_LDS_BANK_CONFLICT",256.000000
"27__256_4_4096_4",88,16,"SQ_LDS_UNALIGNED_STALL",0.00000000e+00
"27__256_4_4096_8",88,16,"SQ_LDS_BANK_CONFLICT",512.000000
"27__256_4_4096_8",88,16,"SQ_LDS_UNALIGNED_STALL",0.00000000e+00
"27__256_4_4096_16",88,16,"SQ_LDS_BANK_CONFLICT",1024.000000
"27__256_4_4096_16",88,16,"SQ_LDS_UNALIGNED_STALL",0.00000000e+00
"27__256_8",88,16,"SQ_LDS_BANK_CONFLICT",2048.000000
"27__256_8",88,16,"SQ_LDS_UNALIGNED_STALL",0.00000000e+00
"27__256_8_2048_4",88,16,"SQ_LDS_BANK_CONFLICT",256.000000
"27__256_8_2048_4",88,16,"SQ_LDS_UNALIGNED_STALL",0.00000000e+00
"27__256_8_2048_8",88,16,"SQ_LDS_BANK_CONFLICT",512.000000
"27__256_8_2048_8",88,16,"SQ_LDS_UNALIGNED_STALL",0.00000000e+00
"27__256_8_2048_16",88,16,"SQ_LDS_BANK_CONFLICT",1024.000000
"27__256_8_2048_16",88,16,"SQ_LDS_UNALIGNED_STALL",0.00000000e+00
"27__256_16",88,16,"SQ_LDS_BANK_CONFLICT",4608.000000
"27__256_16",88,16,"SQ_LDS_UNALIGNED_STALL",0.00000000e+00
"27__256_16_1024_4",88,16,"SQ_LDS_BANK_CONFLICT",144.000000
"27__256_16_1024_4",88,16,"SQ_LDS_UNALIGNED_STALL",0.00000000e+00
"27__256_16_1024_8",88,16,"SQ_LDS_BANK_CONFLICT",400.000000
"27__256_16_1024_8",88,16,"SQ_LDS_UNALIGNED_STALL",0.00000000e+00
"27__256_16_1024_16",88,16,"SQ_LDS_BANK_CONFLICT",1200.000000
"27__256_16_1024_16",88,16,"SQ_LDS_UNALIGNED_STALL",0.00000000e+00
"27__512_4",88,16,"SQ_LDS_BANK_CONFLICT",1024.000000
"27__512_4",88,16,"SQ_LDS_UNALIGNED_STALL",0.00000000e+00
"27__512_4_8192_4",88,16,"SQ_LDS_BANK_CONFLICT",768.000000
"27__512_4_8192_4",88,16,"SQ_LDS_UNALIGNED_STALL",0.00000000e+00
"27__512_4_8192_8",88,16,"SQ_LDS_BANK_CONFLICT",1024.000000
"27__512_4_8192_8",88,16,"SQ_LDS_UNALIGNED_STALL",0.00000000e+00
"27__512_4_8192_16",88,16,"SQ_LDS_BANK_CONFLICT",1024.000000
"27__512_4_8192_16",88,16,"SQ_LDS_UNALIGNED_STALL",0.00000000e+00
"27__512_8",88,16,"SQ_LDS_BANK_CONFLICT",1536.000000
"27__512_8",88,16,"SQ_LDS_UNALIGNED_STALL",0.00000000e+00
"27__512_8_4096_4",88,16,"SQ_LDS_BANK_CONFLICT",768.000000
"27__512_8_4096_4",88,16,"SQ_LDS_UNALIGNED_STALL",0.00000000e+00
"27__512_8_4096_8",88,16,"SQ_LDS_BANK_CONFLICT",1024.000000
"27__512_8_4096_8",88,16,"SQ_LDS_UNALIGNED_STALL",0.00000000e+00
"27__512_8_4096_16",88,16,"SQ_LDS_BANK_CONFLICT",1536.000000
"27__512_8_4096_16",88,16,"SQ_LDS_UNALIGNED_STALL",0.00000000e+00
"27__512_16",88,16,"SQ_LDS_BANK_CONFLICT",2560.000000
"27__512_16",88,16,"SQ_LDS_UNALIGNED_STALL",0.00000000e+00
"27__512_16_2048_4",88,16,"SQ_LDS_BANK_CONFLICT",768.000000
"27__512_16_2048_4",88,16,"SQ_LDS_UNALIGNED_STALL",0.00000000e+00
"27__512_16_2048_8",88,16,"SQ_LDS_BANK_CONFLICT",1024.000000
"27__512_16_2048_8",88,16,"SQ_LDS_UNALIGNED_STALL",0.00000000e+00
"27__512_16_2048_16",88,16,"SQ_LDS_BANK_CONFLICT",1536.000000
"27__512_16_2048_16",88,16,"SQ_LDS_UNALIGNED_STALL",0.00000000e+00
"28__128_8",40,16,"SQ_LDS_BANK_CONFLICT",2048.000000
"28__128_8",40,16,"SQ_LDS_UNALIGNED_STALL",0.00000000e+00
"28__128_8_1024_8",64,16,"SQ_LDS_BANK_CONFLICT",256.000000
"28__128_8_1024_8",64,16,"SQ_LDS_UNALIGNED_STALL",0.00000000e+00
"28__128_8_1024_16",64,16,"SQ_LDS_BANK_CONFLICT",512.000000
"28__128_8_1024_16",64,16,"SQ_LDS_UNALIGNED_STALL",0.00000000e+00
"28__128_16",40,16,"SQ_LDS_BANK_CONFLICT",2560.000000
"28__128_16",40,16,"SQ_LDS_UNALIGNED_STALL",0.00000000e+00
"28__128_16_512_8",60,16,"SQ_LDS_BANK_CONFLICT",608.000000
"28__128_16_512_8",60,16,"SQ_LDS_UNALIGNED_STALL",0.00000000e+00
"28__128_16_512_16",60,16,"SQ_LDS_BANK_CONFLICT",1248.000000
"28__128_16_512_16",60,16,"SQ_LDS_UNALIGNED_STALL",0.00000000e+00
"28__1024_8",40,16,"SQ_LDS_BANK_CONFLICT",1792.000000
"28__1024_8",40,16,"SQ_LDS_UNALIGNED_STALL",0.00000000e+00
"28__1024_8_8192_8",40,16,"SQ_LDS_BANK_CONFLICT",1792.000000
"28__1024_8_8192_8",40,16,"SQ_LDS_UNALIGNED_STALL",0.00000000e+00
"28__1024_8_8192_16",40,16,"SQ_LDS_BANK_CONFLICT",1792.000000
"28__1024_8_8192_16",40,16,"SQ_LDS_UNALIGNED_STALL",0.00000000e+00
"28__1024_16",40,16,"SQ_LDS_BANK_CONFLICT",2048.000000
"28__1024_16",40,16,"SQ_LDS_UNALIGNED_STALL",0.00000000e+00
"28__1024_16_4096_8",40,16,"SQ_LDS_BANK_CONFLICT",1792.000000
"28__1024_16_4096_8",40,16,"SQ_LDS_UNALIGNED_STALL",0.00000000e+00
"28__1024_16_4096_16",40,16,"SQ_LDS_BANK_CONFLICT",2048.000000
"28__1024_16_4096_16",40,16,"SQ_LDS_UNALIGNED_STALL",0.00000000e+00
"28__64_8",40,16,"SQ_LDS_BANK_CONFLICT",2560.000000
"28__64_8",40,16,"SQ_LDS_UNALIGNED_STALL",0.00000000e+00
"28__64_8_512_8",60,16,"SQ_LDS_BANK_CONFLICT",608.000000
"28__64_8_512_8",60,16,"SQ_LDS_UNALIGNED_STALL",0.00000000e+00
"28__64_8_512_16",60,16,"SQ_LDS_BANK_CONFLICT",1248.000000
"28__64_8_512_16",60,16,"SQ_LDS_UNALIGNED_STALL",0.00000000e+00
"28__64_16",40,16,"SQ_LDS_BANK_CONFLICT",3584.000000
"28__64_16",40,16,"SQ_LDS_UNALIGNED_STALL",0.00000000e+00
"28__64_16_256_8",60,16,"SQ_LDS_BANK_CONFLICT",928.000000
"28__64_16_256_8",60,16,"SQ_LDS_UNALIGNED_STALL",0.00000000e+00
"28__64_16_256_16",60,16,"SQ_LDS_BANK_CONFLICT",2272.000000
"28__64_16_256_16",60,16,"SQ_LDS_UNALIGNED_STALL",0.00000000e+00
"28__256_8",40,16,"SQ_LDS_BANK_CONFLICT",1024.000000
"28__256_8",40,16,"SQ_LDS_UNALIGNED_STALL",0.00000000e+00
"28__256_8_2048_8",60,16,"SQ_LDS_BANK_CONFLICT",352.000000
"28__256_8_2048_8",60,16,"SQ_LDS_UNALIGNED_STALL",0.00000000e+00
"28__256_8_2048_16",64,16,"SQ_LDS_BANK_CONFLICT",608.000000
"28__256_8_2048_16",64,16,"SQ_LDS_UNALIGNED_STALL",0.00000000e+00
"28__256_16",40,16,"SQ_LDS_BANK_CONFLICT",2560.000000
"28__256_16",40,16,"SQ_LDS_UNALIGNED_STALL",0.00000000e+00
"28__256_16_1024_8",64,16,"SQ_LDS_BANK_CONFLICT",352.000000
"28__256_16_1024_8",64,16,"SQ_LDS_UNALIGNED_STALL",0.00000000e+00
"28__256_16_1024_16",64,16,"SQ_LDS_BANK_CONFLICT",928.000000
"28__256_16_1024_16",64,16,"SQ_LDS_UNALIGNED_STALL",0.00000000e+00
"28__512_8",40,16,"SQ_LDS_BANK_CONFLICT",1024.000000
"28__512_8",40,16,"SQ_LDS_UNALIGNED_STALL",0.00000000e+00
"28__512_8_4096_8",40,16,"SQ_LDS_BANK_CONFLICT",768.000000
"28__512_8_4096_8",40,16,"SQ_LDS_UNALIGNED_STALL",0.00000000e+00
"28__512_8_4096_16",40,16,"SQ_LDS_BANK_CONFLICT",1024.000000
"28__512_8_4096_16",40,16,"SQ_LDS_UNALIGNED_STALL",0.00000000e+00
"28__512_16",40,16,"SQ_LDS_BANK_CONFLICT",1536.000000
"28__512_16",40,16,"SQ_LDS_UNALIGNED_STALL",0.00000000e+00
"28__512_16_2048_8",60,16,"SQ_LDS_BANK_CONFLICT",480.000000
"28__512_16_2048_8",60,16,"SQ_LDS_UNALIGNED_STALL",0.00000000e+00
"28__512_16_2048_16",64,16,"SQ_LDS_BANK_CONFLICT",1120.000000
"28__512_16_2048_16",64,16,"SQ_LDS_UNALIGNED_STALL",0.00000000e+00
"29__128_8",40,16,"SQ_LDS_BANK_CONFLICT",2048.000000
"29__128_8",40,16,"SQ_LDS_UNALIGNED_STALL",0.00000000e+00
"29__128_8_1024_8",48,16,"SQ_LDS_BANK_CONFLICT",144.000000
"29__128_8_1024_8",48,16,"SQ_LDS_UNALIGNED_STALL",0.00000000e+00
"29__128_8_1024_16",48,16,"SQ_LDS_BANK_CONFLICT",400.000000
"29__128_8_1024_16",48,16,"SQ_LDS_UNALIGNED_STALL",0.00000000e+00
"29__128_16",40,16,"SQ_LDS_BANK_CONFLICT",2560.000000
"29__128_16",40,16,"SQ_LDS_UNALIGNED_STALL",0.00000000e+00
"29__128_16_512_8",52,16,"SQ_LDS_BANK_CONFLICT",400.000000
"29__128_16_512_8",52,16,"SQ_LDS_UNALIGNED_STALL",0.00000000e+00
"29__128_16_512_16",48,16,"SQ_LDS_BANK_CONFLICT",1088.000000
"29__128_16_512_16",48,16,"SQ_LDS_UNALIGNED_STALL",0.00000000e+00
"29__1024_8",40,16,"SQ_LDS_BANK_CONFLICT",1792.000000
"29__1024_8",40,16,"SQ_LDS_UNALIGNED_STALL",0.00000000e+00
"29__1024_8_8192_8",40,16,"SQ_LDS_BANK_CONFLICT",1792.000000
"29__1024_8_8192_8",40,16,"SQ_LDS_UNALIGNED_STALL",0.00000000e+00
"29__1024_8_8192_16",40,16,"SQ_LDS_BANK_CONFLICT",1792.000000
"29__1024_8_8192_16",40,16,"SQ_LDS_UNALIGNED_STALL",0.00000000e+00
"29__1024_16",40,16,"SQ_LDS_BANK_CONFLICT",2048.000000
"29__1024_16",40,16,"SQ_LDS_UNALIGNED_STALL",0.00000000e+00
"29__1024_16_4096_8",40,16,"SQ_LDS_BANK_CONFLICT",1792.000000
"29__1024_16_4096_8",40,16,"SQ_LDS_UNALIGNED_STALL",0.00000000e+00
"29__1024_16_4096_16",40,16,"SQ_LDS_BANK_CONFLICT",2048.000000
"29__1024_16_4096_16",40,16,"SQ_LDS_UNALIGNED_STALL",0.00000000e+00
"29__64_8",40,16,"SQ_LDS_BANK_CONFLICT",2560.000000
"29__64_8",40,16,"SQ_LDS_UNALIGNED_STALL",0.00000000e+00
"29__64_8_512_8",48,16,"SQ_LDS_BANK_CONFLICT",400.000000
"29__64_8_512_8",48,16,"SQ_LDS_UNALIGNED_STALL",0.00000000e+00
"29__64_8_512_16",48,16,"SQ_LDS_BANK_CONFLICT",1088.000000
"29__64_8_512_16",48,16,"SQ_LDS_UNALIGNED_STALL",0.00000000e+00
"29__64_16",40,16,"SQ_LDS_BANK_CONFLICT",3584.000000
"29__64_16",40,16,"SQ_LDS_UNALIGNED_STALL",0.00000000e+00
"29__64_16_256_8",48,16,"SQ_LDS_BANK_CONFLICT",912.000000
"29__64_16_256_8",48,16,"SQ_LDS_UNALIGNED_STALL",0.00000000e+00
"29__64_16_256_16",48,16,"SQ_LDS_BANK_CONFLICT",2000.000000
"29__64_16_256_16",48,16,"SQ_LDS_UNALIGNED_STALL",0.00000000e+00
"29__256_8",40,16,"SQ_LDS_BANK_CONFLICT",1024.000000
"29__256_8",40,16,"SQ_LDS_UNALIGNED_STALL",0.00000000e+00
"29__256_8_2048_8",40,16,"SQ_LDS_BANK_CONFLICT",256.000000
"29__256_8_2048_8",40,16,"SQ_LDS_UNALIGNED_STALL",0.00000000e+00
"29__256_8_2048_16",40,16,"SQ_LDS_BANK_CONFLICT",512.000000
"29__256_8_2048_16",40,16,"SQ_LDS_UNALIGNED_STALL",0.00000000e+00
"29__256_16",40,16,"SQ_LDS_BANK_CONFLICT",2560.000000
"29__256_16",40,16,"SQ_LDS_UNALIGNED_STALL",0.00000000e+00
"29__256_16_1024_8",48,16,"SQ_LDS_BANK_CONFLICT",144.000000
"29__256_16_1024_8",48,16,"SQ_LDS_UNALIGNED_STALL",0.00000000e+00
"29__256_16_1024_16",48,16,"SQ_LDS_BANK_CONFLICT",688.000000
"29__256_16_1024_16",48,16,"SQ_LDS_UNALIGNED_STALL",0.00000000e+00
"29__512_8",40,16,"SQ_LDS_BANK_CONFLICT",1024.000000
"29__512_8",40,16,"SQ_LDS_UNALIGNED_STALL",0.00000000e+00
"29__512_8_4096_8",40,16,"SQ_LDS_BANK_CONFLICT",768.000000
"29__512_8_4096_8",40,16,"SQ_LDS_UNALIGNED_STALL",0.00000000e+00
"29__512_8_4096_16",40,16,"SQ_LDS_BANK_CONFLICT",1024.000000
"29__512_8_4096_16",40,16,"SQ_LDS_UNALIGNED_STALL",0.00000000e+00
"29__512_16",40,16,"SQ_LDS_BANK_CONFLICT",1536.000000
"29__512_16",40,16,"SQ_LDS_UNALIGNED_STALL",0.00000000e+00
"29__512_16_2048_8",40,16,"SQ_LDS_BANK_CONFLICT",768.000000
"29__512_16_2048_8",40,16,"SQ_LDS_UNALIGNED_STALL",0.00000000e+00
"29__512_16_2048_16",40,16,"SQ_LDS_BANK_CONFLICT",1024.000000
"29__512_16_2048_16",40,16,"SQ_LDS_UNALIGNED_STALL",0.00000000e+00
"30__256_4",72,16,"SQ_LDS_BANK_CONFLICT",768.000000
"30__256_4",72,16,"SQ_LDS_UNALIGNED_STALL",0.00000000e+00
"30__256_4_4096_4",84,16,"SQ_LDS_BANK_CONFLICT",320.000000
"30__256_4_4096_4",84,16,"SQ_LDS_UNALIGNED_STALL",0.00000000e+00
"30__256_4_4096_8",84,16,"SQ_LDS_BANK_CONFLICT",64.000000
"30__256_4_4096_8",84,16,"SQ_LDS_UNALIGNED_STALL",0.00000000e+00
"30__256_4_4096_16",84,16,"SQ_LDS_BANK_CONFLICT",320.000000
"30__256_4_4096_16",84,16,"SQ_LDS_UNALIGNED_STALL",0.00000000e+00
"30__256_8",72,16,"SQ_LDS_BANK_CONFLICT",2048.000000
"30__256_8",72,16,"SQ_LDS_UNALIGNED_STALL",0.00000000e+00
"30__256_8_2048_4",84,16,"SQ_LDS_BANK_CONFLICT",320.000000
"30__256_8_2048_4",84,16,"SQ_LDS_UNALIGNED_STALL",0.00000000e+00
"30__256_8_2048_8",84,16,"SQ_LDS_BANK_CONFLICT",256.000000
"30__256_8_2048_8",84,16,"SQ_LDS_UNALIGNED_STALL",0.00000000e+00
"30__256_8_2048_16",84,16,"SQ_LDS_BANK_CONFLICT",512.000000
"30__256_8_2048_16",84,16,"SQ_LDS_UNALIGNED_STALL",0.00000000e+00
"30__256_16",72,16,"SQ_LDS_BANK_CONFLICT",2560.000000
"30__256_16",72,16,"SQ_LDS_UNALIGNED_STALL",0.00000000e+00
"30__256_16_1024_4",84,16,"SQ_LDS_BANK_CONFLICT",64.000000
"30__256_16_1024_4",84,16,"SQ_LDS_UNALIGNED_STALL",0.00000000e+00
"30__256_16_1024_8",84,16,"SQ_LDS_BANK_CONFLICT",576.000000
"30__256_16_1024_8",84,16,"SQ_LDS_UNALIGNED_STALL",0.00000000e+00
"30__256_16_1024_16",84,16,"SQ_LDS_BANK_CONFLICT",1344.000000
"30__256_16_1024_16",84,16,"SQ_LDS_UNALIGNED_STALL",0.00000000e+00
"30__2048_4",68,16,"SQ_LDS_BANK_CONFLICT",2048.000000
"30__2048_4",68,16,"SQ_LDS_UNALIGNED_STALL",0.00000000e+00
"30__2048_4_32768_4",68,16,"SQ_LDS_BANK_CONFLICT",2048.000000
"30__2048_4_32768_4",68,16,"SQ_LDS_UNALIGNED_STALL",0.00000000e+00
"30__2048_4_32768_8",68,16,"SQ_LDS_BANK_CONFLICT",2048.000000
"30__2048_4_32768_8",68,16,"SQ_LDS_UNALIGNED_STALL",0.00000000e+00
"30__2048_4_32768_16",68,16,"SQ_LDS_BANK_CONFLICT",2048.000000
"30__2048_4_32768_16",68,16,"SQ_LDS_UNALIGNED_STALL",0.00000000e+00
"30__2048_8",72,16,"SQ_LDS_BANK_CONFLICT",1792.000000
"30__2048_8",72,16,"SQ_LDS_UNALIGNED_STALL",0.00000000e+00
"30__2048_8_16384_4",72,16,"SQ_LDS_BANK_CONFLICT",1792.000000
"30__2048_8_16384_4",72,16,"SQ_LDS_UNALIGNED_STALL",0.00000000e+00
"30__2048_8_16384_8",72,16,"SQ_LDS_BANK_CONFLICT",1792.000000
"30__2048_8_16384_8",72,16,"SQ_LDS_UNALIGNED_STALL",0.00000000e+00
"30__2048_8_16384_16",72,16,"SQ_LDS_BANK_CONFLICT",1792.000000
"30__2048_8_16384_16",72,16,"SQ_LDS_UNALIGNED_STALL",0.00000000e+00
"30__2048_16",72,16,"SQ_LDS_BANK_CONFLICT",2048.000000
"30__2048_16",72,16,"SQ_LDS_UNALIGNED_STALL",0.00000000e+00
"30__2048_16_8192_4",72,16,"SQ_LDS_BANK_CONFLICT",2048.000000
"30__2048_16_8192_4",72,16,"SQ_LDS_UNALIGNED_STALL",0.00000000e+00
"30__2048_16_8192_8",72,16,"SQ_LDS_BANK_CONFLICT",1792.000000
"30__2048_16_8192_8",72,16,"SQ_LDS_UNALIGNED_STALL",0.00000000e+00
"30__2048_16_8192_16",72,16,"SQ_LDS_BANK_CONFLICT",2048.000000
"30__2048_16_8192_16",72,16,"SQ_LDS_UNALIGNED_STALL",0.00000000e+00
"30__64_4",68,16,"SQ_LDS_BANK_CONFLICT",2560.000000
"30__64_4",68,16,"SQ_LDS_UNALIGNED_STALL",0.00000000e+00
"30__64_4_1024_4",84,16,"SQ_LDS_BANK_CONFLICT",64.000000
"30__64_4_1024_4",84,16,"SQ_LDS_UNALIGNED_STALL",0.00000000e+00
"30__64_4_1024_8",84,16,"SQ_LDS_BANK_CONFLICT",576.000000
"30__64_4_1024_8",84,16,"SQ_LDS_UNALIGNED_STALL",0.00000000e+00
"30__64_4_1024_16",84,16,"SQ_LDS_BANK_CONFLICT",1344.000000
"30__64_4_1024_16",84,16,"SQ_LDS_UNALIGNED_STALL",0.00000000e+00
"30__64_8",68,16,"SQ_LDS_BANK_CONFLICT",3584.000000
"30__64_8",68,16,"SQ_LDS_UNALIGNED_STALL",0.00000000e+00
"30__64_8_512_4",92,16,"SQ_LDS_BANK_CONFLICT",320.000000
"30__64_8_512_4",92,16,"SQ_LDS_UNALIGNED_STALL",0.00000000e+00
"30__64_8_512_8",92,16,"SQ_LDS_BANK_CONFLICT",960.000000
"30__64_8_512_8",92,16,"SQ_LDS_UNALIGNED_STALL",0.00000000e+00
"30__64_8_512_16",92,16,"SQ_LDS_BANK_CONFLICT",2368.000000
"30__64_8_512_16",92,16,"SQ_LDS_UNALIGNED_STALL",0.00000000e+00
"30__64_16",68,16,"SQ_LDS_BANK_CONFLICT",5632.000000
"30__64_16",68,16,"SQ_LDS_UNALIGNED_STALL",0.00000000e+00
"30__64_16_256_4",100,16,"SQ_LDS_BANK_CONFLICT",768.000000
"30__64_16_256_4",100,16,"SQ_LDS_UNALIGNED_STALL",0.00000000e+00
"30__64_16_256_8",100,16,"SQ_LDS_BANK_CONFLICT",1984.000000
"30__64_16_256_8",100,16,"SQ_LDS_UNALIGNED_STALL",0.00000000e+00
"30__64_16_256_16",100,16,"SQ_LDS_BANK_CONFLICT",2368.000000
"30__64_16_256_16",100,16,"SQ_LDS_UNALIGNED_STALL",0.00000000e+00
"30__512_4",72,16,"SQ_LDS_BANK_CONFLICT",512.000000
"30__512_4",72,16,"SQ_LDS_UNALIGNED_STALL",0.00000000e+00
"30__512_4_8192_4",72,16,"SQ_LDS_BANK_CONFLICT",512.000000
"30__512_4_8192_4",72,16,"SQ_LDS_UNALIGNED_STALL",0.00000000e+00
"30__512_4_8192_8",72,16,"SQ_LDS_BANK_CONFLICT",256.000000
"30__512_4_8192_8",72,16,"SQ_LDS_UNALIGNED_STALL",0.00000000e+00
"30__512_4_8192_16",72,16,"SQ_LDS_BANK_CONFLICT",512.000000
"30__512_4_8192_16",72,16,"SQ_LDS_UNALIGNED_STALL",0.00000000e+00
"30__512_8",72,16,"SQ_LDS_BANK_CONFLICT",1024.000000
"30__512_8",72,16,"SQ_LDS_UNALIGNED_STALL",0.00000000e+00
"30__512_8_4096_4",84,16,"SQ_LDS_BANK_CONFLICT",448.000000
"30__512_8_4096_4",84,16,"SQ_LDS_UNALIGNED_STALL",0.00000000e+00
"30__512_8_4096_8",84,16,"SQ_LDS_BANK_CONFLICT",320.000000
"30__512_8_4096_8",84,16,"SQ_LDS_UNALIGNED_STALL",0.00000000e+00
"30__512_8_4096_16",84,16,"SQ_LDS_BANK_CONFLICT",576.000000
"30__512_8_4096_16",84,16,"SQ_LDS_UNALIGNED_STALL",0.00000000e+00
"30__512_16",72,16,"SQ_LDS_BANK_CONFLICT",2560.000000
"30__512_16",72,16,"SQ_LDS_UNALIGNED_STALL",0.00000000e+00
"30__512_16_2048_4",84,16,"SQ_LDS_BANK_CONFLICT",448.000000
"30__512_16_2048_4",84,16,"SQ_LDS_UNALIGNED_STALL",0.00000000e+00
"30__512_16_2048_8",84,16,"SQ_LDS_BANK_CONFLICT",320.000000
"30__512_16_2048_8",84,16,"SQ_LDS_UNALIGNED_STALL",0.00000000e+00
"30__512_16_2048_16",84,16,"SQ_LDS_BANK_CONFLICT",960.000000
"30__512_16_2048_16",84,16,"SQ_LDS_UNALIGNED_STALL",0.00000000e+00
"30__1024_4",72,16,"SQ_LDS_BANK_CONFLICT",768.000000
"30__1024_4",72,16,"SQ_LDS_UNALIGNED_STALL",0.00000000e+00
"30__1024_4_16384_4",72,16,"SQ_LDS_BANK_CONFLICT",768.000000
"30__1024_4_16384_4",72,16,"SQ_LDS_UNALIGNED_STALL",0.00000000e+00
"30__1024_4_16384_8",72,16,"SQ_LDS_BANK_CONFLICT",768.000000
"30__1024_4_16384_8",72,16,"SQ_LDS_UNALIGNED_STALL",0.00000000e+00
"30__1024_4_16384_16",72,16,"SQ_LDS_BANK_CONFLICT",768.000000
"30__1024_4_16384_16",72,16,"SQ_LDS_UNALIGNED_STALL",0.00000000e+00
"30__1024_8",72,16,"SQ_LDS_BANK_CONFLICT",1024.000000
"30__1024_8",72,16,"SQ_LDS_UNALIGNED_STALL",0.00000000e+00
"30__1024_8_8192_4",72,16,"SQ_LDS_BANK_CONFLICT",1024.000000
"30__1024_8_8192_4",72,16,"SQ_LDS_UNALIGNED_STALL",0.00000000e+00
"30__1024_8_8192_8",72,16,"SQ_LDS_BANK_CONFLICT",768.000000
"30__1024_8_8192_8",72,16,"SQ_LDS_UNALIGNED_STALL",0.00000000e+00
"30__1024_8_8192_16",72,16,"SQ_LDS_BANK_CONFLICT",1024.000000
"30__1024_8_8192_16",72,16,"SQ_LDS_UNALIGNED_STALL",0.00000000e+00
"30__1024_16",72,16,"SQ_LDS_BANK_CONFLICT",1536.000000
"30__1024_16",72,16,"SQ_LDS_UNALIGNED_STALL",0.00000000e+00
"30__1024_16_4096_4",84,16,"SQ_LDS_BANK_CONFLICT",832.000000
"30__1024_16_4096_4",84,16,"SQ_LDS_UNALIGNED_STALL",0.00000000e+00
"30__1024_16_4096_8",84,16,"SQ_LDS_BANK_CONFLICT",576.000000
"30__1024_16_4096_8",84,16,"SQ_LDS_UNALIGNED_STALL",0.00000000e+00
"30__1024_16_4096_16",84,16,"SQ_LDS_BANK_CONFLICT",1088.000000
"30__1024_16_4096_16",84,16,"SQ_LDS_UNALIGNED_STALL",0.00000000e+00
"31__256_4",40,16,"SQ_LDS_BANK_CONFLICT",768.000000
"31__256_4",40,16,"SQ_LDS_UNALIGNED_STALL",0.00000000e+00
"31__256_4_4096_4",44,16,"SQ_LDS_BANK_CONFLICT",256.000000
"31__256_4_4096_4",44,16,"SQ_LDS_UNALIGNED_STALL",0.00000000e+00
"31__256_4_4096_8",44,16,"SQ_LDS_BANK_CONFLICT",0.00000000e+00
"31__256_4_4096_8",44,16,"SQ_LDS_UNALIGNED_STALL",0.00000000e+00
"31__256_4_4096_16",44,16,"SQ_LDS_BANK_CONFLICT",256.000000
"31__256_4_4096_16",44,16,"SQ_LDS_UNALIGNED_STALL",0.00000000e+00
"31__256_8",44,16,"SQ_LDS_BANK_CONFLICT",2048.000000
"31__256_8",44,16,"SQ_LDS_UNALIGNED_STALL",0.00000000e+00
"31__256_8_2048_4",60,16,"SQ_LDS_BANK_CONFLICT",352.000000
"31__256_8_2048_4",60,16,"SQ_LDS_UNALIGNED_STALL",0.00000000e+00
"31__256_8_2048_8",60,16,"SQ_LDS_BANK_CONFLICT",160.000000
"31__256_8_2048_8",60,16,"SQ_LDS_UNALIGNED_STALL",0.00000000e+00
"31__256_8_2048_16",60,16,"SQ_LDS_BANK_CONFLICT",416.000000
"31__256_8_2048_16",60,16,"SQ_LDS_UNALIGNED_STALL",0.00000000e+00
"31__256_16",44,16,"SQ_LDS_BANK_CONFLICT",2560.000000
"31__256_16",44,16,"SQ_LDS_UNALIGNED_STALL",0.00000000e+00
"31__256_16_1024_4",64,16,"SQ_LDS_BANK_CONFLICT",96.000000
"31__256_16_1024_4",64,16,"SQ_LDS_UNALIGNED_STALL",0.00000000e+00
"31__256_16_1024_8",64,16,"SQ_LDS_BANK_CONFLICT",416.000000
"31__256_16_1024_8",64,16,"SQ_LDS_UNALIGNED_STALL",0.00000000e+00
"31__256_16_1024_16",64,16,"SQ_LDS_BANK_CONFLICT",1152.000000
"31__256_16_1024_16",64,16,"SQ_LDS_UNALIGNED_STALL",0.00000000e+00
"31__2048_4",40,16,"SQ_LDS_BANK_CONFLICT",2048.000000
"31__2048_4",40,16,"SQ_LDS_UNALIGNED_STALL",0.00000000e+00
"31__2048_4_32768_4",40,16,"SQ_LDS_BANK_CONFLICT",2048.000000
"31__2048_4_32768_4",40,16,"SQ_LDS_UNALIGNED_STALL",0.00000000e+00
"31__2048_4_32768_8",40,16,"SQ_LDS_BANK_CONFLICT",2048.000000
"31__2048_4_32768_8",40,16,"SQ_LDS_UNALIGNED_STALL",0.00000000e+00
"31__2048_4_32768_16",40,16,"SQ_LDS_BANK_CONFLICT",2048.000000
"31__2048_4_32768_16",40,16,"SQ_LDS_UNALIGNED_STALL",0.00000000e+00
"31__2048_8",40,16,"SQ_LDS_BANK_CONFLICT",1792.000000
"31__2048_8",40,16,"SQ_LDS_UNALIGNED_STALL",0.00000000e+00
"31__2048_8_16384_4",40,16,"SQ_LDS_BANK_CONFLICT",1792.000000
"31__2048_8_16384_4",40,16,"SQ_LDS_UNALIGNED_STALL",0.00000000e+00
"31__2048_8_16384_8",40,16,"SQ_LDS_BANK_CONFLICT",1792.000000
"31__2048_8_16384_8",40,16,"SQ_LDS_UNALIGNED_STALL",0.00000000e+00
"31__2048_8_16384_16",40,16,"SQ_LDS_BANK_CONFLICT",1792.000000
"31__2048_8_16384_16",40,16,"SQ_LDS_UNALIGNED_STALL",0.00000000e+00
"31__2048_16",44,16,"SQ_LDS_BANK_CONFLICT",2048.000000
"31__2048_16",44,16,"SQ_LDS_UNALIGNED_STALL",0.00000000e+00
"31__2048_16_8192_4",44,16,"SQ_LDS_BANK_CONFLICT",2048.000000
"31__2048_16_8192_4",44,16,"SQ_LDS_UNALIGNED_STALL",0.00000000e+00
"31__2048_16_8192_8",40,16,"SQ_LDS_BANK_CONFLICT",1792.000000
"31__2048_16_8192_8",40,16,"SQ_LDS_UNALIGNED_STALL",0.00000000e+00
"31__2048_16_8192_16",44,16,"SQ_LDS_BANK_CONFLICT",2048.000000
"31__2048_16_8192_16",44,16,"SQ_LDS_UNALIGNED_STALL",0.00000000e+00
"31__64_4",44,16,"SQ_LDS_BANK_CONFLICT",2560.000000
"31__64_4",44,16,"SQ_LDS_UNALIGNED_STALL",0.00000000e+00
"31__64_4_1024_4",64,16,"SQ_LDS_BANK_CONFLICT",96.000000
"31__64_4_1024_4",64,16,"SQ_LDS_UNALIGNED_STALL",0.00000000e+00
"31__64_4_1024_8",64,16,"SQ_LDS_BANK_CONFLICT",416.000000
"31__64_4_1024_8",64,16,"SQ_LDS_UNALIGNED_STALL",0.00000000e+00
"31__64_4_1024_16",64,16,"SQ_LDS_BANK_CONFLICT",1152.000000
"31__64_4_1024_16",64,16,"SQ_LDS_UNALIGNED_STALL",0.00000000e+00
"31__64_8",44,16,"SQ_LDS_BANK_CONFLICT",3584.000000
"31__64_8",44,16,"SQ_LDS_UNALIGNED_STALL",0.00000000e+00
"31__64_8_512_4",92,16,"SQ_LDS_BANK_CONFLICT",352.000000
"31__64_8_512_4",92,16,"SQ_LDS_UNALIGNED_STALL",0.00000000e+00
"31__64_8_512_8",92,16,"SQ_LDS_BANK_CONFLICT",928.000000
"31__64_8_512_8",92,16,"SQ_LDS_UNALIGNED_STALL",0.00000000e+00
"31__64_8_512_16",92,16,"SQ_LDS_BANK_CONFLICT",2080.000000
"31__64_8_512_16",92,16,"SQ_LDS_UNALIGNED_STALL",0.00000000e+00
"31__64_16",44,16,"SQ_LDS_BANK_CONFLICT",5632.000000
"31__64_16",44,16,"SQ_LDS_UNALIGNED_STALL",0.00000000e+00
"31__64_16_256_4",100,16,"SQ_LDS_BANK_CONFLICT",864.000000
"31__64_16_256_4",100,16,"SQ_LDS_UNALIGNED_STALL",0.00000000e+00
"31__64_16_256_8",100,16,"SQ_LDS_BANK_CONFLICT",1856.000000
"31__64_16_256_8",100,16,"SQ_LDS_UNALIGNED_STALL",0.00000000e+00
"31__64_16_256_16",100,16,"SQ_LDS_BANK_CONFLICT",2080.000000
"31__64_16_256_16",100,16,"SQ_LDS_UNALIGNED_STALL",0.00000000e+00
"31__512_4",44,16,"SQ_LDS_BANK_CONFLICT",512.000000
"31__512_4",44,16,"SQ_LDS_UNALIGNED_STALL",0.00000000e+00
"31__512_4_8192_4",44,16,"SQ_LDS_BANK_CONFLICT",512.000000
"31__512_4_8192_4",44,16,"SQ_LDS_UNALIGNED_STALL",0.00000000e+00
"31__512_4_8192_8",44,16,"SQ_LDS_BANK_CONFLICT",256.000000
"31__512_4_8192_8",44,16,"SQ_LDS_UNALIGNED_STALL",0.00000000e+00
"31__512_4_8192_16",44,16,"SQ_LDS_BANK_CONFLICT",512.000000
"31__512_4_8192_16",44,16,"SQ_LDS_UNALIGNED_STALL",0.00000000e+00
"31__512_8",40,16,"SQ_LDS_BANK_CONFLICT",1024.000000
"31__512_8",40,16,"SQ_LDS_UNALIGNED_STALL",0.00000000e+00
"31__512_8_4096_4",44,16,"SQ_LDS_BANK_CONFLICT",512.000000
"31__512_8_4096_4",44,16,"SQ_LDS_UNALIGNED_STALL",0.00000000e+00
"31__512_8_4096_8",44,16,"SQ_LDS_BANK_CONFLICT",256.000000
"31__512_8_4096_8",44,16,"SQ_LDS_UNALIGNED_STALL",0.00000000e+00
"31__512_8_4096_16",44,16,"SQ_LDS_BANK_CONFLICT",512.000000
"31__512_8_4096_16",44,16,"SQ_LDS_UNALIGNED_STALL",0.00000000e+00
"31__512_16",44,16,"SQ_LDS_BANK_CONFLICT",2560.000000
"31__512_16",44,16,"SQ_LDS_UNALIGNED_STALL",0.00000000e+00
"31__512_16_2048_4",60,16,"SQ_LDS_BANK_CONFLICT",416.000000
"31__512_16_2048_4",60,16,"SQ_LDS_UNALIGNED_STALL",0.00000000e+00
"31__512_16_2048_8",60,16,"SQ_LDS_BANK_CONFLICT",160.000000
"31__512_16_2048_8",60,16,"SQ_LDS_UNALIGNED_STALL",0.00000000e+00
"31__512_16_2048_16",60,16,"SQ_LDS_BANK_CONFLICT",736.000000
"31__512_16_2048_16",60,16,"SQ_LDS_UNALIGNED_STALL",0.00000000e+00
"31__1024_4",44,16,"SQ_LDS_BANK_CONFLICT",768.000000
"31__1024_4",44,16,"SQ_LDS_UNALIGNED_STALL",0.00000000e+00
"31__1024_4_16384_4",44,16,"SQ_LDS_BANK_CONFLICT",768.000000
"31__1024_4_16384_4",44,16,"SQ_LDS_UNALIGNED_STALL",0.00000000e+00
"31__1024_4_16384_8",44,16,"SQ_LDS_BANK_CONFLICT",768.000000
"31__1024_4_16384_8",44,16,"SQ_LDS_UNALIGNED_STALL",0.00000000e+00
"31__1024_4_16384_16",44,16,"SQ_LDS_BANK_CONFLICT",768.000000
"31__1024_4_16384_16",44,16,"SQ_LDS_UNALIGNED_STALL",0.00000000e+00
"31__1024_8",44,16,"SQ_LDS_BANK_CONFLICT",1024.000000
"31__1024_8",44,16,"SQ_LDS_UNALIGNED_STALL",0.00000000e+00
"31__1024_8_8192_4",44,16,"SQ_LDS_BANK_CONFLICT",1024.000000
"31__1024_8_8192_4",44,16,"SQ_LDS_UNALIGNED_STALL",0.00000000e+00
"31__1024_8_8192_8",44,16,"SQ_LDS_BANK_CONFLICT",768.000000
"31__1024_8_8192_8",44,16,"SQ_LDS_UNALIGNED_STALL",0.00000000e+00
"31__1024_8_8192_16",44,16,"SQ_LDS_BANK_CONFLICT",1024.000000
"31__1024_8_8192_16",44,16,"SQ_LDS_UNALIGNED_STALL",0.00000000e+00
"31__1024_16",40,16,"SQ_LDS_BANK_CONFLICT",1536.000000
"31__1024_16",40,16,"SQ_LDS_UNALIGNED_STALL",0.00000000e+00
"31__1024_16_4096_4",44,16,"SQ_LDS_BANK_CONFLICT",1024.000000
"31__1024_16_4096_4",44,16,"SQ_LDS_UNALIGNED_STALL",0.00000000e+00
"31__1024_16_4096_8",44,16,"SQ_LDS_BANK_CONFLICT",768.000000
"31__1024_16_4096_8",44,16,"SQ_LDS_UNALIGNED_STALL",0.00000000e+00
"31__1024_16_4096_16",44,16,"SQ_LDS_BANK_CONFLICT",1024.000000
"31__1024_16_4096_16",44,16,"SQ_LDS_UNALIGNED_STALL",0.00000000e+00
"32__256_4",72,16,"SQ_LDS_BANK_CONFLICT",768.000000
"32__256_4",72,16,"SQ_LDS_UNALIGNED_STALL",0.00000000e+00
"32__256_4_4096_4",84,16,"SQ_LDS_BANK_CONFLICT",320.000000
"32__256_4_4096_4",84,16,"SQ_LDS_UNALIGNED_STALL",0.00000000e+00
"32__256_4_4096_8",84,16,"SQ_LDS_BANK_CONFLICT",64.000000
"32__256_4_4096_8",84,16,"SQ_LDS_UNALIGNED_STALL",0.00000000e+00
"32__256_4_4096_16",84,16,"SQ_LDS_BANK_CONFLICT",320.000000
"32__256_4_4096_16",84,16,"SQ_LDS_UNALIGNED_STALL",0.00000000e+00
"32__256_8",72,16,"SQ_LDS_BANK_CONFLICT",2048.000000
"32__256_8",72,16,"SQ_LDS_UNALIGNED_STALL",0.00000000e+00
"32__256_8_2048_4",84,16,"SQ_LDS_BANK_CONFLICT",320.000000
"32__256_8_2048_4",84,16,"SQ_LDS_UNALIGNED_STALL",0.00000000e+00
"32__256_8_2048_8",84,16,"SQ_LDS_BANK_CONFLICT",256.000000
"32__256_8_2048_8",84,16,"SQ_LDS_UNALIGNED_STALL",0.00000000e+00
"32__256_8_2048_16",84,16,"SQ_LDS_BANK_CONFLICT",512.000000
"32__256_8_2048_16",84,16,"SQ_LDS_UNALIGNED_STALL",0.00000000e+00
"32__256_16",72,16,"SQ_LDS_BANK_CONFLICT",2560.000000
"32__256_16",72,16,"SQ_LDS_UNALIGNED_STALL",0.00000000e+00
"32__256_16_1024_4",84,16,"SQ_LDS_BANK_CONFLICT",64.000000
"32__256_16_1024_4",84,16,"SQ_LDS_UNALIGNED_STALL",0.00000000e+00
"32__256_16_1024_8",84,16,"SQ_LDS_BANK_CONFLICT",576.000000
"32__256_16_1024_8",84,16,"SQ_LDS_UNALIGNED_STALL",0.00000000e+00
"32__256_16_1024_16",84,16,"SQ_LDS_BANK_CONFLICT",1344.000000
"32__256_16_1024_16",84,16,"SQ_LDS_UNALIGNED_STALL",0.00000000e+00
"32__2048_4",68,16,"SQ_LDS_BANK_CONFLICT",2048.000000
"32__2048_4",68,16,"SQ_LDS_UNALIGNED_STALL",0.00000000e+00
"32__2048_4_32768_4",68,16,"SQ_LDS_BANK_CONFLICT",2048.000000
"32__2048_4_32768_4",68,16,"SQ_LDS_UNALIGNED_STALL",0.00000000e+00
"32__2048_4_32768_8",68,16,"SQ_LDS_BANK_CONFLICT",2048.000000
"32__2048_4_32768_8",68,16,"SQ_LDS_UNALIGNED_STALL",0.00000000e+00
"32__2048_4_32768_16",68,16,"SQ_LDS_BANK_CONFLICT",2048.000000
"32__2048_4_32768_16",68,16,"SQ_LDS_UNALIGNED_STALL",0.00000000e+00
"32__2048_8",72,16,"SQ_LDS_BANK_CONFLICT",1792.000000
"32__2048_8",72,16,"SQ_LDS_UNALIGNED_STALL",0.00000000e+00
"32__2048_8_16384_4",72,16,"SQ_LDS_BANK_CONFLICT",1792.000000
"32__2048_8_16384_4",72,16,"SQ_LDS_UNALIGNED_STALL",0.00000000e+00
"32__2048_8_16384_8",72,16,"SQ_LDS_BANK_CONFLICT",1792.000000
"32__2048_8_16384_8",72,16,"SQ_LDS_UNALIGNED_STALL",0.00000000e+00
"32__2048_8_16384_16",72,16,"SQ_LDS_BANK_CONFLICT",1792.000000
"32__2048_8_16384_16",72,16,"SQ_LDS_UNALIGNED_STALL",0.00000000e+00
"32__2048_16",72,16,"SQ_LDS_BANK_CONFLICT",2048.000000
"32__2048_16",72,16,"SQ_LDS_UNALIGNED_STALL",0.00000000e+00
"32__2048_16_8192_4",72,16,"SQ_LDS_BANK_CONFLICT",2048.000000
"32__2048_16_8192_4",72,16,"SQ_LDS_UNALIGNED_STALL",0.00000000e+00
"32__2048_16_8192_8",72,16,"SQ_LDS_BANK_CONFLICT",1792.000000
"32__2048_16_8192_8",72,16,"SQ_LDS_UNALIGNED_STALL",0.00000000e+00
"32__2048_16_8192_16",72,16,"SQ_LDS_BANK_CONFLICT",2048.000000
"32__2048_16_8192_16",72,16,"SQ_LDS_UNALIGNED_STALL",0.00000000e+00
"32__64_4",68,16,"SQ_LDS_BANK_CONFLICT",2560.000000
"32__64_4",68,16,"SQ_LDS_UNALIGNED_STALL",0.00000000e+00
"32__64_4_1024_4",84,16,"SQ_LDS_BANK_CONFLICT",64.000000
"32__64_4_1024_4",84,16,"SQ_LDS_UNALIGNED_STALL",0.00000000e+00
"32__64_4_1024_8",84,16,"SQ_LDS_BANK_CONFLICT",576.000000
"32__64_4_1024_8",84,16,"SQ_LDS_UNALIGNED_STALL",0.00000000e+00
"32__64_4_1024_16",84,16,"SQ_LDS_BANK_CONFLICT",1344.000000
"32__64_4_1024_16",84,16,"SQ_LDS_UNALIGNED_STALL",0.00000000e+00
"32__64_8",68,16,"SQ_LDS_BANK_CONFLICT",3584.000000
"32__64_8",68,16,"SQ_LDS_UNALIGNED_STALL",0.00000000e+00
"32__64_8_512_4",84,16,"SQ_LDS_BANK_CONFLICT",320.000000
"32__64_8_512_4",84,16,"SQ_LDS_UNALIGNED_STALL",0.00000000e+00
"32__64_8_512_8",84,16,"SQ_LDS_BANK_CONFLICT",960.000000
"32__64_8_512_8",84,16,"SQ_LDS_UNALIGNED_STALL",0.00000000e+00
"32__64_8_512_16",84,16,"SQ_LDS_BANK_CONFLICT",2368.000000
"32__64_8_512_16",84,16,"SQ_LDS_UNALIGNED_STALL",0.00000000e+00
"32__64_16",68,16,"SQ_LDS_BANK_CONFLICT",5632.000000
"32__64_16",68,16,"SQ_LDS_UNALIGNED_STALL",0.00000000e+00
"32__64_16_256_4",84,16,"SQ_LDS_BANK_CONFLICT",768.000000
"32__64_16_256_4",84,16,"SQ_LDS_UNALIGNED_STALL",0.00000000e+00
"32__64_16_256_8",84,16,"SQ_LDS_BANK_CONFLICT",1984.000000
"32__64_16_256_8",84,16,"SQ_LDS_UNALIGNED_STALL",0.00000000e+00
"32__64_16_256_16",84,16,"SQ_LDS_BANK_CONFLICT",2368.000000
"32__64_16_256_16",84,16,"SQ_LDS_UNALIGNED_STALL",0.00000000e+00
"32__512_4",72,16,"SQ_LDS_BANK_CONFLICT",512.000000
"32__512_4",72,16,"SQ_LDS_UNALIGNED_STALL",0.00000000e+00
"32__512_4_8192_4",72,16,"SQ_LDS_BANK_CONFLICT",512.000000
"32__512_4_8192_4",72,16,"SQ_LDS_UNALIGNED_STALL",0.00000000e+00
"32__512_4_8192_8",72,16,"SQ_LDS_BANK_CONFLICT",256.000000
"32__512_4_8192_8",72,16,"SQ_LDS_UNALIGNED_STALL",0.00000000e+00
"32__512_4_8192_16",72,16,"SQ_LDS_BANK_CONFLICT",512.000000
"32__512_4_8192_16",72,16,"SQ_LDS_UNALIGNED_STALL",0.00000000e+00
"32__512_8",72,16,"SQ_LDS_BANK_CONFLICT",1024.000000
"32__512_8",72,16,"SQ_LDS_UNALIGNED_STALL",0.00000000e+00
"32__512_8_4096_4",84,16,"SQ_LDS_BANK_CONFLICT",448.000000
"32__512_8_4096_4",84,16,"SQ_LDS_UNALIGNED_STALL",0.00000000e+00
"32__512_8_4096_8",84,16,"SQ_LDS_BANK_CONFLICT",320.000000
"32__512_8_4096_8",84,16,"SQ_LDS_UNALIGNED_STALL",0.00000000e+00
"32__512_8_4096_16",84,16,"SQ_LDS_BANK_CONFLICT",576.000000
"32__512_8_4096_16",84,16,"SQ_LDS_UNALIGNED_STALL",0.00000000e+00
"32__512_16",72,16,"SQ_LDS_BANK_CONFLICT",2560.000000
"32__512_16",72,16,"SQ_LDS_UNALIGNED_STALL",0.00000000e+00
"32__512_16_2048_4",84,16,"SQ_LDS_BANK_CONFLICT",448.000000
"32__512_16_2048_4",84,16,"SQ_LDS_UNALIGNED_STALL",0.00000000e+00
"32__512_16_2048_8",84,16,"SQ_LDS_BANK_CONFLICT",320.000000
"32__512_16_2048_8",84,16,"SQ_LDS_UNALIGNED_STALL",0.00000000e+00
"32__512_16_2048_16",84,16,"SQ_LDS_BANK_CONFLICT",960.000000
"32__512_16_2048_16",84,16,"SQ_LDS_UNALIGNED_STALL",0.00000000e+00
"32__1024_4",72,16,"SQ_LDS_BANK_CONFLICT",768.000000
"32__1024_4",72,16,"SQ_LDS_UNALIGNED_STALL",0.00000000e+00
"32__1024_4_16384_4",72,16,"SQ_LDS_BANK_CONFLICT",768.000000
"32__1024_4_16384_4",72,16,"SQ_LDS_UNALIGNED_STALL",0.00000000e+00
"32__1024_4_16384_8",72,16,"SQ_LDS_BANK_CONFLICT",768.000000
"32__1024_4_16384_8",72,16,"SQ_LDS_UNALIGNED_STALL",0.00000000e+00
"32__1024_4_16384_16",72,16,"SQ_LDS_BANK_CONFLICT",768.000000
"32__1024_4_16384_16",72,16,"SQ_LDS_UNALIGNED_STALL",0.00000000e+00
"32__1024_8",72,16,"SQ_LDS_BANK_CONFLICT",1024.000000
"32__1024_8",72,16,"SQ_LDS_UNALIGNED_STALL",0.00000000e+00
"32__1024_8_8192_4",72,16,"SQ_LDS_BANK_CONFLICT",1024.000000
"32__1024_8_8192_4",72,16,"SQ_LDS_UNALIGNED_STALL",0.00000000e+00
"32__1024_8_8192_8",72,16,"SQ_LDS_BANK_CONFLICT",768.000000
"32__1024_8_8192_8",72,16,"SQ_LDS_UNALIGNED_STALL",0.00000000e+00
"32__1024_8_8192_16",72,16,"SQ_LDS_BANK_CONFLICT",1024.000000
"32__1024_8_8192_16",72,16,"SQ_LDS_UNALIGNED_STALL",0.00000000e+00
"32__1024_16",72,16,"SQ_LDS_BANK_CONFLICT",1536.000000
"32__1024_16",72,16,"SQ_LDS_UNALIGNED_STALL",0.00000000e+00
"32__1024_16_4096_4",84,16,"SQ_LDS_BANK_CONFLICT",832.000000
"32__1024_16_4096_4",84,16,"SQ_LDS_UNALIGNED_STALL",0.00000000e+00
"32__1024_16_4096_8",84,16,"SQ_LDS_BANK_CONFLICT",576.000000
"32__1024_16_4096_8",84,16,"SQ_LDS_UNALIGNED_STALL",0.00000000e+00
"32__1024_16_4096_16",84,16,"SQ_LDS_BANK_CONFLICT",1088.000000
"32__1024_16_4096_16",84,16,"SQ_LDS_UNALIGNED_STALL",0.00000000e+00
"33__256_4",48,16,"SQ_LDS_BANK_CONFLICT",768.000000
"33__256_4",48,16,"SQ_LDS_UNALIGNED_STALL",0.00000000e+00
"33__256_4_4096_4",44,16,"SQ_LDS_BANK_CONFLICT",256.000000
"33__256_4_4096_4",44,16,"SQ_LDS_UNALIGNED_STALL",0.00000000e+00
"33__256_4_4096_8",44,16,"SQ_LDS_BANK_CONFLICT",0.00000000e+00
"33__256_4_4096_8",44,16,"SQ_LDS_UNALIGNED_STALL",0.00000000e+00
"33__256_4_4096_16",44,16,"SQ_LDS_BANK_CONFLICT",256.000000
"33__256_4_4096_16",44,16,"SQ_LDS_UNALIGNED_STALL",0.00000000e+00
"33__256_8",48,16,"SQ_LDS_BANK_CONFLICT",2048.000000
"33__256_8",48,16,"SQ_LDS_UNALIGNED_STALL",0.00000000e+00
"33__256_8_2048_4",60,16,"SQ_LDS_BANK_CONFLICT",352.000000
"33__256_8_2048_4",60,16,"SQ_LDS_UNALIGNED_STALL",0.00000000e+00
"33__256_8_2048_8",60,16,"SQ_LDS_BANK_CONFLICT",160.000000
"33__256_8_2048_8",60,16,"SQ_LDS_UNALIGNED_STALL",0.00000000e+00
"33__256_8_2048_16",60,16,"SQ_LDS_BANK_CONFLICT",416.000000
"33__256_8_2048_16",60,16,"SQ_LDS_UNALIGNED_STALL",0.00000000e+00
"33__256_16",48,16,"SQ_LDS_BANK_CONFLICT",2560.000000
"33__256_16",48,16,"SQ_LDS_UNALIGNED_STALL",0.00000000e+00
"33__256_16_1024_4",60,16,"SQ_LDS_BANK_CONFLICT",96.000000
"33__256_16_1024_4",60,16,"SQ_LDS_UNALIGNED_STALL",0.00000000e+00
"33__256_16_1024_8",60,16,"SQ_LDS_BANK_CONFLICT",416.000000
"33__256_16_1024_8",60,16,"SQ_LDS_UNALIGNED_STALL",0.00000000e+00
"33__256_16_1024_16",60,16,"SQ_LDS_BANK_CONFLICT",1152.000000
"33__256_16_1024_16",60,16,"SQ_LDS_UNALIGNED_STALL",0.00000000e+00
"33__2048_4",48,16,"SQ_LDS_BANK_CONFLICT",2048.000000
"33__2048_4",48,16,"SQ_LDS_UNALIGNED_STALL",0.00000000e+00
"33__2048_4_32768_4",48,16,"SQ_LDS_BANK_CONFLICT",2048.000000
"33__2048_4_32768_4",48,16,"SQ_LDS_UNALIGNED_STALL",0.00000000e+00
"33__2048_4_32768_8",48,16,"SQ_LDS_BANK_CONFLICT",2048.000000
"33__2048_4_32768_8",48,16,"SQ_LDS_UNALIGNED_STALL",0.00000000e+00
"33__2048_4_32768_16",48,16,"SQ_LDS_BANK_CONFLICT",2048.000000
"33__2048_4_32768_16",48,16,"SQ_LDS_UNALIGNED_STALL",0.00000000e+00
"33__2048_8",48,16,"SQ_LDS_BANK_CONFLICT",1792.000000
"33__2048_8",48,16,"SQ_LDS_UNALIGNED_STALL",0.00000000e+00
"33__2048_8_16384_4",48,16,"SQ_LDS_BANK_CONFLICT",1792.000000
"33__2048_8_16384_4",48,16,"SQ_LDS_UNALIGNED_STALL",0.00000000e+00
"33__2048_8_16384_8",48,16,"SQ_LDS_BANK_CONFLICT",1792.000000
"33__2048_8_16384_8",48,16,"SQ_LDS_UNALIGNED_STALL",0.00000000e+00
"33__2048_8_16384_16",48,16,"SQ_LDS_BANK_CONFLICT",1792.000000
"33__2048_8_16384_16",48,16,"SQ_LDS_UNALIGNED_STALL",0.00000000e+00
"33__2048_16",48,16,"SQ_LDS_BANK_CONFLICT",2048.000000
"33__2048_16",48,16,"SQ_LDS_UNALIGNED_STALL",0.00000000e+00
"33__2048_16_8192_4",48,16,"SQ_LDS_BANK_CONFLICT",2048.000000
"33__2048_16_8192_4",48,16,"SQ_LDS_UNALIGNED_STALL",0.00000000e+00
"33__2048_16_8192_8",48,16,"SQ_LDS_BANK_CONFLICT",1792.000000
"33__2048_16_8192_8",48,16,"SQ_LDS_UNALIGNED_STALL",0.00000000e+00
"33__2048_16_8192_16",48,16,"SQ_LDS_BANK_CONFLICT",2048.000000
"33__2048_16_8192_16",48,16,"SQ_LDS_UNALIGNED_STALL",0.00000000e+00
"33__64_4",48,16,"SQ_LDS_BANK_CONFLICT",2560.000000
"33__64_4",48,16,"SQ_LDS_UNALIGNED_STALL",0.00000000e+00
"33__64_4_1024_4",60,16,"SQ_LDS_BANK_CONFLICT",96.000000
"33__64_4_1024_4",60,16,"SQ_LDS_UNALIGNED_STALL",0.00000000e+00
"33__64_4_1024_8",60,16,"SQ_LDS_BANK_CONFLICT",416.000000
"33__64_4_1024_8",60,16,"SQ_LDS_UNALIGNED_STALL",0.00000000e+00
"33__64_4_1024_16",60,16,"SQ_LDS_BANK_CONFLICT",1152.000000
"33__64_4_1024_16",60,16,"SQ_LDS_UNALIGNED_STALL",0.00000000e+00
"33__64_8",48,16,"SQ_LDS_BANK_CONFLICT",3584.000000
"33__64_8",48,16,"SQ_LDS_UNALIGNED_STALL",0.00000000e+00
"33__64_8_512_4",60,16,"SQ_LDS_BANK_CONFLICT",352.000000
"33__64_8_512_4",60,16,"SQ_LDS_UNALIGNED_STALL",0.00000000e+00
"33__64_8_512_8",60,16,"SQ_LDS_BANK_CONFLICT",928.000000
"33__64_8_512_8",60,16,"SQ_LDS_UNALIGNED_STALL",0.00000000e+00
"33__64_8_512_16",60,16,"SQ_LDS_BANK_CONFLICT",2080.000000
"33__64_8_512_16",60,16,"SQ_LDS_UNALIGNED_STALL",0.00000000e+00
"33__64_16",48,16,"SQ_LDS_BANK_CONFLICT",5632.000000
"33__64_16",48,16,"SQ_LDS_UNALIGNED_STALL",0.00000000e+00
"33__64_16_256_4",60,16,"SQ_LDS_BANK_CONFLICT",864.000000
"33__64_16_256_4",60,16,"SQ_LDS_UNALIGNED_STALL",0.00000000e+00
"33__64_16_256_8",60,16,"SQ_LDS_BANK_CONFLICT",1856.000000
"33__64_16_256_8",60,16,"SQ_LDS_UNALIGNED_STALL",0.00000000e+00
"33__64_16_256_16",60,16,"SQ_LDS_BANK_CONFLICT",2080.000000
"33__64_16_256_16",60,16,"SQ_LDS_UNALIGNED_STALL",0.00000000e+00
"33__512_4",48,16,"SQ_LDS_BANK_CONFLICT",512.000000
"33__512_4",48,16,"SQ_LDS_UNALIGNED_STALL",0.00000000e+00
"33__512_4_8192_4",44,16,"SQ_LDS_BANK_CONFLICT",512.000000
"33__512_4_8192_4",44,16,"SQ_LDS_UNALIGNED_STALL",0.00000000e+00
"33__512_4_8192_8",44,16,"SQ_LDS_BANK_CONFLICT",256.000000
"33__512_4_8192_8",44,16,"SQ_LDS_UNALIGNED_STALL",0.00000000e+00
"33__512_4_8192_16",48,16,"SQ_LDS_BANK_CONFLICT",512.000000
"33__512_4_8192_16",48,16,"SQ_LDS_UNALIGNED_STALL",0.00000000e+00
"33__512_8",48,16,"SQ_LDS_BANK_CONFLICT",1024.000000
"33__512_8",48,16,"SQ_LDS_UNALIGNED_STALL",0.00000000e+00
"33__512_8_4096_4",48,16,"SQ_LDS_BANK_CONFLICT",512.000000
"33__512_8_4096_4",48,16,"SQ_LDS_UNALIGNED_STALL",0.00000000e+00
"33__512_8_4096_8",44,16,"SQ_LDS_BANK_CONFLICT",256.000000
"33__512_8_4096_8",44,16,"SQ_LDS_UNALIGNED_STALL",0.00000000e+00
"33__512_8_4096_16",48,16,"SQ_LDS_BANK_CONFLICT",512.000000
"33__512_8_4096_16",48,16,"SQ_LDS_UNALIGNED_STALL",0.00000000e+00
"33__512_16",48,16,"SQ_LDS_BANK_CONFLICT",2560.000000
"33__512_16",48,16,"SQ_LDS_UNALIGNED_STALL",0.00000000e+00
"33__512_16_2048_4",60,16,"SQ_LDS_BANK_CONFLICT",416.000000
"33__512_16_2048_4",60,16,"SQ_LDS_UNALIGNED_STALL",0.00000000e+00
"33__512_16_2048_8",60,16,"SQ_LDS_BANK_CONFLICT",160.000000
"33__512_16_2048_8",60,16,"SQ_LDS_UNALIGNED_STALL",0.00000000e+00
"33__512_16_2048_16",60,16,"SQ_LDS_BANK_CONFLICT",736.000000
"33__512_16_2048_16",60,16,"SQ_LDS_UNALIGNED_STALL",0.00000000e+00
"33__1024_4",48,16,"SQ_LDS_BANK_CONFLICT",768.000000
"33__1024_4",48,16,"SQ_LDS_UNALIGNED_STALL",0.00000000e+00
"33__1024_4_16384_4",48,16,"SQ_LDS_BANK_CONFLICT",768.000000
"33__1024_4_16384_4",48,16,"SQ_LDS_UNALIGNED_STALL",0.00000000e+00
"33__1024_4_16384_8",48,16,"SQ_LDS_BANK_CONFLICT",768.000000
"33__1024_4_16384_8",48,16,"SQ_LDS_UNALIGNED_STALL",0.00000000e+00
"33__1024_4_16384_16",48,16,"SQ_LDS_BANK_CONFLICT",768.000000
"33__1024_4_16384_16",48,16,"SQ_LDS_UNALIGNED_STALL",0.00000000e+00
"33__1024_8",48,16,"SQ_LDS_BANK_CONFLICT",1024.000000
"33__1024_8",48,16,"SQ_LDS_UNALIGNED_STALL",0.00000000e+00
"33__1024_8_8192_4",48,16,"SQ_LDS_BANK_CONFLICT",1024.000000
"33__1024_8_8192_4",48,16,"SQ_LDS_UNALIGNED_STALL",0.00000000e+00
"33__1024_8_8192_8",44,16,"SQ_LDS_BANK_CONFLICT",768.000000
"33__1024_8_8192_8",44,16,"SQ_LDS_UNALIGNED_STALL",0.00000000e+00
"33__1024_8_8192_16",48,16,"SQ_LDS_BANK_CONFLICT",1024.000000
"33__1024_8_8192_16",48,16,"SQ_LDS_UNALIGNED_STALL",0.00000000e+00
"33__1024_16",48,16,"SQ_LDS_BANK_CONFLICT",1536.000000
"33__1024_16",48,16,"SQ_LDS_UNALIGNED_STALL",0.00000000e+00
"33__1024_16_4096_4",48,16,"SQ_LDS_BANK_CONFLICT",1024.000000
"33__1024_16_4096_4",48,16,"SQ_LDS_UNALIGNED_STALL",0.00000000e+00
"33__1024_16_4096_8",48,16,"SQ_LDS_BANK_CONFLICT",768.000000
"33__1024_16_4096_8",48,16,"SQ_LDS_UNALIGNED_STALL",0.00000000e+00
"33__1024_16_4096_16",48,16,"SQ_LDS_BANK_CONFLICT",1024.000000
"33__1024_16_4096_16",48,16,"SQ_LDS_UNALIGNED_STALL",0.00000000e+00
"34__256_8",72,16,"SQ_LDS_BANK_CONFLICT",2048.000000
"34__256_8",72,16,"SQ_LDS_UNALIGNED_STALL",0.00000000e+00
"34__256_8_2048_8",84,16,"SQ_LDS_BANK_CONFLICT",256.000000
"34__256_8_2048_8",84,16,"SQ_LDS_UNALIGNED_STALL",0.00000000e+00
"34__256_8_2048_16",84,16,"SQ_LDS_BANK_CONFLICT",512.000000
"34__256_8_2048_16",84,16,"SQ_LDS_UNALIGNED_STALL",0.00000000e+00
"34__256_16",72,16,"SQ_LDS_BANK_CONFLICT",2560.000000
"34__256_16",72,16,"SQ_LDS_UNALIGNED_STALL",0.00000000e+00
"34__256_16_1024_8",84,16,"SQ_LDS_BANK_CONFLICT",576.000000
"34__256_16_1024_8",84,16,"SQ_LDS_UNALIGNED_STALL",0.00000000e+00
"34__256_16_1024_16",84,16,"SQ_LDS_BANK_CONFLICT",1344.000000
"34__256_16_1024_16",84,16,"SQ_LDS_UNALIGNED_STALL",0.00000000e+00
"34__2048_8",72,16,"SQ_LDS_BANK_CONFLICT",1792.000000
"34__2048_8",72,16,"SQ_LDS_UNALIGNED_STALL",0.00000000e+00
"34__2048_8_16384_8",72,16,"SQ_LDS_BANK_CONFLICT",1792.000000
"34__2048_8_16384_8",72,16,"SQ_LDS_UNALIGNED_STALL",0.00000000e+00
"34__2048_8_16384_16",72,16,"SQ_LDS_BANK_CONFLICT",1792.000000
"34__2048_8_16384_16",72,16,"SQ_LDS_UNALIGNED_STALL",0.00000000e+00
"34__2048_16",72,16,"SQ_LDS_BANK_CONFLICT",2048.000000
"34__2048_16",72,16,"SQ_LDS_UNALIGNED_STALL",0.00000000e+00
"34__2048_16_8192_8",72,16,"SQ_LDS_BANK_CONFLICT",1792.000000
"34__2048_16_8192_8",72,16,"SQ_LDS_UNALIGNED_STALL",0.00000000e+00
"34__2048_16_8192_16",72,16,"SQ_LDS_BANK_CONFLICT",2048.000000
"34__2048_16_8192_16",72,16,"SQ_LDS_UNALIGNED_STALL",0.00000000e+00
"34__64_8",68,16,"SQ_LDS_BANK_CONFLICT",3584.000000
"34__64_8",68,16,"SQ_LDS_UNALIGNED_STALL",0.00000000e+00
"34__64_8_512_8",84,16,"SQ_LDS_BANK_CONFLICT",960.000000
"34__64_8_512_8",84,16,"SQ_LDS_UNALIGNED_STALL",0.00000000e+00
"34__64_8_512_16",84,16,"SQ_LDS_BANK_CONFLICT",2368.000000
"34__64_8_512_16",84,16,"SQ_LDS_UNALIGNED_STALL",0.00000000e+00
"34__64_16",68,16,"SQ_LDS_BANK_CONFLICT",5632.000000
"34__64_16",68,16,"SQ_LDS_UNALIGNED_STALL",0.00000000e+00
"34__64_16_256_8",84,16,"SQ_LDS_BANK_CONFLICT",1984.000000
"34__64_16_256_8",84,16,"SQ_LDS_UNALIGNED_STALL",0.00000000e+00
"34__64_16_256_16",84,16,"SQ_LDS_BANK_CONFLICT",2368.000000
"34__64_16_256_16",84,16,"SQ_LDS_UNALIGNED_STALL",0.00000000e+00
"34__512_8",72,16,"SQ_LDS_BANK_CONFLICT",1024.000000
"34__512_8",72,16,"SQ_LDS_UNALIGNED_STALL",0.00000000e+00
"34__512_8_4096_8",84,16,"SQ_LDS_BANK_CONFLICT",320.000000
"34__512_8_4096_8",84,16,"SQ_LDS_UNALIGNED_STALL",0.00000000e+00
"34__512_8_4096_16",84,16,"SQ_LDS_BANK_CONFLICT",576.000000
"34__512_8_4096_16",84,16,"SQ_LDS_UNALIGNED_STALL",0.00000000e+00
"34__512_16",72,16,"SQ_LDS_BANK_CONFLICT",2560.000000
"34__512_16",72,16,"SQ_LDS_UNALIGNED_STALL",0.00000000e+00
"34__512_16_2048_8",84,16,"SQ_LDS_BANK_CONFLICT",320.000000
"34__512_16_2048_8",84,16,"SQ_LDS_UNALIGNED_STALL",0.00000000e+00
"34__512_16_2048_16",84,16,"SQ_LDS_BANK_CONFLICT",960.000000
"34__512_16_2048_16",84,16,"SQ_LDS_UNALIGNED_STALL",0.00000000e+00
"34__1024_8",72,16,"SQ_LDS_BANK_CONFLICT",1024.000000
"34__1024_8",72,16,"SQ_LDS_UNALIGNED_STALL",0.00000000e+00
"34__1024_8_8192_8",72,16,"SQ_LDS_BANK_CONFLICT",768.000000
"34__1024_8_8192_8",72,16,"SQ_LDS_UNALIGNED_STALL",0.00000000e+00
"34__1024_8_8192_16",72,16,"SQ_LDS_BANK_CONFLICT",1024.000000
"34__1024_8_8192_16",72,16,"SQ_LDS_UNALIGNED_STALL",0.00000000e+00
"34__1024_16",72,16,"SQ_LDS_BANK_CONFLICT",1536.000000
"34__1024_16",72,16,"SQ_LDS_UNALIGNED_STALL",0.00000000e+00
"34__1024_16_4096_8",84,16,"SQ_LDS_BANK_CONFLICT",576.000000
"34__1024_16_4096_8",84,16,"SQ_LDS_UNALIGNED_STALL",0.00000000e+00
"34__1024_16_4096_16",84,16,"SQ_LDS_BANK_CONFLICT",1088.000000
"34__1024_16_4096_16",84,16,"SQ_LDS_UNALIGNED_STALL",0.00000000e+00
"35__256_8",40,16,"SQ_LDS_BANK_CONFLICT",2048.000000
"35__256_8",40,16,"SQ_LDS_UNALIGNED_STALL",0.00000000e+00
"35__256_8_2048_8",64,16,"SQ_LDS_BANK_CONFLICT",160.000000
"35__256_8_2048_8",64,16,"SQ_LDS_UNALIGNED_STALL",0.00000000e+00
"35__256_8_2048_16",64,16,"SQ_LDS_BANK_CONFLICT",416.000000
"35__256_8_2048_16",64,16,"SQ_LDS_UNALIGNED_STALL",0.00000000e+00
"35__256_16",40,16,"SQ_LDS_BANK_CONFLICT",2560.000000
"35__256_16",40,16,"SQ_LDS_UNALIGNED_STALL",0.00000000e+00
"35__256_16_1024_8",60,16,"SQ_LDS_BANK_CONFLICT",416.000000
"35__256_16_1024_8",60,16,"SQ_LDS_UNALIGNED_STALL",0.00000000e+00
"35__256_16_1024_16",60,16,"SQ_LDS_BANK_CONFLICT",1152.000000
"35__256_16_1024_16",60,16,"SQ_LDS_UNALIGNED_STALL",0.00000000e+00
"35__2048_8",40,16,"SQ_LDS_BANK_CONFLICT",1792.000000
"35__2048_8",40,16,"SQ_LDS_UNALIGNED_STALL",0.00000000e+00
"35__2048_8_16384_8",40,16,"SQ_LDS_BANK_CONFLICT",1792.000000
"35__2048_8_16384_8",40,16,"SQ_LDS_UNALIGNED_STALL",0.00000000e+00
"35__2048_8_16384_16",40,16,"SQ_LDS_BANK_CONFLICT",1792.000000
"35__2048_8_16384_16",40,16,"SQ_LDS_UNALIGNED_STALL",0.00000000e+00
"35__2048_16",40,16,"SQ_LDS_BANK_CONFLICT",2048.000000
"35__2048_16",40,16,"SQ_LDS_UNALIGNED_STALL",0.00000000e+00
"35__2048_16_8192_8",40,16,"SQ_LDS_BANK_CONFLICT",1792.000000
"35__2048_16_8192_8",40,16,"SQ_LDS_UNALIGNED_STALL",0.00000000e+00
"35__2048_16_8192_16",40,16,"SQ_LDS_BANK_CONFLICT",2048.000000
"35__2048_16_8192_16",40,16,"SQ_LDS_UNALIGNED_STALL",0.00000000e+00
"35__64_8",40,16,"SQ_LDS_BANK_CONFLICT",3584.000000
"35__64_8",40,16,"SQ_LDS_UNALIGNED_STALL",0.00000000e+00
"35__64_8_512_8",60,16,"SQ_LDS_BANK_CONFLICT",928.000000
"35__64_8_512_8",60,16,"SQ_LDS_UNALIGNED_STALL",0.00000000e+00
"35__64_8_512_16",60,16,"SQ_LDS_BANK_CONFLICT",2080.000000
"35__64_8_512_16",60,16,"SQ_LDS_UNALIGNED_STALL",0.00000000e+00
"35__64_16",40,16,"SQ_LDS_BANK_CONFLICT",5632.000000
"35__64_16",40,16,"SQ_LDS_UNALIGNED_STALL",0.00000000e+00
"35__64_16_256_8",60,16,"SQ_LDS_BANK_CONFLICT",1856.000000
"35__64_16_256_8",60,16,"SQ_LDS_UNALIGNED_STALL",0.00000000e+00
"35__64_16_256_16",60,16,"SQ_LDS_BANK_CONFLICT",2080.000000
"35__64_16_256_16",60,16,"SQ_LDS_UNALIGNED_STALL",0.00000000e+00
"35__512_8",40,16,"SQ_LDS_BANK_CONFLICT",1024.000000
"35__512_8",40,16,"SQ_LDS_UNALIGNED_STALL",0.00000000e+00
"35__512_8_4096_8",40,16,"SQ_LDS_BANK_CONFLICT",256.000000
"35__512_8_4096_8",40,16,"SQ_LDS_UNALIGNED_STALL",0.00000000e+00
"35__512_8_4096_16",40,16,"SQ_LDS_BANK_CONFLICT",512.000000
"35__512_8_4096_16",40,16,"SQ_LDS_UNALIGNED_STALL",0.00000000e+00
"35__512_16",40,16,"SQ_LDS_BANK_CONFLICT",2560.000000
"35__512_16",40,16,"SQ_LDS_UNALIGNED_STALL",0.00000000e+00
"35__512_16_2048_8",64,16,"SQ_LDS_BANK_CONFLICT",160.000000
"35__512_16_2048_8",64,16,"SQ_LDS_UNALIGNED_STALL",0.00000000e+00
"35__512_16_2048_16",64,16,"SQ_LDS_BANK_CONFLICT",736.000000
"35__512_16_2048_16",64,16,"SQ_LDS_UNALIGNED_STALL",0.00000000e+00
"35__1024_8",40,16,"SQ_LDS_BANK_CONFLICT",1024.000000
"35__1024_8",40,16,"SQ_LDS_UNALIGNED_STALL",0.00000000e+00
"35__1024_8_8192_8",40,16,"SQ_LDS_BANK_CONFLICT",768.000000
"35__1024_8_8192_8",40,16,"SQ_LDS_UNALIGNED_STALL",0.00000000e+00
"35__1024_8_8192_16",40,16,"SQ_LDS_BANK_CONFLICT",1024.000000
"35__1024_8_8192_16",40,16,"SQ_LDS_UNALIGNED_STALL",0.00000000e+00
"35__1024_16",40,16,"SQ_LDS_BANK_CONFLICT",1536.000000
"35__1024_16",40,16,"SQ_LDS_UNALIGNED_STALL",0.00000000e+00
"35__1024_16_4096_8",40,16,"SQ_LDS_BANK_CONFLICT",768.000000
"35__1024_16_4096_8",40,16,"SQ_LDS_UNALIGNED_STALL",0.00000000e+00
"35__1024_16_4096_16",40,16,"SQ_LDS_BANK_CONFLICT",1024.000000
"35__1024_16_4096_16",40,16,"SQ_LDS_UNALIGNED_STALL",0.00000000e+00
"36__128_4",36,16,"SQ_LDS_BANK_CONFLICT",384.000000
"36__128_4",36,16,"SQ_LDS_UNALIGNED_STALL",0.00000000e+00
"36__128_4_2048_4",44,16,"SQ_LDS_BANK_CONFLICT",160.000000
"36__128_4_2048_4",44,16,"SQ_LDS_UNALIGNED_STALL",0.00000000e+00
"36__128_4_2048_8",44,16,"SQ_LDS_BANK_CONFLICT",32.000000
"36__128_4_2048_8",44,16,"SQ_LDS_UNALIGNED_STALL",0.00000000e+00
"36__128_4_2048_16",44,16,"SQ_LDS_BANK_CONFLICT",160.000000
"36__128_4_2048_16",44,16,"SQ_LDS_UNALIGNED_STALL",0.00000000e+00
"36__128_8",36,16,"SQ_LDS_BANK_CONFLICT",1024.000000
"36__128_8",36,16,"SQ_LDS_UNALIGNED_STALL",0.00000000e+00
"36__128_8_1024_4",44,16,"SQ_LDS_BANK_CONFLICT",160.000000
"36__128_8_1024_4",44,16,"SQ_LDS_UNALIGNED_STALL",0.00000000e+00
"36__128_8_1024_8",44,16,"SQ_LDS_BANK_CONFLICT",128.000000
"36__128_8_1024_8",44,16,"SQ_LDS_UNALIGNED_STALL",0.00000000e+00
"36__128_8_1024_16",44,16,"SQ_LDS_BANK_CONFLICT",256.000000
"36__128_8_1024_16",44,16,"SQ_LDS_UNALIGNED_STALL",0.00000000e+00
"36__128_16",36,16,"SQ_LDS_BANK_CONFLICT",1280.000000
"36__128_16",36,16,"SQ_LDS_UNALIGNED_STALL",0.00000000e+00
"36__128_16_512_4",44,16,"SQ_LDS_BANK_CONFLICT",32.000000
"36__128_16_512_4",44,16,"SQ_LDS_UNALIGNED_STALL",0.00000000e+00
"36__128_16_512_8",44,16,"SQ_LDS_BANK_CONFLICT",288.000000
"36__128_16_512_8",44,16,"SQ_LDS_UNALIGNED_STALL",0.00000000e+00
"36__128_16_512_16",44,16,"SQ_LDS_BANK_CONFLICT",672.000000
"36__128_16_512_16",44,16,"SQ_LDS_UNALIGNED_STALL",0.00000000e+00
"36__1024_4",36,16,"SQ_LDS_BANK_CONFLICT",1024.000000
"36__1024_4",36,16,"SQ_LDS_UNALIGNED_STALL",0.00000000e+00
"36__1024_4_16384_4",36,16,"SQ_LDS_BANK_CONFLICT",1024.000000
"36__1024_4_16384_4",36,16,"SQ_LDS_UNALIGNED_STALL",0.00000000e+00
"36__1024_4_16384_8",36,16,"SQ_LDS_BANK_CONFLICT",1024.000000
"36__1024_4_16384_8",36,16,"SQ_LDS_UNALIGNED_STALL",0.00000000e+00
"36__1024_4_16384_16",36,16,"SQ_LDS_BANK_CONFLICT",1024.000000
"36__1024_4_16384_16",36,16,"SQ_LDS_UNALIGNED_STALL",0.00000000e+00
"36__1024_8",36,16,"SQ_LDS_BANK_CONFLICT",896.000000
"36__1024_8",36,16,"SQ_LDS_UNALIGNED_STALL",0.00000000e+00
"36__1024_8_8192_4",36,16,"SQ_LDS_BANK_CONFLICT",896.000000
"36__1024_8_8192_4",36,16,"SQ_LDS_UNALIGNED_STALL",0.00000000e+00
"36__1024_8_8192_8",36,16,"SQ_LDS_BANK_CONFLICT",896.000000
"36__1024_8_8192_8",36,16,"SQ_LDS_UNALIGNED_STALL",0.00000000e+00
"36__1024_8_8192_16",36,16,"SQ_LDS_BANK_CONFLICT",896.000000
"36__1024_8_8192_16",36,16,"SQ_LDS_UNALIGNED_STALL",0.00000000e+00
"36__1024_16",36,16,"SQ_LDS_BANK_CONFLICT",1024.000000
"36__1024_16",36,16,"SQ_LDS_UNALIGNED_STALL",0.00000000e+00
"36__1024_16_4096_4",36,16,"SQ_LDS_BANK_CONFLICT",1024.000000
"36__1024_16_4096_4",36,16,"SQ_LDS_UNALIGNED_STALL",0.00000000e+00
"36__1024_16_4096_8",36,16,"SQ_LDS_BANK_CONFLICT",896.000000
"36__1024_16_4096_8",36,16,"SQ_LDS_UNALIGNED_STALL",0.00000000e+00
"36__1024_16_4096_16",36,16,"SQ_LDS_BANK_CONFLICT",1024.000000
"36__1024_16_4096_16",36,16,"SQ_LDS_UNALIGNED_STALL",0.00000000e+00
"36__64_4",36,16,"SQ_LDS_BANK_CONFLICT",1024.000000
"36__64_4",36,16,"SQ_LDS_UNALIGNED_STALL",0.00000000e+00
"36__64_4_1024_4",44,16,"SQ_LDS_BANK_CONFLICT",160.000000
"36__64_4_1024_4",44,16,"SQ_LDS_UNALIGNED_STALL",0.00000000e+00
"36__64_4_1024_8",44,16,"SQ_LDS_BANK_CONFLICT",128.000000
"36__64_4_1024_8",44,16,"SQ_LDS_UNALIGNED_STALL",0.00000000e+00
"36__64_4_1024_16",44,16,"SQ_LDS_BANK_CONFLICT",256.000000
"36__64_4_1024_16",44,16,"SQ_LDS_UNALIGNED_STALL",0.00000000e+00
"36__64_8",36,16,"SQ_LDS_BANK_CONFLICT",1280.000000
"36__64_8",36,16,"SQ_LDS_UNALIGNED_STALL",0.00000000e+00
"36__64_8_512_4",44,16,"SQ_LDS_BANK_CONFLICT",32.000000
"36__64_8_512_4",44,16,"SQ_LDS_UNALIGNED_STALL",0.00000000e+00
"36__64_8_512_8",44,16,"SQ_LDS_BANK_CONFLICT",288.000000
"36__64_8_512_8",44,16,"SQ_LDS_UNALIGNED_STALL",0.00000000e+00
"36__64_8_512_16",44,16,"SQ_LDS_BANK_CONFLICT",672.000000
"36__64_8_512_16",44,16,"SQ_LDS_UNALIGNED_STALL",0.00000000e+00
"36__64_16",36,16,"SQ_LDS_BANK_CONFLICT",1792.000000
"36__64_16",36,16,"SQ_LDS_UNALIGNED_STALL",0.00000000e+00
"36__64_16_256_4",52,16,"SQ_LDS_BANK_CONFLICT",160.000000
"36__64_16_256_4",52,16,"SQ_LDS_UNALIGNED_STALL",0.00000000e+00
"36__64_16_256_8",52,16,"SQ_LDS_BANK_CONFLICT",480.000000
"36__64_16_256_8",52,16,"SQ_LDS_UNALIGNED_STALL",0.00000000e+00
"36__64_16_256_16",52,16,"SQ_LDS_BANK_CONFLICT",1184.000000
"36__64_16_256_16",52,16,"SQ_LDS_UNALIGNED_STALL",0.00000000e+00
"36__256_4",36,16,"SQ_LDS_BANK_CONFLICT",256.000000
"36__256_4",36,16,"SQ_LDS_UNALIGNED_STALL",0.00000000e+00
"36__256_4_4096_4",36,16,"SQ_LDS_BANK_CONFLICT",256.000000
"36__256_4_4096_4",36,16,"SQ_LDS_UNALIGNED_STALL",0.00000000e+00
"36__256_4_4096_8",36,16,"SQ_LDS_BANK_CONFLICT",128.000000
"36__256_4_4096_8",36,16,"SQ_LDS_UNALIGNED_STALL",0.00000000e+00
"36__256_4_4096_16",36,16,"SQ_LDS_BANK_CONFLICT",256.000000
"36__256_4_4096_16",36,16,"SQ_LDS_UNALIGNED_STALL",0.00000000e+00
"36__256_8",36,16,"SQ_LDS_BANK_CONFLICT",512.000000
"36__256_8",36,16,"SQ_LDS_UNALIGNED_STALL",0.00000000e+00
"36__256_8_2048_4",44,16,"SQ_LDS_BANK_CONFLICT",224.000000
"36__256_8_2048_4",44,16,"SQ_LDS_UNALIGNED_STALL",0.00000000e+00
"36__256_8_2048_8",44,16,"SQ_LDS_BANK_CONFLICT",160.000000
"36__256_8_2048_8",44,16,"SQ_LDS_UNALIGNED_STALL",0.00000000e+00
"36__256_8_2048_16",44,16,"SQ_LDS_BANK_CONFLICT",288.000000
"36__256_8_2048_16",44,16,"SQ_LDS_UNALIGNED_STALL",0.00000000e+00
"36__256_16",36,16,"SQ_LDS_BANK_CONFLICT",1280.000000
"36__256_16",36,16,"SQ_LDS_UNALIGNED_STALL",0.00000000e+00
"36__256_16_1024_4",44,16,"SQ_LDS_BANK_CONFLICT",224.000000
"36__256_16_1024_4",44,16,"SQ_LDS_UNALIGNED_STALL",0.00000000e+00
"36__256_16_1024_8",44,16,"SQ_LDS_BANK_CONFLICT",160.000000
"36__256_16_1024_8",44,16,"SQ_LDS_UNALIGNED_STALL",0.00000000e+00
"36__256_16_1024_16",44,16,"SQ_LDS_BANK_CONFLICT",480.000000
"36__256_16_1024_16",44,16,"SQ_LDS_UNALIGNED_STALL",0.00000000e+00
"36__512_4",36,16,"SQ_LDS_BANK_CONFLICT",384.000000
"36__512_4",36,16,"SQ_LDS_UNALIGNED_STALL",0.00000000e+00
"36__512_4_8192_4",36,16,"SQ_LDS_BANK_CONFLICT",384.000000
"36__512_4_8192_4",36,16,"SQ_LDS_UNALIGNED_STALL",0.00000000e+00
"36__512_4_8192_8",36,16,"SQ_LDS_BANK_CONFLICT",384.000000
"36__512_4_8192_8",36,16,"SQ_LDS_UNALIGNED_STALL",0.00000000e+00
"36__512_4_8192_16",36,16,"SQ_LDS_BANK_CONFLICT",384.000000
"36__512_4_8192_16",36,16,"SQ_LDS_UNALIGNED_STALL",0.00000000e+00
"36__512_8",36,16,"SQ_LDS_BANK_CONFLICT",512.000000
"36__512_8",36,16,"SQ_LDS_UNALIGNED_STALL",0.00000000e+00
"36__512_8_4096_4",36,16,"SQ_LDS_BANK_CONFLICT",512.000000
"36__512_8_4096_4",36,16,"SQ_LDS_UNALIGNED_STALL",0.00000000e+00
"36__512_8_4096_8",36,16,"SQ_LDS_BANK_CONFLICT",384.000000
"36__512_8_4096_8",36,16,"SQ_LDS_UNALIGNED_STALL",0.00000000e+00
"36__512_8_4096_16",36,16,"SQ_LDS_BANK_CONFLICT",512.000000
"36__512_8_4096_16",36,16,"SQ_LDS_UNALIGNED_STALL",0.00000000e+00
"36__512_16",36,16,"SQ_LDS_BANK_CONFLICT",768.000000
"36__512_16",36,16,"SQ_LDS_UNALIGNED_STALL",0.00000000e+00
"36__512_16_2048_4",44,16,"SQ_LDS_BANK_CONFLICT",416.000000
"36__512_16_2048_4",44,16,"SQ_LDS_UNALIGNED_STALL",0.00000000e+00
"36__512_16_2048_8",44,16,"SQ_LDS_BANK_CONFLICT",288.000000
"36__512_16_2048_8",44,16,"SQ_LDS_UNALIGNED_STALL",0.00000000e+00
"36__512_16_2048_16",44,16,"SQ_LDS_BANK_CONFLICT",544.000000
"36__512_16_2048_16",44,16,"SQ_LDS_UNALIGNED_STALL",0.00000000e+00
"37__128_4",40,16,"SQ_LDS_BANK_CONFLICT",384.000000
"37__128_4",40,16,"SQ_LDS_UNALIGNED_STALL",0.00000000e+00
"37__128_4_2048_4",40,16,"SQ_LDS_BANK_CONFLICT",128.000000
"37__128_4_2048_4",40,16,"SQ_LDS_UNALIGNED_STALL",0.00000000e+00
"37__128_4_2048_8",40,16,"SQ_LDS_BANK_CONFLICT",0.00000000e+00
"37__128_4_2048_8",40,16,"SQ_LDS_UNALIGNED_STALL",0.00000000e+00
"37__128_4_2048_16",40,16,"SQ_LDS_BANK_CONFLICT",128.000000
"37__128_4_2048_16",40,16,"SQ_LDS_UNALIGNED_STALL",0.00000000e+00
"37__128_8",40,16,"SQ_LDS_BANK_CONFLICT",1024.000000
"37__128_8",40,16,"SQ_LDS_UNALIGNED_STALL",0.00000000e+00
"37__128_8_1024_4",36,16,"SQ_LDS_BANK_CONFLICT",176.000000
"37__128_8_1024_4",36,16,"SQ_LDS_UNALIGNED_STALL",0.00000000e+00
"37__128_8_1024_8",36,16,"SQ_LDS_BANK_CONFLICT",80.000000
"37__128_8_1024_8",36,16,"SQ_LDS_UNALIGNED_STALL",0.00000000e+00
"37__128_8_1024_16",36,16,"SQ_LDS_BANK_CONFLICT",208.000000
"37__128_8_1024_16",36,16,"SQ_LDS_UNALIGNED_STALL",0.00000000e+00
"37__128_16",40,16,"SQ_LDS_BANK_CONFLICT",1280.000000
"37__128_16",40,16,"SQ_LDS_UNALIGNED_STALL",0.00000000e+00
"37__128_16_512_4",36,16,"SQ_LDS_BANK_CONFLICT",48.000000
"37__128_16_512_4",36,16,"SQ_LDS_UNALIGNED_STALL",0.00000000e+00
"37__128_16_512_8",36,16,"SQ_LDS_BANK_CONFLICT",208.000000
"37__128_16_512_8",36,16,"SQ_LDS_UNALIGNED_STALL",0.00000000e+00
"37__128_16_512_16",36,16,"SQ_LDS_BANK_CONFLICT",576.000000
"37__128_16_512_16",36,16,"SQ_LDS_UNALIGNED_STALL",0.00000000e+00
"37__1024_4",40,16,"SQ_LDS_BANK_CONFLICT",1024.000000
"37__1024_4",40,16,"SQ_LDS_UNALIGNED_STALL",0.00000000e+00
"37__1024_4_16384_4",40,16,"SQ_LDS_BANK_CONFLICT",1024.000000
"37__1024_4_16384_4",40,16,"SQ_LDS_UNALIGNED_STALL",0.00000000e+00
"37__1024_4_16384_8",40,16,"SQ_LDS_BANK_CONFLICT",1024.000000
"37__1024_4_16384_8",40,16,"SQ_LDS_UNALIGNED_STALL",0.00000000e+00
"37__1024_4_16384_16",40,16,"SQ_LDS_BANK_CONFLICT",1024.000000
"37__1024_4_16384_16",40,16,"SQ_LDS_UNALIGNED_STALL",0.00000000e+00
"37__1024_8",40,16,"SQ_LDS_BANK_CONFLICT",896.000000
"37__1024_8",40,16,"SQ_LDS_UNALIGNED_STALL",0.00000000e+00
"37__1024_8_8192_4",40,16,"SQ_LDS_BANK_CONFLICT",896.000000
"37__1024_8_8192_4",40,16,"SQ_LDS_UNALIGNED_STALL",0.00000000e+00
"37__1024_8_8192_8",40,16,"SQ_LDS_BANK_CONFLICT",896.000000
"37__1024_8_8192_8",40,16,"SQ_LDS_UNALIGNED_STALL",0.00000000e+00
"37__1024_8_8192_16",40,16,"SQ_LDS_BANK_CONFLICT",896.000000
"37__1024_8_8192_16",40,16,"SQ_LDS_UNALIGNED_STALL",0.00000000e+00
"37__1024_16",40,16,"SQ_LDS_BANK_CONFLICT",1024.000000
"37__1024_16",40,16,"SQ_LDS_UNALIGNED_STALL",0.00000000e+00
"37__1024_16_4096_4",40,16,"SQ_LDS_BANK_CONFLICT",1024.000000
"37__1024_16_4096_4",40,16,"SQ_LDS_UNALIGNED_STALL",0.00000000e+00
"37__1024_16_4096_8",40,16,"SQ_LDS_BANK_CONFLICT",896.000000
"37__1024_16_4096_8",40,16,"SQ_LDS_UNALIGNED_STALL",0.00000000e+00
"37__1024_16_4096_16",40,16,"SQ_LDS_BANK_CONFLICT",1024.000000
"37__1024_16_4096_16",40,16,"SQ_LDS_UNALIGNED_STALL",0.00000000e+00
"37__64_4",40,16,"SQ_LDS_BANK_CONFLICT",1024.000000
"37__64_4",40,16,"SQ_LDS_UNALIGNED_STALL",0.00000000e+00
"37__64_4_1024_4",36,16,"SQ_LDS_BANK_CONFLICT",176.000000
"37__64_4_1024_4",36,16,"SQ_LDS_UNALIGNED_STALL",0.00000000e+00
"37__64_4_1024_8",36,16,"SQ_LDS_BANK_CONFLICT",80.000000
"37__64_4_1024_8",36,16,"SQ_LDS_UNALIGNED_STALL",0.00000000e+00
"37__64_4_1024_16",36,16,"SQ_LDS_BANK_CONFLICT",208.000000
"37__64_4_1024_16",36,16,"SQ_LDS_UNALIGNED_STALL",0.00000000e+00
"37__64_8",40,16,"SQ_LDS_BANK_CONFLICT",1280.000000
"37__64_8",40,16,"SQ_LDS_UNALIGNED_STALL",0.00000000e+00
"37__64_8_512_4",36,16,"SQ_LDS_BANK_CONFLICT",48.000000
"37__64_8_512_4",36,16,"SQ_LDS_UNALIGNED_STALL",0.00000000e+00
"37__64_8_512_8",36,16,"SQ_LDS_BANK_CONFLICT",208.000000
"37__64_8_512_8",36,16,"SQ_LDS_UNALIGNED_STALL",0.00000000e+00
"37__64_8_512_16",36,16,"SQ_LDS_BANK_CONFLICT",576.000000
"37__64_8_512_16",36,16,"SQ_LDS_UNALIGNED_STALL",0.00000000e+00
"37__64_16",40,16,"SQ_LDS_BANK_CONFLICT",1792.000000
"37__64_16",40,16,"SQ_LDS_UNALIGNED_STALL",0.00000000e+00
"37__64_16_256_4",40,16,"SQ_LDS_BANK_CONFLICT",176.000000
"37__64_16_256_4",40,16,"SQ_LDS_UNALIGNED_STALL",0.00000000e+00
"37__64_16_256_8",40,16,"SQ_LDS_BANK_CONFLICT",464.000000
"37__64_16_256_8",40,16,"SQ_LDS_UNALIGNED_STALL",0.00000000e+00
"37__64_16_256_16",40,16,"SQ_LDS_BANK_CONFLICT",1040.000000
"37__64_16_256_16",40,16,"SQ_LDS_UNALIGNED_STALL",0.00000000e+00
"37__256_4",40,16,"SQ_LDS_BANK_CONFLICT",256.000000
"37__256_4",40,16,"SQ_LDS_UNALIGNED_STALL",0.00000000e+00
"37__256_4_4096_4",40,16,"SQ_LDS_BANK_CONFLICT",256.000000
"37__256_4_4096_4",40,16,"SQ_LDS_UNALIGNED_STALL",0.00000000e+00
"37__256_4_4096_8",40,16,"SQ_LDS_BANK_CONFLICT",128.000000
"37__256_4_4096_8",40,16,"SQ_LDS_UNALIGNED_STALL",0.00000000e+00
"37__256_4_4096_16",40,16,"SQ_LDS_BANK_CONFLICT",256.000000
"37__256_4_4096_16",40,16,"SQ_LDS_UNALIGNED_STALL",0.00000000e+00
"37__256_8",40,16,"SQ_LDS_BANK_CONFLICT",512.000000
"37__256_8",40,16,"SQ_LDS_UNALIGNED_STALL",0.00000000e+00
"37__256_8_2048_4",40,16,"SQ_LDS_BANK_CONFLICT",256.000000
"37__256_8_2048_4",40,16,"SQ_LDS_UNALIGNED_STALL",0.00000000e+00
"37__256_8_2048_8",40,16,"SQ_LDS_BANK_CONFLICT",128.000000
"37__256_8_2048_8",40,16,"SQ_LDS_UNALIGNED_STALL",0.00000000e+00
"37__256_8_2048_16",40,16,"SQ_LDS_BANK_CONFLICT",256.000000
"37__256_8_2048_16",40,16,"SQ_LDS_UNALIGNED_STALL",0.00000000e+00
"37__256_16",40,16,"SQ_LDS_BANK_CONFLICT",1280.000000
"37__256_16",40,16,"SQ_LDS_UNALIGNED_STALL",0.00000000e+00
"37__256_16_1024_4",36,16,"SQ_LDS_BANK_CONFLICT",208.000000
"37__256_16_1024_4",36,16,"SQ_LDS_UNALIGNED_STALL",0.00000000e+00
"37__256_16_1024_8",36,16,"SQ_LDS_BANK_CONFLICT",80.000000
"37__256_16_1024_8",36,16,"SQ_LDS_UNALIGNED_STALL",0.00000000e+00
"37__256_16_1024_16",36,16,"SQ_LDS_BANK_CONFLICT",368.000000
"37__256_16_1024_16",36,16,"SQ_LDS_UNALIGNED_STALL",0.00000000e+00
"37__512_4",40,16,"SQ_LDS_BANK_CONFLICT",384.000000
"37__512_4",40,16,"SQ_LDS_UNALIGNED_STALL",0.00000000e+00
"37__512_4_8192_4",40,16,"SQ_LDS_BANK_CONFLICT",384.000000
"37__512_4_8192_4",40,16,"SQ_LDS_UNALIGNED_STALL",0.00000000e+00
"37__512_4_8192_8",40,16,"SQ_LDS_BANK_CONFLICT",384.000000
"37__512_4_8192_8",40,16,"SQ_LDS_UNALIGNED_STALL",0.00000000e+00
"37__512_4_8192_16",40,16,"SQ_LDS_BANK_CONFLICT",384.000000
"37__512_4_8192_16",40,16,"SQ_LDS_UNALIGNED_STALL",0.00000000e+00
"37__512_8",40,16,"SQ_LDS_BANK_CONFLICT",512.000000
"37__512_8",40,16,"SQ_LDS_UNALIGNED_STALL",0.00000000e+00
"37__512_8_4096_4",40,16,"SQ_LDS_BANK_CONFLICT",512.000000
"37__512_8_4096_4",40,16,"SQ_LDS_UNALIGNED_STALL",0.00000000e+00
"37__512_8_4096_8",40,16,"SQ_LDS_BANK_CONFLICT",384.000000
"37__512_8_4096_8",40,16,"SQ_LDS_UNALIGNED_STALL",0.00000000e+00
"37__512_8_4096_16",40,16,"SQ_LDS_BANK_CONFLICT",512.000000
"37__512_8_4096_16",40,16,"SQ_LDS_UNALIGNED_STALL",0.00000000e+00
"37__512_16",40,16,"SQ_LDS_BANK_CONFLICT",768.000000
"37__512_16",40,16,"SQ_LDS_UNALIGNED_STALL",0.00000000e+00
"37__512_16_2048_4",40,16,"SQ_LDS_BANK_CONFLICT",512.000000
"37__512_16_2048_4",40,16,"SQ_LDS_UNALIGNED_STALL",0.00000000e+00
"37__512_16_2048_8",40,16,"SQ_LDS_BANK_CONFLICT",384.000000
"37__512_16_2048_8",40,16,"SQ_LDS_UNALIGNED_STALL",0.00000000e+00
"37__512_16_2048_16",40,16,"SQ_LDS_BANK_CONFLICT",512.000000
"37__512_16_2048_16",40,16,"SQ_LDS_UNALIGNED_STALL",0.00000000e+00
"38__128_4",40,16,"SQ_LDS_BANK_CONFLICT",384.000000
"38__128_4",40,16,"SQ_LDS_UNALIGNED_STALL",0.00000000e+00
"38__128_4_2048_4",44,16,"SQ_LDS_BANK_CONFLICT",160.000000
"38__128_4_2048_4",44,16,"SQ_LDS_UNALIGNED_STALL",0.00000000e+00
"38__128_4_2048_8",44,16,"SQ_LDS_BANK_CONFLICT",32.000000
"38__128_4_2048_8",44,16,"SQ_LDS_UNALIGNED_STALL",0.00000000e+00
"38__128_4_2048_16",44,16,"SQ_LDS_BANK_CONFLICT",160.000000
"38__128_4_2048_16",44,16,"SQ_LDS_UNALIGNED_STALL",0.00000000e+00
"38__128_8",40,16,"SQ_LDS_BANK_CONFLICT",1024.000000
"38__128_8",40,16,"SQ_LDS_UNALIGNED_STALL",0.00000000e+00
"38__128_8_1024_4",44,16,"SQ_LDS_BANK_CONFLICT",160.000000
"38__128_8_1024_4",44,16,"SQ_LDS_UNALIGNED_STALL",0.00000000e+00
"38__128_8_1024_8",44,16,"SQ_LDS_BANK_CONFLICT",128.000000
"38__128_8_1024_8",44,16,"SQ_LDS_UNALIGNED_STALL",0.00000000e+00
"38__128_8_1024_16",44,16,"SQ_LDS_BANK_CONFLICT",256.000000
"38__128_8_1024_16",44,16,"SQ_LDS_UNALIGNED_STALL",0.00000000e+00
"38__128_16",40,16,"SQ_LDS_BANK_CONFLICT",1280.000000
"38__128_16",40,16,"SQ_LDS_UNALIGNED_STALL",0.00000000e+00
"38__128_16_512_4",44,16,"SQ_LDS_BANK_CONFLICT",32.000000
"38__128_16_512_4",44,16,"SQ_LDS_UNALIGNED_STALL",0.00000000e+00
"38__128_16_512_8",44,16,"SQ_LDS_BANK_CONFLICT",288.000000
"38__128_16_512_8",44,16,"SQ_LDS_UNALIGNED_STALL",0.00000000e+00
"38__128_16_512_16",44,16,"SQ_LDS_BANK_CONFLICT",672.000000
"38__128_16_512_16",44,16,"SQ_LDS_UNALIGNED_STALL",0.00000000e+00
"38__1024_4",40,16,"SQ_LDS_BANK_CONFLICT",1024.000000
"38__1024_4",40,16,"SQ_LDS_UNALIGNED_STALL",0.00000000e+00
"38__1024_4_16384_4",40,16,"SQ_LDS_BANK_CONFLICT",1024.000000
"38__1024_4_16384_4",40,16,"SQ_LDS_UNALIGNED_STALL",0.00000000e+00
"38__1024_4_16384_8",40,16,"SQ_LDS_BANK_CONFLICT",1024.000000
"38__1024_4_16384_8",40,16,"SQ_LDS_UNALIGNED_STALL",0.00000000e+00
"38__1024_4_16384_16",40,16,"SQ_LDS_BANK_CONFLICT",1024.000000
"38__1024_4_16384_16",40,16,"SQ_LDS_UNALIGNED_STALL",0.00000000e+00
"38__1024_8",40,16,"SQ_LDS_BANK_CONFLICT",896.000000
"38__1024_8",40,16,"SQ_LDS_UNALIGNED_STALL",0.00000000e+00
"38__1024_8_8192_4",40,16,"SQ_LDS_BANK_CONFLICT",896.000000
"38__1024_8_8192_4",40,16,"SQ_LDS_UNALIGNED_STALL",0.00000000e+00
"38__1024_8_8192_8",40,16,"SQ_LDS_BANK_CONFLICT",896.000000
"38__1024_8_8192_8",40,16,"SQ_LDS_UNALIGNED_STALL",0.00000000e+00
"38__1024_8_8192_16",40,16,"SQ_LDS_BANK_CONFLICT",896.000000
"38__1024_8_8192_16",40,16,"SQ_LDS_UNALIGNED_STALL",0.00000000e+00
"38__1024_16",40,16,"SQ_LDS_BANK_CONFLICT",1024.000000
"38__1024_16",40,16,"SQ_LDS_UNALIGNED_STALL",0.00000000e+00
"38__1024_16_4096_4",40,16,"SQ_LDS_BANK_CONFLICT",1024.000000
"38__1024_16_4096_4",40,16,"SQ_LDS_UNALIGNED_STALL",0.00000000e+00
"38__1024_16_4096_8",40,16,"SQ_LDS_BANK_CONFLICT",896.000000
"38__1024_16_4096_8",40,16,"SQ_LDS_UNALIGNED_STALL",0.00000000e+00
"38__1024_16_4096_16",40,16,"SQ_LDS_BANK_CONFLICT",1024.000000
"38__1024_16_4096_16",40,16,"SQ_LDS_UNALIGNED_STALL",0.00000000e+00
"38__64_4",40,16,"SQ_LDS_BANK_CONFLICT",1024.000000
"38__64_4",40,16,"SQ_LDS_UNALIGNED_STALL",0.00000000e+00
"38__64_4_1024_4",44,16,"SQ_LDS_BANK_CONFLICT",160.000000
"38__64_4_1024_4",44,16,"SQ_LDS_UNALIGNED_STALL",0.00000000e+00
"38__64_4_1024_8",44,16,"SQ_LDS_BANK_CONFLICT",128.000000
"38__64_4_1024_8",44,16,"SQ_LDS_UNALIGNED_STALL",0.00000000e+00
"38__64_4_1024_16",44,16,"SQ_LDS_BANK_CONFLICT",256.000000
"38__64_4_1024_16",44,16,"SQ_LDS_UNALIGNED_STALL",0.00000000e+00
"38__64_8",40,16,"SQ_LDS_BANK_CONFLICT",1280.000000
"38__64_8",40,16,"SQ_LDS_UNALIGNED_STALL",0.00000000e+00
"38__64_8_512_4",44,16,"SQ_LDS_BANK_CONFLICT",32.000000
"38__64_8_512_4",44,16,"SQ_LDS_UNALIGNED_STALL",0.00000000e+00
"38__64_8_512_8",44,16,"SQ_LDS_BANK_CONFLICT",288.000000
"38__64_8_512_8",44,16,"SQ_LDS_UNALIGNED_STALL",0.00000000e+00
"38__64_8_512_16",44,16,"SQ_LDS_BANK_CONFLICT",672.000000
"38__64_8_512_16",44,16,"SQ_LDS_UNALIGNED_STALL",0.00000000e+00
"38__64_16",40,16,"SQ_LDS_BANK_CONFLICT",1792.000000
"38__64_16",40,16,"SQ_LDS_UNALIGNED_STALL",0.00000000e+00
"38__64_16_256_4",44,16,"SQ_LDS_BANK_CONFLICT",160.000000
"38__64_16_256_4",44,16,"SQ_LDS_UNALIGNED_STALL",0.00000000e+00
"38__64_16_256_8",44,16,"SQ_LDS_BANK_CONFLICT",480.000000
"38__64_16_256_8",44,16,"SQ_LDS_UNALIGNED_STALL",0.00000000e+00
"38__64_16_256_16",44,16,"SQ_LDS_BANK_CONFLICT",1184.000000
"38__64_16_256_16",44,16,"SQ_LDS_UNALIGNED_STALL",0.00000000e+00
"38__256_4",40,16,"SQ_LDS_BANK_CONFLICT",256.000000
"38__256_4",40,16,"SQ_LDS_UNALIGNED_STALL",0.00000000e+00
"38__256_4_4096_4",40,16,"SQ_LDS_BANK_CONFLICT",256.000000
"38__256_4_4096_4",40,16,"SQ_LDS_UNALIGNED_STALL",0.00000000e+00
"38__256_4_4096_8",40,16,"SQ_LDS_BANK_CONFLICT",128.000000
"38__256_4_4096_8",40,16,"SQ_LDS_UNALIGNED_STALL",0.00000000e+00
"38__256_4_4096_16",40,16,"SQ_LDS_BANK_CONFLICT",256.000000
"38__256_4_4096_16",40,16,"SQ_LDS_UNALIGNED_STALL",0.00000000e+00
"38__256_8",40,16,"SQ_LDS_BANK_CONFLICT",512.000000
"38__256_8",40,16,"SQ_LDS_UNALIGNED_STALL",0.00000000e+00
"38__256_8_2048_4",44,16,"SQ_LDS_BANK_CONFLICT",224.000000
"38__256_8_2048_4",44,16,"SQ_LDS_UNALIGNED_STALL",0.00000000e+00
"38__256_8_2048_8",44,16,"SQ_LDS_BANK_CONFLICT",160.000000
"38__256_8_2048_8",44,16,"SQ_LDS_UNALIGNED_STALL",0.00000000e+00
"38__256_8_2048_16",44,16,"SQ_LDS_BANK_CONFLICT",288.000000
"38__256_8_2048_16",44,16,"SQ_LDS_UNALIGNED_STALL",0.00000000e+00
"38__256_16",40,16,"SQ_LDS_BANK_CONFLICT",1280.000000
"38__256_16",40,16,"SQ_LDS_UNALIGNED_STALL",0.00000000e+00
"38__256_16_1024_4",44,16,"SQ_LDS_BANK_CONFLICT",224.000000
"38__256_16_1024_4",44,16,"SQ_LDS_UNALIGNED_STALL",0.00000000e+00
"38__256_16_1024_8",44,16,"SQ_LDS_BANK_CONFLICT",160.000000
"38__256_16_1024_8",44,16,"SQ_LDS_UNALIGNED_STALL",0.00000000e+00
"38__256_16_1024_16",44,16,"SQ_LDS_BANK_CONFLICT",480.000000
"38__256_16_1024_16",44,16,"SQ_LDS_UNALIGNED_STALL",0.00000000e+00
"38__512_4",40,16,"SQ_LDS_BANK_CONFLICT",384.000000
"38__512_4",40,16,"SQ_LDS_UNALIGNED_STALL",0.00000000e+00
"38__512_4_8192_4",40,16,"SQ_LDS_BANK_CONFLICT",384.000000
"38__512_4_8192_4",40,16,"SQ_LDS_UNALIGNED_STALL",0.00000000e+00
"38__512_4_8192_8",40,16,"SQ_LDS_BANK_CONFLICT",384.000000
"38__512_4_8192_8",40,16,"SQ_LDS_UNALIGNED_STALL",0.00000000e+00
"38__512_4_8192_16",40,16,"SQ_LDS_BANK_CONFLICT",384.000000
"38__512_4_8192_16",40,16,"SQ_LDS_UNALIGNED_STALL",0.00000000e+00
"38__512_8",40,16,"SQ_LDS_BANK_CONFLICT",512.000000
"38__512_8",40,16,"SQ_LDS_UNALIGNED_STALL",0.00000000e+00
"38__512_8_4096_4",40,16,"SQ_LDS_BANK_CONFLICT",512.000000
"38__512_8_4096_4",40,16,"SQ_LDS_UNALIGNED_STALL",0.00000000e+00
"38__512_8_4096_8",40,16,"SQ_LDS_BANK_CONFLICT",384.000000
"38__512_8_4096_8",40,16,"SQ_LDS_UNALIGNED_STALL",0.00000000e+00
"38__512_8_4096_16",40,16,"SQ_LDS_BANK_CONFLICT",512.000000
"38__512_8_4096_16",40,16,"SQ_LDS_UNALIGNED_STALL",0.00000000e+00
"38__512_16",40,16,"SQ_LDS_BANK_CONFLICT",768.000000
"38__512_16",40,16,"SQ_LDS_UNALIGNED_STALL",0.00000000e+00
"38__512_16_2048_4",44,16,"SQ_LDS_BANK_CONFLICT",416.000000
"38__512_16_2048_4",44,16,"SQ_LDS_UNALIGNED_STALL",0.00000000e+00
"38__512_16_2048_8",44,16,"SQ_LDS_BANK_CONFLICT",288.000000
"38__512_16_2048_8",44,16,"SQ_LDS_UNALIGNED_STALL",0.00000000e+00
"38__512_16_2048_16",44,16,"SQ_LDS_BANK_CONFLICT",544.000000
"38__512_16_2048_16",44,16,"SQ_LDS_UNALIGNED_STALL",0.00000000e+00
"39__128_4",40,16,"SQ_LDS_BANK_CONFLICT",384.000000
"39__128_4",40,16,"SQ_LDS_UNALIGNED_STALL",0.00000000e+00
"39__128_4_2048_4",40,16,"SQ_LDS_BANK_CONFLICT",128.000000
"39__128_4_2048_4",40,16,"SQ_LDS_UNALIGNED_STALL",0.00000000e+00
"39__128_4_2048_8",40,16,"SQ_LDS_BANK_CONFLICT",0.00000000e+00
"39__128_4_2048_8",40,16,"SQ_LDS_UNALIGNED_STALL",0.00000000e+00
"39__128_4_2048_16",40,16,"SQ_LDS_BANK_CONFLICT",128.000000
"39__128_4_2048_16",40,16,"SQ_LDS_UNALIGNED_STALL",0.00000000e+00
"39__128_8",40,16,"SQ_LDS_BANK_CONFLICT",1024.000000
"39__128_8",40,16,"SQ_LDS_UNALIGNED_STALL",0.00000000e+00
"39__128_8_1024_4",36,16,"SQ_LDS_BANK_CONFLICT",176.000000
"39__128_8_1024_4",36,16,"SQ_LDS_UNALIGNED_STALL",0.00000000e+00
"39__128_8_1024_8",36,16,"SQ_LDS_BANK_CONFLICT",80.000000
"39__128_8_1024_8",36,16,"SQ_LDS_UNALIGNED_STALL",0.00000000e+00
"39__128_8_1024_16",36,16,"SQ_LDS_BANK_CONFLICT",208.000000
"39__128_8_1024_16",36,16,"SQ_LDS_UNALIGNED_STALL",0.00000000e+00
"39__128_16",40,16,"SQ_LDS_BANK_CONFLICT",1280.000000
"39__128_16",40,16,"SQ_LDS_UNALIGNED_STALL",0.00000000e+00
"39__128_16_512_4",36,16,"SQ_LDS_BANK_CONFLICT",48.000000
"39__128_16_512_4",36,16,"SQ_LDS_UNALIGNED_STALL",0.00000000e+00
"39__128_16_512_8",36,16,"SQ_LDS_BANK_CONFLICT",208.000000
"39__128_16_512_8",36,16,"SQ_LDS_UNALIGNED_STALL",0.00000000e+00
"39__128_16_512_16",36,16,"SQ_LDS_BANK_CONFLICT",576.000000
"39__128_16_512_16",36,16,"SQ_LDS_UNALIGNED_STALL",0.00000000e+00
"39__1024_4",40,16,"SQ_LDS_BANK_CONFLICT",1024.000000
"39__1024_4",40,16,"SQ_LDS_UNALIGNED_STALL",0.00000000e+00
"39__1024_4_16384_4",40,16,"SQ_LDS_BANK_CONFLICT",1024.000000
"39__1024_4_16384_4",40,16,"SQ_LDS_UNALIGNED_STALL",0.00000000e+00
"39__1024_4_16384_8",40,16,"SQ_LDS_BANK_CONFLICT",1024.000000
"39__1024_4_16384_8",40,16,"SQ_LDS_UNALIGNED_STALL",0.00000000e+00
"39__1024_4_16384_16",40,16,"SQ_LDS_BANK_CONFLICT",1024.000000
"39__1024_4_16384_16",40,16,"SQ_LDS_UNALIGNED_STALL",0.00000000e+00
"39__1024_8",40,16,"SQ_LDS_BANK_CONFLICT",896.000000
"39__1024_8",40,16,"SQ_LDS_UNALIGNED_STALL",0.00000000e+00
"39__1024_8_8192_4",40,16,"SQ_LDS_BANK_CONFLICT",896.000000
"39__1024_8_8192_4",40,16,"SQ_LDS_UNALIGNED_STALL",0.00000000e+00
"39__1024_8_8192_8",40,16,"SQ_LDS_BANK_CONFLICT",896.000000
"39__1024_8_8192_8",40,16,"SQ_LDS_UNALIGNED_STALL",0.00000000e+00
"39__1024_8_8192_16",40,16,"SQ_LDS_BANK_CONFLICT",896.000000
"39__1024_8_8192_16",40,16,"SQ_LDS_UNALIGNED_STALL",0.00000000e+00
"39__1024_16",40,16,"SQ_LDS_BANK_CONFLICT",1024.000000
"39__1024_16",40,16,"SQ_LDS_UNALIGNED_STALL",0.00000000e+00
"39__1024_16_4096_4",40,16,"SQ_LDS_BANK_CONFLICT",1024.000000
"39__1024_16_4096_4",40,16,"SQ_LDS_UNALIGNED_STALL",0.00000000e+00
"39__1024_16_4096_8",40,16,"SQ_LDS_BANK_CONFLICT",896.000000
"39__1024_16_4096_8",40,16,"SQ_LDS_UNALIGNED_STALL",0.00000000e+00
"39__1024_16_4096_16",40,16,"SQ_LDS_BANK_CONFLICT",1024.000000
"39__1024_16_4096_16",40,16,"SQ_LDS_UNALIGNED_STALL",0.00000000e+00
"39__64_4",40,16,"SQ_LDS_BANK_CONFLICT",1024.000000
"39__64_4",40,16,"SQ_LDS_UNALIGNED_STALL",0.00000000e+00
"39__64_4_1024_4",36,16,"SQ_LDS_BANK_CONFLICT",176.000000
"39__64_4_1024_4",36,16,"SQ_LDS_UNALIGNED_STALL",0.00000000e+00
"39__64_4_1024_8",36,16,"SQ_LDS_BANK_CONFLICT",80.000000
"39__64_4_1024_8",36,16,"SQ_LDS_UNALIGNED_STALL",0.00000000e+00
"39__64_4_1024_16",36,16,"SQ_LDS_BANK_CONFLICT",208.000000
"39__64_4_1024_16",36,16,"SQ_LDS_UNALIGNED_STALL",0.00000000e+00
"39__64_8",40,16,"SQ_LDS_BANK_CONFLICT",1280.000000
"39__64_8",40,16,"SQ_LDS_UNALIGNED_STALL",0.00000000e+00
"39__64_8_512_4",36,16,"SQ_LDS_BANK_CONFLICT",48.000000
"39__64_8_512_4",36,16,"SQ_LDS_UNALIGNED_STALL",0.00000000e+00
"39__64_8_512_8",36,16,"SQ_LDS_BANK_CONFLICT",208.000000
"39__64_8_512_8",36,16,"SQ_LDS_UNALIGNED_STALL",0.00000000e+00
"39__64_8_512_16",36,16,"SQ_LDS_BANK_CONFLICT",576.000000
"39__64_8_512_16",36,16,"SQ_LDS_UNALIGNED_STALL",0.00000000e+00
"39__64_16",40,16,"SQ_LDS_BANK_CONFLICT",1792.000000
"39__64_16",40,16,"SQ_LDS_UNALIGNED_STALL",0.00000000e+00
"39__64_16_256_4",36,16,"SQ_LDS_BANK_CONFLICT",176.000000
"39__64_16_256_4",36,16,"SQ_LDS_UNALIGNED_STALL",0.00000000e+00
"39__64_16_256_8",36,16,"SQ_LDS_BANK_CONFLICT",464.000000
"39__64_16_256_8",36,16,"SQ_LDS_UNALIGNED_STALL",0.00000000e+00
"39__64_16_256_16",36,16,"SQ_LDS_BANK_CONFLICT",1040.000000
"39__64_16_256_16",36,16,"SQ_LDS_UNALIGNED_STALL",0.00000000e+00
"39__256_4",40,16,"SQ_LDS_BANK_CONFLICT",256.000000
"39__256_4",40,16,"SQ_LDS_UNALIGNED_STALL",0.00000000e+00
"39__256_4_4096_4",40,16,"SQ_LDS_BANK_CONFLICT",256.000000
"39__256_4_4096_4",40,16,"SQ_LDS_UNALIGNED_STALL",0.00000000e+00
"39__256_4_4096_8",40,16,"SQ_LDS_BANK_CONFLICT",128.000000
"39__256_4_4096_8",40,16,"SQ_LDS_UNALIGNED_STALL",0.00000000e+00
"39__256_4_4096_16",40,16,"SQ_LDS_BANK_CONFLICT",256.000000
"39__256_4_4096_16",40,16,"SQ_LDS_UNALIGNED_STALL",0.00000000e+00
"39__256_8",40,16,"SQ_LDS_BANK_CONFLICT",512.000000
"39__256_8",40,16,"SQ_LDS_UNALIGNED_STALL",0.00000000e+00
"39__256_8_2048_4",40,16,"SQ_LDS_BANK_CONFLICT",256.000000
"39__256_8_2048_4",40,16,"SQ_LDS_UNALIGNED_STALL",0.00000000e+00
"39__256_8_2048_8",40,16,"SQ_LDS_BANK_CONFLICT",128.000000
"39__256_8_2048_8",40,16,"SQ_LDS_UNALIGNED_STALL",0.00000000e+00
"39__256_8_2048_16",40,16,"SQ_LDS_BANK_CONFLICT",256.000000
"39__256_8_2048_16",40,16,"SQ_LDS_UNALIGNED_STALL",0.00000000e+00
"39__256_16",40,16,"SQ_LDS_BANK_CONFLICT",1280.000000
"39__256_16",40,16,"SQ_LDS_UNALIGNED_STALL",0.00000000e+00
"39__256_16_1024_4",36,16,"SQ_LDS_BANK_CONFLICT",208.000000
"39__256_16_1024_4",36,16,"SQ_LDS_UNALIGNED_STALL",0.00000000e+00
"39__256_16_1024_8",36,16,"SQ_LDS_BANK_CONFLICT",80.000000
"39__256_16_1024_8",36,16,"SQ_LDS_UNALIGNED_STALL",0.00000000e+00
"39__256_16_1024_16",36,16,"SQ_LDS_BANK_CONFLICT",368.000000
"39__256_16_1024_16",36,16,"SQ_LDS_UNALIGNED_STALL",0.00000000e+00
"39__512_4",40,16,"SQ_LDS_BANK_CONFLICT",384.000000
"39__512_4",40,16,"SQ_LDS_UNALIGNED_STALL",0.00000000e+00
"39__512_4_8192_4",40,16,"SQ_LDS_BANK_CONFLICT",384.000000
"39__512_4_8192_4",40,16,"SQ_LDS_UNALIGNED_STALL",0.00000000e+00
"39__512_4_8192_8",40,16,"SQ_LDS_BANK_CONFLICT",384.000000
"39__512_4_8192_8",40,16,"SQ_LDS_UNALIGNED_STALL",0.00000000e+00
"39__512_4_8192_16",40,16,"SQ_LDS_BANK_CONFLICT",384.000000
"39__512_4_8192_16",40,16,"SQ_LDS_UNALIGNED_STALL",0.00000000e+00
"39__512_8",40,16,"SQ_LDS_BANK_CONFLICT",512.000000
"39__512_8",40,16,"SQ_LDS_UNALIGNED_STALL",0.00000000e+00
"39__512_8_4096_4",40,16,"SQ_LDS_BANK_CONFLICT",512.000000
"39__512_8_4096_4",40,16,"SQ_LDS_UNALIGNED_STALL",0.00000000e+00
"39__512_8_4096_8",40,16,"SQ_LDS_BANK_CONFLICT",384.000000
"39__512_8_4096_8",40,16,"SQ_LDS_UNALIGNED_STALL",0.00000000e+00
"39__512_8_4096_16",40,16,"SQ_LDS_BANK_CONFLICT",512.000000
"39__512_8_4096_16",40,16,"SQ_LDS_UNALIGNED_STALL",0.00000000e+00
"39__512_16",40,16,"SQ_LDS_BANK_CONFLICT",768.000000
"39__512_16",40,16,"SQ_LDS_UNALIGNED_STALL",0.00000000e+00
"39__512_16_2048_4",40,16,"SQ_LDS_BANK_CONFLICT",512.000000
"39__512_16_2048_4",40,16,"SQ_LDS_UNALIGNED_STALL",0.00000000e+00
"39__512_16_2048_8",40,16,"SQ_LDS_BANK_CONFLICT",384.000000
"39__512_16_2048_8",40,16,"SQ_LDS_UNALIGNED_STALL",0.00000000e+00
"39__512_16_2048_16",40,16,"SQ_LDS_BANK_CONFLICT",512.000000
"39__512_16_2048_16",40,16,"SQ_LDS_UNALIGNED_STALL",0.00000000e+00
"40__128_8",36,16,"SQ_LDS_BANK_CONFLICT",1024.000000
"40__128_8",36,16,"SQ_LDS_UNALIGNED_STALL",0.00000000e+00
"40__128_8_1024_8",48,16,"SQ_LDS_BANK_CONFLICT",128.000000
"40__128_8_1024_8",48,16,"SQ_LDS_UNALIGNED_STALL",0.00000000e+00
"40__128_8_1024_16",48,16,"SQ_LDS_BANK_CONFLICT",256.000000
"40__128_8_1024_16",48,16,"SQ_LDS_UNALIGNED_STALL",0.00000000e+00
"40__128_16",36,16,"SQ_LDS_BANK_CONFLICT",1280.000000
"40__128_16",36,16,"SQ_LDS_UNALIGNED_STALL",0.00000000e+00
"40__128_16_512_8",44,16,"SQ_LDS_BANK_CONFLICT",288.000000
"40__128_16_512_8",44,16,"SQ_LDS_UNALIGNED_STALL",0.00000000e+00
"40__128_16_512_16",44,16,"SQ_LDS_BANK_CONFLICT",672.000000
"40__128_16_512_16",44,16,"SQ_LDS_UNALIGNED_STALL",0.00000000e+00
"40__1024_8",36,16,"SQ_LDS_BANK_CONFLICT",896.000000
"40__1024_8",36,16,"SQ_LDS_UNALIGNED_STALL",0.00000000e+00
"40__1024_8_8192_8",36,16,"SQ_LDS_BANK_CONFLICT",896.000000
"40__1024_8_8192_8",36,16,"SQ_LDS_UNALIGNED_STALL",0.00000000e+00
"40__1024_8_8192_16",36,16,"SQ_LDS_BANK_CONFLICT",896.000000
"40__1024_8_8192_16",36,16,"SQ_LDS_UNALIGNED_STALL",0.00000000e+00
"40__1024_16",36,16,"SQ_LDS_BANK_CONFLICT",1024.000000
"40__1024_16",36,16,"SQ_LDS_UNALIGNED_STALL",0.00000000e+00
"40__1024_16_4096_8",36,16,"SQ_LDS_BANK_CONFLICT",896.000000
"40__1024_16_4096_8",36,16,"SQ_LDS_UNALIGNED_STALL",0.00000000e+00
"40__1024_16_4096_16",36,16,"SQ_LDS_BANK_CONFLICT",1024.000000
"40__1024_16_4096_16",36,16,"SQ_LDS_UNALIGNED_STALL",0.00000000e+00
"40__64_8",36,16,"SQ_LDS_BANK_CONFLICT",1280.000000
"40__64_8",36,16,"SQ_LDS_UNALIGNED_STALL",0.00000000e+00
"40__64_8_512_8",48,16,"SQ_LDS_BANK_CONFLICT",288.000000
"40__64_8_512_8",48,16,"SQ_LDS_UNALIGNED_STALL",0.00000000e+00
"40__64_8_512_16",48,16,"SQ_LDS_BANK_CONFLICT",672.000000
"40__64_8_512_16",48,16,"SQ_LDS_UNALIGNED_STALL",0.00000000e+00
"40__64_16",36,16,"SQ_LDS_BANK_CONFLICT",1792.000000
"40__64_16",36,16,"SQ_LDS_UNALIGNED_STALL",0.00000000e+00
"40__64_16_256_8",44,16,"SQ_LDS_BANK_CONFLICT",480.000000
"40__64_16_256_8",44,16,"SQ_LDS_UNALIGNED_STALL",0.00000000e+00
"40__64_16_256_16",44,16,"SQ_LDS_BANK_CONFLICT",1184.000000
"40__64_16_256_16",44,16,"SQ_LDS_UNALIGNED_STALL",0.00000000e+00
"40__256_8",36,16,"SQ_LDS_BANK_CONFLICT",512.000000
"40__256_8",36,16,"SQ_LDS_UNALIGNED_STALL",0.00000000e+00
"40__256_8_2048_8",48,16,"SQ_LDS_BANK_CONFLICT",160.000000
"40__256_8_2048_8",48,16,"SQ_LDS_UNALIGNED_STALL",0.00000000e+00
"40__256_8_2048_16",48,16,"SQ_LDS_BANK_CONFLICT",288.000000
"40__256_8_2048_16",48,16,"SQ_LDS_UNALIGNED_STALL",0.00000000e+00
"40__256_16",36,16,"SQ_LDS_BANK_CONFLICT",1280.000000
"40__256_16",36,16,"SQ_LDS_UNALIGNED_STALL",0.00000000e+00
"40__256_16_1024_8",48,16,"SQ_LDS_BANK_CONFLICT",160.000000
"40__256_16_1024_8",48,16,"SQ_LDS_UNALIGNED_STALL",0.00000000e+00
"40__256_16_1024_16",48,16,"SQ_LDS_BANK_CONFLICT",480.000000
"40__256_16_1024_16",48,16,"SQ_LDS_UNALIGNED_STALL",0.00000000e+00
"40__512_8",36,16,"SQ_LDS_BANK_CONFLICT",512.000000
"40__512_8",36,16,"SQ_LDS_UNALIGNED_STALL",0.00000000e+00
"40__512_8_4096_8",36,16,"SQ_LDS_BANK_CONFLICT",384.000000
"40__512_8_4096_8",36,16,"SQ_LDS_UNALIGNED_STALL",0.00000000e+00
"40__512_8_4096_16",36,16,"SQ_LDS_BANK_CONFLICT",512.000000
"40__512_8_4096_16",36,16,"SQ_LDS_UNALIGNED_STALL",0.00000000e+00
"40__512_16",36,16,"SQ_LDS_BANK_CONFLICT",768.000000
"40__512_16",36,16,"SQ_LDS_UNALIGNED_STALL",0.00000000e+00
"40__512_16_2048_8",48,16,"SQ_LDS_BANK_CONFLICT",288.000000
"40__512_16_2048_8",48,16,"SQ_LDS_UNALIGNED_STALL",0.00000000e+00
"40__512_16_2048_16",48,16,"SQ_LDS_BANK_CONFLICT",544.000000
"40__512_16_2048_16",48,16,"SQ_LDS_UNALIGNED_STALL",0.00000000e+00
"41__128_8",40,16,"SQ_LDS_BANK_CONFLICT",1024.000000
"41__128_8",40,16,"SQ_LDS_UNALIGNED_STALL",0.00000000e+00
"41__128_8_1024_8",36,16,"SQ_LDS_BANK_CONFLICT",80.000000
"41__128_8_1024_8",36,16,"SQ_LDS_UNALIGNED_STALL",0.00000000e+00
"41__128_8_1024_16",36,16,"SQ_LDS_BANK_CONFLICT",208.000000
"41__128_8_1024_16",36,16,"SQ_LDS_UNALIGNED_STALL",0.00000000e+00
"41__128_16",40,16,"SQ_LDS_BANK_CONFLICT",1280.000000
"41__128_16",40,16,"SQ_LDS_UNALIGNED_STALL",0.00000000e+00
"41__128_16_512_8",36,16,"SQ_LDS_BANK_CONFLICT",208.000000
"41__128_16_512_8",36,16,"SQ_LDS_UNALIGNED_STALL",0.00000000e+00
"41__128_16_512_16",36,16,"SQ_LDS_BANK_CONFLICT",576.000000
"41__128_16_512_16",36,16,"SQ_LDS_UNALIGNED_STALL",0.00000000e+00
"41__1024_8",40,16,"SQ_LDS_BANK_CONFLICT",896.000000
"41__1024_8",40,16,"SQ_LDS_UNALIGNED_STALL",0.00000000e+00
"41__1024_8_8192_8",40,16,"SQ_LDS_BANK_CONFLICT",896.000000
"41__1024_8_8192_8",40,16,"SQ_LDS_UNALIGNED_STALL",0.00000000e+00
"41__1024_8_8192_16",40,16,"SQ_LDS_BANK_CONFLICT",896.000000
"41__1024_8_8192_16",40,16,"SQ_LDS_UNALIGNED_STALL",0.00000000e+00
"41__1024_16",40,16,"SQ_LDS_BANK_CONFLICT",1024.000000
"41__1024_16",40,16,"SQ_LDS_UNALIGNED_STALL",0.00000000e+00
"41__1024_16_4096_8",40,16,"SQ_LDS_BANK_CONFLICT",896.000000
"41__1024_16_4096_8",40,16,"SQ_LDS_UNALIGNED_STALL",0.00000000e+00
"41__1024_16_4096_16",40,16,"SQ_LDS_BANK_CONFLICT",1024.000000
"41__1024_16_4096_16",40,16,"SQ_LDS_UNALIGNED_STALL",0.00000000e+00
"41__64_8",40,16,"SQ_LDS_BANK_CONFLICT",1280.000000
"41__64_8",40,16,"SQ_LDS_UNALIGNED_STALL",0.00000000e+00
"41__64_8_512_8",36,16,"SQ_LDS_BANK_CONFLICT",208.000000
"41__64_8_512_8",36,16,"SQ_LDS_UNALIGNED_STALL",0.00000000e+00
"41__64_8_512_16",36,16,"SQ_LDS_BANK_CONFLICT",576.000000
"41__64_8_512_16",36,16,"SQ_LDS_UNALIGNED_STALL",0.00000000e+00
"41__64_16",40,16,"SQ_LDS_BANK_CONFLICT",1792.000000
"41__64_16",40,16,"SQ_LDS_UNALIGNED_STALL",0.00000000e+00
"41__64_16_256_8",36,16,"SQ_LDS_BANK_CONFLICT",464.000000
"41__64_16_256_8",36,16,"SQ_LDS_UNALIGNED_STALL",0.00000000e+00
"41__64_16_256_16",36,16,"SQ_LDS_BANK_CONFLICT",1040.000000
"41__64_16_256_16",36,16,"SQ_LDS_UNALIGNED_STALL",0.00000000e+00
"41__256_8",40,16,"SQ_LDS_BANK_CONFLICT",512.000000
"41__256_8",40,16,"SQ_LDS_UNALIGNED_STALL",0.00000000e+00
"41__256_8_2048_8",40,16,"SQ_LDS_BANK_CONFLICT",128.000000
"41__256_8_2048_8",40,16,"SQ_LDS_UNALIGNED_STALL",0.00000000e+00
"41__256_8_2048_16",40,16,"SQ_LDS_BANK_CONFLICT",256.000000
"41__256_8_2048_16",40,16,"SQ_LDS_UNALIGNED_STALL",0.00000000e+00
"41__256_16",40,16,"SQ_LDS_BANK_CONFLICT",1280.000000
"41__256_16",40,16,"SQ_LDS_UNALIGNED_STALL",0.00000000e+00
"41__256_16_1024_8",36,16,"SQ_LDS_BANK_CONFLICT",80.000000
"41__256_16_1024_8",36,16,"SQ_LDS_UNALIGNED_STALL",0.00000000e+00
"41__256_16_1024_16",36,16,"SQ_LDS_BANK_CONFLICT",368.000000
"41__256_16_1024_16",36,16,"SQ_LDS_UNALIGNED_STALL",0.00000000e+00
"41__512_8",40,16,"SQ_LDS_BANK_CONFLICT",512.000000
"41__512_8",40,16,"SQ_LDS_UNALIGNED_STALL",0.00000000e+00
"41__512_8_4096_8",40,16,"SQ_LDS_BANK_CONFLICT",384.000000
"41__512_8_4096_8",40,16,"SQ_LDS_UNALIGNED_STALL",0.00000000e+00
"41__512_8_4096_16",40,16,"SQ_LDS_BANK_CONFLICT",512.000000
"41__512_8_4096_16",40,16,"SQ_LDS_UNALIGNED_STALL",0.00000000e+00
"41__512_16",40,16,"SQ_LDS_BANK_CONFLICT",768.000000
"41__512_16",40,16,"SQ_LDS_UNALIGNED_STALL",0.00000000e+00
"41__512_16_2048_8",40,16,"SQ_LDS_BANK_CONFLICT",384.000000
"41__512_16_2048_8",40,16,"SQ_LDS_UNALIGNED_STALL",0.00000000e+00
"41__512_16_2048_16",40,16,"SQ_LDS_BANK_CONFLICT",512.000000
"41__512_16_2048_16",40,16,"SQ_LDS_UNALIGNED_STALL",0.00000000e+00
"42__128_4",24,16,"SQ_LDS_BANK_CONFLICT",64.000000
"42__128_4",24,16,"SQ_LDS_UNALIGNED_STALL",0.00000000e+00
"42__128_4_2048_4",24,16,"SQ_LDS_BANK_CONFLICT",64.000000
"42__128_4_2048_4",24,16,"SQ_LDS_UNALIGNED_STALL",0.00000000e+00
"42__128_4_2048_8",24,16,"SQ_LDS_BANK_CONFLICT",64.000000
"42__128_4_2048_8",24,16,"SQ_LDS_UNALIGNED_STALL",0.00000000e+00
"42__128_4_2048_16",24,16,"SQ_LDS_BANK_CONFLICT",0.00000000e+00
"42__128_4_2048_16",24,16,"SQ_LDS_UNALIGNED_STALL",0.00000000e+00
"42__128_8",20,16,"SQ_LDS_BANK_CONFLICT",256.000000
"42__128_8",20,16,"SQ_LDS_UNALIGNED_STALL",0.00000000e+00
"42__128_8_1024_4",20,16,"SQ_LDS_BANK_CONFLICT",192.000000
"42__128_8_1024_4",20,16,"SQ_LDS_UNALIGNED_STALL",0.00000000e+00
"42__128_8_1024_8",20,16,"SQ_LDS_BANK_CONFLICT",128.000000
"42__128_8_1024_8",20,16,"SQ_LDS_UNALIGNED_STALL",0.00000000e+00
"42__128_8_1024_16",20,16,"SQ_LDS_BANK_CONFLICT",64.000000
"42__128_8_1024_16",20,16,"SQ_LDS_UNALIGNED_STALL",0.00000000e+00
"42__128_16",20,16,"SQ_LDS_BANK_CONFLICT",384.000000
"42__128_16",20,16,"SQ_LDS_UNALIGNED_STALL",0.00000000e+00
"42__128_16_512_4",28,16,"SQ_LDS_BANK_CONFLICT",64.000000
"42__128_16_512_4",28,16,"SQ_LDS_UNALIGNED_STALL",0.00000000e+00
"42__128_16_512_8",28,16,"SQ_LDS_BANK_CONFLICT",64.000000
"42__128_16_512_8",28,16,"SQ_LDS_UNALIGNED_STALL",0.00000000e+00
"42__128_16_512_16",28,16,"SQ_LDS_BANK_CONFLICT",256.000000
"42__128_16_512_16",28,16,"SQ_LDS_UNALIGNED_STALL",0.00000000e+00
"42__1024_4",24,16,"SQ_LDS_BANK_CONFLICT",640.000000
"42__1024_4",24,16,"SQ_LDS_UNALIGNED_STALL",0.00000000e+00
"42__1024_4_16384_4",24,16,"SQ_LDS_BANK_CONFLICT",640.000000
"42__1024_4_16384_4",24,16,"SQ_LDS_UNALIGNED_STALL",0.00000000e+00
"42__1024_4_16384_8",24,16,"SQ_LDS_BANK_CONFLICT",640.000000
"42__1024_4_16384_8",24,16,"SQ_LDS_UNALIGNED_STALL",0.00000000e+00
"42__1024_4_16384_16",24,16,"SQ_LDS_BANK_CONFLICT",640.000000
"42__1024_4_16384_16",24,16,"SQ_LDS_UNALIGNED_STALL",0.00000000e+00
"42__1024_8",24,16,"SQ_LDS_BANK_CONFLICT",512.000000
"42__1024_8",24,16,"SQ_LDS_UNALIGNED_STALL",0.00000000e+00
"42__1024_8_8192_4",24,16,"SQ_LDS_BANK_CONFLICT",512.000000
"42__1024_8_8192_4",24,16,"SQ_LDS_UNALIGNED_STALL",0.00000000e+00
"42__1024_8_8192_8",24,16,"SQ_LDS_BANK_CONFLICT",512.000000
"42__1024_8_8192_8",24,16,"SQ_LDS_UNALIGNED_STALL",0.00000000e+00
"42__1024_8_8192_16",24,16,"SQ_LDS_BANK_CONFLICT",512.000000
"42__1024_8_8192_16",24,16,"SQ_LDS_UNALIGNED_STALL",0.00000000e+00
"42__1024_16",24,16,"SQ_LDS_BANK_CONFLICT",448.000000
"42__1024_16",24,16,"SQ_LDS_UNALIGNED_STALL",0.00000000e+00
"42__1024_16_4096_4",24,16,"SQ_LDS_BANK_CONFLICT",448.000000
"42__1024_16_4096_4",24,16,"SQ_LDS_UNALIGNED_STALL",0.00000000e+00
"42__1024_16_4096_8",24,16,"SQ_LDS_BANK_CONFLICT",448.000000
"42__1024_16_4096_8",24,16,"SQ_LDS_UNALIGNED_STALL",0.00000000e+00
"42__1024_16_4096_16",24,16,"SQ_LDS_BANK_CONFLICT",448.000000
"42__1024_16_4096_16",24,16,"SQ_LDS_UNALIGNED_STALL",0.00000000e+00
"42__64_4",20,16,"SQ_LDS_BANK_CONFLICT",256.000000
"42__64_4",20,16,"SQ_LDS_UNALIGNED_STALL",0.00000000e+00
"42__64_4_1024_4",20,16,"SQ_LDS_BANK_CONFLICT",192.000000
"42__64_4_1024_4",20,16,"SQ_LDS_UNALIGNED_STALL",0.00000000e+00
"42__64_4_1024_8",20,16,"SQ_LDS_BANK_CONFLICT",128.000000
"42__64_4_1024_8",20,16,"SQ_LDS_UNALIGNED_STALL",0.00000000e+00
"42__64_4_1024_16",20,16,"SQ_LDS_BANK_CONFLICT",64.000000
"42__64_4_1024_16",20,16,"SQ_LDS_UNALIGNED_STALL",0.00000000e+00
"42__64_8",20,16,"SQ_LDS_BANK_CONFLICT",384.000000
"42__64_8",20,16,"SQ_LDS_UNALIGNED_STALL",0.00000000e+00
"42__64_8_512_4",28,16,"SQ_LDS_BANK_CONFLICT",64.000000
"42__64_8_512_4",28,16,"SQ_LDS_UNALIGNED_STALL",0.00000000e+00
"42__64_8_512_8",28,16,"SQ_LDS_BANK_CONFLICT",64.000000
"42__64_8_512_8",28,16,"SQ_LDS_UNALIGNED_STALL",0.00000000e+00
"42__64_8_512_16",28,16,"SQ_LDS_BANK_CONFLICT",256.000000
"42__64_8_512_16",28,16,"SQ_LDS_UNALIGNED_STALL",0.00000000e+00
"42__64_16",20,16,"SQ_LDS_BANK_CONFLICT",640.000000
"42__64_16",20,16,"SQ_LDS_UNALIGNED_STALL",0.00000000e+00
"42__64_16_256_4",32,16,"SQ_LDS_BANK_CONFLICT",0.00000000e+00
"42__64_16_256_4",32,16,"SQ_LDS_UNALIGNED_STALL",0.00000000e+00
"42__64_16_256_8",32,16,"SQ_LDS_BANK_CONFLICT",128.000000
"42__64_16_256_8",32,16,"SQ_LDS_UNALIGNED_STALL",0.00000000e+00
"42__64_16_256_16",32,16,"SQ_LDS_BANK_CONFLICT",384.000000
"42__64_16_256_16",32,16,"SQ_LDS_UNALIGNED_STALL",0.00000000e+00
"42__256_4",24,16,"SQ_LDS_BANK_CONFLICT",64.000000
"42__256_4",24,16,"SQ_LDS_UNALIGNED_STALL",0.00000000e+00
"42__256_4_4096_4",24,16,"SQ_LDS_BANK_CONFLICT",64.000000
"42__256_4_4096_4",24,16,"SQ_LDS_UNALIGNED_STALL",0.00000000e+00
"42__256_4_4096_8",24,16,"SQ_LDS_BANK_CONFLICT",64.000000
"42__256_4_4096_8",24,16,"SQ_LDS_UNALIGNED_STALL",0.00000000e+00
"42__256_4_4096_16",24,16,"SQ_LDS_BANK_CONFLICT",64.000000
"42__256_4_4096_16",24,16,"SQ_LDS_UNALIGNED_STALL",0.00000000e+00
"42__256_8",24,16,"SQ_LDS_BANK_CONFLICT",128.000000
"42__256_8",24,16,"SQ_LDS_UNALIGNED_STALL",0.00000000e+00
"42__256_8_2048_4",20,16,"SQ_LDS_BANK_CONFLICT",128.000000
"42__256_8_2048_4",20,16,"SQ_LDS_UNALIGNED_STALL",0.00000000e+00
"42__256_8_2048_8",20,16,"SQ_LDS_BANK_CONFLICT",128.000000
"42__256_8_2048_8",20,16,"SQ_LDS_UNALIGNED_STALL",0.00000000e+00
"42__256_8_2048_16",20,16,"SQ_LDS_BANK_CONFLICT",64.000000
"42__256_8_2048_16",20,16,"SQ_LDS_UNALIGNED_STALL",0.00000000e+00
"42__256_16",20,16,"SQ_LDS_BANK_CONFLICT",384.000000
"42__256_16",20,16,"SQ_LDS_UNALIGNED_STALL",0.00000000e+00
"42__256_16_1024_4",20,16,"SQ_LDS_BANK_CONFLICT",256.000000
"42__256_16_1024_4",20,16,"SQ_LDS_UNALIGNED_STALL",0.00000000e+00
"42__256_16_1024_8",20,16,"SQ_LDS_BANK_CONFLICT",128.000000
"42__256_16_1024_8",20,16,"SQ_LDS_UNALIGNED_STALL",0.00000000e+00
"42__256_16_1024_16",20,16,"SQ_LDS_BANK_CONFLICT",192.000000
"42__256_16_1024_16",20,16,"SQ_LDS_UNALIGNED_STALL",0.00000000e+00
"42__512_4",24,16,"SQ_LDS_BANK_CONFLICT",256.000000
"42__512_4",24,16,"SQ_LDS_UNALIGNED_STALL",0.00000000e+00
"42__512_4_8192_4",24,16,"SQ_LDS_BANK_CONFLICT",256.000000
"42__512_4_8192_4",24,16,"SQ_LDS_UNALIGNED_STALL",0.00000000e+00
"42__512_4_8192_8",24,16,"SQ_LDS_BANK_CONFLICT",256.000000
"42__512_4_8192_8",24,16,"SQ_LDS_UNALIGNED_STALL",0.00000000e+00
"42__512_4_8192_16",24,16,"SQ_LDS_BANK_CONFLICT",256.000000
"42__512_4_8192_16",24,16,"SQ_LDS_UNALIGNED_STALL",0.00000000e+00
"42__512_8",24,16,"SQ_LDS_BANK_CONFLICT",192.000000
"42__512_8",24,16,"SQ_LDS_UNALIGNED_STALL",0.00000000e+00
"42__512_8_4096_4",24,16,"SQ_LDS_BANK_CONFLICT",192.000000
"42__512_8_4096_4",24,16,"SQ_LDS_UNALIGNED_STALL",0.00000000e+00
"42__512_8_4096_8",24,16,"SQ_LDS_BANK_CONFLICT",192.000000
"42__512_8_4096_8",24,16,"SQ_LDS_UNALIGNED_STALL",0.00000000e+00
"42__512_8_4096_16",24,16,"SQ_LDS_BANK_CONFLICT",192.000000
"42__512_8_4096_16",24,16,"SQ_LDS_UNALIGNED_STALL",0.00000000e+00
"42__512_16",24,16,"SQ_LDS_BANK_CONFLICT",256.000000
"42__512_16",24,16,"SQ_LDS_UNALIGNED_STALL",0.00000000e+00
"42__512_16_2048_4",24,16,"SQ_LDS_BANK_CONFLICT",256.000000
"42__512_16_2048_4",24,16,"SQ_LDS_UNALIGNED_STALL",0.00000000e+00
"42__512_16_2048_8",24,16,"SQ_LDS_BANK_CONFLICT",256.000000
"42__512_16_2048_8",24,16,"SQ_LDS_UNALIGNED_STALL",0.00000000e+00
"42__512_16_2048_16",20,16,"SQ_LDS_BANK_CONFLICT",192.000000
"42__512_16_2048_16",20,16,"SQ_LDS_UNALIGNED_STALL",0.00000000e+00
"43__128_4",40,16,"SQ_LDS_BANK_CONFLICT",64.000000
"43__128_4",40,16,"SQ_LDS_UNALIGNED_STALL",0.00000000e+00
"43__128_4_2048_4",40,16,"SQ_LDS_BANK_CONFLICT",64.000000
"43__128_4_2048_4",40,16,"SQ_LDS_UNALIGNED_STALL",0.00000000e+00
"43__128_4_2048_8",40,16,"SQ_LDS_BANK_CONFLICT",64.000000
"43__128_4_2048_8",40,16,"SQ_LDS_UNALIGNED_STALL",0.00000000e+00
"43__128_4_2048_16",40,16,"SQ_LDS_BANK_CONFLICT",0.00000000e+00
"43__128_4_2048_16",40,16,"SQ_LDS_UNALIGNED_STALL",0.00000000e+00
"43__128_8",40,16,"SQ_LDS_BANK_CONFLICT",256.000000
"43__128_8",40,16,"SQ_LDS_UNALIGNED_STALL",0.00000000e+00
"43__128_8_1024_4",36,16,"SQ_LDS_BANK_CONFLICT",208.000000
"43__128_8_1024_4",36,16,"SQ_LDS_UNALIGNED_STALL",0.00000000e+00
"43__128_8_1024_8",36,16,"SQ_LDS_BANK_CONFLICT",112.000000
"43__128_8_1024_8",36,16,"SQ_LDS_UNALIGNED_STALL",0.00000000e+00
"43__128_8_1024_16",36,16,"SQ_LDS_BANK_CONFLICT",48.000000
"43__128_8_1024_16",36,16,"SQ_LDS_UNALIGNED_STALL",0.00000000e+00
"43__128_16",40,16,"SQ_LDS_BANK_CONFLICT",384.000000
"43__128_16",40,16,"SQ_LDS_UNALIGNED_STALL",0.00000000e+00
"43__128_16_512_4",36,16,"SQ_LDS_BANK_CONFLICT",80.000000
"43__128_16_512_4",36,16,"SQ_LDS_UNALIGNED_STALL",0.00000000e+00
"43__128_16_512_8",36,16,"SQ_LDS_BANK_CONFLICT",48.000000
"43__128_16_512_8",36,16,"SQ_LDS_UNALIGNED_STALL",0.00000000e+00
"43__128_16_512_16",36,16,"SQ_LDS_BANK_CONFLICT",192.000000
"43__128_16_512_16",36,16,"SQ_LDS_UNALIGNED_STALL",0.00000000e+00
"43__1024_4",40,16,"SQ_LDS_BANK_CONFLICT",640.000000
"43__1024_4",40,16,"SQ_LDS_UNALIGNED_STALL",0.00000000e+00
"43__1024_4_16384_4",40,16,"SQ_LDS_BANK_CONFLICT",640.000000
"43__1024_4_16384_4",40,16,"SQ_LDS_UNALIGNED_STALL",0.00000000e+00
"43__1024_4_16384_8",40,16,"SQ_LDS_BANK_CONFLICT",640.000000
"43__1024_4_16384_8",40,16,"SQ_LDS_UNALIGNED_STALL",0.00000000e+00
"43__1024_4_16384_16",40,16,"SQ_LDS_BANK_CONFLICT",640.000000
"43__1024_4_16384_16",40,16,"SQ_LDS_UNALIGNED_STALL",0.00000000e+00
"43__1024_8",40,16,"SQ_LDS_BANK_CONFLICT",512.000000
"43__1024_8",40,16,"SQ_LDS_UNALIGNED_STALL",0.00000000e+00
"43__1024_8_8192_4",40,16,"SQ_LDS_BANK_CONFLICT",512.000000
"43__1024_8_8192_4",40,16,"SQ_LDS_UNALIGNED_STALL",0.00000000e+00
"43__1024_8_8192_8",40,16,"SQ_LDS_BANK_CONFLICT",512.000000
"43__1024_8_8192_8",40,16,"SQ_LDS_UNALIGNED_STALL",0.00000000e+00
"43__1024_8_8192_16",40,16,"SQ_LDS_BANK_CONFLICT",512.000000
"43__1024_8_8192_16",40,16,"SQ_LDS_UNALIGNED_STALL",0.00000000e+00
"43__1024_16",40,16,"SQ_LDS_BANK_CONFLICT",448.000000
"43__1024_16",40,16,"SQ_LDS_UNALIGNED_STALL",0.00000000e+00
"43__1024_16_4096_4",40,16,"SQ_LDS_BANK_CONFLICT",448.000000
"43__1024_16_4096_4",40,16,"SQ_LDS_UNALIGNED_STALL",0.00000000e+00
"43__1024_16_4096_8",40,16,"SQ_LDS_BANK_CONFLICT",448.000000
"43__1024_16_4096_8",40,16,"SQ_LDS_UNALIGNED_STALL",0.00000000e+00
"43__1024_16_4096_16",40,16,"SQ_LDS_BANK_CONFLICT",448.000000
"43__1024_16_4096_16",40,16,"SQ_LDS_UNALIGNED_STALL",0.00000000e+00
"43__64_4",40,16,"SQ_LDS_BANK_CONFLICT",256.000000
"43__64_4",40,16,"SQ_LDS_UNALIGNED_STALL",0.00000000e+00
"43__64_4_1024_4",36,16,"SQ_LDS_BANK_CONFLICT",208.000000
"43__64_4_1024_4",36,16,"SQ_LDS_UNALIGNED_STALL",0.00000000e+00
"43__64_4_1024_8",36,16,"SQ_LDS_BANK_CONFLICT",112.000000
"43__64_4_1024_8",36,16,"SQ_LDS_UNALIGNED_STALL",0.00000000e+00
"43__64_4_1024_16",36,16,"SQ_LDS_BANK_CONFLICT",48.000000
"43__64_4_1024_16",36,16,"SQ_LDS_UNALIGNED_STALL",0.00000000e+00
"43__64_8",40,16,"SQ_LDS_BANK_CONFLICT",384.000000
"43__64_8",40,16,"SQ_LDS_UNALIGNED_STALL",0.00000000e+00
"43__64_8_512_4",36,16,"SQ_LDS_BANK_CONFLICT",80.000000
"43__64_8_512_4",36,16,"SQ_LDS_UNALIGNED_STALL",0.00000000e+00
"43__64_8_512_8",36,16,"SQ_LDS_BANK_CONFLICT",48.000000
"43__64_8_512_8",36,16,"SQ_LDS_UNALIGNED_STALL",0.00000000e+00
"43__64_8_512_16",36,16,"SQ_LDS_BANK_CONFLICT",192.000000
"43__64_8_512_16",36,16,"SQ_LDS_UNALIGNED_STALL",0.00000000e+00
"43__64_16",40,16,"SQ_LDS_BANK_CONFLICT",640.000000
"43__64_16",40,16,"SQ_LDS_UNALIGNED_STALL",0.00000000e+00
"43__64_16_256_4",36,16,"SQ_LDS_BANK_CONFLICT",16.000000
"43__64_16_256_4",36,16,"SQ_LDS_UNALIGNED_STALL",0.00000000e+00
"43__64_16_256_8",36,16,"SQ_LDS_BANK_CONFLICT",112.000000
"43__64_16_256_8",36,16,"SQ_LDS_UNALIGNED_STALL",0.00000000e+00
"43__64_16_256_16",36,16,"SQ_LDS_BANK_CONFLICT",304.000000
"43__64_16_256_16",36,16,"SQ_LDS_UNALIGNED_STALL",0.00000000e+00
"43__256_4",40,16,"SQ_LDS_BANK_CONFLICT",64.000000
"43__256_4",40,16,"SQ_LDS_UNALIGNED_STALL",0.00000000e+00
"43__256_4_4096_4",40,16,"SQ_LDS_BANK_CONFLICT",64.000000
"43__256_4_4096_4",40,16,"SQ_LDS_UNALIGNED_STALL",0.00000000e+00
"43__256_4_4096_8",40,16,"SQ_LDS_BANK_CONFLICT",64.000000
"43__256_4_4096_8",40,16,"SQ_LDS_UNALIGNED_STALL",0.00000000e+00
"43__256_4_4096_16",40,16,"SQ_LDS_BANK_CONFLICT",64.000000
"43__256_4_4096_16",40,16,"SQ_LDS_UNALIGNED_STALL",0.00000000e+00
"43__256_8",40,16,"SQ_LDS_BANK_CONFLICT",128.000000
"43__256_8",40,16,"SQ_LDS_UNALIGNED_STALL",0.00000000e+00
"43__256_8_2048_4",40,16,"SQ_LDS_BANK_CONFLICT",128.000000
"43__256_8_2048_4",40,16,"SQ_LDS_UNALIGNED_STALL",0.00000000e+00
"43__256_8_2048_8",40,16,"SQ_LDS_BANK_CONFLICT",128.000000
"43__256_8_2048_8",40,16,"SQ_LDS_UNALIGNED_STALL",0.00000000e+00
"43__256_8_2048_16",40,16,"SQ_LDS_BANK_CONFLICT",64.000000
"43__256_8_2048_16",40,16,"SQ_LDS_UNALIGNED_STALL",0.00000000e+00
"43__256_16",40,16,"SQ_LDS_BANK_CONFLICT",384.000000
"43__256_16",40,16,"SQ_LDS_UNALIGNED_STALL",0.00000000e+00
"43__256_16_1024_4",36,16,"SQ_LDS_BANK_CONFLICT",240.000000
"43__256_16_1024_4",36,16,"SQ_LDS_UNALIGNED_STALL",0.00000000e+00
"43__256_16_1024_8",36,16,"SQ_LDS_BANK_CONFLICT",112.000000
"43__256_16_1024_8",36,16,"SQ_LDS_UNALIGNED_STALL",0.00000000e+00
"43__256_16_1024_16",36,16,"SQ_LDS_BANK_CONFLICT",144.000000
"43__256_16_1024_16",36,16,"SQ_LDS_UNALIGNED_STALL",0.00000000e+00
"43__512_4",40,16,"SQ_LDS_BANK_CONFLICT",256.000000
"43__512_4",40,16,"SQ_LDS_UNALIGNED_STALL",0.00000000e+00
"43__512_4_8192_4",40,16,"SQ_LDS_BANK_CONFLICT",256.000000
"43__512_4_8192_4",40,16,"SQ_LDS_UNALIGNED_STALL",0.00000000e+00
"43__512_4_8192_8",40,16,"SQ_LDS_BANK_CONFLICT",256.000000
"43__512_4_8192_8",40,16,"SQ_LDS_UNALIGNED_STALL",0.00000000e+00
"43__512_4_8192_16",40,16,"SQ_LDS_BANK_CONFLICT",256.000000
"43__512_4_8192_16",40,16,"SQ_LDS_UNALIGNED_STALL",0.00000000e+00
"43__512_8",40,16,"SQ_LDS_BANK_CONFLICT",192.000000
"43__512_8",40,16,"SQ_LDS_UNALIGNED_STALL",0.00000000e+00
"43__512_8_4096_4",40,16,"SQ_LDS_BANK_CONFLICT",192.000000
"43__512_8_4096_4",40,16,"SQ_LDS_UNALIGNED_STALL",0.00000000e+00
"43__512_8_4096_8",40,16,"SQ_LDS_BANK_CONFLICT",192.000000
"43__512_8_4096_8",40,16,"SQ_LDS_UNALIGNED_STALL",0.00000000e+00
"43__512_8_4096_16",40,16,"SQ_LDS_BANK_CONFLICT",192.000000
"43__512_8_4096_16",40,16,"SQ_LDS_UNALIGNED_STALL",0.00000000e+00
"43__512_16",40,16,"SQ_LDS_BANK_CONFLICT",256.000000
"43__512_16",40,16,"SQ_LDS_UNALIGNED_STALL",0.00000000e+00
"43__512_16_2048_4",40,16,"SQ_LDS_BANK_CONFLICT",256.000000
"43__512_16_2048_4",40,16,"SQ_LDS_UNALIGNED_STALL",0.00000000e+00
"43__512_16_2048_8",40,16,"SQ_LDS_BANK_CONFLICT",256.000000
"43__512_16_2048_8",40,16,"SQ_LDS_UNALIGNED_STALL",0.00000000e+00
"43__512_16_2048_16",40,16,"SQ_LDS_BANK_CONFLICT",192.000000
"43__512_16_2048_16",40,16,"SQ_LDS_UNALIGNED_STALL",0.00000000e+00
"44__128_4",24,16,"SQ_LDS_BANK_CONFLICT",64.000000
"44__128_4",24,16,"SQ_LDS_UNALIGNED_STALL",0.00000000e+00
"44__128_4_2048_4",24,16,"SQ_LDS_BANK_CONFLICT",64.000000
"44__128_4_2048_4",24,16,"SQ_LDS_UNALIGNED_STALL",0.00000000e+00
"44__128_4_2048_8",24,16,"SQ_LDS_BANK_CONFLICT",64.000000
"44__128_4_2048_8",24,16,"SQ_LDS_UNALIGNED_STALL",0.00000000e+00
"44__128_4_2048_16",24,16,"SQ_LDS_BANK_CONFLICT",0.00000000e+00
"44__128_4_2048_16",24,16,"SQ_LDS_UNALIGNED_STALL",0.00000000e+00
"44__128_8",24,16,"SQ_LDS_BANK_CONFLICT",256.000000
"44__128_8",24,16,"SQ_LDS_UNALIGNED_STALL",0.00000000e+00
"44__128_8_1024_4",24,16,"SQ_LDS_BANK_CONFLICT",192.000000
"44__128_8_1024_4",24,16,"SQ_LDS_UNALIGNED_STALL",0.00000000e+00
"44__128_8_1024_8",24,16,"SQ_LDS_BANK_CONFLICT",128.000000
"44__128_8_1024_8",24,16,"SQ_LDS_UNALIGNED_STALL",0.00000000e+00
"44__128_8_1024_16",24,16,"SQ_LDS_BANK_CONFLICT",64.000000
"44__128_8_1024_16",24,16,"SQ_LDS_UNALIGNED_STALL",0.00000000e+00
"44__128_16",24,16,"SQ_LDS_BANK_CONFLICT",384.000000
"44__128_16",24,16,"SQ_LDS_UNALIGNED_STALL",0.00000000e+00
"44__128_16_512_4",28,16,"SQ_LDS_BANK_CONFLICT",64.000000
"44__128_16_512_4",28,16,"SQ_LDS_UNALIGNED_STALL",0.00000000e+00
"44__128_16_512_8",28,16,"SQ_LDS_BANK_CONFLICT",64.000000
"44__128_16_512_8",28,16,"SQ_LDS_UNALIGNED_STALL",0.00000000e+00
"44__128_16_512_16",28,16,"SQ_LDS_BANK_CONFLICT",256.000000
"44__128_16_512_16",28,16,"SQ_LDS_UNALIGNED_STALL",0.00000000e+00
"44__1024_4",24,16,"SQ_LDS_BANK_CONFLICT",640.000000
"44__1024_4",24,16,"SQ_LDS_UNALIGNED_STALL",0.00000000e+00
"44__1024_4_16384_4",24,16,"SQ_LDS_BANK_CONFLICT",640.000000
"44__1024_4_16384_4",24,16,"SQ_LDS_UNALIGNED_STALL",0.00000000e+00
"44__1024_4_16384_8",24,16,"SQ_LDS_BANK_CONFLICT",640.000000
"44__1024_4_16384_8",24,16,"SQ_LDS_UNALIGNED_STALL",0.00000000e+00
"44__1024_4_16384_16",24,16,"SQ_LDS_BANK_CONFLICT",640.000000
"44__1024_4_16384_16",24,16,"SQ_LDS_UNALIGNED_STALL",0.00000000e+00
"44__1024_8",24,16,"SQ_LDS_BANK_CONFLICT",512.000000
"44__1024_8",24,16,"SQ_LDS_UNALIGNED_STALL",0.00000000e+00
"44__1024_8_8192_4",24,16,"SQ_LDS_BANK_CONFLICT",512.000000
"44__1024_8_8192_4",24,16,"SQ_LDS_UNALIGNED_STALL",0.00000000e+00
"44__1024_8_8192_8",24,16,"SQ_LDS_BANK_CONFLICT",512.000000
"44__1024_8_8192_8",24,16,"SQ_LDS_UNALIGNED_STALL",0.00000000e+00
"44__1024_8_8192_16",24,16,"SQ_LDS_BANK_CONFLICT",512.000000
"44__1024_8_8192_16",24,16,"SQ_LDS_UNALIGNED_STALL",0.00000000e+00
"44__1024_16",24,16,"SQ_LDS_BANK_CONFLICT",448.000000
"44__1024_16",24,16,"SQ_LDS_UNALIGNED_STALL",0.00000000e+00
"44__1024_16_4096_4",24,16,"SQ_LDS_BANK_CONFLICT",448.000000
"44__1024_16_4096_4",24,16,"SQ_LDS_UNALIGNED_STALL",0.00000000e+00
"44__1024_16_4096_8",24,16,"SQ_LDS_BANK_CONFLICT",448.000000
"44__1024_16_4096_8",24,16,"SQ_LDS_UNALIGNED_STALL",0.00000000e+00
"44__1024_16_4096_16",24,16,"SQ_LDS_BANK_CONFLICT",448.000000
"44__1024_16_4096_16",24,16,"SQ_LDS_UNALIGNED_STALL",0.00000000e+00
"44__64_4",24,16,"SQ_LDS_BANK_CONFLICT",256.000000
"44__64_4",24,16,"SQ_LDS_UNALIGNED_STALL",0.00000000e+00
"44__64_4_1024_4",24,16,"SQ_LDS_BANK_CONFLICT",192.000000
"44__64_4_1024_4",24,16,"SQ_LDS_UNALIGNED_STALL",0.00000000e+00
"44__64_4_1024_8",24,16,"SQ_LDS_BANK_CONFLICT",128.000000
"44__64_4_1024_8",24,16,"SQ_LDS_UNALIGNED_STALL",0.00000000e+00
"44__64_4_1024_16",24,16,"SQ_LDS_BANK_CONFLICT",64.000000
"44__64_4_1024_16",24,16,"SQ_LDS_UNALIGNED_STALL",0.00000000e+00
"44__64_8",24,16,"SQ_LDS_BANK_CONFLICT",384.000000
"44__64_8",24,16,"SQ_LDS_UNALIGNED_STALL",0.00000000e+00
"44__64_8_512_4",28,16,"SQ_LDS_BANK_CONFLICT",64.000000
"44__64_8_512_4",28,16,"SQ_LDS_UNALIGNED_STALL",0.00000000e+00
"44__64_8_512_8",28,16,"SQ_LDS_BANK_CONFLICT",64.000000
"44__64_8_512_8",28,16,"SQ_LDS_UNALIGNED_STALL",0.00000000e+00
"44__64_8_512_16",28,16,"SQ_LDS_BANK_CONFLICT",256.000000
"44__64_8_512_16",28,16,"SQ_LDS_UNALIGNED_STALL",0.00000000e+00
"44__64_16",24,16,"SQ_LDS_BANK_CONFLICT",640.000000
"44__64_16",24,16,"SQ_LDS_UNALIGNED_STALL",0.00000000e+00
"44__64_16_256_4",28,16,"SQ_LDS_BANK_CONFLICT",0.00000000e+00
"44__64_16_256_4",28,16,"SQ_LDS_UNALIGNED_STALL",0.00000000e+00
"44__64_16_256_8",28,16,"SQ_LDS_BANK_CONFLICT",128.000000
"44__64_16_256_8",28,16,"SQ_LDS_UNALIGNED_STALL",0.00000000e+00
"44__64_16_256_16",28,16,"SQ_LDS_BANK_CONFLICT",384.000000
"44__64_16_256_16",28,16,"SQ_LDS_UNALIGNED_STALL",0.00000000e+00
"44__256_4",24,16,"SQ_LDS_BANK_CONFLICT",64.000000
"44__256_4",24,16,"SQ_LDS_UNALIGNED_STALL",0.00000000e+00
"44__256_4_4096_4",24,16,"SQ_LDS_BANK_CONFLICT",64.000000
"44__256_4_4096_4",24,16,"SQ_LDS_UNALIGNED_STALL",0.00000000e+00
"44__256_4_4096_8",24,16,"SQ_LDS_BANK_CONFLICT",64.000000
"44__256_4_4096_8",24,16,"SQ_LDS_UNALIGNED_STALL",0.00000000e+00
"44__256_4_4096_16",24,16,"SQ_LDS_BANK_CONFLICT",64.000000
"44__256_4_4096_16",24,16,"SQ_LDS_UNALIGNED_STALL",0.00000000e+00
"44__256_8",24,16,"SQ_LDS_BANK_CONFLICT",128.000000
"44__256_8",24,16,"SQ_LDS_UNALIGNED_STALL",0.00000000e+00
"44__256_8_2048_4",24,16,"SQ_LDS_BANK_CONFLICT",128.000000
"44__256_8_2048_4",24,16,"SQ_LDS_UNALIGNED_STALL",0.00000000e+00
"44__256_8_2048_8",24,16,"SQ_LDS_BANK_CONFLICT",128.000000
"44__256_8_2048_8",24,16,"SQ_LDS_UNALIGNED_STALL",0.00000000e+00
"44__256_8_2048_16",24,16,"SQ_LDS_BANK_CONFLICT",64.000000
"44__256_8_2048_16",24,16,"SQ_LDS_UNALIGNED_STALL",0.00000000e+00
"44__256_16",24,16,"SQ_LDS_BANK_CONFLICT",384.000000
"44__256_16",24,16,"SQ_LDS_UNALIGNED_STALL",0.00000000e+00
"44__256_16_1024_4",24,16,"SQ_LDS_BANK_CONFLICT",256.000000
"44__256_16_1024_4",24,16,"SQ_LDS_UNALIGNED_STALL",0.00000000e+00
"44__256_16_1024_8",24,16,"SQ_LDS_BANK_CONFLICT",128.000000
"44__256_16_1024_8",24,16,"SQ_LDS_UNALIGNED_STALL",0.00000000e+00
"44__256_16_1024_16",24,16,"SQ_LDS_BANK_CONFLICT",192.000000
"44__256_16_1024_16",24,16,"SQ_LDS_UNALIGNED_STALL",0.00000000e+00
"44__512_4",24,16,"SQ_LDS_BANK_CONFLICT",256.000000
"44__512_4",24,16,"SQ_LDS_UNALIGNED_STALL",0.00000000e+00
"44__512_4_8192_4",24,16,"SQ_LDS_BANK_CONFLICT",256.000000
"44__512_4_8192_4",24,16,"SQ_LDS_UNALIGNED_STALL",0.00000000e+00
"44__512_4_8192_8",24,16,"SQ_LDS_BANK_CONFLICT",256.000000
"44__512_4_8192_8",24,16,"SQ_LDS_UNALIGNED_STALL",0.00000000e+00
"44__512_4_8192_16",24,16,"SQ_LDS_BANK_CONFLICT",256.000000
"44__512_4_8192_16",24,16,"SQ_LDS_UNALIGNED_STALL",0.00000000e+00
"44__512_8",24,16,"SQ_LDS_BANK_CONFLICT",192.000000
"44__512_8",24,16,"SQ_LDS_UNALIGNED_STALL",0.00000000e+00
"44__512_8_4096_4",24,16,"SQ_LDS_BANK_CONFLICT",192.000000
"44__512_8_4096_4",24,16,"SQ_LDS_UNALIGNED_STALL",0.00000000e+00
"44__512_8_4096_8",24,16,"SQ_LDS_BANK_CONFLICT",192.000000
"44__512_8_4096_8",24,16,"SQ_LDS_UNALIGNED_STALL",0.00000000e+00
"44__512_8_4096_16",24,16,"SQ_LDS_BANK_CONFLICT",192.000000
"44__512_8_4096_16",24,16,"SQ_LDS_UNALIGNED_STALL",0.00000000e+00
"44__512_16",24,16,"SQ_LDS_BANK_CONFLICT",256.000000
"44__512_16",24,16,"SQ_LDS_UNALIGNED_STALL",0.00000000e+00
"44__512_16_2048_4",24,16,"SQ_LDS_BANK_CONFLICT",256.000000
"44__512_16_2048_4",24,16,"SQ_LDS_UNALIGNED_STALL",0.00000000e+00
"44__512_16_2048_8",24,16,"SQ_LDS_BANK_CONFLICT",256.000000
"44__512_16_2048_8",24,16,"SQ_LDS_UNALIGNED_STALL",0.00000000e+00
"44__512_16_2048_16",24,16,"SQ_LDS_BANK_CONFLICT",192.000000
"44__512_16_2048_16",24,16,"SQ_LDS_UNALIGNED_STALL",0.00000000e+00
"45__128_4",40,16,"SQ_LDS_BANK_CONFLICT",64.000000
"45__128_4",40,16,"SQ_LDS_UNALIGNED_STALL",0.00000000e+00
"45__128_4_2048_4",40,16,"SQ_LDS_BANK_CONFLICT",64.000000
"45__128_4_2048_4",40,16,"SQ_LDS_UNALIGNED_STALL",0.00000000e+00
"45__128_4_2048_8",40,16,"SQ_LDS_BANK_CONFLICT",64.000000
"45__128_4_2048_8",40,16,"SQ_LDS_UNALIGNED_STALL",0.00000000e+00
"45__128_4_2048_16",40,16,"SQ_LDS_BANK_CONFLICT",0.00000000e+00
"45__128_4_2048_16",40,16,"SQ_LDS_UNALIGNED_STALL",0.00000000e+00
"45__128_8",40,16,"SQ_LDS_BANK_CONFLICT",256.000000
"45__128_8",40,16,"SQ_LDS_UNALIGNED_STALL",0.00000000e+00
"45__128_8_1024_4",36,16,"SQ_LDS_BANK_CONFLICT",208.000000
"45__128_8_1024_4",36,16,"SQ_LDS_UNALIGNED_STALL",0.00000000e+00
"45__128_8_1024_8",36,16,"SQ_LDS_BANK_CONFLICT",112.000000
"45__128_8_1024_8",36,16,"SQ_LDS_UNALIGNED_STALL",0.00000000e+00
"45__128_8_1024_16",36,16,"SQ_LDS_BANK_CONFLICT",48.000000
"45__128_8_1024_16",36,16,"SQ_LDS_UNALIGNED_STALL",0.00000000e+00
"45__128_16",40,16,"SQ_LDS_BANK_CONFLICT",384.000000
"45__128_16",40,16,"SQ_LDS_UNALIGNED_STALL",0.00000000e+00
"45__128_16_512_4",36,16,"SQ_LDS_BANK_CONFLICT",80.000000
"45__128_16_512_4",36,16,"SQ_LDS_UNALIGNED_STALL",0.00000000e+00
"45__128_16_512_8",36,16,"SQ_LDS_BANK_CONFLICT",48.000000
"45__128_16_512_8",36,16,"SQ_LDS_UNALIGNED_STALL",0.00000000e+00
"45__128_16_512_16",36,16,"SQ_LDS_BANK_CONFLICT",192.000000
"45__128_16_512_16",36,16,"SQ_LDS_UNALIGNED_STALL",0.00000000e+00
"45__1024_4",40,16,"SQ_LDS_BANK_CONFLICT",640.000000
"45__1024_4",40,16,"SQ_LDS_UNALIGNED_STALL",0.00000000e+00
"45__1024_4_16384_4",40,16,"SQ_LDS_BANK_CONFLICT",640.000000
"45__1024_4_16384_4",40,16,"SQ_LDS_UNALIGNED_STALL",0.00000000e+00
"45__1024_4_16384_8",40,16,"SQ_LDS_BANK_CONFLICT",640.000000
"45__1024_4_16384_8",40,16,"SQ_LDS_UNALIGNED_STALL",0.00000000e+00
"45__1024_4_16384_16",40,16,"SQ_LDS_BANK_CONFLICT",640.000000
"45__1024_4_16384_16",40,16,"SQ_LDS_UNALIGNED_STALL",0.00000000e+00
"45__1024_8",40,16,"SQ_LDS_BANK_CONFLICT",512.000000
"45__1024_8",40,16,"SQ_LDS_UNALIGNED_STALL",0.00000000e+00
"45__1024_8_8192_4",40,16,"SQ_LDS_BANK_CONFLICT",512.000000
"45__1024_8_8192_4",40,16,"SQ_LDS_UNALIGNED_STALL",0.00000000e+00
"45__1024_8_8192_8",40,16,"SQ_LDS_BANK_CONFLICT",512.000000
"45__1024_8_8192_8",40,16,"SQ_LDS_UNALIGNED_STALL",0.00000000e+00
"45__1024_8_8192_16",40,16,"SQ_LDS_BANK_CONFLICT",512.000000
"45__1024_8_8192_16",40,16,"SQ_LDS_UNALIGNED_STALL",0.00000000e+00
"45__1024_16",40,16,"SQ_LDS_BANK_CONFLICT",448.000000
"45__1024_16",40,16,"SQ_LDS_UNALIGNED_STALL",0.00000000e+00
"45__1024_16_4096_4",40,16,"SQ_LDS_BANK_CONFLICT",448.000000
"45__1024_16_4096_4",40,16,"SQ_LDS_UNALIGNED_STALL",0.00000000e+00
"45__1024_16_4096_8",40,16,"SQ_LDS_BANK_CONFLICT",448.000000
"45__1024_16_4096_8",40,16,"SQ_LDS_UNALIGNED_STALL",0.00000000e+00
"45__1024_16_4096_16",40,16,"SQ_LDS_BANK_CONFLICT",448.000000
"45__1024_16_4096_16",40,16,"SQ_LDS_UNALIGNED_STALL",0.00000000e+00
"45__64_4",40,16,"SQ_LDS_BANK_CONFLICT",256.000000
"45__64_4",40,16,"SQ_LDS_UNALIGNED_STALL",0.00000000e+00
"45__64_4_1024_4",36,16,"SQ_LDS_BANK_CONFLICT",208.000000
"45__64_4_1024_4",36,16,"SQ_LDS_UNALIGNED_STALL",0.00000000e+00
"45__64_4_1024_8",36,16,"SQ_LDS_BANK_CONFLICT",112.000000
"45__64_4_1024_8",36,16,"SQ_LDS_UNALIGNED_STALL",0.00000000e+00
"45__64_4_1024_16",36,16,"SQ_LDS_BANK_CONFLICT",48.000000
"45__64_4_1024_16",36,16,"SQ_LDS_UNALIGNED_STALL",0.00000000e+00
"45__64_8",40,16,"SQ_LDS_BANK_CONFLICT",384.000000
"45__64_8",40,16,"SQ_LDS_UNALIGNED_STALL",0.00000000e+00
"45__64_8_512_4",36,16,"SQ_LDS_BANK_CONFLICT",80.000000
"45__64_8_512_4",36,16,"SQ_LDS_UNALIGNED_STALL",0.00000000e+00
"45__64_8_512_8",36,16,"SQ_LDS_BANK_CONFLICT",48.000000
"45__64_8_512_8",36,16,"SQ_LDS_UNALIGNED_STALL",0.00000000e+00
"45__64_8_512_16",36,16,"SQ_LDS_BANK_CONFLICT",192.000000
"45__64_8_512_16",36,16,"SQ_LDS_UNALIGNED_STALL",0.00000000e+00
"45__64_16",40,16,"SQ_LDS_BANK_CONFLICT",640.000000
"45__64_16",40,16,"SQ_LDS_UNALIGNED_STALL",0.00000000e+00
"45__64_16_256_4",36,16,"SQ_LDS_BANK_CONFLICT",16.000000
"45__64_16_256_4",36,16,"SQ_LDS_UNALIGNED_STALL",0.00000000e+00
"45__64_16_256_8",36,16,"SQ_LDS_BANK_CONFLICT",112.000000
"45__64_16_256_8",36,16,"SQ_LDS_UNALIGNED_STALL",0.00000000e+00
"45__64_16_256_16",36,16,"SQ_LDS_BANK_CONFLICT",304.000000
"45__64_16_256_16",36,16,"SQ_LDS_UNALIGNED_STALL",0.00000000e+00
"45__256_4",40,16,"SQ_LDS_BANK_CONFLICT",64.000000
"45__256_4",40,16,"SQ_LDS_UNALIGNED_STALL",0.00000000e+00
"45__256_4_4096_4",40,16,"SQ_LDS_BANK_CONFLICT",64.000000
"45__256_4_4096_4",40,16,"SQ_LDS_UNALIGNED_STALL",0.00000000e+00
"45__256_4_4096_8",40,16,"SQ_LDS_BANK_CONFLICT",64.000000
"45__256_4_4096_8",40,16,"SQ_LDS_UNALIGNED_STALL",0.00000000e+00
"45__256_4_4096_16",40,16,"SQ_LDS_BANK_CONFLICT",64.000000
"45__256_4_4096_16",40,16,"SQ_LDS_UNALIGNED_STALL",0.00000000e+00
"45__256_8",40,16,"SQ_LDS_BANK_CONFLICT",128.000000
"45__256_8",40,16,"SQ_LDS_UNALIGNED_STALL",0.00000000e+00
"45__256_8_2048_4",40,16,"SQ_LDS_BANK_CONFLICT",128.000000
"45__256_8_2048_4",40,16,"SQ_LDS_UNALIGNED_STALL",0.00000000e+00
"45__256_8_2048_8",40,16,"SQ_LDS_BANK_CONFLICT",128.000000
"45__256_8_2048_8",40,16,"SQ_LDS_UNALIGNED_STALL",0.00000000e+00
"45__256_8_2048_16",40,16,"SQ_LDS_BANK_CONFLICT",64.000000
"45__256_8_2048_16",40,16,"SQ_LDS_UNALIGNED_STALL",0.00000000e+00
"45__256_16",40,16,"SQ_LDS_BANK_CONFLICT",384.000000
"45__256_16",40,16,"SQ_LDS_UNALIGNED_STALL",0.00000000e+00
"45__256_16_1024_4",36,16,"SQ_LDS_BANK_CONFLICT",240.000000
"45__256_16_1024_4",36,16,"SQ_LDS_UNALIGNED_STALL",0.00000000e+00
"45__256_16_1024_8",36,16,"SQ_LDS_BANK_CONFLICT",112.000000
"45__256_16_1024_8",36,16,"SQ_LDS_UNALIGNED_STALL",0.00000000e+00
"45__256_16_1024_16",36,16,"SQ_LDS_BANK_CONFLICT",144.000000
"45__256_16_1024_16",36,16,"SQ_LDS_UNALIGNED_STALL",0.00000000e+00
"45__512_4",40,16,"SQ_LDS_BANK_CONFLICT",256.000000
"45__512_4",40,16,"SQ_LDS_UNALIGNED_STALL",0.00000000e+00
"45__512_4_8192_4",40,16,"SQ_LDS_BANK_CONFLICT",256.000000
"45__512_4_8192_4",40,16,"SQ_LDS_UNALIGNED_STALL",0.00000000e+00
"45__512_4_8192_8",40,16,"SQ_LDS_BANK_CONFLICT",256.000000
"45__512_4_8192_8",40,16,"SQ_LDS_UNALIGNED_STALL",0.00000000e+00
"45__512_4_8192_16",40,16,"SQ_LDS_BANK_CONFLICT",256.000000
"45__512_4_8192_16",40,16,"SQ_LDS_UNALIGNED_STALL",0.00000000e+00
"45__512_8",40,16,"SQ_LDS_BANK_CONFLICT",192.000000
"45__512_8",40,16,"SQ_LDS_UNALIGNED_STALL",0.00000000e+00
"45__512_8_4096_4",40,16,"SQ_LDS_BANK_CONFLICT",192.000000
"45__512_8_4096_4",40,16,"SQ_LDS_UNALIGNED_STALL",0.00000000e+00
"45__512_8_4096_8",40,16,"SQ_LDS_BANK_CONFLICT",192.000000
"45__512_8_4096_8",40,16,"SQ_LDS_UNALIGNED_STALL",0.00000000e+00
"45__512_8_4096_16",40,16,"SQ_LDS_BANK_CONFLICT",192.000000
"45__512_8_4096_16",40,16,"SQ_LDS_UNALIGNED_STALL",0.00000000e+00
"45__512_16",40,16,"SQ_LDS_BANK_CONFLICT",256.000000
"45__512_16",40,16,"SQ_LDS_UNALIGNED_STALL",0.00000000e+00
"45__512_16_2048_4",40,16,"SQ_LDS_BANK_CONFLICT",256.000000
"45__512_16_2048_4",40,16,"SQ_LDS_UNALIGNED_STALL",0.00000000e+00
"45__512_16_2048_8",40,16,"SQ_LDS_BANK_CONFLICT",256.000000
"45__512_16_2048_8",40,16,"SQ_LDS_UNALIGNED_STALL",0.00000000e+00
"45__512_16_2048_16",40,16,"SQ_LDS_BANK_CONFLICT",192.000000
"45__512_16_2048_16",40,16,"SQ_LDS_UNALIGNED_STALL",0.00000000e+00
"46__128_8",32,16,"SQ_LDS_BANK_CONFLICT",256.000000
"46__128_8",32,16,"SQ_LDS_UNALIGNED_STALL",0.00000000e+00
"46__128_8_1024_8",32,16,"SQ_LDS_BANK_CONFLICT",128.000000
"46__128_8_1024_8",32,16,"SQ_LDS_UNALIGNED_STALL",0.00000000e+00
"46__128_8_1024_16",32,16,"SQ_LDS_BANK_CONFLICT",64.000000
"46__128_8_1024_16",32,16,"SQ_LDS_UNALIGNED_STALL",0.00000000e+00
"46__128_16",32,16,"SQ_LDS_BANK_CONFLICT",384.000000
"46__128_16",32,16,"SQ_LDS_UNALIGNED_STALL",0.00000000e+00
"46__128_16_512_8",32,16,"SQ_LDS_BANK_CONFLICT",64.000000
"46__128_16_512_8",32,16,"SQ_LDS_UNALIGNED_STALL",0.00000000e+00
"46__128_16_512_16",32,16,"SQ_LDS_BANK_CONFLICT",256.000000
"46__128_16_512_16",32,16,"SQ_LDS_UNALIGNED_STALL",0.00000000e+00
"46__1024_8",32,16,"SQ_LDS_BANK_CONFLICT",512.000000
"46__1024_8",32,16,"SQ_LDS_UNALIGNED_STALL",0.00000000e+00
"46__1024_8_8192_8",32,16,"SQ_LDS_BANK_CONFLICT",512.000000
"46__1024_8_8192_8",32,16,"SQ_LDS_UNALIGNED_STALL",0.00000000e+00
"46__1024_8_8192_16",32,16,"SQ_LDS_BANK_CONFLICT",512.000000
"46__1024_8_8192_16",32,16,"SQ_LDS_UNALIGNED_STALL",0.00000000e+00
"46__1024_16",32,16,"SQ_LDS_BANK_CONFLICT",448.000000
"46__1024_16",32,16,"SQ_LDS_UNALIGNED_STALL",0.00000000e+00
"46__1024_16_4096_8",32,16,"SQ_LDS_BANK_CONFLICT",448.000000
"46__1024_16_4096_8",32,16,"SQ_LDS_UNALIGNED_STALL",0.00000000e+00
"46__1024_16_4096_16",32,16,"SQ_LDS_BANK_CONFLICT",448.000000
"46__1024_16_4096_16",32,16,"SQ_LDS_UNALIGNED_STALL",0.00000000e+00
"46__64_8",32,16,"SQ_LDS_BANK_CONFLICT",384.000000
"46__64_8",32,16,"SQ_LDS_UNALIGNED_STALL",0.00000000e+00
"46__64_8_512_8",32,16,"SQ_LDS_BANK_CONFLICT",64.000000
"46__64_8_512_8",32,16,"SQ_LDS_UNALIGNED_STALL",0.00000000e+00
"46__64_8_512_16",32,16,"SQ_LDS_BANK_CONFLICT",256.000000
"46__64_8_512_16",32,16,"SQ_LDS_UNALIGNED_STALL",0.00000000e+00
"46__64_16",32,16,"SQ_LDS_BANK_CONFLICT",640.000000
"46__64_16",32,16,"SQ_LDS_UNALIGNED_STALL",0.00000000e+00
"46__64_16_256_8",32,16,"SQ_LDS_BANK_CONFLICT",128.000000
"46__64_16_256_8",32,16,"SQ_LDS_UNALIGNED_STALL",0.00000000e+00
"46__64_16_256_16",32,16,"SQ_LDS_BANK_CONFLICT",384.000000
"46__64_16_256_16",32,16,"SQ_LDS_UNALIGNED_STALL",0.00000000e+00
"46__256_8",32,16,"SQ_LDS_BANK_CONFLICT",128.000000
"46__256_8",32,16,"SQ_LDS_UNALIGNED_STALL",0.00000000e+00
"46__256_8_2048_8",32,16,"SQ_LDS_BANK_CONFLICT",128.000000
"46__256_8_2048_8",32,16,"SQ_LDS_UNALIGNED_STALL",0.00000000e+00
"46__256_8_2048_16",32,16,"SQ_LDS_BANK_CONFLICT",64.000000
"46__256_8_2048_16",32,16,"SQ_LDS_UNALIGNED_STALL",0.00000000e+00
"46__256_16",32,16,"SQ_LDS_BANK_CONFLICT",384.000000
"46__256_16",32,16,"SQ_LDS_UNALIGNED_STALL",0.00000000e+00
"46__256_16_1024_8",32,16,"SQ_LDS_BANK_CONFLICT",128.000000
"46__256_16_1024_8",32,16,"SQ_LDS_UNALIGNED_STALL",0.00000000e+00
"46__256_16_1024_16",32,16,"SQ_LDS_BANK_CONFLICT",192.000000
"46__256_16_1024_16",32,16,"SQ_LDS_UNALIGNED_STALL",0.00000000e+00
"46__512_8",32,16,"SQ_LDS_BANK_CONFLICT",192.000000
"46__512_8",32,16,"SQ_LDS_UNALIGNED_STALL",0.00000000e+00
"46__512_8_4096_8",32,16,"SQ_LDS_BANK_CONFLICT",192.000000
"46__512_8_4096_8",32,16,"SQ_LDS_UNALIGNED_STALL",0.00000000e+00
"46__512_8_4096_16",32,16,"SQ_LDS_BANK_CONFLICT",192.000000
"46__512_8_4096_16",32,16,"SQ_LDS_UNALIGNED_STALL",0.00000000e+00
"46__512_16",32,16,"SQ_LDS_BANK_CONFLICT",256.000000
"46__512_16",32,16,"SQ_LDS_UNALIGNED_STALL",0.00000000e+00
"46__512_16_2048_8",32,16,"SQ_LDS_BANK_CONFLICT",256.000000
"46__512_16_2048_8",32,16,"SQ_LDS_UNALIGNED_STALL",0.00000000e+00
"46__512_16_2048_16",32,16,"SQ_LDS_BANK_CONFLICT",192.000000
"46__512_16_2048_16",32,16,"SQ_LDS_UNALIGNED_STALL",0.00000000e+00
"47__128_8",40,16,"SQ_LDS_BANK_CONFLICT",256.000000
"47__128_8",40,16,"SQ_LDS_UNALIGNED_STALL",0.00000000e+00
"47__128_8_1024_8",36,16,"SQ_LDS_BANK_CONFLICT",112.000000
"47__128_8_1024_8",36,16,"SQ_LDS_UNALIGNED_STALL",0.00000000e+00
"47__128_8_1024_16",36,16,"SQ_LDS_BANK_CONFLICT",48.000000
"47__128_8_1024_16",36,16,"SQ_LDS_UNALIGNED_STALL",0.00000000e+00
"47__128_16",40,16,"SQ_LDS_BANK_CONFLICT",384.000000
"47__128_16",40,16,"SQ_LDS_UNALIGNED_STALL",0.00000000e+00
"47__128_16_512_8",36,16,"SQ_LDS_BANK_CONFLICT",48.000000
"47__128_16_512_8",36,16,"SQ_LDS_UNALIGNED_STALL",0.00000000e+00
"47__128_16_512_16",36,16,"SQ_LDS_BANK_CONFLICT",192.000000
"47__128_16_512_16",36,16,"SQ_LDS_UNALIGNED_STALL",0.00000000e+00
"47__1024_8",40,16,"SQ_LDS_BANK_CONFLICT",512.000000
"47__1024_8",40,16,"SQ_LDS_UNALIGNED_STALL",0.00000000e+00
"47__1024_8_8192_8",40,16,"SQ_LDS_BANK_CONFLICT",512.000000
"47__1024_8_8192_8",40,16,"SQ_LDS_UNALIGNED_STALL",0.00000000e+00
"47__1024_8_8192_16",40,16,"SQ_LDS_BANK_CONFLICT",512.000000
"47__1024_8_8192_16",40,16,"SQ_LDS_UNALIGNED_STALL",0.00000000e+00
"47__1024_16",40,16,"SQ_LDS_BANK_CONFLICT",448.000000
"47__1024_16",40,16,"SQ_LDS_UNALIGNED_STALL",0.00000000e+00
"47__1024_16_4096_8",40,16,"SQ_LDS_BANK_CONFLICT",448.000000
"47__1024_16_4096_8",40,16,"SQ_LDS_UNALIGNED_STALL",0.00000000e+00
"47__1024_16_4096_16",40,16,"SQ_LDS_BANK_CONFLICT",448.000000
"47__1024_16_4096_16",40,16,"SQ_LDS_UNALIGNED_STALL",0.00000000e+00
"47__64_8",40,16,"SQ_LDS_BANK_CONFLICT",384.000000
"47__64_8",40,16,"SQ_LDS_UNALIGNED_STALL",0.00000000e+00
"47__64_8_512_8",36,16,"SQ_LDS_BANK_CONFLICT",48.000000
"47__64_8_512_8",36,16,"SQ_LDS_UNALIGNED_STALL",0.00000000e+00
"47__64_8_512_16",36,16,"SQ_LDS_BANK_CONFLICT",192.000000
"47__64_8_512_16",36,16,"SQ_LDS_UNALIGNED_STALL",0.00000000e+00
"47__64_16",40,16,"SQ_LDS_BANK_CONFLICT",640.000000
"47__64_16",40,16,"SQ_LDS_UNALIGNED_STALL",0.00000000e+00
"47__64_16_256_8",36,16,"SQ_LDS_BANK_CONFLICT",112.000000
"47__64_16_256_8",36,16,"SQ_LDS_UNALIGNED_STALL",0.00000000e+00
"47__64_16_256_16",36,16,"SQ_LDS_BANK_CONFLICT",304.000000
"47__64_16_256_16",36,16,"SQ_LDS_UNALIGNED_STALL",0.00000000e+00
"47__256_8",40,16,"SQ_LDS_BANK_CONFLICT",128.000000
"47__256_8",40,16,"SQ_LDS_UNALIGNED_STALL",0.00000000e+00
"47__256_8_2048_8",40,16,"SQ_LDS_BANK_CONFLICT",128.000000
"47__256_8_2048_8",40,16,"SQ_LDS_UNALIGNED_STALL",0.00000000e+00
"47__256_8_2048_16",40,16,"SQ_LDS_BANK_CONFLICT",64.000000
"47__256_8_2048_16",40,16,"SQ_LDS_UNALIGNED_STALL",0.00000000e+00
"47__256_16",40,16,"SQ_LDS_BANK_CONFLICT",384.000000
"47__256_16",40,16,"SQ_LDS_UNALIGNED_STALL",0.00000000e+00
"47__256_16_1024_8",36,16,"SQ_LDS_BANK_CONFLICT",112.000000
"47__256_16_1024_8",36,16,"SQ_LDS_UNALIGNED_STALL",0.00000000e+00
"47__256_16_1024_16",36,16,"SQ_LDS_BANK_CONFLICT",144.000000
"47__256_16_1024_16",36,16,"SQ_LDS_UNALIGNED_STALL",0.00000000e+00
"47__512_8",40,16,"SQ_LDS_BANK_CONFLICT",192.000000
"47__512_8",40,16,"SQ_LDS_UNALIGNED_STALL",0.00000000e+00
"47__512_8_4096_8",40,16,"SQ_LDS_BANK_CONFLICT",192.000000
"47__512_8_4096_8",40,16,"SQ_LDS_UNALIGNED_STALL",0.00000000e+00
"47__512_8_4096_16",40,16,"SQ_LDS_BANK_CONFLICT",192.000000
"47__512_8_4096_16",40,16,"SQ_LDS_UNALIGNED_STALL",0.00000000e+00
"47__512_16",40,16,"SQ_LDS_BANK_CONFLICT",256.000000
"47__512_16",40,16,"SQ_LDS_UNALIGNED_STALL",0.00000000e+00
"47__512_16_2048_8",40,16,"SQ_LDS_BANK_CONFLICT",256.000000
"47__512_16_2048_8",40,16,"SQ_LDS_UNALIGNED_STALL",0.00000000e+00
"47__512_16_2048_16",40,16,"SQ_LDS_BANK_CONFLICT",192.000000
"47__512_16_2048_16",40,16,"SQ_LDS_UNALIGNED_STALL",0.00000000e+00
"48__256_4",32,16,"SQ_LDS_BANK_CONFLICT",128.000000
"48__256_4",32,16,"SQ_LDS_UNALIGNED_STALL",0.00000000e+00
"48__256_4_4096_4",32,16,"SQ_LDS_BANK_CONFLICT",128.000000
"48__256_4_4096_4",32,16,"SQ_LDS_UNALIGNED_STALL",0.00000000e+00
"48__256_4_4096_8",32,16,"SQ_LDS_BANK_CONFLICT",128.000000
"48__256_4_4096_8",32,16,"SQ_LDS_UNALIGNED_STALL",0.00000000e+00
"48__256_4_4096_16",32,16,"SQ_LDS_BANK_CONFLICT",0.00000000e+00
"48__256_4_4096_16",32,16,"SQ_LDS_UNALIGNED_STALL",0.00000000e+00
"48__256_8",32,16,"SQ_LDS_BANK_CONFLICT",512.000000
"48__256_8",32,16,"SQ_LDS_UNALIGNED_STALL",0.00000000e+00
"48__256_8_2048_4",36,16,"SQ_LDS_BANK_CONFLICT",384.000000
"48__256_8_2048_4",36,16,"SQ_LDS_UNALIGNED_STALL",0.00000000e+00
"48__256_8_2048_8",36,16,"SQ_LDS_BANK_CONFLICT",256.000000
"48__256_8_2048_8",36,16,"SQ_LDS_UNALIGNED_STALL",0.00000000e+00
"48__256_8_2048_16",36,16,"SQ_LDS_BANK_CONFLICT",128.000000
"48__256_8_2048_16",36,16,"SQ_LDS_UNALIGNED_STALL",0.00000000e+00
"48__256_16",36,16,"SQ_LDS_BANK_CONFLICT",768.000000
"48__256_16",36,16,"SQ_LDS_UNALIGNED_STALL",0.00000000e+00
"48__256_16_1024_4",36,16,"SQ_LDS_BANK_CONFLICT",128.000000
"48__256_16_1024_4",36,16,"SQ_LDS_UNALIGNED_STALL",0.00000000e+00
"48__256_16_1024_8",36,16,"SQ_LDS_BANK_CONFLICT",128.000000
"48__256_16_1024_8",36,16,"SQ_LDS_UNALIGNED_STALL",0.00000000e+00
"48__256_16_1024_16",36,16,"SQ_LDS_BANK_CONFLICT",512.000000
"48__256_16_1024_16",36,16,"SQ_LDS_UNALIGNED_STALL",0.00000000e+00
"48__2048_4",36,16,"SQ_LDS_BANK_CONFLICT",1280.000000
"48__2048_4",36,16,"SQ_LDS_UNALIGNED_STALL",0.00000000e+00
"48__2048_4_32768_4",36,16,"SQ_LDS_BANK_CONFLICT",1280.000000
"48__2048_4_32768_4",36,16,"SQ_LDS_UNALIGNED_STALL",0.00000000e+00
"48__2048_4_32768_8",36,16,"SQ_LDS_BANK_CONFLICT",1280.000000
"48__2048_4_32768_8",36,16,"SQ_LDS_UNALIGNED_STALL",0.00000000e+00
"48__2048_4_32768_16",36,16,"SQ_LDS_BANK_CONFLICT",1280.000000
"48__2048_4_32768_16",36,16,"SQ_LDS_UNALIGNED_STALL",0.00000000e+00
"48__2048_8",36,16,"SQ_LDS_BANK_CONFLICT",1024.000000
"48__2048_8",36,16,"SQ_LDS_UNALIGNED_STALL",0.00000000e+00
"48__2048_8_16384_4",36,16,"SQ_LDS_BANK_CONFLICT",1024.000000
"48__2048_8_16384_4",36,16,"SQ_LDS_UNALIGNED_STALL",0.00000000e+00
"48__2048_8_16384_8",36,16,"SQ_LDS_BANK_CONFLICT",1024.000000
"48__2048_8_16384_8",36,16,"SQ_LDS_UNALIGNED_STALL",0.00000000e+00
"48__2048_8_16384_16",36,16,"SQ_LDS_BANK_CONFLICT",1024.000000
"48__2048_8_16384_16",36,16,"SQ_LDS_UNALIGNED_STALL",0.00000000e+00
"48__2048_16",36,16,"SQ_LDS_BANK_CONFLICT",896.000000
"48__2048_16",36,16,"SQ_LDS_UNALIGNED_STALL",0.00000000e+00
"48__2048_16_8192_4",36,16,"SQ_LDS_BANK_CONFLICT",896.000000
"48__2048_16_8192_4",36,16,"SQ_LDS_UNALIGNED_STALL",0.00000000e+00
"48__2048_16_8192_8",36,16,"SQ_LDS_BANK_CONFLICT",896.000000
"48__2048_16_8192_8",36,16,"SQ_LDS_UNALIGNED_STALL",0.00000000e+00
"48__2048_16_8192_16",36,16,"SQ_LDS_BANK_CONFLICT",896.000000
"48__2048_16_8192_16",36,16,"SQ_LDS_UNALIGNED_STALL",0.00000000e+00
"48__64_4",36,16,"SQ_LDS_BANK_CONFLICT",768.000000
"48__64_4",36,16,"SQ_LDS_UNALIGNED_STALL",0.00000000e+00
"48__64_4_1024_4",32,16,"SQ_LDS_BANK_CONFLICT",128.000000
"48__64_4_1024_4",32,16,"SQ_LDS_UNALIGNED_STALL",0.00000000e+00
"48__64_4_1024_8",32,16,"SQ_LDS_BANK_CONFLICT",128.000000
"48__64_4_1024_8",32,16,"SQ_LDS_UNALIGNED_STALL",0.00000000e+00
"48__64_4_1024_16",32,16,"SQ_LDS_BANK_CONFLICT",512.000000
"48__64_4_1024_16",32,16,"SQ_LDS_UNALIGNED_STALL",0.00000000e+00
"48__64_8",36,16,"SQ_LDS_BANK_CONFLICT",1280.000000
"48__64_8",36,16,"SQ_LDS_UNALIGNED_STALL",0.00000000e+00
"48__64_8_512_4",40,16,"SQ_LDS_BANK_CONFLICT",0.00000000e+00
"48__64_8_512_4",40,16,"SQ_LDS_UNALIGNED_STALL",0.00000000e+00
"48__64_8_512_8",40,16,"SQ_LDS_BANK_CONFLICT",256.000000
"48__64_8_512_8",40,16,"SQ_LDS_UNALIGNED_STALL",0.00000000e+00
"48__64_8_512_16",40,16,"SQ_LDS_BANK_CONFLICT",768.000000
"48__64_8_512_16",40,16,"SQ_LDS_UNALIGNED_STALL",0.00000000e+00
"48__64_16",36,16,"SQ_LDS_BANK_CONFLICT",2304.000000
"48__64_16",36,16,"SQ_LDS_UNALIGNED_STALL",0.00000000e+00
"48__64_16_256_4",40,16,"SQ_LDS_BANK_CONFLICT",128.000000
"48__64_16_256_4",40,16,"SQ_LDS_UNALIGNED_STALL",0.00000000e+00
"48__64_16_256_8",40,16,"SQ_LDS_BANK_CONFLICT",512.000000
"48__64_16_256_8",40,16,"SQ_LDS_UNALIGNED_STALL",0.00000000e+00
"48__64_16_256_16",40,16,"SQ_LDS_BANK_CONFLICT",768.000000
"48__64_16_256_16",40,16,"SQ_LDS_UNALIGNED_STALL",0.00000000e+00
"48__512_4",32,16,"SQ_LDS_BANK_CONFLICT",128.000000
"48__512_4",32,16,"SQ_LDS_UNALIGNED_STALL",0.00000000e+00
"48__512_4_8192_4",32,16,"SQ_LDS_BANK_CONFLICT",128.000000
"48__512_4_8192_4",32,16,"SQ_LDS_UNALIGNED_STALL",0.00000000e+00
"48__512_4_8192_8",32,16,"SQ_LDS_BANK_CONFLICT",128.000000
"48__512_4_8192_8",32,16,"SQ_LDS_UNALIGNED_STALL",0.00000000e+00
"48__512_4_8192_16",32,16,"SQ_LDS_BANK_CONFLICT",128.000000
"48__512_4_8192_16",32,16,"SQ_LDS_UNALIGNED_STALL",0.00000000e+00
"48__512_8",32,16,"SQ_LDS_BANK_CONFLICT",256.000000
"48__512_8",32,16,"SQ_LDS_UNALIGNED_STALL",0.00000000e+00
"48__512_8_4096_4",32,16,"SQ_LDS_BANK_CONFLICT",256.000000
"48__512_8_4096_4",32,16,"SQ_LDS_UNALIGNED_STALL",0.00000000e+00
"48__512_8_4096_8",32,16,"SQ_LDS_BANK_CONFLICT",256.000000
"48__512_8_4096_8",32,16,"SQ_LDS_UNALIGNED_STALL",0.00000000e+00
"48__512_8_4096_16",32,16,"SQ_LDS_BANK_CONFLICT",128.000000
"48__512_8_4096_16",32,16,"SQ_LDS_UNALIGNED_STALL",0.00000000e+00
"48__512_16",32,16,"SQ_LDS_BANK_CONFLICT",768.000000
"48__512_16",32,16,"SQ_LDS_UNALIGNED_STALL",0.00000000e+00
"48__512_16_2048_4",36,16,"SQ_LDS_BANK_CONFLICT",512.000000
"48__512_16_2048_4",36,16,"SQ_LDS_UNALIGNED_STALL",0.00000000e+00
"48__512_16_2048_8",36,16,"SQ_LDS_BANK_CONFLICT",256.000000
"48__512_16_2048_8",36,16,"SQ_LDS_UNALIGNED_STALL",0.00000000e+00
"48__512_16_2048_16",36,16,"SQ_LDS_BANK_CONFLICT",384.000000
"48__512_16_2048_16",36,16,"SQ_LDS_UNALIGNED_STALL",0.00000000e+00
"48__1024_4",32,16,"SQ_LDS_BANK_CONFLICT",512.000000
"48__1024_4",32,16,"SQ_LDS_UNALIGNED_STALL",0.00000000e+00
"48__1024_4_16384_4",32,16,"SQ_LDS_BANK_CONFLICT",512.000000
"48__1024_4_16384_4",32,16,"SQ_LDS_UNALIGNED_STALL",0.00000000e+00
"48__1024_4_16384_8",32,16,"SQ_LDS_BANK_CONFLICT",512.000000
"48__1024_4_16384_8",32,16,"SQ_LDS_UNALIGNED_STALL",0.00000000e+00
"48__1024_4_16384_16",32,16,"SQ_LDS_BANK_CONFLICT",512.000000
"48__1024_4_16384_16",32,16,"SQ_LDS_UNALIGNED_STALL",0.00000000e+00
"48__1024_8",32,16,"SQ_LDS_BANK_CONFLICT",384.000000
"48__1024_8",32,16,"SQ_LDS_UNALIGNED_STALL",0.00000000e+00
"48__1024_8_8192_4",32,16,"SQ_LDS_BANK_CONFLICT",384.000000
"48__1024_8_8192_4",32,16,"SQ_LDS_UNALIGNED_STALL",0.00000000e+00
"48__1024_8_8192_8",32,16,"SQ_LDS_BANK_CONFLICT",384.000000
"48__1024_8_8192_8",32,16,"SQ_LDS_UNALIGNED_STALL",0.00000000e+00
"48__1024_8_8192_16",32,16,"SQ_LDS_BANK_CONFLICT",384.000000
"48__1024_8_8192_16",32,16,"SQ_LDS_UNALIGNED_STALL",0.00000000e+00
"48__1024_16",32,16,"SQ_LDS_BANK_CONFLICT",512.000000
"48__1024_16",32,16,"SQ_LDS_UNALIGNED_STALL",0.00000000e+00
"48__1024_16_4096_4",32,16,"SQ_LDS_BANK_CONFLICT",512.000000
"48__1024_16_4096_4",32,16,"SQ_LDS_UNALIGNED_STALL",0.00000000e+00
"48__1024_16_4096_8",32,16,"SQ_LDS_BANK_CONFLICT",512.000000
"48__1024_16_4096_8",32,16,"SQ_LDS_UNALIGNED_STALL",0.00000000e+00
"48__1024_16_4096_16",32,16,"SQ_LDS_BANK_CONFLICT",384.000000
"48__1024_16_4096_16",32,16,"SQ_LDS_UNALIGNED_STALL",0.00000000e+00
"49__256_4",36,16,"SQ_LDS_BANK_CONFLICT",128.000000
"49__256_4",36,16,"SQ_LDS_UNALIGNED_STALL",0.00000000e+00
"49__256_4_4096_4",36,16,"SQ_LDS_BANK_CONFLICT",128.000000
"49__256_4_4096_4",36,16,"SQ_LDS_UNALIGNED_STALL",0.00000000e+00
"49__256_4_4096_8",36,16,"SQ_LDS_BANK_CONFLICT",128.000000
"49__256_4_4096_8",36,16,"SQ_LDS_UNALIGNED_STALL",0.00000000e+00
"49__256_4_4096_16",36,16,"SQ_LDS_BANK_CONFLICT",0.00000000e+00
"49__256_4_4096_16",36,16,"SQ_LDS_UNALIGNED_STALL",0.00000000e+00
"49__256_8",36,16,"SQ_LDS_BANK_CONFLICT",512.000000
"49__256_8",36,16,"SQ_LDS_UNALIGNED_STALL",0.00000000e+00
"49__256_8_2048_4",44,16,"SQ_LDS_BANK_CONFLICT",416.000000
"49__256_8_2048_4",44,16,"SQ_LDS_UNALIGNED_STALL",0.00000000e+00
"49__256_8_2048_8",44,16,"SQ_LDS_BANK_CONFLICT",224.000000
"49__256_8_2048_8",44,16,"SQ_LDS_UNALIGNED_STALL",0.00000000e+00
"49__256_8_2048_16",44,16,"SQ_LDS_BANK_CONFLICT",96.000000
"49__256_8_2048_16",44,16,"SQ_LDS_UNALIGNED_STALL",0.00000000e+00
"49__256_16",36,16,"SQ_LDS_BANK_CONFLICT",768.000000
"49__256_16",36,16,"SQ_LDS_UNALIGNED_STALL",0.00000000e+00
"49__256_16_1024_4",44,16,"SQ_LDS_BANK_CONFLICT",160.000000
"49__256_16_1024_4",44,16,"SQ_LDS_UNALIGNED_STALL",0.00000000e+00
"49__256_16_1024_8",44,16,"SQ_LDS_BANK_CONFLICT",96.000000
"49__256_16_1024_8",44,16,"SQ_LDS_UNALIGNED_STALL",0.00000000e+00
"49__256_16_1024_16",44,16,"SQ_LDS_BANK_CONFLICT",384.000000
"49__256_16_1024_16",44,16,"SQ_LDS_UNALIGNED_STALL",0.00000000e+00
"49__2048_4",36,16,"SQ_LDS_BANK_CONFLICT",1280.000000
"49__2048_4",36,16,"SQ_LDS_UNALIGNED_STALL",0.00000000e+00
"49__2048_4_32768_4",36,16,"SQ_LDS_BANK_CONFLICT",1280.000000
"49__2048_4_32768_4",36,16,"SQ_LDS_UNALIGNED_STALL",0.00000000e+00
"49__2048_4_32768_8",36,16,"SQ_LDS_BANK_CONFLICT",1280.000000
"49__2048_4_32768_8",36,16,"SQ_LDS_UNALIGNED_STALL",0.00000000e+00
"49__2048_4_32768_16",36,16,"SQ_LDS_BANK_CONFLICT",1280.000000
"49__2048_4_32768_16",36,16,"SQ_LDS_UNALIGNED_STALL",0.00000000e+00
"49__2048_8",36,16,"SQ_LDS_BANK_CONFLICT",1024.000000
"49__2048_8",36,16,"SQ_LDS_UNALIGNED_STALL",0.00000000e+00
"49__2048_8_16384_4",36,16,"SQ_LDS_BANK_CONFLICT",1024.000000
"49__2048_8_16384_4",36,16,"SQ_LDS_UNALIGNED_STALL",0.00000000e+00
"49__2048_8_16384_8",36,16,"SQ_LDS_BANK_CONFLICT",1024.000000
"49__2048_8_16384_8",36,16,"SQ_LDS_UNALIGNED_STALL",0.00000000e+00
"49__2048_8_16384_16",36,16,"SQ_LDS_BANK_CONFLICT",1024.000000
"49__2048_8_16384_16",36,16,"SQ_LDS_UNALIGNED_STALL",0.00000000e+00
"49__2048_16",36,16,"SQ_LDS_BANK_CONFLICT",896.000000
"49__2048_16",36,16,"SQ_LDS_UNALIGNED_STALL",0.00000000e+00
"49__2048_16_8192_4",36,16,"SQ_LDS_BANK_CONFLICT",896.000000
"49__2048_16_8192_4",36,16,"SQ_LDS_UNALIGNED_STALL",0.00000000e+00
"49__2048_16_8192_8",36,16,"SQ_LDS_BANK_CONFLICT",896.000000
"49__2048_16_8192_8",36,16,"SQ_LDS_UNALIGNED_STALL",0.00000000e+00
"49__2048_16_8192_16",36,16,"SQ_LDS_BANK_CONFLICT",896.000000
"49__2048_16_8192_16",36,16,"SQ_LDS_UNALIGNED_STALL",0.00000000e+00
"49__64_4",36,16,"SQ_LDS_BANK_CONFLICT",768.000000
"49__64_4",36,16,"SQ_LDS_UNALIGNED_STALL",0.00000000e+00
"49__64_4_1024_4",48,16,"SQ_LDS_BANK_CONFLICT",160.000000
"49__64_4_1024_4",48,16,"SQ_LDS_UNALIGNED_STALL",0.00000000e+00
"49__64_4_1024_8",44,16,"SQ_LDS_BANK_CONFLICT",96.000000
"49__64_4_1024_8",44,16,"SQ_LDS_UNALIGNED_STALL",0.00000000e+00
"49__64_4_1024_16",44,16,"SQ_LDS_BANK_CONFLICT",384.000000
"49__64_4_1024_16",44,16,"SQ_LDS_UNALIGNED_STALL",0.00000000e+00
"49__64_8",36,16,"SQ_LDS_BANK_CONFLICT",1280.000000
"49__64_8",36,16,"SQ_LDS_UNALIGNED_STALL",0.00000000e+00
"49__64_8_512_4",52,16,"SQ_LDS_BANK_CONFLICT",32.000000
"49__64_8_512_4",52,16,"SQ_LDS_UNALIGNED_STALL",0.00000000e+00
"49__64_8_512_8",52,16,"SQ_LDS_BANK_CONFLICT",224.000000
"49__64_8_512_8",52,16,"SQ_LDS_UNALIGNED_STALL",0.00000000e+00
"49__64_8_512_16",52,16,"SQ_LDS_BANK_CONFLICT",608.000000
"49__64_8_512_16",52,16,"SQ_LDS_UNALIGNED_STALL",0.00000000e+00
"49__64_16",36,16,"SQ_LDS_BANK_CONFLICT",2304.000000
"49__64_16",36,16,"SQ_LDS_UNALIGNED_STALL",0.00000000e+00
"49__64_16_256_4",60,16,"SQ_LDS_BANK_CONFLICT",160.000000
"49__64_16_256_4",60,16,"SQ_LDS_UNALIGNED_STALL",0.00000000e+00
"49__64_16_256_8",60,16,"SQ_LDS_BANK_CONFLICT",448.000000
"49__64_16_256_8",60,16,"SQ_LDS_UNALIGNED_STALL",0.00000000e+00
"49__64_16_256_16",60,16,"SQ_LDS_BANK_CONFLICT",608.000000
"49__64_16_256_16",60,16,"SQ_LDS_UNALIGNED_STALL",0.00000000e+00
"49__512_4",36,16,"SQ_LDS_BANK_CONFLICT",128.000000
"49__512_4",36,16,"SQ_LDS_UNALIGNED_STALL",0.00000000e+00
"49__512_4_8192_4",36,16,"SQ_LDS_BANK_CONFLICT",128.000000
"49__512_4_8192_4",36,16,"SQ_LDS_UNALIGNED_STALL",0.00000000e+00
"49__512_4_8192_8",36,16,"SQ_LDS_BANK_CONFLICT",128.000000
"49__512_4_8192_8",36,16,"SQ_LDS_UNALIGNED_STALL",0.00000000e+00
"49__512_4_8192_16",36,16,"SQ_LDS_BANK_CONFLICT",128.000000
"49__512_4_8192_16",36,16,"SQ_LDS_UNALIGNED_STALL",0.00000000e+00
"49__512_8",36,16,"SQ_LDS_BANK_CONFLICT",256.000000
"49__512_8",36,16,"SQ_LDS_UNALIGNED_STALL",0.00000000e+00
"49__512_8_4096_4",36,16,"SQ_LDS_BANK_CONFLICT",256.000000
"49__512_8_4096_4",36,16,"SQ_LDS_UNALIGNED_STALL",0.00000000e+00
"49__512_8_4096_8",36,16,"SQ_LDS_BANK_CONFLICT",256.000000
"49__512_8_4096_8",36,16,"SQ_LDS_UNALIGNED_STALL",0.00000000e+00
"49__512_8_4096_16",36,16,"SQ_LDS_BANK_CONFLICT",128.000000
"49__512_8_4096_16",36,16,"SQ_LDS_UNALIGNED_STALL",0.00000000e+00
"49__512_16",36,16,"SQ_LDS_BANK_CONFLICT",768.000000
"49__512_16",36,16,"SQ_LDS_UNALIGNED_STALL",0.00000000e+00
"49__512_16_2048_4",44,16,"SQ_LDS_BANK_CONFLICT",480.000000
"49__512_16_2048_4",44,16,"SQ_LDS_UNALIGNED_STALL",0.00000000e+00
"49__512_16_2048_8",44,16,"SQ_LDS_BANK_CONFLICT",224.000000
"49__512_16_2048_8",44,16,"SQ_LDS_UNALIGNED_STALL",0.00000000e+00
"49__512_16_2048_16",44,16,"SQ_LDS_BANK_CONFLICT",288.000000
"49__512_16_2048_16",44,16,"SQ_LDS_UNALIGNED_STALL",0.00000000e+00
"49__1024_4",36,16,"SQ_LDS_BANK_CONFLICT",512.000000
"49__1024_4",36,16,"SQ_LDS_UNALIGNED_STALL",0.00000000e+00
"49__1024_4_16384_4",36,16,"SQ_LDS_BANK_CONFLICT",512.000000
"49__1024_4_16384_4",36,16,"SQ_LDS_UNALIGNED_STALL",0.00000000e+00
"49__1024_4_16384_8",36,16,"SQ_LDS_BANK_CONFLICT",512.000000
"49__1024_4_16384_8",36,16,"SQ_LDS_UNALIGNED_STALL",0.00000000e+00
"49__1024_4_16384_16",36,16,"SQ_LDS_BANK_CONFLICT",512.000000
"49__1024_4_16384_16",36,16,"SQ_LDS_UNALIGNED_STALL",0.00000000e+00
"49__1024_8",36,16,"SQ_LDS_BANK_CONFLICT",384.000000
"49__1024_8",36,16,"SQ_LDS_UNALIGNED_STALL",0.00000000e+00
"49__1024_8_8192_4",36,16,"SQ_LDS_BANK_CONFLICT",384.000000
"49__1024_8_8192_4",36,16,"SQ_LDS_UNALIGNED_STALL",0.00000000e+00
"49__1024_8_8192_8",36,16,"SQ_LDS_BANK_CONFLICT",384.000000
"49__1024_8_8192_8",36,16,"SQ_LDS_UNALIGNED_STALL",0.00000000e+00
"49__1024_8_8192_16",36,16,"SQ_LDS_BANK_CONFLICT",384.000000
"49__1024_8_8192_16",36,16,"SQ_LDS_UNALIGNED_STALL",0.00000000e+00
"49__1024_16",36,16,"SQ_LDS_BANK_CONFLICT",512.000000
"49__1024_16",36,16,"SQ_LDS_UNALIGNED_STALL",0.00000000e+00
"49__1024_16_4096_4",36,16,"SQ_LDS_BANK_CONFLICT",512.000000
"49__1024_16_4096_4",36,16,"SQ_LDS_UNALIGNED_STALL",0.00000000e+00
"49__1024_16_4096_8",36,16,"SQ_LDS_BANK_CONFLICT",512.000000
"49__1024_16_4096_8",36,16,"SQ_LDS_UNALIGNED_STALL",0.00000000e+00
"49__1024_16_4096_16",36,16,"SQ_LDS_BANK_CONFLICT",384.000000
"49__1024_16_4096_16",36,16,"SQ_LDS_UNALIGNED_STALL",0.00000000e+00
"50__256_4",40,16,"SQ_LDS_BANK_CONFLICT",128.000000
"50__256_4",40,16,"SQ_LDS_UNALIGNED_STALL",0.00000000e+00
"50__256_4_4096_4",40,16,"SQ_LDS_BANK_CONFLICT",128.000000
"50__256_4_4096_4",40,16,"SQ_LDS_UNALIGNED_STALL",0.00000000e+00
"50__256_4_4096_8",40,16,"SQ_LDS_BANK_CONFLICT",128.000000
"50__256_4_4096_8",40,16,"SQ_LDS_UNALIGNED_STALL",0.00000000e+00
"50__256_4_4096_16",40,16,"SQ_LDS_BANK_CONFLICT",0.00000000e+00
"50__256_4_4096_16",40,16,"SQ_LDS_UNALIGNED_STALL",0.00000000e+00
"50__256_8",40,16,"SQ_LDS_BANK_CONFLICT",512.000000
"50__256_8",40,16,"SQ_LDS_UNALIGNED_STALL",0.00000000e+00
"50__256_8_2048_4",32,16,"SQ_LDS_BANK_CONFLICT",384.000000
"50__256_8_2048_4",32,16,"SQ_LDS_UNALIGNED_STALL",0.00000000e+00
"50__256_8_2048_8",32,16,"SQ_LDS_BANK_CONFLICT",256.000000
"50__256_8_2048_8",32,16,"SQ_LDS_UNALIGNED_STALL",0.00000000e+00
"50__256_8_2048_16",32,16,"SQ_LDS_BANK_CONFLICT",128.000000
"50__256_8_2048_16",32,16,"SQ_LDS_UNALIGNED_STALL",0.00000000e+00
"50__256_16",36,16,"SQ_LDS_BANK_CONFLICT",768.000000
"50__256_16",36,16,"SQ_LDS_UNALIGNED_STALL",0.00000000e+00
"50__256_16_1024_4",32,16,"SQ_LDS_BANK_CONFLICT",128.000000
"50__256_16_1024_4",32,16,"SQ_LDS_UNALIGNED_STALL",0.00000000e+00
"50__256_16_1024_8",32,16,"SQ_LDS_BANK_CONFLICT",128.000000
"50__256_16_1024_8",32,16,"SQ_LDS_UNALIGNED_STALL",0.00000000e+00
"50__256_16_1024_16",32,16,"SQ_LDS_BANK_CONFLICT",512.000000
"50__256_16_1024_16",32,16,"SQ_LDS_UNALIGNED_STALL",0.00000000e+00
"50__2048_4",40,16,"SQ_LDS_BANK_CONFLICT",1280.000000
"50__2048_4",40,16,"SQ_LDS_UNALIGNED_STALL",0.00000000e+00
"50__2048_4_32768_4",40,16,"SQ_LDS_BANK_CONFLICT",1280.000000
"50__2048_4_32768_4",40,16,"SQ_LDS_UNALIGNED_STALL",0.00000000e+00
"50__2048_4_32768_8",40,16,"SQ_LDS_BANK_CONFLICT",1280.000000
"50__2048_4_32768_8",40,16,"SQ_LDS_UNALIGNED_STALL",0.00000000e+00
"50__2048_4_32768_16",40,16,"SQ_LDS_BANK_CONFLICT",1280.000000
"50__2048_4_32768_16",40,16,"SQ_LDS_UNALIGNED_STALL",0.00000000e+00
"50__2048_8",40,16,"SQ_LDS_BANK_CONFLICT",1024.000000
"50__2048_8",40,16,"SQ_LDS_UNALIGNED_STALL",0.00000000e+00
"50__2048_8_16384_4",40,16,"SQ_LDS_BANK_CONFLICT",1024.000000
"50__2048_8_16384_4",40,16,"SQ_LDS_UNALIGNED_STALL",0.00000000e+00
"50__2048_8_16384_8",40,16,"SQ_LDS_BANK_CONFLICT",1024.000000
"50__2048_8_16384_8",40,16,"SQ_LDS_UNALIGNED_STALL",0.00000000e+00
"50__2048_8_16384_16",40,16,"SQ_LDS_BANK_CONFLICT",1024.000000
"50__2048_8_16384_16",40,16,"SQ_LDS_UNALIGNED_STALL",0.00000000e+00
"50__2048_16",40,16,"SQ_LDS_BANK_CONFLICT",896.000000
"50__2048_16",40,16,"SQ_LDS_UNALIGNED_STALL",0.00000000e+00
"50__2048_16_8192_4",40,16,"SQ_LDS_BANK_CONFLICT",896.000000
"50__2048_16_8192_4",40,16,"SQ_LDS_UNALIGNED_STALL",0.00000000e+00
"50__2048_16_8192_8",40,16,"SQ_LDS_BANK_CONFLICT",896.000000
"50__2048_16_8192_8",40,16,"SQ_LDS_UNALIGNED_STALL",0.00000000e+00
"50__2048_16_8192_16",40,16,"SQ_LDS_BANK_CONFLICT",896.000000
"50__2048_16_8192_16",40,16,"SQ_LDS_UNALIGNED_STALL",0.00000000e+00
"50__64_4",40,16,"SQ_LDS_BANK_CONFLICT",768.000000
"50__64_4",40,16,"SQ_LDS_UNALIGNED_STALL",0.00000000e+00
"50__64_4_1024_4",32,16,"SQ_LDS_BANK_CONFLICT",128.000000
"50__64_4_1024_4",32,16,"SQ_LDS_UNALIGNED_STALL",0.00000000e+00
"50__64_4_1024_8",32,16,"SQ_LDS_BANK_CONFLICT",128.000000
"50__64_4_1024_8",32,16,"SQ_LDS_UNALIGNED_STALL",0.00000000e+00
"50__64_4_1024_16",32,16,"SQ_LDS_BANK_CONFLICT",512.000000
"50__64_4_1024_16",32,16,"SQ_LDS_UNALIGNED_STALL",0.00000000e+00
"50__64_8",40,16,"SQ_LDS_BANK_CONFLICT",1280.000000
"50__64_8",40,16,"SQ_LDS_UNALIGNED_STALL",0.00000000e+00
"50__64_8_512_4",36,16,"SQ_LDS_BANK_CONFLICT",0.00000000e+00
"50__64_8_512_4",36,16,"SQ_LDS_UNALIGNED_STALL",0.00000000e+00
"50__64_8_512_8",36,16,"SQ_LDS_BANK_CONFLICT",256.000000
"50__64_8_512_8",36,16,"SQ_LDS_UNALIGNED_STALL",0.00000000e+00
"50__64_8_512_16",36,16,"SQ_LDS_BANK_CONFLICT",768.000000
"50__64_8_512_16",36,16,"SQ_LDS_UNALIGNED_STALL",0.00000000e+00
"50__64_16",40,16,"SQ_LDS_BANK_CONFLICT",2304.000000
"50__64_16",40,16,"SQ_LDS_UNALIGNED_STALL",0.00000000e+00
"50__64_16_256_4",36,16,"SQ_LDS_BANK_CONFLICT",128.000000
"50__64_16_256_4",36,16,"SQ_LDS_UNALIGNED_STALL",0.00000000e+00
"50__64_16_256_8",36,16,"SQ_LDS_BANK_CONFLICT",512.000000
"50__64_16_256_8",36,16,"SQ_LDS_UNALIGNED_STALL",0.00000000e+00
"50__64_16_256_16",36,16,"SQ_LDS_BANK_CONFLICT",768.000000
"50__64_16_256_16",36,16,"SQ_LDS_UNALIGNED_STALL",0.00000000e+00
"50__512_4",36,16,"SQ_LDS_BANK_CONFLICT",128.000000
"50__512_4",36,16,"SQ_LDS_UNALIGNED_STALL",0.00000000e+00
"50__512_4_8192_4",36,16,"SQ_LDS_BANK_CONFLICT",128.000000
"50__512_4_8192_4",36,16,"SQ_LDS_UNALIGNED_STALL",0.00000000e+00
"50__512_4_8192_8",36,16,"SQ_LDS_BANK_CONFLICT",128.000000
"50__512_4_8192_8",36,16,"SQ_LDS_UNALIGNED_STALL",0.00000000e+00
"50__512_4_8192_16",36,16,"SQ_LDS_BANK_CONFLICT",128.000000
"50__512_4_8192_16",36,16,"SQ_LDS_UNALIGNED_STALL",0.00000000e+00
"50__512_8",36,16,"SQ_LDS_BANK_CONFLICT",256.000000
"50__512_8",36,16,"SQ_LDS_UNALIGNED_STALL",0.00000000e+00
"50__512_8_4096_4",40,16,"SQ_LDS_BANK_CONFLICT",256.000000
"50__512_8_4096_4",40,16,"SQ_LDS_UNALIGNED_STALL",0.00000000e+00
"50__512_8_4096_8",40,16,"SQ_LDS_BANK_CONFLICT",256.000000
"50__512_8_4096_8",40,16,"SQ_LDS_UNALIGNED_STALL",0.00000000e+00
"50__512_8_4096_16",40,16,"SQ_LDS_BANK_CONFLICT",128.000000
"50__512_8_4096_16",40,16,"SQ_LDS_UNALIGNED_STALL",0.00000000e+00
"50__512_16",40,16,"SQ_LDS_BANK_CONFLICT",768.000000
"50__512_16",40,16,"SQ_LDS_UNALIGNED_STALL",0.00000000e+00
"50__512_16_2048_4",32,16,"SQ_LDS_BANK_CONFLICT",512.000000
"50__512_16_2048_4",32,16,"SQ_LDS_UNALIGNED_STALL",0.00000000e+00
"50__512_16_2048_8",32,16,"SQ_LDS_BANK_CONFLICT",256.000000
"50__512_16_2048_8",32,16,"SQ_LDS_UNALIGNED_STALL",0.00000000e+00
"50__512_16_2048_16",32,16,"SQ_LDS_BANK_CONFLICT",384.000000
"50__512_16_2048_16",32,16,"SQ_LDS_UNALIGNED_STALL",0.00000000e+00
"50__1024_4",36,16,"SQ_LDS_BANK_CONFLICT",512.000000
"50__1024_4",36,16,"SQ_LDS_UNALIGNED_STALL",0.00000000e+00
"50__1024_4_16384_4",36,16,"SQ_LDS_BANK_CONFLICT",512.000000
"50__1024_4_16384_4",36,16,"SQ_LDS_UNALIGNED_STALL",0.00000000e+00
"50__1024_4_16384_8",36,16,"SQ_LDS_BANK_CONFLICT",512.000000
"50__1024_4_16384_8",36,16,"SQ_LDS_UNALIGNED_STALL",0.00000000e+00
"50__1024_4_16384_16",36,16,"SQ_LDS_BANK_CONFLICT",512.000000
"50__1024_4_16384_16",36,16,"SQ_LDS_UNALIGNED_STALL",0.00000000e+00
"50__1024_8",36,16,"SQ_LDS_BANK_CONFLICT",384.000000
"50__1024_8",36,16,"SQ_LDS_UNALIGNED_STALL",0.00000000e+00
"50__1024_8_8192_4",36,16,"SQ_LDS_BANK_CONFLICT",384.000000
"50__1024_8_8192_4",36,16,"SQ_LDS_UNALIGNED_STALL",0.00000000e+00
"50__1024_8_8192_8",36,16,"SQ_LDS_BANK_CONFLICT",384.000000
"50__1024_8_8192_8",36,16,"SQ_LDS_UNALIGNED_STALL",0.00000000e+00
"50__1024_8_8192_16",36,16,"SQ_LDS_BANK_CONFLICT",384.000000
"50__1024_8_8192_16",36,16,"SQ_LDS_UNALIGNED_STALL",0.00000000e+00
"50__1024_16",36,16,"SQ_LDS_BANK_CONFLICT",512.000000
"50__1024_16",36,16,"SQ_LDS_UNALIGNED_STALL",0.00000000e+00
"50__1024_16_4096_4",40,16,"SQ_LDS_BANK_CONFLICT",512.000000
"50__1024_16_4096_4",40,16,"SQ_LDS_UNALIGNED_STALL",0.00000000e+00
"50__1024_16_4096_8",40,16,"SQ_LDS_BANK_CONFLICT",512.000000
"50__1024_16_4096_8",40,16,"SQ_LDS_UNALIGNED_STALL",0.00000000e+00
"50__1024_16_4096_16",40,16,"SQ_LDS_BANK_CONFLICT",384.000000
"50__1024_16_4096_16",40,16,"SQ_LDS_UNALIGNED_STALL",0.00000000e+00
"51__256_4",40,16,"SQ_LDS_BANK_CONFLICT",128.000000
"51__256_4",40,16,"SQ_LDS_UNALIGNED_STALL",0.00000000e+00
"51__256_4_4096_4",40,16,"SQ_LDS_BANK_CONFLICT",128.000000
"51__256_4_4096_4",40,16,"SQ_LDS_UNALIGNED_STALL",0.00000000e+00
"51__256_4_4096_8",40,16,"SQ_LDS_BANK_CONFLICT",128.000000
"51__256_4_4096_8",40,16,"SQ_LDS_UNALIGNED_STALL",0.00000000e+00
"51__256_4_4096_16",40,16,"SQ_LDS_BANK_CONFLICT",0.00000000e+00
"51__256_4_4096_16",40,16,"SQ_LDS_UNALIGNED_STALL",0.00000000e+00
"51__256_8",40,16,"SQ_LDS_BANK_CONFLICT",512.000000
"51__256_8",40,16,"SQ_LDS_UNALIGNED_STALL",0.00000000e+00
"51__256_8_2048_4",44,16,"SQ_LDS_BANK_CONFLICT",416.000000
"51__256_8_2048_4",44,16,"SQ_LDS_UNALIGNED_STALL",0.00000000e+00
"51__256_8_2048_8",44,16,"SQ_LDS_BANK_CONFLICT",224.000000
"51__256_8_2048_8",44,16,"SQ_LDS_UNALIGNED_STALL",0.00000000e+00
"51__256_8_2048_16",44,16,"SQ_LDS_BANK_CONFLICT",96.000000
"51__256_8_2048_16",44,16,"SQ_LDS_UNALIGNED_STALL",0.00000000e+00
"51__256_16",40,16,"SQ_LDS_BANK_CONFLICT",768.000000
"51__256_16",40,16,"SQ_LDS_UNALIGNED_STALL",0.00000000e+00
"51__256_16_1024_4",44,16,"SQ_LDS_BANK_CONFLICT",160.000000
"51__256_16_1024_4",44,16,"SQ_LDS_UNALIGNED_STALL",0.00000000e+00
"51__256_16_1024_8",44,16,"SQ_LDS_BANK_CONFLICT",96.000000
"51__256_16_1024_8",44,16,"SQ_LDS_UNALIGNED_STALL",0.00000000e+00
"51__256_16_1024_16",44,16,"SQ_LDS_BANK_CONFLICT",384.000000
"51__256_16_1024_16",44,16,"SQ_LDS_UNALIGNED_STALL",0.00000000e+00
"51__2048_4",40,16,"SQ_LDS_BANK_CONFLICT",1280.000000
"51__2048_4",40,16,"SQ_LDS_UNALIGNED_STALL",0.00000000e+00
"51__2048_4_32768_4",40,16,"SQ_LDS_BANK_CONFLICT",1280.000000
"51__2048_4_32768_4",40,16,"SQ_LDS_UNALIGNED_STALL",0.00000000e+00
"51__2048_4_32768_8",40,16,"SQ_LDS_BANK_CONFLICT",1280.000000
"51__2048_4_32768_8",40,16,"SQ_LDS_UNALIGNED_STALL",0.00000000e+00
"51__2048_4_32768_16",40,16,"SQ_LDS_BANK_CONFLICT",1280.000000
"51__2048_4_32768_16",40,16,"SQ_LDS_UNALIGNED_STALL",0.00000000e+00
"51__2048_8",40,16,"SQ_LDS_BANK_CONFLICT",1024.000000
"51__2048_8",40,16,"SQ_LDS_UNALIGNED_STALL",0.00000000e+00
"51__2048_8_16384_4",40,16,"SQ_LDS_BANK_CONFLICT",1024.000000
"51__2048_8_16384_4",40,16,"SQ_LDS_UNALIGNED_STALL",0.00000000e+00
"51__2048_8_16384_8",40,16,"SQ_LDS_BANK_CONFLICT",1024.000000
"51__2048_8_16384_8",40,16,"SQ_LDS_UNALIGNED_STALL",0.00000000e+00
"51__2048_8_16384_16",40,16,"SQ_LDS_BANK_CONFLICT",1024.000000
"51__2048_8_16384_16",40,16,"SQ_LDS_UNALIGNED_STALL",0.00000000e+00
"51__2048_16",40,16,"SQ_LDS_BANK_CONFLICT",896.000000
"51__2048_16",40,16,"SQ_LDS_UNALIGNED_STALL",0.00000000e+00
"51__2048_16_8192_4",40,16,"SQ_LDS_BANK_CONFLICT",896.000000
"51__2048_16_8192_4",40,16,"SQ_LDS_UNALIGNED_STALL",0.00000000e+00
"51__2048_16_8192_8",40,16,"SQ_LDS_BANK_CONFLICT",896.000000
"51__2048_16_8192_8",40,16,"SQ_LDS_UNALIGNED_STALL",0.00000000e+00
"51__2048_16_8192_16",40,16,"SQ_LDS_BANK_CONFLICT",896.000000
"51__2048_16_8192_16",40,16,"SQ_LDS_UNALIGNED_STALL",0.00000000e+00
"51__64_4",40,16,"SQ_LDS_BANK_CONFLICT",768.000000
"51__64_4",40,16,"SQ_LDS_UNALIGNED_STALL",0.00000000e+00
"51__64_4_1024_4",44,16,"SQ_LDS_BANK_CONFLICT",160.000000
"51__64_4_1024_4",44,16,"SQ_LDS_UNALIGNED_STALL",0.00000000e+00
"51__64_4_1024_8",44,16,"SQ_LDS_BANK_CONFLICT",96.000000
"51__64_4_1024_8",44,16,"SQ_LDS_UNALIGNED_STALL",0.00000000e+00
"51__64_4_1024_16",44,16,"SQ_LDS_BANK_CONFLICT",384.000000
"51__64_4_1024_16",44,16,"SQ_LDS_UNALIGNED_STALL",0.00000000e+00
"51__64_8",40,16,"SQ_LDS_BANK_CONFLICT",1280.000000
"51__64_8",40,16,"SQ_LDS_UNALIGNED_STALL",0.00000000e+00
"51__64_8_512_4",44,16,"SQ_LDS_BANK_CONFLICT",32.000000
"51__64_8_512_4",44,16,"SQ_LDS_UNALIGNED_STALL",0.00000000e+00
"51__64_8_512_8",44,16,"SQ_LDS_BANK_CONFLICT",224.000000
"51__64_8_512_8",44,16,"SQ_LDS_UNALIGNED_STALL",0.00000000e+00
"51__64_8_512_16",44,16,"SQ_LDS_BANK_CONFLICT",608.000000
"51__64_8_512_16",44,16,"SQ_LDS_UNALIGNED_STALL",0.00000000e+00
"51__64_16",40,16,"SQ_LDS_BANK_CONFLICT",2304.000000
"51__64_16",40,16,"SQ_LDS_UNALIGNED_STALL",0.00000000e+00
"51__64_16_256_4",44,16,"SQ_LDS_BANK_CONFLICT",160.000000
"51__64_16_256_4",44,16,"SQ_LDS_UNALIGNED_STALL",0.00000000e+00
"51__64_16_256_8",44,16,"SQ_LDS_BANK_CONFLICT",448.000000
"51__64_16_256_8",44,16,"SQ_LDS_UNALIGNED_STALL",0.00000000e+00
"51__64_16_256_16",44,16,"SQ_LDS_BANK_CONFLICT",608.000000
"51__64_16_256_16",44,16,"SQ_LDS_UNALIGNED_STALL",0.00000000e+00
"51__512_4",40,16,"SQ_LDS_BANK_CONFLICT",128.000000
"51__512_4",40,16,"SQ_LDS_UNALIGNED_STALL",0.00000000e+00
"51__512_4_8192_4",40,16,"SQ_LDS_BANK_CONFLICT",128.000000
"51__512_4_8192_4",40,16,"SQ_LDS_UNALIGNED_STALL",0.00000000e+00
"51__512_4_8192_8",40,16,"SQ_LDS_BANK_CONFLICT",128.000000
"51__512_4_8192_8",40,16,"SQ_LDS_UNALIGNED_STALL",0.00000000e+00
"51__512_4_8192_16",40,16,"SQ_LDS_BANK_CONFLICT",128.000000
"51__512_4_8192_16",40,16,"SQ_LDS_UNALIGNED_STALL",0.00000000e+00
"51__512_8",40,16,"SQ_LDS_BANK_CONFLICT",256.000000
"51__512_8",40,16,"SQ_LDS_UNALIGNED_STALL",0.00000000e+00
"51__512_8_4096_4",40,16,"SQ_LDS_BANK_CONFLICT",256.000000
"51__512_8_4096_4",40,16,"SQ_LDS_UNALIGNED_STALL",0.00000000e+00
"51__512_8_4096_8",40,16,"SQ_LDS_BANK_CONFLICT",256.000000
"51__512_8_4096_8",40,16,"SQ_LDS_UNALIGNED_STALL",0.00000000e+00
"51__512_8_4096_16",40,16,"SQ_LDS_BANK_CONFLICT",128.000000
"51__512_8_4096_16",40,16,"SQ_LDS_UNALIGNED_STALL",0.00000000e+00
"51__512_16",40,16,"SQ_LDS_BANK_CONFLICT",768.000000
"51__512_16",40,16,"SQ_LDS_UNALIGNED_STALL",0.00000000e+00
"51__512_16_2048_4",44,16,"SQ_LDS_BANK_CONFLICT",480.000000
"51__512_16_2048_4",44,16,"SQ_LDS_UNALIGNED_STALL",0.00000000e+00
"51__512_16_2048_8",44,16,"SQ_LDS_BANK_CONFLICT",224.000000
"51__512_16_2048_8",44,16,"SQ_LDS_UNALIGNED_STALL",0.00000000e+00
"51__512_16_2048_16",44,16,"SQ_LDS_BANK_CONFLICT",288.000000
"51__512_16_2048_16",44,16,"SQ_LDS_UNALIGNED_STALL",0.00000000e+00
"51__1024_4",40,16,"SQ_LDS_BANK_CONFLICT",512.000000
"51__1024_4",40,16,"SQ_LDS_UNALIGNED_STALL",0.00000000e+00
"51__1024_4_16384_4",40,16,"SQ_LDS_BANK_CONFLICT",512.000000
"51__1024_4_16384_4",40,16,"SQ_LDS_UNALIGNED_STALL",0.00000000e+00
"51__1024_4_16384_8",40,16,"SQ_LDS_BANK_CONFLICT",512.000000
"51__1024_4_16384_8",40,16,"SQ_LDS_UNALIGNED_STALL",0.00000000e+00
"51__1024_4_16384_16",40,16,"SQ_LDS_BANK_CONFLICT",512.000000
"51__1024_4_16384_16",40,16,"SQ_LDS_UNALIGNED_STALL",0.00000000e+00
"51__1024_8",40,16,"SQ_LDS_BANK_CONFLICT",384.000000
"51__1024_8",40,16,"SQ_LDS_UNALIGNED_STALL",0.00000000e+00
"51__1024_8_8192_4",40,16,"SQ_LDS_BANK_CONFLICT",384.000000
"51__1024_8_8192_4",40,16,"SQ_LDS_UNALIGNED_STALL",0.00000000e+00
"51__1024_8_8192_8",40,16,"SQ_LDS_BANK_CONFLICT",384.000000
"51__1024_8_8192_8",40,16,"SQ_LDS_UNALIGNED_STALL",0.00000000e+00
"51__1024_8_8192_16",40,16,"SQ_LDS_BANK_CONFLICT",384.000000
"51__1024_8_8192_16",40,16,"SQ_LDS_UNALIGNED_STALL",0.00000000e+00
"51__1024_16",40,16,"SQ_LDS_BANK_CONFLICT",512.000000
"51__1024_16",40,16,"SQ_LDS_UNALIGNED_STALL",0.00000000e+00
"51__1024_16_4096_4",40,16,"SQ_LDS_BANK_CONFLICT",512.000000
"51__1024_16_4096_4",40,16,"SQ_LDS_UNALIGNED_STALL",0.00000000e+00
"51__1024_16_4096_8",40,16,"SQ_LDS_BANK_CONFLICT",512.000000
"51__1024_16_4096_8",40,16,"SQ_LDS_UNALIGNED_STALL",0.00000000e+00
"51__1024_16_4096_16",40,16,"SQ_LDS_BANK_CONFLICT",384.000000
"51__1024_16_4096_16",40,16,"SQ_LDS_UNALIGNED_STALL",0.00000000e+00
"52__256_8",32,16,"SQ_LDS_BANK_CONFLICT",512.000000
"52__256_8",32,16,"SQ_LDS_UNALIGNED_STALL",0.00000000e+00
"52__256_8_2048_8",32,16,"SQ_LDS_BANK_CONFLICT",256.000000
"52__256_8_2048_8",32,16,"SQ_LDS_UNALIGNED_STALL",0.00000000e+00
"52__256_8_2048_16",32,16,"SQ_LDS_BANK_CONFLICT",128.000000
"52__256_8_2048_16",32,16,"SQ_LDS_UNALIGNED_STALL",0.00000000e+00
"52__256_16",32,16,"SQ_LDS_BANK_CONFLICT",768.000000
"52__256_16",32,16,"SQ_LDS_UNALIGNED_STALL",0.00000000e+00
"52__256_16_1024_8",32,16,"SQ_LDS_BANK_CONFLICT",128.000000
"52__256_16_1024_8",32,16,"SQ_LDS_UNALIGNED_STALL",0.00000000e+00
"52__256_16_1024_16",32,16,"SQ_LDS_BANK_CONFLICT",512.000000
"52__256_16_1024_16",32,16,"SQ_LDS_UNALIGNED_STALL",0.00000000e+00
"52__2048_8",32,16,"SQ_LDS_BANK_CONFLICT",1024.000000
"52__2048_8",32,16,"SQ_LDS_UNALIGNED_STALL",0.00000000e+00
"52__2048_8_16384_8",32,16,"SQ_LDS_BANK_CONFLICT",1024.000000
"52__2048_8_16384_8",32,16,"SQ_LDS_UNALIGNED_STALL",0.00000000e+00
"52__2048_8_16384_16",32,16,"SQ_LDS_BANK_CONFLICT",1024.000000
"52__2048_8_16384_16",32,16,"SQ_LDS_UNALIGNED_STALL",0.00000000e+00
"52__2048_16",32,16,"SQ_LDS_BANK_CONFLICT",896.000000
"52__2048_16",32,16,"SQ_LDS_UNALIGNED_STALL",0.00000000e+00
"52__2048_16_8192_8",32,16,"SQ_LDS_BANK_CONFLICT",896.000000
"52__2048_16_8192_8",32,16,"SQ_LDS_UNALIGNED_STALL",0.00000000e+00
"52__2048_16_8192_16",32,16,"SQ_LDS_BANK_CONFLICT",896.000000
"52__2048_16_8192_16",32,16,"SQ_LDS_UNALIGNED_STALL",0.00000000e+00
"52__64_8",32,16,"SQ_LDS_BANK_CONFLICT",1280.000000
"52__64_8",32,16,"SQ_LDS_UNALIGNED_STALL",0.00000000e+00
"52__64_8_512_8",32,16,"SQ_LDS_BANK_CONFLICT",256.000000
"52__64_8_512_8",32,16,"SQ_LDS_UNALIGNED_STALL",0.00000000e+00
"52__64_8_512_16",32,16,"SQ_LDS_BANK_CONFLICT",768.000000
"52__64_8_512_16",32,16,"SQ_LDS_UNALIGNED_STALL",0.00000000e+00
"52__64_16",32,16,"SQ_LDS_BANK_CONFLICT",2304.000000
"52__64_16",32,16,"SQ_LDS_UNALIGNED_STALL",0.00000000e+00
"52__64_16_256_8",32,16,"SQ_LDS_BANK_CONFLICT",512.000000
"52__64_16_256_8",32,16,"SQ_LDS_UNALIGNED_STALL",0.00000000e+00
"52__64_16_256_16",32,16,"SQ_LDS_BANK_CONFLICT",768.000000
"52__64_16_256_16",32,16,"SQ_LDS_UNALIGNED_STALL",0.00000000e+00
"52__512_8",32,16,"SQ_LDS_BANK_CONFLICT",256.000000
"52__512_8",32,16,"SQ_LDS_UNALIGNED_STALL",0.00000000e+00
"52__512_8_4096_8",32,16,"SQ_LDS_BANK_CONFLICT",256.000000
"52__512_8_4096_8",32,16,"SQ_LDS_UNALIGNED_STALL",0.00000000e+00
"52__512_8_4096_16",32,16,"SQ_LDS_BANK_CONFLICT",128.000000
"52__512_8_4096_16",32,16,"SQ_LDS_UNALIGNED_STALL",0.00000000e+00
"52__512_16",32,16,"SQ_LDS_BANK_CONFLICT",768.000000
"52__512_16",32,16,"SQ_LDS_UNALIGNED_STALL",0.00000000e+00
"52__512_16_2048_8",32,16,"SQ_LDS_BANK_CONFLICT",256.000000
"52__512_16_2048_8",32,16,"SQ_LDS_UNALIGNED_STALL",0.00000000e+00
"52__512_16_2048_16",32,16,"SQ_LDS_BANK_CONFLICT",384.000000
"52__512_16_2048_16",32,16,"SQ_LDS_UNALIGNED_STALL",0.00000000e+00
"52__1024_8",32,16,"SQ_LDS_BANK_CONFLICT",384.000000
"52__1024_8",32,16,"SQ_LDS_UNALIGNED_STALL",0.00000000e+00
"52__1024_8_8192_8",32,16,"SQ_LDS_BANK_CONFLICT",384.000000
"52__1024_8_8192_8",32,16,"SQ_LDS_UNALIGNED_STALL",0.00000000e+00
"52__1024_8_8192_16",32,16,"SQ_LDS_BANK_CONFLICT",384.000000
"52__1024_8_8192_16",32,16,"SQ_LDS_UNALIGNED_STALL",0.00000000e+00
"52__1024_16",32,16,"SQ_LDS_BANK_CONFLICT",512.000000
"52__1024_16",32,16,"SQ_LDS_UNALIGNED_STALL",0.00000000e+00
"52__1024_16_4096_8",32,16,"SQ_LDS_BANK_CONFLICT",512.000000
"52__1024_16_4096_8",32,16,"SQ_LDS_UNALIGNED_STALL",0.00000000e+00
"52__1024_16_4096_16",32,16,"SQ_LDS_BANK_CONFLICT",384.000000
"52__1024_16_4096_16",32,16,"SQ_LDS_UNALIGNED_STALL",0.00000000e+00
"53__256_8",36,16,"SQ_LDS_BANK_CONFLICT",512.000000
"53__256_8",36,16,"SQ_LDS_UNALIGNED_STALL",0.00000000e+00
"53__256_8_2048_8",48,16,"SQ_LDS_BANK_CONFLICT",224.000000
"53__256_8_2048_8",48,16,"SQ_LDS_UNALIGNED_STALL",0.00000000e+00
"53__256_8_2048_16",48,16,"SQ_LDS_BANK_CONFLICT",96.000000
"53__256_8_2048_16",48,16,"SQ_LDS_UNALIGNED_STALL",0.00000000e+00
"53__256_16",36,16,"SQ_LDS_BANK_CONFLICT",768.000000
"53__256_16",36,16,"SQ_LDS_UNALIGNED_STALL",0.00000000e+00
"53__256_16_1024_8",44,16,"SQ_LDS_BANK_CONFLICT",96.000000
"53__256_16_1024_8",44,16,"SQ_LDS_UNALIGNED_STALL",0.00000000e+00
"53__256_16_1024_16",44,16,"SQ_LDS_BANK_CONFLICT",384.000000
"53__256_16_1024_16",44,16,"SQ_LDS_UNALIGNED_STALL",0.00000000e+00
"53__2048_8",36,16,"SQ_LDS_BANK_CONFLICT",1024.000000
"53__2048_8",36,16,"SQ_LDS_UNALIGNED_STALL",0.00000000e+00
"53__2048_8_16384_8",36,16,"SQ_LDS_BANK_CONFLICT",1024.000000
"53__2048_8_16384_8",36,16,"SQ_LDS_UNALIGNED_STALL",0.00000000e+00
"53__2048_8_16384_16",36,16,"SQ_LDS_BANK_CONFLICT",1024.000000
"53__2048_8_16384_16",36,16,"SQ_LDS_UNALIGNED_STALL",0.00000000e+00
"53__2048_16",36,16,"SQ_LDS_BANK_CONFLICT",896.000000
"53__2048_16",36,16,"SQ_LDS_UNALIGNED_STALL",0.00000000e+00
"53__2048_16_8192_8",36,16,"SQ_LDS_BANK_CONFLICT",896.000000
"53__2048_16_8192_8",36,16,"SQ_LDS_UNALIGNED_STALL",0.00000000e+00
"53__2048_16_8192_16",36,16,"SQ_LDS_BANK_CONFLICT",896.000000
"53__2048_16_8192_16",36,16,"SQ_LDS_UNALIGNED_STALL",0.00000000e+00
"53__64_8",36,16,"SQ_LDS_BANK_CONFLICT",1280.000000
"53__64_8",36,16,"SQ_LDS_UNALIGNED_STALL",0.00000000e+00
"53__64_8_512_8",44,16,"SQ_LDS_BANK_CONFLICT",224.000000
"53__64_8_512_8",44,16,"SQ_LDS_UNALIGNED_STALL",0.00000000e+00
"53__64_8_512_16",44,16,"SQ_LDS_BANK_CONFLICT",608.000000
"53__64_8_512_16",44,16,"SQ_LDS_UNALIGNED_STALL",0.00000000e+00
"53__64_16",36,16,"SQ_LDS_BANK_CONFLICT",2304.000000
"53__64_16",36,16,"SQ_LDS_UNALIGNED_STALL",0.00000000e+00
"53__64_16_256_8",44,16,"SQ_LDS_BANK_CONFLICT",448.000000
"53__64_16_256_8",44,16,"SQ_LDS_UNALIGNED_STALL",0.00000000e+00
"53__64_16_256_16",44,16,"SQ_LDS_BANK_CONFLICT",608.000000
"53__64_16_256_16",44,16,"SQ_LDS_UNALIGNED_STALL",0.00000000e+00
"53__512_8",36,16,"SQ_LDS_BANK_CONFLICT",256.000000
"53__512_8",36,16,"SQ_LDS_UNALIGNED_STALL",0.00000000e+00
"53__512_8_4096_8",36,16,"SQ_LDS_BANK_CONFLICT",256.000000
"53__512_8_4096_8",36,16,"SQ_LDS_UNALIGNED_STALL",0.00000000e+00
"53__512_8_4096_16",36,16,"SQ_LDS_BANK_CONFLICT",128.000000
"53__512_8_4096_16",36,16,"SQ_LDS_UNALIGNED_STALL",0.00000000e+00
"53__512_16",36,16,"SQ_LDS_BANK_CONFLICT",768.000000
"53__512_16",36,16,"SQ_LDS_UNALIGNED_STALL",0.00000000e+00
"53__512_16_2048_8",48,16,"SQ_LDS_BANK_CONFLICT",224.000000
"53__512_16_2048_8",48,16,"SQ_LDS_UNALIGNED_STALL",0.00000000e+00
"53__512_16_2048_16",48,16,"SQ_LDS_BANK_CONFLICT",288.000000
"53__512_16_2048_16",48,16,"SQ_LDS_UNALIGNED_STALL",0.00000000e+00
"53__1024_8",36,16,"SQ_LDS_BANK_CONFLICT",384.000000
"53__1024_8",36,16,"SQ_LDS_UNALIGNED_STALL",0.00000000e+00
"53__1024_8_8192_8",36,16,"SQ_LDS_BANK_CONFLICT",384.000000
"53__1024_8_8192_8",36,16,"SQ_LDS_UNALIGNED_STALL",0.00000000e+00
"53__1024_8_8192_16",36,16,"SQ_LDS_BANK_CONFLICT",384.000000
"53__1024_8_8192_16",36,16,"SQ_LDS_UNALIGNED_STALL",0.00000000e+00
"53__1024_16",36,16,"SQ_LDS_BANK_CONFLICT",512.000000
"53__1024_16",36,16,"SQ_LDS_UNALIGNED_STALL",0.00000000e+00
"53__1024_16_4096_8",36,16,"SQ_LDS_BANK_CONFLICT",512.000000
"53__1024_16_4096_8",36,16,"SQ_LDS_UNALIGNED_STALL",0.00000000e+00
"53__1024_16_4096_16",36,16,"SQ_LDS_BANK_CONFLICT",384.000000
"53__1024_16_4096_16",36,16,"SQ_LDS_UNALIGNED_STALL",0.00000000e+00
